﻿Column-0,Column-1,Column-2,Column-3
S.No. 1,Diary Number,,Judgment
S.No. 1,Case Number,Appeal Civil 1951 of 1969,"18-10-1979 (English)
18-10-1979 (English)
16-10-1979 (English)
16-10-1979 (English)
15-10-1979 (English)
15-10-1979 (English)
12-10-1979 (English)
12-10-1979 (English)
12-10-1979 (English)
11-10-1979 (English)
11-10-1979 (English)"
S.No. 1,Petitioner Name,BABU NOORUL HASAN KHAN,"18-10-1979 (English)
18-10-1979 (English)
16-10-1979 (English)
16-10-1979 (English)
15-10-1979 (English)
15-10-1979 (English)
12-10-1979 (English)
12-10-1979 (English)
12-10-1979 (English)
11-10-1979 (English)
11-10-1979 (English)"
S.No. 1,Respondent Name,RAM PRASAD SINGH & ORS.,"18-10-1979 (English)
18-10-1979 (English)
16-10-1979 (English)
16-10-1979 (English)
15-10-1979 (English)
15-10-1979 (English)
12-10-1979 (English)
12-10-1979 (English)
12-10-1979 (English)
11-10-1979 (English)
11-10-1979 (English)"
S.No. 1,Petitioner's Advocate,,"18-10-1979 (English)
18-10-1979 (English)
16-10-1979 (English)
16-10-1979 (English)
15-10-1979 (English)
15-10-1979 (English)
12-10-1979 (English)
12-10-1979 (English)
12-10-1979 (English)
11-10-1979 (English)
11-10-1979 (English)"
S.No. 1,Respondent's Advocate,,"18-10-1979 (English)
18-10-1979 (English)
16-10-1979 (English)
16-10-1979 (English)
15-10-1979 (English)
15-10-1979 (English)
12-10-1979 (English)
12-10-1979 (English)
12-10-1979 (English)
11-10-1979 (English)
11-10-1979 (English)"
S.No. 1,Bench,,
S.No. 1,Judgment By,,
,,,
S.No. 2,Diary Number,61067 / 1978,Judgment
S.No. 2,Case Number,C.A. No.-001105-001105 / 1978,31-08-1979 (English)
S.No. 2,Petitioner Name,M/S. SHANTI VIJAY COMPANY,31-08-1979 (English)
S.No. 2,Respondent Name,PRINCESS FATIMA FRONZIA .,31-08-1979 (English)
S.No. 2,Petitioner's Advocate,GAGRAT AND CO,31-08-1979 (English)
S.No. 2,Respondent's Advocate,,31-08-1979 (English)
S.No. 2,Bench,,
S.No. 2,Judgment By,,
,,,
S.No. 3,Diary Number,63162 / 1982,Judgment
S.No. 3,Case Number,Crl.A. No.-000665-000665 / 1982,26-04-1979 (English)
S.No. 3,Petitioner Name,HARDIP SINGH,26-04-1979 (English)
S.No. 3,Respondent Name,THE STATE OF PUNJAB,26-04-1979 (English)
S.No. 3,Petitioner's Advocate,,26-04-1979 (English)
S.No. 3,Respondent's Advocate,,26-04-1979 (English)
S.No. 3,Bench,"UNTWALIA,N.L.",
S.No. 3,Judgment By,,
,,,
S.No. 4,Diary Number,63163 / 1982,Judgment
S.No. 4,Case Number,Crl.A. No.-000593-000593 / 1982,16-11-1978 (English)
S.No. 4,Petitioner Name,JOGINDER SINGH,16-11-1978 (English)
S.No. 4,Respondent Name,STATE OF PUNJAB,16-11-1978 (English)
S.No. 4,Petitioner's Advocate,M. QAMARUDDIN,16-11-1978 (English)
S.No. 4,Respondent's Advocate,,16-11-1978 (English)
S.No. 4,Bench,"TULZAPURKAR,V.D.",
S.No. 4,Judgment By,,
,,,
