﻿Column-0,Column-1,Column-2,Column-3
S.No. 1,Diary Number,,Judgment
S.No. 1,Case Number,Election Petition 1-2 of 1992,"17-09-1992 (English)
27-08-1992 (English)
27-08-1992 (English)
24-08-1992 (English)
20-08-1992 (English)
14-08-1992 (English)
11-08-1992 (English)
06-08-1992 (English)
04-08-1992 (English)
24-07-1992 (English)
22-07-1992 (English)"
S.No. 1,Petitioner Name,MITHILESH KUMAR SINHA & ANR.,"17-09-1992 (English)
27-08-1992 (English)
27-08-1992 (English)
24-08-1992 (English)
20-08-1992 (English)
14-08-1992 (English)
11-08-1992 (English)
06-08-1992 (English)
04-08-1992 (English)
24-07-1992 (English)
22-07-1992 (English)"
S.No. 1,Respondent Name,RETURNING OFFICER FOR PRESIDENTIAL ELECTION & ORS.,"17-09-1992 (English)
27-08-1992 (English)
27-08-1992 (English)
24-08-1992 (English)
20-08-1992 (English)
14-08-1992 (English)
11-08-1992 (English)
06-08-1992 (English)
04-08-1992 (English)
24-07-1992 (English)
22-07-1992 (English)"
S.No. 1,Petitioner's Advocate,,"17-09-1992 (English)
27-08-1992 (English)
27-08-1992 (English)
24-08-1992 (English)
20-08-1992 (English)
14-08-1992 (English)
11-08-1992 (English)
06-08-1992 (English)
04-08-1992 (English)
24-07-1992 (English)
22-07-1992 (English)"
S.No. 1,Respondent's Advocate,,"17-09-1992 (English)
27-08-1992 (English)
27-08-1992 (English)
24-08-1992 (English)
20-08-1992 (English)
14-08-1992 (English)
11-08-1992 (English)
06-08-1992 (English)
04-08-1992 (English)
24-07-1992 (English)
22-07-1992 (English)"
S.No. 1,Bench,"J.S. VERMA,K.J. REDDY,S.C. AGRAWAL,Y. DAYAL,A.S. ANAND",
S.No. 1,Judgment By,,
,,,
S.No. 2,Diary Number,2 / 5558,Judgment
S.No. 2,Case Number,/,29-04-1992 (English)
S.No. 2,Petitioner Name,,29-04-1992 (English)
S.No. 2,Respondent Name,,29-04-1992 (English)
S.No. 2,Petitioner's Advocate,,29-04-1992 (English)
S.No. 2,Respondent's Advocate,,29-04-1992 (English)
S.No. 2,Bench,"PUNCHHI,M.M.",
S.No. 2,Judgment By,,
,,,
S.No. 3,Diary Number,60146 / 1992,Judgment
S.No. 3,Case Number,C.A. No.-000138-000138 / 1992,07-01-1992 (English)
S.No. 3,Petitioner Name,P.K. JAISWAL,07-01-1992 (English)
S.No. 3,Respondent Name,DEBI MUKHERJEE .,07-01-1992 (English)
S.No. 3,Petitioner's Advocate,ASHOK K. MAHAJAN,07-01-1992 (English)
S.No. 3,Respondent's Advocate,VIJAY K. MEHTA,07-01-1992 (English)
S.No. 3,Bench,"AHMADI,A.M. (J)",
S.No. 3,Judgment By,,
,,,
S.No. 4,Diary Number,60181 / 1989,Judgment
S.No. 4,Case Number,W.P.(C) No.-001022-001022 / 1989,13-11-1991 (English)
S.No. 4,Petitioner Name,ALL INDIA JUDGES ASSOCIATION,13-11-1991 (English)
S.No. 4,Respondent Name,UNION OF INDIA,13-11-1991 (English)
S.No. 4,Petitioner's Advocate,A. T. M. SAMPATH,13-11-1991 (English)
S.No. 4,Respondent's Advocate,A. SUBHASHINI,13-11-1991 (English)
S.No. 4,Bench,,
S.No. 4,Judgment By,,
,,,
S.No. 5,Diary Number,60209 / 1974,Judgment
S.No. 5,Case Number,C.A. No.-001360-001360 / 1974,04-02-1992 (English)
S.No. 5,Petitioner Name,M/S.DAGI RAM PINDI LALL,04-02-1992 (English)
S.No. 5,Respondent Name,TRILOK CHAND JAIN .,04-02-1992 (English)
S.No. 5,Petitioner's Advocate,,04-02-1992 (English)
S.No. 5,Respondent's Advocate,,04-02-1992 (English)
S.No. 5,Bench,"ANAND,A.S. (J)",
S.No. 5,Judgment By,,
,,,
S.No. 6,Diary Number,60238 / 1987,Judgment
S.No. 6,Case Number,C.A. No.-000338-000338 / 1987,25-03-1992 (English)
S.No. 6,Petitioner Name,FOOD CORPORATION OF INDIA,25-03-1992 (English)
S.No. 6,Respondent Name,H.N. BHARATI,25-03-1992 (English)
S.No. 6,Petitioner's Advocate,Y. PRABHAKARA RAO,25-03-1992 (English)
S.No. 6,Respondent's Advocate,ANIS AHMED KHAN,25-03-1992 (English)
S.No. 6,Bench,"AHMADI,A.M. (J)",
S.No. 6,Judgment By,,
,,,
S.No. 7,Diary Number,60343 / 1992,Judgment
S.No. 7,Case Number,C.A. No.-000847-000847 / 1992,18-02-1992 (English)
S.No. 7,Petitioner Name,UNION OF INDIA,18-02-1992 (English)
S.No. 7,Respondent Name,BASANT LAL .,18-02-1992 (English)
S.No. 7,Petitioner's Advocate,B. KRISHNA PRASAD,18-02-1992 (English)
S.No. 7,Respondent's Advocate,D. N. GOBURDHAN,18-02-1992 (English)
S.No. 7,Bench,"KASLIWAL,N.M. (J)",
S.No. 7,Judgment By,,
,,,
S.No. 8,Diary Number,60382 / 1989,Judgment
S.No. 8,Case Number,W.P.(C) No.-000323-000325 / 1989,04-02-1992 (English)
S.No. 8,Petitioner Name,DELHI DEVEL.HORTICULTURE EMPLY. UNION,04-02-1992 (English)
S.No. 8,Respondent Name,DELHI ADMINISTRATION .,04-02-1992 (English)
S.No. 8,Petitioner's Advocate,VARINDER KUMAR SHARMA,04-02-1992 (English)
S.No. 8,Respondent's Advocate,,04-02-1992 (English)
S.No. 8,Bench,,
S.No. 8,Judgment By,,
,,,
S.No. 9,Diary Number,60430 / 1976,Judgment
S.No. 9,Case Number,C.A. No.-001254-001254 / 1976,14-01-1992 (English)
S.No. 9,Petitioner Name,THE INDIAN TUBE COMPANY LIMITED,14-01-1992 (English)
S.No. 9,Respondent Name,THE COMMISSIONER OF INCOME TAX,14-01-1992 (English)
S.No. 9,Petitioner's Advocate,D. N. GUPTA,14-01-1992 (English)
S.No. 9,Respondent's Advocate,A. SUBHASHINI,14-01-1992 (English)
S.No. 9,Bench,"RAMASWAMY,K.",
S.No. 9,Judgment By,,
,,,
S.No. 10,Diary Number,60431 / 1976,Judgment
S.No. 10,Case Number,C.A. No.-001109-001109 / 1976,15-01-1992 (English)
S.No. 10,Petitioner Name,M/S.SK.AR.K.AR.SOMASUNDARAM CHETTIAR&CO.,15-01-1992 (English)
S.No. 10,Respondent Name,"COMMISSIONER OF INCOME TAX, MADRAS.",15-01-1992 (English)
S.No. 10,Petitioner's Advocate,,15-01-1992 (English)
S.No. 10,Respondent's Advocate,,15-01-1992 (English)
S.No. 10,Bench,,
S.No. 10,Judgment By,,
,,,
S.No. 11,Diary Number,60772 / 1976,Judgment
S.No. 11,Case Number,C.A. No.-000301-000302 / 1976,06-03-1992 (English)
S.No. 11,Petitioner Name,DMAI,06-03-1992 (English)
S.No. 11,Respondent Name,,06-03-1992 (English)
S.No. 11,Petitioner's Advocate,,06-03-1992 (English)
S.No. 11,Respondent's Advocate,,06-03-1992 (English)
S.No. 11,Bench,"AGRAWAL,S.C. (J)",
S.No. 11,Judgment By,,
,,,
S.No. 12,Diary Number,60834 / 1992,Judgment
S.No. 12,Case Number,Crl.A. No.-000144-000144 / 1992,28-02-1992 (English)
S.No. 12,Petitioner Name,K.P.M. BASHEER,28-02-1992 (English)
S.No. 12,Respondent Name,STATE OF KARNATAKA,28-02-1992 (English)
S.No. 12,Petitioner's Advocate,P. K. MANOHAR,28-02-1992 (English)
S.No. 12,Respondent's Advocate,,28-02-1992 (English)
S.No. 12,Bench,"PANDIAN,S.R. (J)",
S.No. 12,Judgment By,,
,,,
S.No. 13,Diary Number,61041 / 1978,Judgment
S.No. 13,Case Number,Crl.A. No.-000066-000066 / 1978,28-04-1992 (English)
S.No. 13,Petitioner Name,NADODI JAYARAMAN,28-04-1992 (English)
S.No. 13,Respondent Name,STATE OF TAMIL NADU,28-04-1992 (English)
S.No. 13,Petitioner's Advocate,V. J. FRANCIS,28-04-1992 (English)
S.No. 13,Respondent's Advocate,K. V. VENKATARAMAN,28-04-1992 (English)
S.No. 13,Bench,,
S.No. 13,Judgment By,,
,,,
S.No. 14,Diary Number,61133 / 1991,Judgment
S.No. 14,Case Number,C.A. No.-000369-000393 / 1991,14-02-1992 (English)
S.No. 14,Petitioner Name,KARNATAKA PUBLIC SERVICE COMMISSION &ORS,14-02-1992 (English)
S.No. 14,Respondent Name,B.M. VIJAYA SHANKAR .,14-02-1992 (English)
S.No. 14,Petitioner's Advocate,M. VEERAPPA,14-02-1992 (English)
S.No. 14,Respondent's Advocate,,14-02-1992 (English)
S.No. 14,Bench,,
S.No. 14,Judgment By,,
,,,
S.No. 15,Diary Number,61148 / 1978,Judgment
S.No. 15,Case Number,C.A. No.-001267-001268 / 1978,21-07-1992 (English)
S.No. 15,Petitioner Name,DMAI,21-07-1992 (English)
S.No. 15,Respondent Name,,21-07-1992 (English)
S.No. 15,Petitioner's Advocate,,21-07-1992 (English)
S.No. 15,Respondent's Advocate,,21-07-1992 (English)
S.No. 15,Bench,BHARUCHA S.P. (J),
S.No. 15,Judgment By,,
,,,
S.No. 16,Diary Number,61327 / 1977,Judgment
S.No. 16,Case Number,C.A. No.-002460-002460 / 1977,15-05-1992 (English)
S.No. 16,Petitioner Name,P.M.C. KUNHIRAMAN NAIR,15-05-1992 (English)
S.No. 16,Respondent Name,C.R. NAGANATHA IYER .,15-05-1992 (English)
S.No. 16,Petitioner's Advocate,P. K. MANOHAR,15-05-1992 (English)
S.No. 16,Respondent's Advocate,,15-05-1992 (English)
S.No. 16,Bench,"AGRAWAL,S.C. (J)",
S.No. 16,Judgment By,,
,,,
S.No. 17,Diary Number,61333 / 1977,Judgment
S.No. 17,Case Number,C.A. No.-000800-000801 / 1977,30-07-1992 (English)
S.No. 17,Petitioner Name,GODREJ & BOYCE MFG.CO.PVT.LTD.,30-07-1992 (English)
S.No. 17,Respondent Name,COMMISSIONER OF SALES TAX,30-07-1992 (English)
S.No. 17,Petitioner's Advocate,,30-07-1992 (English)
S.No. 17,Respondent's Advocate,A. S. BHASME,30-07-1992 (English)
S.No. 17,Bench,"JEEVAN REDDY,B.P. (J)",
S.No. 17,Judgment By,,
,,,
S.No. 18,Diary Number,61335 / 1977,Judgment
S.No. 18,Case Number,C.A. No.-002107-002107 / 1977,11-08-1992 (English)
S.No. 18,Petitioner Name,R.M. GURJAR,11-08-1992 (English)
S.No. 18,Respondent Name,HIGH COURT OF GUJARAT .,11-08-1992 (English)
S.No. 18,Petitioner's Advocate,,11-08-1992 (English)
S.No. 18,Respondent's Advocate,,11-08-1992 (English)
S.No. 18,Bench,,
S.No. 18,Judgment By,,
,,,
S.No. 19,Diary Number,61336 / 1977,Judgment
S.No. 19,Case Number,C.A. No.-001836-001836 / 1977,21-07-1992 (English)
S.No. 19,Petitioner Name,ARVIND MILLS LTD.,21-07-1992 (English)
S.No. 19,Respondent Name,C.I.T. AHMEDABAD,21-07-1992 (English)
S.No. 19,Petitioner's Advocate,,21-07-1992 (English)
S.No. 19,Respondent's Advocate,A. SUBHASHINI,21-07-1992 (English)
S.No. 19,Bench,"RAY,G.N. (J)",
S.No. 19,Judgment By,,
,,,
S.No. 20,Diary Number,61569 / 1977,Judgment
S.No. 20,Case Number,C.A. No.-000678-000679 / 1977,13-03-1992 (English)
S.No. 20,Petitioner Name,DMAI,13-03-1992 (English)
S.No. 20,Respondent Name,,13-03-1992 (English)
S.No. 20,Petitioner's Advocate,,13-03-1992 (English)
S.No. 20,Respondent's Advocate,,13-03-1992 (English)
S.No. 20,Bench,"RANGNATHAN,S.",
S.No. 20,Judgment By,,
,,,
S.No. 21,Diary Number,61987 / 1991,Judgment
S.No. 21,Case Number,W.P.(C) No.-000677-000677 / 1991,30-01-1992 (English)
S.No. 21,Petitioner Name,PEERLESS GEN.F.& I.CO.LTD.,30-01-1992 (English)
S.No. 21,Respondent Name,RESERVE BANK OF INDIA,30-01-1992 (English)
S.No. 21,Petitioner's Advocate,,30-01-1992 (English)
S.No. 21,Respondent's Advocate,H. S. PARIHAR,30-01-1992 (English)
S.No. 21,Bench,"KASLIWAL,N.M. (J)",
S.No. 21,Judgment By,,
,,,
S.No. 22,Diary Number,62239 / 1979,Judgment
S.No. 22,Case Number,Crl.A. No.-000404-000404 / 1979,29-10-1991 (English)
S.No. 22,Petitioner Name,HOSHIAR SINGH,29-10-1991 (English)
S.No. 22,Respondent Name,STATE OF PUNJAB,29-10-1991 (English)
S.No. 22,Petitioner's Advocate,T. L. GARG,29-10-1991 (English)
S.No. 22,Respondent's Advocate,,29-10-1991 (English)
S.No. 22,Bench,"PUNCHHI,M.M.",
S.No. 22,Judgment By,,
,,,
S.No. 23,Diary Number,62250 / 1979,Judgment
S.No. 23,Case Number,C.A. No.-002407-002407 / 1979,10-03-1992 (English)
S.No. 23,Petitioner Name,DADU RAU YELAVADE (D) THR LRS.,10-03-1992 (English)
S.No. 23,Respondent Name,HIMMAT RASUL PATEL,10-03-1992 (English)
S.No. 23,Petitioner's Advocate,HEMANTIKA WAHI,10-03-1992 (English)
S.No. 23,Respondent's Advocate,,10-03-1992 (English)
S.No. 23,Bench,"RANGNATHAN,S.",
S.No. 23,Judgment By,,
,,,
S.No. 24,Diary Number,62251 / 1979,Judgment
S.No. 24,Case Number,Crl.A. No.-000688-000688 / 1979,31-03-1992 (English)
S.No. 24,Petitioner Name,MOOL CHAND,31-03-1992 (English)
S.No. 24,Respondent Name,KASHMIRI LAL .,31-03-1992 (English)
S.No. 24,Petitioner's Advocate,ANIL KUMAR SANGAL,31-03-1992 (English)
S.No. 24,Respondent's Advocate,V. J. FRANCIS,31-03-1992 (English)
S.No. 24,Bench,"FATHIMA BEEVI,M. (J)",
S.No. 24,Judgment By,,
,,,
S.No. 25,Diary Number,62256 / 1979,Judgment
S.No. 25,Case Number,C.A. No.-002201-002203 / 1979,22-04-1992 (English)
S.No. 25,Petitioner Name,"SHRIMAND PADMARAJA R. KADAMBANDA, DHULIA",22-04-1992 (English)
S.No. 25,Respondent Name,"THE COMMNR. OF INCOME TAX, PUNE",22-04-1992 (English)
S.No. 25,Petitioner's Advocate,,22-04-1992 (English)
S.No. 25,Respondent's Advocate,A. SUBHASHINI,22-04-1992 (English)
S.No. 25,Bench,"MOHAN,S. (J)",
S.No. 25,Judgment By,,
,,,
S.No. 26,Diary Number,62257 / 1979,Judgment
S.No. 26,Case Number,Crl.A. No.-000124-000124 / 1979,28-04-1992 (English)
S.No. 26,Petitioner Name,STATE OF U.P.,28-04-1992 (English)
S.No. 26,Respondent Name,DR. RAJINDER PRAKASH MITTAL,28-04-1992 (English)
S.No. 26,Petitioner's Advocate,AJIT SINGH PUNDIR,28-04-1992 (English)
S.No. 26,Respondent's Advocate,J. M. KHANNA,28-04-1992 (English)
S.No. 26,Bench,"PANDIAN,S.R. (J)",
S.No. 26,Judgment By,,
,,,
S.No. 27,Diary Number,62258 / 1979,Judgment
S.No. 27,Case Number,Crl.A. No.-000383-000384 / 1979,29-04-1992 (English)
S.No. 27,Petitioner Name,M.R. PRATAP,29-04-1992 (English)
S.No. 27,Respondent Name,V.M. MUTHUKRISHNAN,29-04-1992 (English)
S.No. 27,Petitioner's Advocate,A. T. M. SAMPATH,29-04-1992 (English)
S.No. 27,Respondent's Advocate,A. SUBHASHINI,29-04-1992 (English)
S.No. 27,Bench,YOGESHWAR DAYAL (J),
S.No. 27,Judgment By,,
,,,
S.No. 28,Diary Number,62261 / 1979,Judgment
S.No. 28,Case Number,C.A. No.-001404-001404 / 1979,12-11-1991 (English)
S.No. 28,Petitioner Name,THE COMMISSIONER OF INCOME-TAX,12-11-1991 (English)
S.No. 28,Respondent Name,M/S KRISHNA COOPER & STEEL ROLLING MILLS,12-11-1991 (English)
S.No. 28,Petitioner's Advocate,A. SUBHASHINI,12-11-1991 (English)
S.No. 28,Respondent's Advocate,,12-11-1991 (English)
S.No. 28,Bench,"RANGNATHAN,S.",
S.No. 28,Judgment By,,
,,,
S.No. 29,Diary Number,62266 / 1979,Judgment
S.No. 29,Case Number,C.A. No.-002822-002822 / 1979,15-10-1992 (English)
S.No. 29,Petitioner Name,BALWANT SINGH,15-10-1992 (English)
S.No. 29,Respondent Name,GURBACHAN SINGH .,15-10-1992 (English)
S.No. 29,Petitioner's Advocate,E. C. AGRAWALA,15-10-1992 (English)
S.No. 29,Respondent's Advocate,GEETANJALI MOHAN,15-10-1992 (English)
S.No. 29,Bench,"[KULDIP SINGH AND N.M. KASLIWAL,JJ.]",
S.No. 29,Judgment By,,
,,,
S.No. 30,Diary Number,62557 / 1979,Judgment
S.No. 30,Case Number,C.A. No.-002626-002628 / 1979,28-04-1992 (English)
S.No. 30,Petitioner Name,DMAI,28-04-1992 (English)
S.No. 30,Respondent Name,,28-04-1992 (English)
S.No. 30,Petitioner's Advocate,,28-04-1992 (English)
S.No. 30,Respondent's Advocate,,28-04-1992 (English)
S.No. 30,Bench,"MOHAN,S. (J)",
S.No. 30,Judgment By,,
,,,
S.No. 31,Diary Number,62597 / 1979,Judgment
S.No. 31,Case Number,C.A. No.-002832-002833 / 1979,05-03-1992 (English)
S.No. 31,Petitioner Name,AMRIT BANASPATI CO. LTD.,05-03-1992 (English)
S.No. 31,Respondent Name,STATE OF PUNJAB,05-03-1992 (English)
S.No. 31,Petitioner's Advocate,,05-03-1992 (English)
S.No. 31,Respondent's Advocate,G. K. BANSAL,05-03-1992 (English)
S.No. 31,Bench,"SAHAI,R.M. (J)",
S.No. 31,Judgment By,,
,,,
S.No. 32,Diary Number,62693 / 1980,Judgment
S.No. 32,Case Number,W.P.(C) No.-001868-001868 / 1980,06-12-1991 (English)
S.No. 32,Petitioner Name,ST.STEPHEN'S COLLEGE,06-12-1991 (English)
S.No. 32,Respondent Name,THE UNIVERSITY OF DELHI,06-12-1991 (English)
S.No. 32,Petitioner's Advocate,,06-12-1991 (English)
S.No. 32,Respondent's Advocate,M. T. GEORGE,06-12-1991 (English)
S.No. 32,Bench,"M.H. KANIA,K.J. SHETTY,N.M. KASLIWAL,M. FATHIMA BEEVI,Y. DAYAL",
S.No. 32,Judgment By,,
,,,
S.No. 33,Diary Number,62793 / 1980,Judgment
S.No. 33,Case Number,C.A. No.-001511-001511 / 1980,13-03-1992 (English)
S.No. 33,Petitioner Name,PANDURONGA TIMBLO INDUSTRIAS,13-03-1992 (English)
S.No. 33,Respondent Name,THE UNION OF INDIA .,13-03-1992 (English)
S.No. 33,Petitioner's Advocate,,13-03-1992 (English)
S.No. 33,Respondent's Advocate,,13-03-1992 (English)
S.No. 33,Bench,"AHMADI,A.M. (J)",
S.No. 33,Judgment By,,
,,,
S.No. 34,Diary Number,62797 / 1980,Judgment
S.No. 34,Case Number,C.A. No.-002805-002805 / 1980,21-04-1992 (English)
S.No. 34,Petitioner Name,MUNICIPAL CORPORATION OF DELHI,21-04-1992 (English)
S.No. 34,Respondent Name,"THE CHILDREN BOOK TRUST, NEW DELHI",21-04-1992 (English)
S.No. 34,Petitioner's Advocate,,21-04-1992 (English)
S.No. 34,Respondent's Advocate,RAJ KUMAR MEHTA,21-04-1992 (English)
S.No. 34,Bench,"RANGNATHAN,S.",
S.No. 34,Judgment By,,
,,,
S.No. 35,Diary Number,62798 / 1980,Judgment
S.No. 35,Case Number,C.A. No.-002916-002916 / 1980,29-04-1992 (English)
S.No. 35,Petitioner Name,COMMISSIONER OF INCOME-TAX(CENTRAL),29-04-1992 (English)
S.No. 35,Respondent Name,M/S. GWALIOR RAYON SILK MFG.(WVG.)CO.LTD,29-04-1992 (English)
S.No. 35,Petitioner's Advocate,A. SUBHASHINI,29-04-1992 (English)
S.No. 35,Respondent's Advocate,,29-04-1992 (English)
S.No. 35,Bench,"RAMASWAMY,K.",
S.No. 35,Judgment By,,
,,,
S.No. 36,Diary Number,62799 / 1980,Judgment
S.No. 36,Case Number,C.A. No.-002945-002945 / 1980,23-04-1992 (English)
S.No. 36,Petitioner Name,SHADI SINGH,23-04-1992 (English)
S.No. 36,Respondent Name,RAKHA,23-04-1992 (English)
S.No. 36,Petitioner's Advocate,,23-04-1992 (English)
S.No. 36,Respondent's Advocate,,23-04-1992 (English)
S.No. 36,Bench,"RAMASWAMY,K.",
S.No. 36,Judgment By,,
,,,
S.No. 37,Diary Number,62812 / 1980,Judgment
S.No. 37,Case Number,C.A. No.-002593-002593 / 1980,19-08-1992 (English)
S.No. 37,Petitioner Name,M/S. COCHIN SHIPPING CO.,19-08-1992 (English)
S.No. 37,Respondent Name,E.S.I. CORPORATION,19-08-1992 (English)
S.No. 37,Petitioner's Advocate,A. T. M. SAMPATH,19-08-1992 (English)
S.No. 37,Respondent's Advocate,A. SUBHASHINI,19-08-1992 (English)
S.No. 37,Bench,"SHARMA,L.M. (J)",
S.No. 37,Judgment By,,
,,,
S.No. 38,Diary Number,62824 / 1980,Judgment
S.No. 38,Case Number,Crl.A. No.-000483-000483 / 1980,15-10-1992 (English)
S.No. 38,Petitioner Name,MULLAGIRI VAJRAM,15-10-1992 (English)
S.No. 38,Respondent Name,STATE OF A.P.,15-10-1992 (English)
S.No. 38,Petitioner's Advocate,,15-10-1992 (English)
S.No. 38,Respondent's Advocate,GUNTUR PRABHAKAR,15-10-1992 (English)
S.No. 38,Bench,"[KULDIP SINGH AND N.M. KASLIWAL,JJ.]",
S.No. 38,Judgment By,,
,,,
S.No. 39,Diary Number,62913 / 1989,Judgment
S.No. 39,Case Number,SLP(C) No.-008788-008788 / 1989,13-02-1992 (English)
S.No. 39,Petitioner Name,THE MADHYA PRADESH HOUSING BOARD,13-02-1992 (English)
S.No. 39,Respondent Name,MOHAMMED SHEFI .,13-02-1992 (English)
S.No. 39,Petitioner's Advocate,,13-02-1992 (English)
S.No. 39,Respondent's Advocate,SUSHIL KUMAR JAIN,13-02-1992 (English)
S.No. 39,Bench,"ANAND,A.S. (J)",
S.No. 39,Judgment By,,
,,,
S.No. 40,Diary Number,63080 / 1991,Judgment
S.No. 40,Case Number,W.P.(C) No.-000964-000964 / 1991,15-05-1992 (English)
S.No. 40,Petitioner Name,P.K. GOEL,15-05-1992 (English)
S.No. 40,Respondent Name,U.P. MEDICAL COUNCIL .,15-05-1992 (English)
S.No. 40,Petitioner's Advocate,R. C. KAUSHIK,15-05-1992 (English)
S.No. 40,Respondent's Advocate,,15-05-1992 (English)
S.No. 40,Bench,"KASLIWAL,N.M. (J)",
S.No. 40,Judgment By,,
,,,
S.No. 41,Diary Number,63097 / 1980,Judgment
S.No. 41,Case Number,W.P.(C) No.-002426-002449 / 1980,04-08-1992 (English)
S.No. 41,Petitioner Name,DMAI,04-08-1992 (English)
S.No. 41,Respondent Name,,04-08-1992 (English)
S.No. 41,Petitioner's Advocate,,04-08-1992 (English)
S.No. 41,Respondent's Advocate,,04-08-1992 (English)
S.No. 41,Bench,KULDIP SINGH (J),
S.No. 41,Judgment By,,
,,,
S.No. 42,Diary Number,63115 / 1981,Judgment
S.No. 42,Case Number,C.A. No.-000660-000660 / 1981,06-04-1992 (English)
S.No. 42,Petitioner Name,GANPATRAO GULABRAO PAWAR,06-04-1992 (English)
S.No. 42,Respondent Name,THE STATE OF MAHARASHTRA,06-04-1992 (English)
S.No. 42,Petitioner's Advocate,,06-04-1992 (English)
S.No. 42,Respondent's Advocate,,06-04-1992 (English)
S.No. 42,Bench,"JEEVAN REDDY,B.P. (J)",
S.No. 42,Judgment By,,
,,,
S.No. 43,Diary Number,63116 / 1981,Judgment
S.No. 43,Case Number,Crl.A. No.-000531-000531 / 1981,21-04-1992 (English)
S.No. 43,Petitioner Name,RAJINDER SINGH @ KADA,21-04-1992 (English)
S.No. 43,Respondent Name,STATE OF PUNJAB,21-04-1992 (English)
S.No. 43,Petitioner's Advocate,,21-04-1992 (English)
S.No. 43,Respondent's Advocate,,21-04-1992 (English)
S.No. 43,Bench,"PUNCHHI,M.M.",
S.No. 43,Judgment By,,
,,,
S.No. 44,Diary Number,63117 / 1981,Judgment
S.No. 44,Case Number,C.A. No.-001265-001265 / 1981,21-04-1992 (English)
S.No. 44,Petitioner Name,M/S LILASONS DREWERIES (P) LTD. 7 ANR.,21-04-1992 (English)
S.No. 44,Respondent Name,STATE OF MADHYA PRADESH .,21-04-1992 (English)
S.No. 44,Petitioner's Advocate,,21-04-1992 (English)
S.No. 44,Respondent's Advocate,,21-04-1992 (English)
S.No. 44,Bench,"PUNCHHI,M.M.",
S.No. 44,Judgment By,,
,,,
S.No. 45,Diary Number,63118 / 1981,Judgment
S.No. 45,Case Number,Crl.A. No.-000715-000715 / 1981,21-04-1992 (English)
S.No. 45,Petitioner Name,DARBARA SINGH,21-04-1992 (English)
S.No. 45,Respondent Name,STATE OF HARYANA,21-04-1992 (English)
S.No. 45,Petitioner's Advocate,,21-04-1992 (English)
S.No. 45,Respondent's Advocate,,21-04-1992 (English)
S.No. 45,Bench,"PUNCHHI,M.M.",
S.No. 45,Judgment By,,
,,,
S.No. 46,Diary Number,63120 / 1981,Judgment
S.No. 46,Case Number,Crl.A. No.-000572-000572 / 1981,21-04-1992 (English)
S.No. 46,Petitioner Name,MUNNI SINGH,21-04-1992 (English)
S.No. 46,Respondent Name,STATE OF BIHAR,21-04-1992 (English)
S.No. 46,Petitioner's Advocate,,21-04-1992 (English)
S.No. 46,Respondent's Advocate,,21-04-1992 (English)
S.No. 46,Bench,"PUNCHHI,M.M.",
S.No. 46,Judgment By,,
,,,
S.No. 47,Diary Number,63123 / 1981,Judgment
S.No. 47,Case Number,Crl.A. No.-000388-000388 / 1981,08-05-1992 (English)
S.No. 47,Petitioner Name,BHAGWAN SINGH,08-05-1992 (English)
S.No. 47,Respondent Name,STATE OF PUNJAB,08-05-1992 (English)
S.No. 47,Petitioner's Advocate,M. C. DHINGRA,08-05-1992 (English)
S.No. 47,Respondent's Advocate,,08-05-1992 (English)
S.No. 47,Bench,,
S.No. 47,Judgment By,,
,,,
S.No. 48,Diary Number,63125 / 1981,Judgment
S.No. 48,Case Number,W.P.(C) No.-001438-001438 / 1981,08-05-1992 (English)
S.No. 48,Petitioner Name,R.L. BANSAL,08-05-1992 (English)
S.No. 48,Respondent Name,UNION OF INDIA .,08-05-1992 (English)
S.No. 48,Petitioner's Advocate,VIJAY K. JAIN,08-05-1992 (English)
S.No. 48,Respondent's Advocate,A. SUBBA RAO,08-05-1992 (English)
S.No. 48,Bench,"JEEVAN REDDY,B.P. (J)",
S.No. 48,Judgment By,,
,,,
S.No. 49,Diary Number,63130 / 1981,Judgment
S.No. 49,Case Number,Crl.A. No.-000149-000149 / 1981,21-01-1992 (English)
S.No. 49,Petitioner Name,PRADUMANSINH KALUBHA,21-01-1992 (English)
S.No. 49,Respondent Name,STATE OF GUJARAT,21-01-1992 (English)
S.No. 49,Petitioner's Advocate,R. N. KESWANI,21-01-1992 (English)
S.No. 49,Respondent's Advocate,ANIP SACHTHEY,21-01-1992 (English)
S.No. 49,Bench,"FATHIMA BEEVI,M. (J)",
S.No. 49,Judgment By,,
,,,
S.No. 50,Diary Number,63137 / 1981,Judgment
S.No. 50,Case Number,Crl.A. No.-000373-000373 / 1981,21-07-1992 (English)
S.No. 50,Petitioner Name,STATE OF KARNATAKA,21-07-1992 (English)
S.No. 50,Respondent Name,LAKSHMANAIAH,21-07-1992 (English)
S.No. 50,Petitioner's Advocate,M. VEERAPPA,21-07-1992 (English)
S.No. 50,Respondent's Advocate,DEVENDRA SINGH,21-07-1992 (English)
S.No. 50,Bench,KULDIP SINGH (J),
S.No. 50,Judgment By,,
,,,
S.No. 51,Diary Number,63138 / 1981,Judgment
S.No. 51,Case Number,Crl.A. No.-000282-000282 / 1981,19-08-1992 (English)
S.No. 51,Petitioner Name,OM PARKASH,19-08-1992 (English)
S.No. 51,Respondent Name,STATE OF PUNJAB,19-08-1992 (English)
S.No. 51,Petitioner's Advocate,,19-08-1992 (English)
S.No. 51,Respondent's Advocate,,19-08-1992 (English)
S.No. 51,Bench,,
S.No. 51,Judgment By,,
,,,
S.No. 52,Diary Number,63161 / 1980,Judgment
S.No. 52,Case Number,C.A. No.-002838-002839 / 1980,13-03-1992 (English)
S.No. 52,Petitioner Name,DARSHAN PRASHAD,13-03-1992 (English)
S.No. 52,Respondent Name,CIVIL JUDGE II,13-03-1992 (English)
S.No. 52,Petitioner's Advocate,,13-03-1992 (English)
S.No. 52,Respondent's Advocate,,13-03-1992 (English)
S.No. 52,Bench,"KASLIWAL,N.M. (J)",
S.No. 52,Judgment By,,
,,,
S.No. 53,Diary Number,63175 / 1981,Judgment
S.No. 53,Case Number,C.A. No.-001773-001773 / 1981,10-03-1992 (English)
S.No. 53,Petitioner Name,M/S. KIRLOSKAR BROS. LTD.,10-03-1992 (English)
S.No. 53,Respondent Name,UNION OF INDIA .,10-03-1992 (English)
S.No. 53,Petitioner's Advocate,,10-03-1992 (English)
S.No. 53,Respondent's Advocate,C. V. SUBBA RAO,10-03-1992 (English)
S.No. 53,Bench,YOGESHWAR DAYAL (J),
S.No. 53,Judgment By,,
,,,
S.No. 54,Diary Number,63181 / 1980,Judgment
S.No. 54,Case Number,Crl.A. No.-000273-000274 / 1980,31-01-1992 (English)
S.No. 54,Petitioner Name,DMAI,31-01-1992 (English)
S.No. 54,Respondent Name,,31-01-1992 (English)
S.No. 54,Petitioner's Advocate,,31-01-1992 (English)
S.No. 54,Respondent's Advocate,,31-01-1992 (English)
S.No. 54,Bench,KULDIP SINGH (J),
S.No. 54,Judgment By,,
,,,
S.No. 55,Diary Number,63228 / 1982,Judgment
S.No. 55,Case Number,C.A. No.-000227-000227 / 1982,21-07-1992 (English)
S.No. 55,Petitioner Name,DR. L.P. AGARWAL,21-07-1992 (English)
S.No. 55,Respondent Name,UNION OF INDIA .,21-07-1992 (English)
S.No. 55,Petitioner's Advocate,APPELLANT-IN-PERSON,21-07-1992 (English)
S.No. 55,Respondent's Advocate,C. V. SUBBA RAO,21-07-1992 (English)
S.No. 55,Bench,KULDIP SINGH (J),
S.No. 55,Judgment By,,
,,,
S.No. 56,Diary Number,63229 / 1982,Judgment
S.No. 56,Case Number,C.A. No.-000608-000608 / 1982,19-08-1992 (English)
S.No. 56,Petitioner Name,SHRI TEJSINGHRAO,19-08-1992 (English)
S.No. 56,Respondent Name,THE STATE OF MAHARASHTRA,19-08-1992 (English)
S.No. 56,Petitioner's Advocate,,19-08-1992 (English)
S.No. 56,Respondent's Advocate,A. S. BHASME,19-08-1992 (English)
S.No. 56,Bench,KULDIP SINGH (J),
S.No. 56,Judgment By,,
,,,
S.No. 57,Diary Number,63261 / 1982,Judgment
S.No. 57,Case Number,W.P.(Crl.) No.-001061-001061 / 1982,19-02-1992 (English)
S.No. 57,Petitioner Name,BANWASI SEVA ASHRAM,19-02-1992 (English)
S.No. 57,Respondent Name,STATE OF U.P..,19-02-1992 (English)
S.No. 57,Petitioner's Advocate,M. A. KRISHNA MOORTHY,19-02-1992 (English)
S.No. 57,Respondent's Advocate,AJIT SINGH PUNDIR,19-02-1992 (English)
S.No. 57,Bench,KULDIP SINGH (J),
S.No. 57,Judgment By,,
,,,
S.No. 58,Diary Number,63522 / 1990,Judgment
S.No. 58,Case Number,SLP(C) No.-008543-008543 / 1990,11-02-1992 (English)
S.No. 58,Petitioner Name,M/S.VIJAY ENTERPRISES,11-02-1992 (English)
S.No. 58,Respondent Name,SALES TAX OFFICER .,11-02-1992 (English)
S.No. 58,Petitioner's Advocate,AJIT SINGH PUNDIR,11-02-1992 (English)
S.No. 58,Respondent's Advocate,ASHOK K. SRIVASTAVA,11-02-1992 (English)
S.No. 58,Bench,"REDDY,K. JAYACHANDRA (J)",
S.No. 58,Judgment By,,
,,,
S.No. 59,Diary Number,63679 / 1982,Judgment
S.No. 59,Case Number,W.P.(C) No.-002603-002611 / 1982,04-08-1992 (English)
S.No. 59,Petitioner Name,DMAI,04-08-1992 (English)
S.No. 59,Respondent Name,,04-08-1992 (English)
S.No. 59,Petitioner's Advocate,,04-08-1992 (English)
S.No. 59,Respondent's Advocate,,04-08-1992 (English)
S.No. 59,Bench,"SHARMA,L.M. (J)",
S.No. 59,Judgment By,,
,,,
S.No. 60,Diary Number,63760 / 1986,Judgment
S.No. 60,Case Number,W.P.(C) No.-000651-000651 / 1986,01-11-1991 (English)
S.No. 60,Petitioner Name,SHRI JAGNNATH,01-11-1991 (English)
S.No. 60,Respondent Name,UNION OF INDIA .,01-11-1991 (English)
S.No. 60,Petitioner's Advocate,BINA GUPTA,01-11-1991 (English)
S.No. 60,Respondent's Advocate,SUSHMA SURI,01-11-1991 (English)
S.No. 60,Bench,KULDIP SINGH (J),
S.No. 60,Judgment By,,
,,,
S.No. 61,Diary Number,63763 / 1983,Judgment
S.No. 61,Case Number,C.A. No.-010803-010805 / 1983,24-07-1992 (English)
S.No. 61,Petitioner Name,GANGABAI CHARITIES,24-07-1992 (English)
S.No. 61,Respondent Name,COMMISSIONER OF INCOME-TAX,24-07-1992 (English)
S.No. 61,Petitioner's Advocate,,24-07-1992 (English)
S.No. 61,Respondent's Advocate,A. SUBHASHINI,24-07-1992 (English)
S.No. 61,Bench,KULDIP SINGH (J),
S.No. 61,Judgment By,,
,,,
S.No. 62,Diary Number,63996 / 1985,Judgment
S.No. 62,Case Number,W.P.(C) No.-004677-004677 / 1985,"15-05-1992 (English)
22-11-1991 (English)"
S.No. 62,Petitioner Name,M.C.MEHTA,"15-05-1992 (English)
22-11-1991 (English)"
S.No. 62,Respondent Name,UNION OF INDIA,"15-05-1992 (English)
22-11-1991 (English)"
S.No. 62,Petitioner's Advocate,PETITIONER-IN-PERSON,"15-05-1992 (English)
22-11-1991 (English)"
S.No. 62,Respondent's Advocate,,"15-05-1992 (English)
22-11-1991 (English)"
S.No. 62,Bench,"MISRA,RANGNATH (CJ)",
S.No. 62,Judgment By,,
,,,
S.No. 63,Diary Number,64255 / 1988,Judgment
S.No. 63,Case Number,SLP(C) No.-008076-008076 / 1988,29-10-1991 (English)
S.No. 63,Petitioner Name,M/S CHETAS CORPORATION,29-10-1991 (English)
S.No. 63,Respondent Name,GUJART HOUSING BOARD,29-10-1991 (English)
S.No. 63,Petitioner's Advocate,J. S. WAD,29-10-1991 (English)
S.No. 63,Respondent's Advocate,,29-10-1991 (English)
S.No. 63,Bench,"RANGNATHAN,S.",
S.No. 63,Judgment By,,
,,,
S.No. 64,Diary Number,64733 / 1983,Judgment
S.No. 64,Case Number,Crl.A. No.-000206-000206 / 1983,31-03-1992 (English)
S.No. 64,Petitioner Name,STATE OF U.P.,31-03-1992 (English)
S.No. 64,Respondent Name,HANIF,31-03-1992 (English)
S.No. 64,Petitioner's Advocate,AJIT SINGH PUNDIR,31-03-1992 (English)
S.No. 64,Respondent's Advocate,LAXMI ARVIND,31-03-1992 (English)
S.No. 64,Bench,"RAMASWAMY,K.",
S.No. 64,Judgment By,,
,,,
S.No. 65,Diary Number,64734 / 1983,Judgment
S.No. 65,Case Number,Crl.A. No.-000567-000567 / 1983,31-03-1992 (English)
S.No. 65,Petitioner Name,STATE OF ORISSA,31-03-1992 (English)
S.No. 65,Respondent Name,DAMBURU NAIKO,31-03-1992 (English)
S.No. 65,Petitioner's Advocate,C. S. SRINIVASA RAO,31-03-1992 (English)
S.No. 65,Respondent's Advocate,A. P. MOHANTY,31-03-1992 (English)
S.No. 65,Bench,"RAMASWAMY,K.",
S.No. 65,Judgment By,,
,,,
S.No. 66,Diary Number,64749 / 1983,Judgment
S.No. 66,Case Number,C.A. No.-003785-003785 / 1983,22-04-1992 (English)
S.No. 66,Petitioner Name,SHRI CHANDRIKA,22-04-1992 (English)
S.No. 66,Respondent Name,RAJA VISHWANATH PRATAP SINGH,22-04-1992 (English)
S.No. 66,Petitioner's Advocate,,22-04-1992 (English)
S.No. 66,Respondent's Advocate,RANI CHHABRA,22-04-1992 (English)
S.No. 66,Bench,"AGRAWAL,S.C. (J)",
S.No. 66,Judgment By,,
,,,
S.No. 67,Diary Number,64750 / 1983,Judgment
S.No. 67,Case Number,C.A. No.-003847-003847 / 1983,22-04-1992 (English)
S.No. 67,Petitioner Name,DR. A.K. SABHAPATHY,22-04-1992 (English)
S.No. 67,Respondent Name,STATE OF KERALA .,22-04-1992 (English)
S.No. 67,Petitioner's Advocate,M. A. FIROZ,22-04-1992 (English)
S.No. 67,Respondent's Advocate,,22-04-1992 (English)
S.No. 67,Bench,"AGRAWAL,S.C. (J)",
S.No. 67,Judgment By,,
,,,
S.No. 68,Diary Number,64755 / 1983,Judgment
S.No. 68,Case Number,C.A. No.-010574-010583 / 1983,15-11-1991 (English)
S.No. 68,Petitioner Name,"M/S.RADHA-SAOMI SAT SANG,SAOMI BAGH,AGRA",15-11-1991 (English)
S.No. 68,Respondent Name,COMMISSIONER OF INCOME TAX,15-11-1991 (English)
S.No. 68,Petitioner's Advocate,BHARGAVA V. DESAI,15-11-1991 (English)
S.No. 68,Respondent's Advocate,A. SUBHASHINI,15-11-1991 (English)
S.No. 68,Bench,"MISRA,RANGNATH (CJ)",
S.No. 68,Judgment By,,
,,,
S.No. 69,Diary Number,64844 / 1992,Judgment
S.No. 69,Case Number,C.A. No.-000378-000378 / 1992,21-01-1992 (English)
S.No. 69,Petitioner Name,B.N. SHANKARAPPA,21-01-1992 (English)
S.No. 69,Respondent Name,UTHANUR SIRNIVAS .,21-01-1992 (English)
S.No. 69,Petitioner's Advocate,,21-01-1992 (English)
S.No. 69,Respondent's Advocate,K. V. MOHAN,21-01-1992 (English)
S.No. 69,Bench,"AHMADI,A.M. (J)",
S.No. 69,Judgment By,,
,,,
S.No. 70,Diary Number,64883 / 1983,Judgment
S.No. 70,Case Number,C.A. No.-000194-000194 / 1983,15-05-1992 (English)
S.No. 70,Petitioner Name,THE WORKMEN OF SREE MEENAKSHI MILLS LTD.,15-05-1992 (English)
S.No. 70,Respondent Name,MEENAKSHI MILLS LTD. .,15-05-1992 (English)
S.No. 70,Petitioner's Advocate,CHANDAN RAMAMURTHI,15-05-1992 (English)
S.No. 70,Respondent's Advocate,,15-05-1992 (English)
S.No. 70,Bench,"VERMA, JAGDISH SARAN (J),REDDY, K. JAYACHANDRA (J),AGRAWAL, S.C. (J),RAY, G.N. (J),PATNAIK, R.C. (J)",
S.No. 70,Judgment By,,
,,,
S.No. 71,Diary Number,65440 / 1984,Judgment
S.No. 71,Case Number,C.A. No.-000752-000752 / 1984,22-01-1992 (English)
S.No. 71,Petitioner Name,STATE OF ANDHRA PRADESH,22-01-1992 (English)
S.No. 71,Respondent Name,K.S. MURALIDHAR .,22-01-1992 (English)
S.No. 71,Petitioner's Advocate,,22-01-1992 (English)
S.No. 71,Respondent's Advocate,K. RAM KUMAR,22-01-1992 (English)
S.No. 71,Bench,"REDDY,K. JAYACHANDRA (J)",
S.No. 71,Judgment By,,
,,,
S.No. 72,Diary Number,65705 / 1983,Judgment
S.No. 72,Case Number,C.A. No.-007356-007360 / 1983,03-04-1992 (English)
S.No. 72,Petitioner Name,M/S NANDU MAL GIRDHARI LAL,03-04-1992 (English)
S.No. 72,Respondent Name,STATE OF U.P. .,03-04-1992 (English)
S.No. 72,Petitioner's Advocate,,03-04-1992 (English)
S.No. 72,Respondent's Advocate,E. C. AGRAWALA,03-04-1992 (English)
S.No. 72,Bench,"MOHAN,S. (J)",
S.No. 72,Judgment By,,
,,,
S.No. 73,Diary Number,65729 / 1983,Judgment
S.No. 73,Case Number,C.A. No.-006650-006650 / 1983,24-01-1992 (English)
S.No. 73,Petitioner Name,"SAROJINI TEA CO.PVT.LTD.,",24-01-1992 (English)
S.No. 73,Respondent Name,COLLECTOR OF DIBRUGARH .,24-01-1992 (English)
S.No. 73,Petitioner's Advocate,,24-01-1992 (English)
S.No. 73,Respondent's Advocate,PRAVIR CHOUDHARY,24-01-1992 (English)
S.No. 73,Bench,"RAMASWAMY,K.",
S.No. 73,Judgment By,,
,,,
S.No. 74,Diary Number,65779 / 1991,Judgment
S.No. 74,Case Number,SLP(C) No.-016066-016066 / 1991,18-11-1991 (English)
S.No. 74,Petitioner Name,"UNION TERRITORY, CHANDIGARH",18-11-1991 (English)
S.No. 74,Respondent Name,MASTER KUNALDEEP MALIK .,18-11-1991 (English)
S.No. 74,Petitioner's Advocate,,18-11-1991 (English)
S.No. 74,Respondent's Advocate,,18-11-1991 (English)
S.No. 74,Bench,"SAWANT,P.B.",
S.No. 74,Judgment By,,
,,,
S.No. 75,Diary Number,65891 / 1983,Judgment
S.No. 75,Case Number,Crl.A. No.-000022-000023 / 1983,10-04-1992 (English)
S.No. 75,Petitioner Name,MULAKH RAJ,10-04-1992 (English)
S.No. 75,Respondent Name,SATISH KUMAR .,10-04-1992 (English)
S.No. 75,Petitioner's Advocate,,10-04-1992 (English)
S.No. 75,Respondent's Advocate,PREM MALHOTRA,10-04-1992 (English)
S.No. 75,Bench,"RAMASWAMY,K.",
S.No. 75,Judgment By,,
,,,
S.No. 76,Diary Number,66008 / 1992,Judgment
S.No. 76,Case Number,C.A. No.-000112-000112 / 1992,14-01-1992 (English)
S.No. 76,Petitioner Name,MONOHAR JOSHI,14-01-1992 (English)
S.No. 76,Respondent Name,BHAURAO RAGOJI PATIL THR. LRS.,14-01-1992 (English)
S.No. 76,Petitioner's Advocate,,14-01-1992 (English)
S.No. 76,Respondent's Advocate,,14-01-1992 (English)
S.No. 76,Bench,"OJHA,N.D. (J)",
S.No. 76,Judgment By,,
,,,
S.No. 77,Diary Number,67308 / 1991,Judgment
S.No. 77,Case Number,Crl.A. No.-000722-000722 / 1991,22-11-1991 (English)
S.No. 77,Petitioner Name,M.RAJA MOHAMMED,22-11-1991 (English)
S.No. 77,Respondent Name,"FOOD INSPECTOR,PALGHAT MUNICIPALUTT",22-11-1991 (English)
S.No. 77,Petitioner's Advocate,,22-11-1991 (English)
S.No. 77,Respondent's Advocate,E. M. S. ANAM,22-11-1991 (English)
S.No. 77,Bench,YOGESHWAR DAYAL (J),
S.No. 77,Judgment By,,
,,,
S.No. 78,Diary Number,67524 / 1986,Judgment
S.No. 78,Case Number,C.A. No.-001720-001720 / 1986,31-10-1991 (English)
S.No. 78,Petitioner Name,NUTAKKI SESHARATNAM,31-10-1991 (English)
S.No. 78,Respondent Name,SUB COLLECTOR .,31-10-1991 (English)
S.No. 78,Petitioner's Advocate,B. KANTA RAO,31-10-1991 (English)
S.No. 78,Respondent's Advocate,,31-10-1991 (English)
S.No. 78,Bench,,
S.No. 78,Judgment By,,
,,,
S.No. 79,Diary Number,67590 / 1992,Judgment
S.No. 79,Case Number,C.A. No.-000243-000243 / 1992,24-01-1992 (English)
S.No. 79,Petitioner Name,VASUDHA SRIVASTAVA,24-01-1992 (English)
S.No. 79,Respondent Name,SMT. KAMLA CHAUHAN,24-01-1992 (English)
S.No. 79,Petitioner's Advocate,,24-01-1992 (English)
S.No. 79,Respondent's Advocate,MANOJ SWARUP AND CO.,24-01-1992 (English)
S.No. 79,Bench,"SHARMA,L.M. (J)",
S.No. 79,Judgment By,,
,,,
S.No. 80,Diary Number,67858 / 1984,Judgment
S.No. 80,Case Number,C.A. No.-001432-001433 / 1984,14-05-1992 (English)
S.No. 80,Petitioner Name,UNION OF INDIA,14-05-1992 (English)
S.No. 80,Respondent Name,THE CENTURY MFG. CO. LTD.,14-05-1992 (English)
S.No. 80,Petitioner's Advocate,,14-05-1992 (English)
S.No. 80,Respondent's Advocate,,14-05-1992 (English)
S.No. 80,Bench,"RANGNATHAN,S.",
S.No. 80,Judgment By,,
,,,
S.No. 81,Diary Number,68085 / 1992,Judgment
S.No. 81,Case Number,SLP(C) No.-000647-000647 / 1992,01-05-1992 (English)
S.No. 81,Petitioner Name,USMAN GANI J. KHATRI OF BOMBAY,01-05-1992 (English)
S.No. 81,Respondent Name,CANTONMENT BOARD .,01-05-1992 (English)
S.No. 81,Petitioner's Advocate,R. N. KESWANI,01-05-1992 (English)
S.No. 81,Respondent's Advocate,SHRI NARAIN,01-05-1992 (English)
S.No. 81,Bench,"KASLIWAL,N.M. (J)",
S.No. 81,Judgment By,,
,,,
S.No. 82,Diary Number,68225 / 1991,Judgment
S.No. 82,Case Number,SLP(C) No.-010330-010330 / 1991,28-01-1992 (English)
S.No. 82,Petitioner Name,BHUSHAN UTTAM KHARE,28-01-1992 (English)
S.No. 82,Respondent Name,"THE DEAN, B.J.MEDICAL COLLEGE,PUNE",28-01-1992 (English)
S.No. 82,Petitioner's Advocate,EJAZ MAQBOOL,28-01-1992 (English)
S.No. 82,Respondent's Advocate,CAVEATOR-IN-PERSON,28-01-1992 (English)
S.No. 82,Bench,"PANDIAN,S.R. (J)",
S.No. 82,Judgment By,,
,,,
S.No. 83,Diary Number,68480 / 1988,Judgment
S.No. 83,Case Number,C.A. No.-001626-001626 / 1988,24-01-1992 (English)
S.No. 83,Petitioner Name,THE BANARAS HINDU UNIVERSITY,24-01-1992 (English)
S.No. 83,Respondent Name,DR. INDRA PRATAP SINGH,24-01-1992 (English)
S.No. 83,Petitioner's Advocate,LAKSHMI RAMAN SINGH,24-01-1992 (English)
S.No. 83,Respondent's Advocate,T. N. SINGH,24-01-1992 (English)
S.No. 83,Bench,"JEEVAN REDDY,B.P. (J)",
S.No. 83,Judgment By,,
,,,
S.No. 84,Diary Number,68490 / 1988,Judgment
S.No. 84,Case Number,C.A. No.-003082-003082 / 1988,03-04-1992 (English)
S.No. 84,Petitioner Name,UNION OF INDIA,03-04-1992 (English)
S.No. 84,Respondent Name,SHRI S.K. SHARMA,03-04-1992 (English)
S.No. 84,Petitioner's Advocate,,03-04-1992 (English)
S.No. 84,Respondent's Advocate,RANI CHHABRA,03-04-1992 (English)
S.No. 84,Bench,"KASLIWAL,N.M. (J)",
S.No. 84,Judgment By,,
,,,
S.No. 85,Diary Number,68493 / 1988,Judgment
S.No. 85,Case Number,Crl.A. No.-000447-000447 / 1988,29-04-1992 (English)
S.No. 85,Petitioner Name,MADAN GOPAL KAKKAD,29-04-1992 (English)
S.No. 85,Respondent Name,SHRI NAWAL DUBEY,29-04-1992 (English)
S.No. 85,Petitioner's Advocate,D. N. GOBURDHAN,29-04-1992 (English)
S.No. 85,Respondent's Advocate,,29-04-1992 (English)
S.No. 85,Bench,"PANDIAN,S.R. (J)",
S.No. 85,Judgment By,,
,,,
S.No. 86,Diary Number,68655 / 1992,Judgment
S.No. 86,Case Number,SLP(C) No.-005781-005781 / 1992,14-05-1992 (English)
S.No. 86,Petitioner Name,N K BAPNA,14-05-1992 (English)
S.No. 86,Respondent Name,U.O.I .,14-05-1992 (English)
S.No. 86,Petitioner's Advocate,,14-05-1992 (English)
S.No. 86,Respondent's Advocate,,14-05-1992 (English)
S.No. 86,Bench,"RANGNATHAN,S.",
S.No. 86,Judgment By,,
,,,
S.No. 87,Diary Number,68675 / 1991,Judgment
S.No. 87,Case Number,SLP(Crl) No.-002369-002369 / 1991,26-03-1992 (English)
S.No. 87,Petitioner Name,B. HANUMANTHA RAO,26-03-1992 (English)
S.No. 87,Respondent Name,THE STATE OF A.P.,26-03-1992 (English)
S.No. 87,Petitioner's Advocate,,26-03-1992 (English)
S.No. 87,Respondent's Advocate,GUNTUR PRABHAKAR,26-03-1992 (English)
S.No. 87,Bench,"KASLIWAL,N.M. (J)",
S.No. 87,Judgment By,,
,,,
S.No. 88,Diary Number,68787 / 1991,Judgment
S.No. 88,Case Number,SLP(C) No.-010436-010436 / 1991,21-04-1992 (English)
S.No. 88,Petitioner Name,SH.K.M.SINGH,21-04-1992 (English)
S.No. 88,Respondent Name,"SECY.,ASSON.OF INDIAN UNIVERSITIES &ORS",21-04-1992 (English)
S.No. 88,Petitioner's Advocate,PETITIONER-IN-PERSON,21-04-1992 (English)
S.No. 88,Respondent's Advocate,,21-04-1992 (English)
S.No. 88,Bench,YOGESHWAR DAYAL (J),
S.No. 88,Judgment By,,
,,,
S.No. 89,Diary Number,69208 / 1988,Judgment
S.No. 89,Case Number,C.A. No.-002979-002979 / 1992,12-08-1992 (English)
S.No. 89,Petitioner Name,STATE OF HARYANA,12-08-1992 (English)
S.No. 89,Respondent Name,PIARA SINGH .,12-08-1992 (English)
S.No. 89,Petitioner's Advocate,KUSUM CHAUDHARY,12-08-1992 (English)
S.No. 89,Respondent's Advocate,NAFIS A. SIDDIQUI,12-08-1992 (English)
S.No. 89,Bench,"JEEVAN REDDY,B.P. (J)",
S.No. 89,Judgment By,,
,,,
S.No. 90,Diary Number,69347 / 1989,Judgment
S.No. 90,Case Number,C.A. No.-005281-005281 / 1996,24-03-1992 (English)
S.No. 90,Petitioner Name,T.P. GEORGE,24-03-1992 (English)
S.No. 90,Respondent Name,THE STATE OF KERALA,24-03-1992 (English)
S.No. 90,Petitioner's Advocate,,24-03-1992 (English)
S.No. 90,Respondent's Advocate,G. PRAKASH,24-03-1992 (English)
S.No. 90,Bench,"KANIA,M.H. (CJ)",
S.No. 90,Judgment By,,
,,,
S.No. 91,Diary Number,69450 / 1986,Judgment
S.No. 91,Case Number,C.A. No.-000733-000751 / 1986,19-08-1992 (English)
S.No. 91,Petitioner Name,DMAI,19-08-1992 (English)
S.No. 91,Respondent Name,,19-08-1992 (English)
S.No. 91,Petitioner's Advocate,,19-08-1992 (English)
S.No. 91,Respondent's Advocate,,19-08-1992 (English)
S.No. 91,Bench,"RANGNATHAN,S.",
S.No. 91,Judgment By,,
,,,
S.No. 92,Diary Number,69586 / 1987,Judgment
S.No. 92,Case Number,C.A. No.-001790-001790 / 1992,23-04-1992 (English)
S.No. 92,Petitioner Name,PRANTIYA V.MANDAL MAZOOR FEDERATION,23-04-1992 (English)
S.No. 92,Respondent Name,RAJASTHAN STATE ELECTRICITY BOARD .,23-04-1992 (English)
S.No. 92,Petitioner's Advocate,,23-04-1992 (English)
S.No. 92,Respondent's Advocate,SUSHIL KUMAR JAIN,23-04-1992 (English)
S.No. 92,Bench,KULDIP SINGH (J),
S.No. 92,Judgment By,,
,,,
S.No. 93,Diary Number,70139 / 1992,Judgment
S.No. 93,Case Number,SLP(C) No.-005594-005594 / 1992,06-08-1992 (English)
S.No. 93,Petitioner Name,MOHAN RAWALE,06-08-1992 (English)
S.No. 93,Respondent Name,DAMODAR TATYABA @ DADASAHEB .,06-08-1992 (English)
S.No. 93,Petitioner's Advocate,V. J. FRANCIS,06-08-1992 (English)
S.No. 93,Respondent's Advocate,,06-08-1992 (English)
S.No. 93,Bench,"VENKATACHALLIAH,M.N. (J)",
S.No. 93,Judgment By,,
,,,
S.No. 94,Diary Number,70141 / 1992,Judgment
S.No. 94,Case Number,C.A. No.-000585-000585 / 1992,12-08-1992 (English)
S.No. 94,Petitioner Name,UNION OF INDIA,12-08-1992 (English)
S.No. 94,Respondent Name,SURYA PHOSPHATE LTD.,12-08-1992 (English)
S.No. 94,Petitioner's Advocate,C. V. SUBBA RAO,12-08-1992 (English)
S.No. 94,Respondent's Advocate,LAKSHMI RAMAN SINGH,12-08-1992 (English)
S.No. 94,Bench,"SAWANT,P.B.",
S.No. 94,Judgment By,,
,,,
S.No. 95,Diary Number,71956 / 1989,Judgment
S.No. 95,Case Number,C.A. No.-002309-002310 / 1989,16-01-1992 (English)
S.No. 95,Petitioner Name,DMAI,16-01-1992 (English)
S.No. 95,Respondent Name,,16-01-1992 (English)
S.No. 95,Petitioner's Advocate,,16-01-1992 (English)
S.No. 95,Respondent's Advocate,,16-01-1992 (English)
S.No. 95,Bench,"RAMASWAMI,V. (J) II",
S.No. 95,Judgment By,,
,,,
S.No. 96,Diary Number,72854 / 1990,Judgment
S.No. 96,Case Number,C.A. No.-003012-003012 / 1990,19-11-1991 (English)
S.No. 96,Petitioner Name,RABINDRA CHAMRIA,19-11-1991 (English)
S.No. 96,Respondent Name,"THE REGISTRAR OF COMPANIES, W.B. .",19-11-1991 (English)
S.No. 96,Petitioner's Advocate,SUSHIL KUMAR JAIN,19-11-1991 (English)
S.No. 96,Respondent's Advocate,SUSHMA SURI,19-11-1991 (English)
S.No. 96,Bench,"MOHAN,S. (J)",
S.No. 96,Judgment By,,
,,,
S.No. 97,Diary Number,72935 / 1990,Judgment
S.No. 97,Case Number,C.A. No.-004437-004437 / 1990,22-04-1992 (English)
S.No. 97,Petitioner Name,DAVENDRA BHAISHANKAR MEHTA,22-04-1992 (English)
S.No. 97,Respondent Name,RAMESHCHANDRA V. SHETH .,22-04-1992 (English)
S.No. 97,Petitioner's Advocate,,22-04-1992 (English)
S.No. 97,Respondent's Advocate,RESPONDENT-IN-PERSON,22-04-1992 (English)
S.No. 97,Bench,"RAY,G.N. (J)",
S.No. 97,Judgment By,,
,,,
S.No. 98,Diary Number,73883 / 1990,Judgment
S.No. 98,Case Number,C.A. No.-004542-004542 / 1991,22-11-1991 (English)
S.No. 98,Petitioner Name,M.SURESH NATHAN,22-11-1991 (English)
S.No. 98,Respondent Name,UNION OF INDIA .,22-11-1991 (English)
S.No. 98,Petitioner's Advocate,B. VIJAYALAKSHMI MENON,22-11-1991 (English)
S.No. 98,Respondent's Advocate,,22-11-1991 (English)
S.No. 98,Bench,"VERMA,JAGDISH SARAN (J)",
S.No. 98,Judgment By,,
,,,
S.No. 99,Diary Number,73885 / 1990,Judgment
S.No. 99,Case Number,C.A. No.-004375-004375 / 1991,29-10-1991 (English)
S.No. 99,Petitioner Name,M.B. HIREGOUDAR,29-10-1991 (English)
S.No. 99,Respondent Name,STATE OF KARNATAKA .,29-10-1991 (English)
S.No. 99,Petitioner's Advocate,,29-10-1991 (English)
S.No. 99,Respondent's Advocate,,29-10-1991 (English)
S.No. 99,Bench,"AHMADI,A.M. (J)",
S.No. 99,Judgment By,,
,,,
S.No. 100,Diary Number,74435 / 1990,Judgment
S.No. 100,Case Number,W.P.(C) No.-000930-000930 / 1990,04-12-1991 (English)
S.No. 100,Petitioner Name,INDRA SAWHNEY,04-12-1991 (English)
S.No. 100,Respondent Name,UNION OF INDIA,04-12-1991 (English)
S.No. 100,Petitioner's Advocate,PETITIONER-IN-PERSON,04-12-1991 (English)
S.No. 100,Respondent's Advocate,A. SUBHASHINI,04-12-1991 (English)
S.No. 100,Bench,"M.H. KANIA,M.N. VENKATACHALLIAH,S.R. PANDIAN,T.K. THOMMEN,A.M.",
S.No. 100,Judgment By,,
,,,
S.No. 101,Diary Number,74839 / 1991,Judgment
S.No. 101,Case Number,C.A. No.-003145-003145 / 1991,26-02-1992 (English)
S.No. 101,Petitioner Name,R.TAMILMANI,26-02-1992 (English)
S.No. 101,Respondent Name,UNION OF INDIA,26-02-1992 (English)
S.No. 101,Petitioner's Advocate,R. AYYAM PERUMAL,26-02-1992 (English)
S.No. 101,Respondent's Advocate,C. V. SUBBA RAO,26-02-1992 (English)
S.No. 101,Bench,"KANIA,M.H. (CJ)",
S.No. 101,Judgment By,,
,,,
S.No. 102,Diary Number,75357 / 1991,Judgment
S.No. 102,Case Number,W.P.(Crl.) No.-001339-001339 / 1991,29-10-1991 (English)
S.No. 102,Petitioner Name,SMT. SHASHI NAYYAR,29-10-1991 (English)
S.No. 102,Respondent Name,UNION OF INDIA .,29-10-1991 (English)
S.No. 102,Petitioner's Advocate,ARPUTHAM ARUNA AND CO,29-10-1991 (English)
S.No. 102,Respondent's Advocate,,29-10-1991 (English)
S.No. 102,Bench,"SINGH, K.N. (J),SAWANT, P.B.,KASLIWAL, N.M. (J),JEEVAN REDDY, B.P. (J),RAY, G.N. (J)",
S.No. 102,Judgment By,,
,,,
S.No. 103,Diary Number,75374 / 1991,Judgment
S.No. 103,Case Number,C.A. No.-004380-004380 / 1991,01-11-1991 (English)
S.No. 103,Petitioner Name,LAKSHMANSAMI GOUNDER,01-11-1991 (English)
S.No. 103,Respondent Name,C.T.SELVAMANI,01-11-1991 (English)
S.No. 103,Petitioner's Advocate,V. BALACHANDRAN,01-11-1991 (English)
S.No. 103,Respondent's Advocate,,01-11-1991 (English)
S.No. 103,Bench,"RAMASWAMY,K.",
S.No. 103,Judgment By,,
,,,
S.No. 104,Diary Number,75446 / 1991,Judgment
S.No. 104,Case Number,C.A. No.-004488-004488 / 1991,31-10-1991 (English)
S.No. 104,Petitioner Name,"SMT. NEERA MATHUR, NOIDA",31-10-1991 (English)
S.No. 104,Respondent Name,LIFE INSURANCE CORPORATION OF INDIA &ANR,31-10-1991 (English)
S.No. 104,Petitioner's Advocate,,31-10-1991 (English)
S.No. 104,Respondent's Advocate,,31-10-1991 (English)
S.No. 104,Bench,"SHETTY,K.J. (J)",
S.No. 104,Judgment By,,
,,,
S.No. 105,Diary Number,75481 / 1991,Judgment
S.No. 105,Case Number,Crl.A. No.-000710-000710 / 1991,19-11-1991 (English)
S.No. 105,Petitioner Name,EX-HAVILDAR RATAN SINGH,19-11-1991 (English)
S.No. 105,Respondent Name,UNION OF INDIA .,19-11-1991 (English)
S.No. 105,Petitioner's Advocate,,19-11-1991 (English)
S.No. 105,Respondent's Advocate,,19-11-1991 (English)
S.No. 105,Bench,"SHARMA,L.M. (J)",
S.No. 105,Judgment By,,
,,,
S.No. 106,Diary Number,75771 / 1991,Judgment
S.No. 106,Case Number,C.A. No.-004135-004135 / 1991,17-01-1992 (English)
S.No. 106,Petitioner Name,VITTHAL SHAMRAO KUBDE,17-01-1992 (English)
S.No. 106,Respondent Name,STATE OF MAHARASHTRA,17-01-1992 (English)
S.No. 106,Petitioner's Advocate,,17-01-1992 (English)
S.No. 106,Respondent's Advocate,A. S. BHASME,17-01-1992 (English)
S.No. 106,Bench,"KASLIWAL,N.M. (J)",
S.No. 106,Judgment By,,
,,,
S.No. 107,Diary Number,75830 / 1990,Judgment
S.No. 107,Case Number,C.A. No.-002023-002024 / 1990,20-02-1992 (English)
S.No. 107,Petitioner Name,"THE SECY., FINANCE DEPTT.",20-02-1992 (English)
S.No. 107,Respondent Name,W.BENGAL REG. SERVICE ASSN. .,20-02-1992 (English)
S.No. 107,Petitioner's Advocate,,20-02-1992 (English)
S.No. 107,Respondent's Advocate,SOMNATH MUKHERJEE,20-02-1992 (English)
S.No. 107,Bench,"AHMADI,A.M. (J)",
S.No. 107,Judgment By,,
,,,
S.No. 108,Diary Number,75913 / 1990,Judgment
S.No. 108,Case Number,Crl.A. No.-000631-000632 / 1990,28-04-1992 (English)
S.No. 108,Petitioner Name,DMAI,28-04-1992 (English)
S.No. 108,Respondent Name,,28-04-1992 (English)
S.No. 108,Petitioner's Advocate,,28-04-1992 (English)
S.No. 108,Respondent's Advocate,,28-04-1992 (English)
S.No. 108,Bench,"PANDIAN,S.R. (J)",
S.No. 108,Judgment By,,
,,,
S.No. 109,Diary Number,75992 / 1991,Judgment
S.No. 109,Case Number,Crl.A. No.-000732-000732 / 1991,10-04-1992 (English)
S.No. 109,Petitioner Name,GANESHLAL,10-04-1992 (English)
S.No. 109,Respondent Name,STATE OF MAHARASHTRA,10-04-1992 (English)
S.No. 109,Petitioner's Advocate,V. D. KHANNA,10-04-1992 (English)
S.No. 109,Respondent's Advocate,A. S. BHASME,10-04-1992 (English)
S.No. 109,Bench,"RAMASWAMY,K.",
S.No. 109,Judgment By,,
,,,
S.No. 110,Diary Number,75995 / 1991,Judgment
S.No. 110,Case Number,C.A. No.-002553-002553 / 1991,29-04-1992 (English)
S.No. 110,Petitioner Name,M/S.SHREE CHAMUNDI MOPEDS LTD.,29-04-1992 (English)
S.No. 110,Respondent Name,CHURCH OF SOUTH INDIA TRUST ASSON.,29-04-1992 (English)
S.No. 110,Petitioner's Advocate,C. N. SREE KUMAR,29-04-1992 (English)
S.No. 110,Respondent's Advocate,GUNTUR PRABHAKAR,29-04-1992 (English)
S.No. 110,Bench,"AGRAWAL,S.C. (J)",
S.No. 110,Judgment By,,
,,,
S.No. 111,Diary Number,76006 / 1991,Judgment
S.No. 111,Case Number,C.A. No.-002446-002446 / 1991,06-05-1992 (English)
S.No. 111,Petitioner Name,MRS. PAYAL ASHOK KUMAR JINDAL,06-05-1992 (English)
S.No. 111,Respondent Name,CAPT. ASHOK KUMAR JINDAL,06-05-1992 (English)
S.No. 111,Petitioner's Advocate,C. M. CHOPRA,06-05-1992 (English)
S.No. 111,Respondent's Advocate,CAVEATOR-IN-PERSON,06-05-1992 (English)
S.No. 111,Bench,KULDIP SINGH (J),
S.No. 111,Judgment By,,
,,,
S.No. 112,Diary Number,76027 / 1991,Judgment
S.No. 112,Case Number,C.A. No.-004105-004105 / 1991,14-05-1992 (English)
S.No. 112,Petitioner Name,M.J.EXPORTS LTD.,14-05-1992 (English)
S.No. 112,Respondent Name,"CUSTOMS,EX.&GOLD(CONTROL)APP.TRI.",14-05-1992 (English)
S.No. 112,Petitioner's Advocate,GAGRAT AND CO,14-05-1992 (English)
S.No. 112,Respondent's Advocate,P. PARMESWARAN,14-05-1992 (English)
S.No. 112,Bench,"RANGNATHAN,S.",
S.No. 112,Judgment By,,
,,,
S.No. 113,Diary Number,76041 / 1991,Judgment
S.No. 113,Case Number,W.P.(C) No.-000456-000456 / 1991,30-07-1992 (English)
S.No. 113,Petitioner Name,MISS.MOHINI JAIN,30-07-1992 (English)
S.No. 113,Respondent Name,THE STATE OF KARNATAKA,30-07-1992 (English)
S.No. 113,Petitioner's Advocate,R. SATHISH,30-07-1992 (English)
S.No. 113,Respondent's Advocate,M. K. DUA,30-07-1992 (English)
S.No. 113,Bench,KULDIP SINGH (J),
S.No. 113,Judgment By,,
,,,
S.No. 114,Diary Number,76056 / 1991,Judgment
S.No. 114,Case Number,C.A. No.-004209-004209 / 1991,06-08-1992 (English)
S.No. 114,Petitioner Name,STATE OF RAJASTHAN,06-08-1992 (English)
S.No. 114,Respondent Name,KISHAN SINGH,06-08-1992 (English)
S.No. 114,Petitioner's Advocate,,06-08-1992 (English)
S.No. 114,Respondent's Advocate,,06-08-1992 (English)
S.No. 114,Bench,KULDIP SINGH (J),
S.No. 114,Judgment By,,
,,,
S.No. 115,Diary Number,76074 / 1991,Judgment
S.No. 115,Case Number,W.P.(Crl.) No.-001385-001385 / 1991,19-08-1992 (English)
S.No. 115,Petitioner Name,SATPAL @ SADHU,19-08-1992 (English)
S.No. 115,Respondent Name,STATE OF HARYANA,19-08-1992 (English)
S.No. 115,Petitioner's Advocate,ASHOK KUMAR SHARMA,19-08-1992 (English)
S.No. 115,Respondent's Advocate,,19-08-1992 (English)
S.No. 115,Bench,KULDIP SINGH (J),
S.No. 115,Judgment By,,
,,,
S.No. 116,Diary Number,76197 / 1990,Judgment
S.No. 116,Case Number,W.P.(C) No.-000873-000873 / 1990,29-01-1992 (English)
S.No. 116,Petitioner Name,KARNATAKA STATE PVT. COLLEGES LECT.ASSO.,29-01-1992 (English)
S.No. 116,Respondent Name,STATE OF KARNATAKA,29-01-1992 (English)
S.No. 116,Petitioner's Advocate,DINESH KUMAR GARG,29-01-1992 (English)
S.No. 116,Respondent's Advocate,M. VEERAPPA,29-01-1992 (English)
S.No. 116,Bench,"SAHAI,R.M. (J)",
S.No. 116,Judgment By,,
,,,
S.No. 117,Diary Number,76221 / 1990,Judgment
S.No. 117,Case Number,C.A. No.-004693-004694 / 1990,19-08-1992 (English)
S.No. 117,Petitioner Name,THERMAX PVT. LTD.,19-08-1992 (English)
S.No. 117,Respondent Name,"THE COLLECTOR OF CUSTOMS, BOMBAY",19-08-1992 (English)
S.No. 117,Petitioner's Advocate,,19-08-1992 (English)
S.No. 117,Respondent's Advocate,P. PARMESWARAN,19-08-1992 (English)
S.No. 117,Bench,"RANGNATHAN,S.",
S.No. 117,Judgment By,,
,,,
S.No. 118,Diary Number,76332 / 1991,Judgment
S.No. 118,Case Number,C.A. No.-004916-004916 / 1991,25-11-1991 (English)
S.No. 118,Petitioner Name,JAGDISH SINGH,25-11-1991 (English)
S.No. 118,Respondent Name,NATTHU SINGH,25-11-1991 (English)
S.No. 118,Petitioner's Advocate,MANOJ SWARUP AND CO.,25-11-1991 (English)
S.No. 118,Respondent's Advocate,,25-11-1991 (English)
S.No. 118,Bench,"VENKATACHALLIAH,M.N. (J)",
S.No. 118,Judgment By,,
,,,
S.No. 119,Diary Number,76341 / 1991,Judgment
S.No. 119,Case Number,C.A. No.-004366-004366 / 1991,31-10-1991 (English)
S.No. 119,Petitioner Name,BHIKHA RAM,31-10-1991 (English)
S.No. 119,Respondent Name,RAM SARUP .,31-10-1991 (English)
S.No. 119,Petitioner's Advocate,ANIS AHMED KHAN,31-10-1991 (English)
S.No. 119,Respondent's Advocate,DINESH KUMAR GARG,31-10-1991 (English)
S.No. 119,Bench,"AHMADI,A.M. (J)",
S.No. 119,Judgment By,,
,,,
S.No. 120,Diary Number,76373 / 1991,Judgment
S.No. 120,Case Number,C.A. No.-003062-003062 / 1991,20-02-1992 (English)
S.No. 120,Petitioner Name,STATE OF H.P.,20-02-1992 (English)
S.No. 120,Respondent Name,KAILASH CHAND MAHAJAN .,20-02-1992 (English)
S.No. 120,Petitioner's Advocate,E. C. AGRAWALA,20-02-1992 (English)
S.No. 120,Respondent's Advocate,,20-02-1992 (English)
S.No. 120,Bench,"MOHAN,S. (J)",
S.No. 120,Judgment By,,
,,,
S.No. 121,Diary Number,76489 / 1990,Judgment
S.No. 121,Case Number,C.A. No.-004560-004562 / 1990,05-08-1992 (English)
S.No. 121,Petitioner Name,"THE COMMNR. OF SALES TAX, U.P.",05-08-1992 (English)
S.No. 121,Respondent Name,M/S BAKHTAWAR LAL KAILASH CHAND ARHTI,05-08-1992 (English)
S.No. 121,Petitioner's Advocate,,05-08-1992 (English)
S.No. 121,Respondent's Advocate,P. K. CHAKRAVARTY,05-08-1992 (English)
S.No. 121,Bench,"JEEVAN REDDY,B.P. (J)",
S.No. 121,Judgment By,,
,,,
S.No. 122,Diary Number,76742 / 1990,Judgment
S.No. 122,Case Number,C.A. No.-001720-001721 / 1990,04-03-1992 (English)
S.No. 122,Petitioner Name,DMAI,04-03-1992 (English)
S.No. 122,Respondent Name,,04-03-1992 (English)
S.No. 122,Petitioner's Advocate,,04-03-1992 (English)
S.No. 122,Respondent's Advocate,,04-03-1992 (English)
S.No. 122,Bench,"SUJATA V.MANOHAR,D.P. WADHAWA",
S.No. 122,Judgment By,,
,,,
S.No. 123,Diary Number,76752 / 1991,Judgment
S.No. 123,Case Number,C.A. No.-004559-004559 / 1991,22-11-1991 (English)
S.No. 123,Petitioner Name,PRINCIPAL S.N.MEDICAL COLLEGE AGRA,22-11-1991 (English)
S.No. 123,Respondent Name,DR. ABDUL LATIF,22-11-1991 (English)
S.No. 123,Petitioner's Advocate,,22-11-1991 (English)
S.No. 123,Respondent's Advocate,,22-11-1991 (English)
S.No. 123,Bench,,
S.No. 123,Judgment By,,
,,,
S.No. 124,Diary Number,76840 / 1990,Judgment
S.No. 124,Case Number,C.A. No.-001783-001784 / 1990,04-02-1992 (English)
S.No. 124,Petitioner Name,DMAI,04-02-1992 (English)
S.No. 124,Respondent Name,,04-02-1992 (English)
S.No. 124,Petitioner's Advocate,,04-02-1992 (English)
S.No. 124,Respondent's Advocate,,04-02-1992 (English)
S.No. 124,Bench,"REDDY,K. JAYACHANDRA (J)",
S.No. 124,Judgment By,,
,,,
S.No. 125,Diary Number,77438 / 1992,Judgment
S.No. 125,Case Number,C.A. No.-000223-000223 / 1992,21-01-1992 (English)
S.No. 125,Petitioner Name,UNION OF INDIA,21-01-1992 (English)
S.No. 125,Respondent Name,SAMPAT RAJ DUGAR,21-01-1992 (English)
S.No. 125,Petitioner's Advocate,P. PARMESWARAN,21-01-1992 (English)
S.No. 125,Respondent's Advocate,BINA GUPTA,21-01-1992 (English)
S.No. 125,Bench,"JEEVAN REDDY,B.P. (J)",
S.No. 125,Judgment By,,
,,,
S.No. 126,Diary Number,77795 / 1991,Judgment
S.No. 126,Case Number,C.A. No.-002945-002945 / 1992,14-08-1992 (English)
S.No. 126,Petitioner Name,RESERVE BANK OF INDIA,14-08-1992 (English)
S.No. 126,Respondent Name,S.S. INVESTMENTS .,14-08-1992 (English)
S.No. 126,Petitioner's Advocate,H. S. PARIHAR,14-08-1992 (English)
S.No. 126,Respondent's Advocate,,14-08-1992 (English)
S.No. 126,Bench,BHARUCHA S.P. (J),
S.No. 126,Judgment By,,
,,,
S.No. 127,Diary Number,81187 / 1992,Judgment
S.No. 127,Case Number,C.A. No.-000916-000916 / 1992,26-02-1992 (English)
S.No. 127,Petitioner Name,SHRI ANANT B.TIMBODIA,26-02-1992 (English)
S.No. 127,Respondent Name,UNION OF INDIA .,26-02-1992 (English)
S.No. 127,Petitioner's Advocate,,26-02-1992 (English)
S.No. 127,Respondent's Advocate,P. PARMESWARAN,26-02-1992 (English)
S.No. 127,Bench,"KASLIWAL,N.M. (J)",
S.No. 127,Judgment By,,
,,,
S.No. 128,Diary Number,81227 / 1992,Judgment
S.No. 128,Case Number,C.A. No.-002247-002247 / 1992,12-03-1992 (English)
S.No. 128,Petitioner Name,P.J. THOMAS,12-03-1992 (English)
S.No. 128,Respondent Name,THE TALUK LAND BOARD .,12-03-1992 (English)
S.No. 128,Petitioner's Advocate,,12-03-1992 (English)
S.No. 128,Respondent's Advocate,,12-03-1992 (English)
S.No. 128,Bench,"FATHIMA BEEVI,M. (J)",
S.No. 128,Judgment By,,
,,,
S.No. 129,Diary Number,81230 / 1992,Judgment
S.No. 129,Case Number,C.A. No.-002259-002259 / 1992,13-03-1992 (English)
S.No. 129,Petitioner Name,HARDEV KAUR,13-03-1992 (English)
S.No. 129,Respondent Name,RAJASTHAN STATE TPT. CORPN.,13-03-1992 (English)
S.No. 129,Petitioner's Advocate,PRAVEEN KUMAR,13-03-1992 (English)
S.No. 129,Respondent's Advocate,SUSHIL KUMAR JAIN,13-03-1992 (English)
S.No. 129,Bench,KULDIP SINGH (J),
S.No. 129,Judgment By,,
,,,
S.No. 130,Diary Number,81231 / 1992,Judgment
S.No. 130,Case Number,C.A. No.-002255-002255 / 1992,13-03-1992 (English)
S.No. 130,Petitioner Name,UNION OF INDIA,13-03-1992 (English)
S.No. 130,Respondent Name,SYED MOHD RAZA KAZMI .,13-03-1992 (English)
S.No. 130,Petitioner's Advocate,C. V. SUBBA RAO,13-03-1992 (English)
S.No. 130,Respondent's Advocate,ARUN K. SINHA,13-03-1992 (English)
S.No. 130,Bench,"RANGNATHAN,S.",
S.No. 130,Judgment By,,
,,,
S.No. 131,Diary Number,81235 / 1992,Judgment
S.No. 131,Case Number,C.A. No.-002004-002012 / 1992,12-03-1992 (English)
S.No. 131,Petitioner Name,SRI SRINIVASA THEATRE,12-03-1992 (English)
S.No. 131,Respondent Name,GOVERNMENT OF TAMIL NADU .,12-03-1992 (English)
S.No. 131,Petitioner's Advocate,A. V. RANGAM,12-03-1992 (English)
S.No. 131,Respondent's Advocate,,12-03-1992 (English)
S.No. 131,Bench,"JEEVAN REDDY,B.P. (J)",
S.No. 131,Judgment By,,
,,,
S.No. 132,Diary Number,81266 / 1992,Judgment
S.No. 132,Case Number,C.A. No.-001054-001054 / 1992,06-03-1992 (English)
S.No. 132,Petitioner Name,"CHAIRMAN, CANARA BANK, BANGALORE",06-03-1992 (English)
S.No. 132,Respondent Name,SHRI M.S.JASRA,06-03-1992 (English)
S.No. 132,Petitioner's Advocate,,06-03-1992 (English)
S.No. 132,Respondent's Advocate,H. S. PARIHAR,06-03-1992 (English)
S.No. 132,Bench,"VERMA,JAGDISH SARAN (J)",
S.No. 132,Judgment By,,
,,,
S.No. 133,Diary Number,81268 / 1992,Judgment
S.No. 133,Case Number,C.A. No.-002257-002257 / 1992,13-03-1992 (English)
S.No. 133,Petitioner Name,NATIONAL POWER TRANSMISSION CORPORATION,13-03-1992 (English)
S.No. 133,Respondent Name,CORPORATE EXECUTIVE ASSCN.(N.T.P.C.)&ORS,13-03-1992 (English)
S.No. 133,Petitioner's Advocate,S. K. DHINGRA,13-03-1992 (English)
S.No. 133,Respondent's Advocate,KAMINI JAISWAL,13-03-1992 (English)
S.No. 133,Bench,"PATNAIK,R.C. (J)",
S.No. 133,Judgment By,,
,,,
S.No. 134,Diary Number,81286 / 1992,Judgment
S.No. 134,Case Number,C.A. No.-001117-001117 / 1992,24-03-1992 (English)
S.No. 134,Petitioner Name,"AHMEDABAD MUNICIPAL CORP.,AHMEDABAD",24-03-1992 (English)
S.No. 134,Respondent Name,DILBAGSINGH BALWANTSINGH,24-03-1992 (English)
S.No. 134,Petitioner's Advocate,H. S. PARIHAR,24-03-1992 (English)
S.No. 134,Respondent's Advocate,,24-03-1992 (English)
S.No. 134,Bench,"REDDY,K. JAYACHANDRA (J)",
S.No. 134,Judgment By,,
,,,
S.No. 135,Diary Number,81309 / 1992,Judgment
S.No. 135,Case Number,C.A. No.-001205-001205 / 1992,31-03-1992 (English)
S.No. 135,Petitioner Name,FIDA KARIM,31-03-1992 (English)
S.No. 135,Respondent Name,STATE OF BIHAR .,31-03-1992 (English)
S.No. 135,Petitioner's Advocate,,31-03-1992 (English)
S.No. 135,Respondent's Advocate,,31-03-1992 (English)
S.No. 135,Bench,"KASLIWAL,N.M. (J)",
S.No. 135,Judgment By,,
,,,
S.No. 136,Diary Number,81343 / 1992,Judgment
S.No. 136,Case Number,C.A. No.-001111-001111 / 1992,13-03-1992 (English)
S.No. 136,Petitioner Name,BEED DISTT. CENTRAL CO-OP.BANK LTD.&ANR.,13-03-1992 (English)
S.No. 136,Respondent Name,JAGANNATH .,13-03-1992 (English)
S.No. 136,Petitioner's Advocate,,13-03-1992 (English)
S.No. 136,Respondent's Advocate,,13-03-1992 (English)
S.No. 136,Bench,"KASLIWAL,N.M. (J)",
S.No. 136,Judgment By,,
,,,
S.No. 137,Diary Number,81386 / 1992,Judgment
S.No. 137,Case Number,C.A. No.-001210-001210 / 1992,31-03-1992 (English)
S.No. 137,Petitioner Name,BASANAGOUDA,31-03-1992 (English)
S.No. 137,Respondent Name,S.B. AMARKHED .,31-03-1992 (English)
S.No. 137,Petitioner's Advocate,,31-03-1992 (English)
S.No. 137,Respondent's Advocate,,31-03-1992 (English)
S.No. 137,Bench,"RAMASWAMY,K.",
S.No. 137,Judgment By,,
,,,
S.No. 138,Diary Number,81390 / 1992,Judgment
S.No. 138,Case Number,C.A. No.-001627-001627 / 1992,10-04-1992 (English)
S.No. 138,Petitioner Name,RAKESH RANJAN VERMA,10-04-1992 (English)
S.No. 138,Respondent Name,THE STATE OF BIHAR .,10-04-1992 (English)
S.No. 138,Petitioner's Advocate,,10-04-1992 (English)
S.No. 138,Respondent's Advocate,,10-04-1992 (English)
S.No. 138,Bench,"KASLIWAL,N.M. (J)",
S.No. 138,Judgment By,,
,,,
S.No. 139,Diary Number,81425 / 1992,Judgment
S.No. 139,Case Number,C.A. No.-001806-001806 / 1992,27-04-1992 (English)
S.No. 139,Petitioner Name,Y. SRINIVASA RAO,27-04-1992 (English)
S.No. 139,Respondent Name,J. VEERAIAH BABU .,27-04-1992 (English)
S.No. 139,Petitioner's Advocate,,27-04-1992 (English)
S.No. 139,Respondent's Advocate,K. RAM KUMAR,27-04-1992 (English)
S.No. 139,Bench,"SHARMA,L.M. (J)",
S.No. 139,Judgment By,,
,,,
S.No. 140,Diary Number,81455 / 1992,Judgment
S.No. 140,Case Number,C.A. No.-001888-001888 / 1992,30-04-1992 (English)
S.No. 140,Petitioner Name,STATE BANK OF INDIA,30-04-1992 (English)
S.No. 140,Respondent Name,M/S. INDEXPORT .,30-04-1992 (English)
S.No. 140,Petitioner's Advocate,,30-04-1992 (English)
S.No. 140,Respondent's Advocate,SANGEETA KUMAR,30-04-1992 (English)
S.No. 140,Bench,YOGESHWAR DAYAL (J),
S.No. 140,Judgment By,,
,,,
S.No. 141,Diary Number,81460 / 1992,Judgment
S.No. 141,Case Number,C.A. No.-001813-001813 / 1992,29-04-1992 (English)
S.No. 141,Petitioner Name,MANAGEMENT OF M/S PURI URBAN CO-OP.BANK,29-04-1992 (English)
S.No. 141,Respondent Name,MADHUSUDAN SAHU,29-04-1992 (English)
S.No. 141,Petitioner's Advocate,KIRTI RENU MISHRA,29-04-1992 (English)
S.No. 141,Respondent's Advocate,,29-04-1992 (English)
S.No. 141,Bench,"PUNCHHI,M.M.",
S.No. 141,Judgment By,,
,,,
S.No. 142,Diary Number,81484 / 1992,Judgment
S.No. 142,Case Number,C.A. No.-001978-001978 / 1992,07-05-1992 (English)
S.No. 142,Petitioner Name,NATIONAL TERMAL POWER CORPORATION,07-05-1992 (English)
S.No. 142,Respondent Name,THE SINGER COMPANY,07-05-1992 (English)
S.No. 142,Petitioner's Advocate,SUDARSH MENON,07-05-1992 (English)
S.No. 142,Respondent's Advocate,SINGHANIA & CO.,07-05-1992 (English)
S.No. 142,Bench,"THOMMEN,T.K. (J)",
S.No. 142,Judgment By,,
,,,
S.No. 143,Diary Number,81509 / 1992,Judgment
S.No. 143,Case Number,C.A. No.-002425-002425 / 1992,15-05-1992 (English)
S.No. 143,Petitioner Name,MOHAN LAL TRIPATHI,15-05-1992 (English)
S.No. 143,Respondent Name,THE DISTRICT MAGISTRATE .,15-05-1992 (English)
S.No. 143,Petitioner's Advocate,,15-05-1992 (English)
S.No. 143,Respondent's Advocate,,15-05-1992 (English)
S.No. 143,Bench,"SAHAI,R.M. (J)",
S.No. 143,Judgment By,,
,,,
S.No. 144,Diary Number,81538 / 1992,Judgment
S.No. 144,Case Number,C.A. No.-002413-002413 / 1992,15-05-1992 (English)
S.No. 144,Petitioner Name,PATEL NARANBHAI MARGHABHAI(D)BY LRS,15-05-1992 (English)
S.No. 144,Respondent Name,DECEASED DHULABHAI GALBABHAI BY LRS.,15-05-1992 (English)
S.No. 144,Petitioner's Advocate,HARISH J. JHAVERI,15-05-1992 (English)
S.No. 144,Respondent's Advocate,,15-05-1992 (English)
S.No. 144,Bench,"RAMASWAMY,K.",
S.No. 144,Judgment By,,
,,,
S.No. 145,Diary Number,81570 / 1992,Judgment
S.No. 145,Case Number,C.A. No.-001875-001875 / 1992,28-04-1992 (English)
S.No. 145,Petitioner Name,STATE OF M.P.,28-04-1992 (English)
S.No. 145,Respondent Name,A.K. RAJORIYA,28-04-1992 (English)
S.No. 145,Petitioner's Advocate,,28-04-1992 (English)
S.No. 145,Respondent's Advocate,SURYA KANT,28-04-1992 (English)
S.No. 145,Bench,"SAWANT,P.B.",
S.No. 145,Judgment By,,
,,,
S.No. 146,Diary Number,82233 / 1992,Judgment
S.No. 146,Case Number,W.P.(C) No.-000451-000451 / 1992,30-07-1992 (English)
S.No. 146,Petitioner Name,OMBIR SINGH,30-07-1992 (English)
S.No. 146,Respondent Name,STATE OF U.P.,30-07-1992 (English)
S.No. 146,Petitioner's Advocate,RACHNA GUPTA,30-07-1992 (English)
S.No. 146,Respondent's Advocate,,30-07-1992 (English)
S.No. 146,Bench,"KASLIWAL,N.M. (J)",
S.No. 146,Judgment By,,
,,,
S.No. 147,Diary Number,82280 / 1992,Judgment
S.No. 147,Case Number,C.A. No.-002862-002862 / 1992,07-08-1992 (English)
S.No. 147,Petitioner Name,CHETAR SEN JAIN,07-08-1992 (English)
S.No. 147,Respondent Name,ADDITIONAL DIST. JUDGE III DEHRADUN,07-08-1992 (English)
S.No. 147,Petitioner's Advocate,P. K. JAIN,07-08-1992 (English)
S.No. 147,Respondent's Advocate,DINESH KUMAR GARG,07-08-1992 (English)
S.No. 147,Bench,"THOMMEN,T.K. (J)",
S.No. 147,Judgment By,,
,,,
S.No. 148,Diary Number,82309 / 1992,Judgment
S.No. 148,Case Number,C.A. No.-002944-002944 / 1992,11-08-1992 (English)
S.No. 148,Petitioner Name,B.LAKSHMIPATHI NAIDU,11-08-1992 (English)
S.No. 148,Respondent Name,THE DISTT. EDUCATIONAL OFFICER,11-08-1992 (English)
S.No. 148,Petitioner's Advocate,V. BALACHANDRAN,11-08-1992 (English)
S.No. 148,Respondent's Advocate,R. N. KESWANI,11-08-1992 (English)
S.No. 148,Bench,"SHARMA,L.M. (J)",
S.No. 148,Judgment By,,
,,,
S.No. 149,Diary Number,82350 / 1992,Judgment
S.No. 149,Case Number,C.A. No.-003047-003047 / 1992,18-08-1992 (English)
S.No. 149,Petitioner Name,THE BIHAR STATE CO-OP.MKTG. UNION LTD.,18-08-1992 (English)
S.No. 149,Respondent Name,UMA SHANKER SHARMA,18-08-1992 (English)
S.No. 149,Petitioner's Advocate,S.K. SINHA,18-08-1992 (English)
S.No. 149,Respondent's Advocate,,18-08-1992 (English)
S.No. 149,Bench,"SHARMA,L.M. (J)",
S.No. 149,Judgment By,,
,,,
S.No. 150,Diary Number,82352 / 1992,Judgment
S.No. 150,Case Number,C.A. No.-002588-002588 / 1992,17-07-1992 (English)
S.No. 150,Petitioner Name,MANGALBHAI,17-07-1992 (English)
S.No. 150,Respondent Name,DR. RADHYSHYAM,17-07-1992 (English)
S.No. 150,Petitioner's Advocate,,17-07-1992 (English)
S.No. 150,Respondent's Advocate,,17-07-1992 (English)
S.No. 150,Bench,"KASLIWAL,N.M. (J)",
S.No. 150,Judgment By,,
,,,
S.No. 151,Diary Number,82408 / 1992,Judgment
S.No. 151,Case Number,C.A. No.-003284-003284 / 1992,19-08-1992 (English)
S.No. 151,Petitioner Name,MOHAN PANDEY,19-08-1992 (English)
S.No. 151,Respondent Name,USHA RANI RAJGARIA .,19-08-1992 (English)
S.No. 151,Petitioner's Advocate,DINESH KUMAR GARG,19-08-1992 (English)
S.No. 151,Respondent's Advocate,,19-08-1992 (English)
S.No. 151,Bench,"SHARMA,L.M. (J)",
S.No. 151,Judgment By,,
,,,
S.No. 152,Diary Number,82432 / 1992,Judgment
S.No. 152,Case Number,C.A. No.-003303-003303 / 1992,14-08-1992 (English)
S.No. 152,Petitioner Name,MRS. RAJALAKSHMI NARAYANAN,14-08-1992 (English)
S.No. 152,Respondent Name,MRS. MARGRET KATHLEN GANDHI .,14-08-1992 (English)
S.No. 152,Petitioner's Advocate,S. R. SETIA,14-08-1992 (English)
S.No. 152,Respondent's Advocate,,14-08-1992 (English)
S.No. 152,Bench,"M.H. KANIA (CJ),J.S. VERMA,S.C. AGRAWAL,Y. DAYAL,A.S. ANAND",
S.No. 152,Judgment By,,
,,,
S.No. 153,Diary Number,82499 / 1992,Judgment
S.No. 153,Case Number,C.A. No.-002683-002683 / 1992,29-07-1992 (English)
S.No. 153,Petitioner Name,S. RAJAN,29-07-1992 (English)
S.No. 153,Respondent Name,STATE OF KERALA,29-07-1992 (English)
S.No. 153,Petitioner's Advocate,MALINI PODUVAL,29-07-1992 (English)
S.No. 153,Respondent's Advocate,K. R. NAMBIAR,29-07-1992 (English)
S.No. 153,Bench,"JEEVAN REDDY,B.P. (J)",
S.No. 153,Judgment By,,
,,,
S.No. 154,Diary Number,82613 / 1992,Judgment
S.No. 154,Case Number,C.A. No.-002932-002932 / 1992,11-08-1992 (English)
S.No. 154,Petitioner Name,STATE OF MAHARASHTRA,11-08-1992 (English)
S.No. 154,Respondent Name,VIKAS SAHEBRAO ROUNDALE .,11-08-1992 (English)
S.No. 154,Petitioner's Advocate,A. S. BHASME,11-08-1992 (English)
S.No. 154,Respondent's Advocate,,11-08-1992 (English)
S.No. 154,Bench,"RAMASWAMY,K.",
S.No. 154,Judgment By,,
,,,
S.No. 155,Diary Number,82705 / 1992,Judgment
S.No. 155,Case Number,C.A. No.-004255-004255 / 1992,15-10-1992 (English)
S.No. 155,Petitioner Name,M.B. JOSHI,15-10-1992 (English)
S.No. 155,Respondent Name,SATISH KUMAR PANDEY .,15-10-1992 (English)
S.No. 155,Petitioner's Advocate,G. PRAKASH,15-10-1992 (English)
S.No. 155,Respondent's Advocate,SUSHIL KUMAR JAIN,15-10-1992 (English)
S.No. 155,Bench,"KULDIP SINGH AND N.M. KASLIWAL,JJ.",
S.No. 155,Judgment By,,
,,,
S.No. 156,Diary Number,82712 / 1992,Judgment
S.No. 156,Case Number,Crl.A. No.-000626-000626 / 1992,16-10-1992 (English)
S.No. 156,Petitioner Name,SAROJINI,16-10-1992 (English)
S.No. 156,Respondent Name,STATE OF M.P.,16-10-1992 (English)
S.No. 156,Petitioner's Advocate,,16-10-1992 (English)
S.No. 156,Respondent's Advocate,,16-10-1992 (English)
S.No. 156,Bench,"[KULDIP SINGH AND K. RAMASWAMY,JJ.]",
S.No. 156,Judgment By,,
,,,
S.No. 157,Diary Number,82777 / 1992,Judgment
S.No. 157,Case Number,C.A. No.-001819-001819 / 1992,17-07-1992 (English)
S.No. 157,Petitioner Name,P.A. OOMMEN,17-07-1992 (English)
S.No. 157,Respondent Name,MORAN MAR BASELIUS MARTHOMA MATHEWSI&ORS,17-07-1992 (English)
S.No. 157,Petitioner's Advocate,E. M. S. ANAM,17-07-1992 (English)
S.No. 157,Respondent's Advocate,,17-07-1992 (English)
S.No. 157,Bench,"KASLIWAL,N.M. (J)",
S.No. 157,Judgment By,,
,,,
S.No. 158,Diary Number,85582 / 1992,Judgment
S.No. 158,Case Number,Crl.A. No.-000207-000208 / 1992,31-03-1992 (English)
S.No. 158,Petitioner Name,Y.P.CHAWLA,31-03-1992 (English)
S.No. 158,Respondent Name,SHRI M.P.TIWARI,31-03-1992 (English)
S.No. 158,Petitioner's Advocate,,31-03-1992 (English)
S.No. 158,Respondent's Advocate,INDU GOSWAMY,31-03-1992 (English)
S.No. 158,Bench,KULDIP SINGH (J),
S.No. 158,Judgment By,,
,,,
S.No. 159,Diary Number,85662 / 1992,Judgment
S.No. 159,Case Number,Crl.A. No.-000254-000254 / 1992,20-04-1992 (English)
S.No. 159,Petitioner Name,PUNJAB NATIONAL BANK,20-04-1992 (English)
S.No. 159,Respondent Name,SURENDRA PRASAD SINHA,20-04-1992 (English)
S.No. 159,Petitioner's Advocate,,20-04-1992 (English)
S.No. 159,Respondent's Advocate,,20-04-1992 (English)
S.No. 159,Bench,,
S.No. 159,Judgment By,,
,,,
S.No. 160,Diary Number,85773 / 1992,Judgment
S.No. 160,Case Number,C.A. No.-002933-002934 / 1992,12-08-1992 (English)
S.No. 160,Petitioner Name,D.K. SAHNI,12-08-1992 (English)
S.No. 160,Respondent Name,MANAGING DIRECTOR .,12-08-1992 (English)
S.No. 160,Petitioner's Advocate,,12-08-1992 (English)
S.No. 160,Respondent's Advocate,,12-08-1992 (English)
S.No. 160,Bench,"AHMADI,A.M. (J)",
S.No. 160,Judgment By,,
,,,
S.No. 161,Diary Number,85775 / 1992,Judgment
S.No. 161,Case Number,C.A. No.-002457-002458 / 1992,28-05-1992 (English)
S.No. 161,Petitioner Name,ANSAL PROPERTIES & IND.(P) LTD.,28-05-1992 (English)
S.No. 161,Respondent Name,THE DELHI DEVELOPMENT AUTHORITY .,28-05-1992 (English)
S.No. 161,Petitioner's Advocate,,28-05-1992 (English)
S.No. 161,Respondent's Advocate,,28-05-1992 (English)
S.No. 161,Bench,"KASLIWAL,N.M. (J)",
S.No. 161,Judgment By,,
,,,
S.No. 162,Diary Number,85917 / 1992,Judgment
S.No. 162,Case Number,Crl.A. No.-000269-000269 / 1992,28-04-1992 (English)
S.No. 162,Petitioner Name,SMT. CHAND DHAWAN,28-04-1992 (English)
S.No. 162,Respondent Name,JAWAHAR LAL .,28-04-1992 (English)
S.No. 162,Petitioner's Advocate,MRIDULA RAY BHARADWAJ,28-04-1992 (English)
S.No. 162,Respondent's Advocate,,28-04-1992 (English)
S.No. 162,Bench,,
S.No. 162,Judgment By,,
,,,
S.No. 163,Diary Number,85974 / 1992,Judgment
S.No. 163,Case Number,C.A. No.-002652-002653 / 1992,24-07-1992 (English)
S.No. 163,Petitioner Name,JIVENDRA NATH KAUL ETC.,24-07-1992 (English)
S.No. 163,Respondent Name,COLLECTOR DISTRICT MAGISTRATE & ANR.ETC.,24-07-1992 (English)
S.No. 163,Petitioner's Advocate,,24-07-1992 (English)
S.No. 163,Respondent's Advocate,,24-07-1992 (English)
S.No. 163,Bench,"VENKATACHALLIAH,M.N. (J)",
S.No. 163,Judgment By,,
,,,
S.No. 164,Diary Number,86044 / 1992,Judgment
S.No. 164,Case Number,C.A. No.-002946-002947 / 1992,14-08-1992 (English)
S.No. 164,Petitioner Name,DMAI,14-08-1992 (English)
S.No. 164,Respondent Name,,14-08-1992 (English)
S.No. 164,Petitioner's Advocate,,14-08-1992 (English)
S.No. 164,Respondent's Advocate,,14-08-1992 (English)
S.No. 164,Bench,BHARUCHA S.P. (J),
S.No. 164,Judgment By,,
,,,
S.No. 165,Diary Number,86142 / 1992,Judgment
S.No. 165,Case Number,C.A. No.-001826-001837 / 1992,28-04-1992 (English)
S.No. 165,Petitioner Name,STATE OF GUJARAT,28-04-1992 (English)
S.No. 165,Respondent Name,P.J.KUMPAVAT,28-04-1992 (English)
S.No. 165,Petitioner's Advocate,,28-04-1992 (English)
S.No. 165,Respondent's Advocate,HEMANTIKA WAHI,28-04-1992 (English)
S.No. 165,Bench,"JEEVAN REDDY,B.P. (J)",
S.No. 165,Judgment By,,
,,,
S.No. 166,Diary Number,86212 / 1992,Judgment
S.No. 166,Case Number,Crl.A. No.-000167-000169 / 1992,13-03-1992 (English)
S.No. 166,Petitioner Name,R.BANERJEE,13-03-1992 (English)
S.No. 166,Respondent Name,H D DUBEY .,13-03-1992 (English)
S.No. 166,Petitioner's Advocate,,13-03-1992 (English)
S.No. 166,Respondent's Advocate,,13-03-1992 (English)
S.No. 166,Bench,"AHMADI,A.M. (J)",
S.No. 166,Judgment By,,
,,,
S.No. 167,Diary Number,86308 / 1992,Judgment
S.No. 167,Case Number,Crl.A. No.-000392-000392 / 1992,21-07-1992 (English)
S.No. 167,Petitioner Name,STATE OF T.N.,21-07-1992 (English)
S.No. 167,Respondent Name,P.K. SHAMSUDEEN,21-07-1992 (English)
S.No. 167,Petitioner's Advocate,K. V. VENKATARAMAN,21-07-1992 (English)
S.No. 167,Respondent's Advocate,,21-07-1992 (English)
S.No. 167,Bench,BHARUCHA S.P. (J),
S.No. 167,Judgment By,,
,,,
S.No. 168,Diary Number,86317 / 1992,Judgment
S.No. 168,Case Number,Crl.A. No.-000047-000047 / 1992,21-01-1992 (English)
S.No. 168,Petitioner Name,MRS. HARPREET KAUR,21-01-1992 (English)
S.No. 168,Respondent Name,STATE OF MAHARASHTRA,21-01-1992 (English)
S.No. 168,Petitioner's Advocate,,21-01-1992 (English)
S.No. 168,Respondent's Advocate,,21-01-1992 (English)
S.No. 168,Bench,"ANAND,A.S. (J)",
S.No. 168,Judgment By,,
,,,
S.No. 169,Diary Number,86329 / 1992,Judgment
S.No. 169,Case Number,C.A. No.-002449-002450 / 1992,14-05-1992 (English)
S.No. 169,Petitioner Name,UNION OF INDIA,14-05-1992 (English)
S.No. 169,Respondent Name,LT.COL.(RETD.) KOMAL CHARAN,14-05-1992 (English)
S.No. 169,Petitioner's Advocate,,14-05-1992 (English)
S.No. 169,Respondent's Advocate,CAVEATOR-IN-PERSON,14-05-1992 (English)
S.No. 169,Bench,"SHARMA,L.M. (J)",
S.No. 169,Judgment By,,
,,,
