﻿Column-0,Column-1,Column-2,Column-3
S.No. 1,Diary Number,,Judgment
S.No. 1,Case Number,Appeal Civil 1021 of 1976,"17-10-1985 (English)
15-10-1985 (English)
11-10-1985 (English)
10-10-1985 (English)
10-10-1985 (English)
09-10-1985 (English)
08-10-1985 (English)
08-10-1985 (English)
08-10-1985 (English)
08-10-1985 (English)
07-10-1985 (English)"
S.No. 1,Petitioner Name,ADARSH TRAVELS BUS SERVICE & ANR.,"17-10-1985 (English)
15-10-1985 (English)
11-10-1985 (English)
10-10-1985 (English)
10-10-1985 (English)
09-10-1985 (English)
08-10-1985 (English)
08-10-1985 (English)
08-10-1985 (English)
08-10-1985 (English)
07-10-1985 (English)"
S.No. 1,Respondent Name,STATE OF U.P. & ORS.,"17-10-1985 (English)
15-10-1985 (English)
11-10-1985 (English)
10-10-1985 (English)
10-10-1985 (English)
09-10-1985 (English)
08-10-1985 (English)
08-10-1985 (English)
08-10-1985 (English)
08-10-1985 (English)
07-10-1985 (English)"
S.No. 1,Petitioner's Advocate,,"17-10-1985 (English)
15-10-1985 (English)
11-10-1985 (English)
10-10-1985 (English)
10-10-1985 (English)
09-10-1985 (English)
08-10-1985 (English)
08-10-1985 (English)
08-10-1985 (English)
08-10-1985 (English)
07-10-1985 (English)"
S.No. 1,Respondent's Advocate,,"17-10-1985 (English)
15-10-1985 (English)
11-10-1985 (English)
10-10-1985 (English)
10-10-1985 (English)
09-10-1985 (English)
08-10-1985 (English)
08-10-1985 (English)
08-10-1985 (English)
08-10-1985 (English)
07-10-1985 (English)"
S.No. 1,Bench,"REDDY, O. CHINNAPPA (J),VENKATARAMIAH, E.S. (J),ERADI, V. BALAKRISHNA (J),MISRA, R.B. (J),KHALID, V. (J)",
S.No. 1,Judgment By,,
,,,
S.No. 2,Diary Number,1653 / 1999,Judgment
S.No. 2,Case Number,Crl.A. No.-000632-000632 / 1999,17-12-1984 (English)
S.No. 2,Petitioner Name,STATE OF KERALA,17-12-1984 (English)
S.No. 2,Respondent Name,V. PADMANABHAN NAIR,17-12-1984 (English)
S.No. 2,Petitioner's Advocate,,17-12-1984 (English)
S.No. 2,Respondent's Advocate,SUDARSH MENON,17-12-1984 (English)
S.No. 2,Bench,"TULZAPURKAR,V.D.",
S.No. 2,Judgment By,,
,,,
S.No. 3,Diary Number,60058 / 1971,Judgment
S.No. 3,Case Number,C.A. No.-001441-001441 / 1971,19-03-1985 (English)
S.No. 3,Petitioner Name,STATE OF MAHARASHTRA,19-03-1985 (English)
S.No. 3,Respondent Name,NARAYANRAO SHAMRAO DESHMUKH .,19-03-1985 (English)
S.No. 3,Petitioner's Advocate,,19-03-1985 (English)
S.No. 3,Respondent's Advocate,,19-03-1985 (English)
S.No. 3,Bench,"VENKATARAMIAH,E.S. (J)",
S.No. 3,Judgment By,,
,,,
S.No. 4,Diary Number,60353 / 1975,Judgment
S.No. 4,Case Number,C.A. No.-000650-000650 / 1975,09-10-1985 (English)
S.No. 4,Petitioner Name,KIRPAL SINGH,09-10-1985 (English)
S.No. 4,Respondent Name,UTTAM SINGH,09-10-1985 (English)
S.No. 4,Petitioner's Advocate,M. M. KSHATRIYA,09-10-1985 (English)
S.No. 4,Respondent's Advocate,,09-10-1985 (English)
S.No. 4,Bench,"REDDY, O. CHINNAPPA (J),VENKATARAMIAH, E.S. (J),ERADI, V. BALAKRISHNA (J),MISRA, R.B. (J),KHALID, V. (J)",
S.No. 4,Judgment By,,
,,,
S.No. 5,Diary Number,61983 / 1985,Judgment
S.No. 5,Case Number,W.P.(C) No.-005447-005546 / 1985,19-08-1985 (English)
S.No. 5,Petitioner Name,B. PRABHAKAR RAO,19-08-1985 (English)
S.No. 5,Respondent Name,STATE OF ANDHRA PRADESH,19-08-1985 (English)
S.No. 5,Petitioner's Advocate,,19-08-1985 (English)
S.No. 5,Respondent's Advocate,B. KANTA RAO,19-08-1985 (English)
S.No. 5,Bench,"REDDY,O. CHINNAPPA (J)",
S.No. 5,Judgment By,,
,,,
S.No. 6,Diary Number,62907 / 1980,Judgment
S.No. 6,Case Number,C.A. No.-002630-002630 / 1980,06-05-1985 (English)
S.No. 6,Petitioner Name,SHRI VED PRAKASH,06-05-1985 (English)
S.No. 6,Respondent Name,UNION OF INDIA .,06-05-1985 (English)
S.No. 6,Petitioner's Advocate,,06-05-1985 (English)
S.No. 6,Respondent's Advocate,SUSHMA SURI,06-05-1985 (English)
S.No. 6,Bench,"DESAI,D.A.",
S.No. 6,Judgment By,,
,,,
S.No. 7,Diary Number,63157 / 1981,Judgment
S.No. 7,Case Number,W.P.(C) No.-008353-008353 / 1981,01-07-1985 (English)
S.No. 7,Petitioner Name,D.K. MITRA,01-07-1985 (English)
S.No. 7,Respondent Name,UNION OF INDIA .,01-07-1985 (English)
S.No. 7,Petitioner's Advocate,,01-07-1985 (English)
S.No. 7,Respondent's Advocate,PARIJAT SINHA,01-07-1985 (English)
S.No. 7,Bench,"PATHAK,R.S.",
S.No. 7,Judgment By,,
,,,
S.No. 8,Diary Number,63409 / 1981,Judgment
S.No. 8,Case Number,C.A. No.-001055-001055 / 1981,28-02-1985 (English)
S.No. 8,Petitioner Name,THE WORKMEN OF THE FOOD CORPN.OF INDIA,28-02-1985 (English)
S.No. 8,Respondent Name,M/S. FOOD CORPN. OF INDIA,28-02-1985 (English)
S.No. 8,Petitioner's Advocate,,28-02-1985 (English)
S.No. 8,Respondent's Advocate,ANISH KUMAR GUPTA,28-02-1985 (English)
S.No. 8,Bench,"DESAI,D.A.",
S.No. 8,Judgment By,,
,,,
S.No. 9,Diary Number,64945 / 1983,Judgment
S.No. 9,Case Number,W.P.(C) No.-013508-013508 / 1983,01-03-1985 (English)
S.No. 9,Petitioner Name,FOOD CORPN.OF INDIA WORKERS UNION,01-03-1985 (English)
S.No. 9,Respondent Name,FOOD CORPORATION OF INDIA .,01-03-1985 (English)
S.No. 9,Petitioner's Advocate,BHARAT SANGAL,01-03-1985 (English)
S.No. 9,Respondent's Advocate,Y. PRABHAKARA RAO,01-03-1985 (English)
S.No. 9,Bench,,
S.No. 9,Judgment By,,
,,,
S.No. 10,Diary Number,65598 / 1984,Judgment
S.No. 10,Case Number,C.A. No.-002183-002183 / 1984,23-04-1985 (English)
S.No. 10,Petitioner Name,V.J. THOMAS,23-04-1985 (English)
S.No. 10,Respondent Name,UNION OF INDIA .,23-04-1985 (English)
S.No. 10,Petitioner's Advocate,V. J. FRANCIS,23-04-1985 (English)
S.No. 10,Respondent's Advocate,C. V. SUBBA RAO,23-04-1985 (English)
S.No. 10,Bench,"DESAI,D.A.",
S.No. 10,Judgment By,,
,,,
S.No. 11,Diary Number,65699 / 1984,Judgment
S.No. 11,Case Number,C.A. No.-000400-000400 / 1984,24-04-1985 (English)
S.No. 11,Petitioner Name,PRAN KRISHNA GOSWAMI,24-04-1985 (English)
S.No. 11,Respondent Name,THE STATE OF WEST BENGAL .,24-04-1985 (English)
S.No. 11,Petitioner's Advocate,,24-04-1985 (English)
S.No. 11,Respondent's Advocate,,24-04-1985 (English)
S.No. 11,Bench,"REDDY,O. CHINNAPPA (J)",
S.No. 11,Judgment By,,
,,,
S.No. 12,Diary Number,78466 / 1991,Judgment
S.No. 12,Case Number,Crl.A. No.-000730-000730 / 1996,02-08-1985 (English)
S.No. 12,Petitioner Name,STATE OF PUNJAB,02-08-1985 (English)
S.No. 12,Respondent Name,LABH SINGH,02-08-1985 (English)
S.No. 12,Petitioner's Advocate,,02-08-1985 (English)
S.No. 12,Respondent's Advocate,SATISH VIG,02-08-1985 (English)
S.No. 12,Bench,"VENKATARAMIAH,E.S. (J)",
S.No. 12,Judgment By,,
,,,
S.No. 13,Diary Number,78740 / 1996,Judgment
S.No. 13,Case Number,C.A. No.-016983-016983 / 1996,29-08-1985 (English)
S.No. 13,Petitioner Name,STATE OF PUNJAB,29-08-1985 (English)
S.No. 13,Respondent Name,DHARAM SINGH,29-08-1985 (English)
S.No. 13,Petitioner's Advocate,,29-08-1985 (English)
S.No. 13,Respondent's Advocate,L. K. PANDEY,29-08-1985 (English)
S.No. 13,Bench,"MISRA,R.B. (J)",
S.No. 13,Judgment By,,
,,,
