﻿Column-0,Column-1,Column-2,Column-3
S.No. 1,Diary Number,,Judgment
S.No. 1,Case Number,Appeal Civil 25 of 1971,"14-10-1977 (English)
14-10-1977 (English)
14-10-1977 (English)
14-10-1977 (English)
13-10-1977 (English)
12-10-1977 (English)
12-10-1977 (English)
12-10-1977 (English)
11-10-1977 (English)
11-10-1977 (English)
10-10-1977 (English)"
S.No. 1,Petitioner Name,NAI BAHU,"14-10-1977 (English)
14-10-1977 (English)
14-10-1977 (English)
14-10-1977 (English)
13-10-1977 (English)
12-10-1977 (English)
12-10-1977 (English)
12-10-1977 (English)
11-10-1977 (English)
11-10-1977 (English)
10-10-1977 (English)"
S.No. 1,Respondent Name,RAMNARAYAN & OTHERS,"14-10-1977 (English)
14-10-1977 (English)
14-10-1977 (English)
14-10-1977 (English)
13-10-1977 (English)
12-10-1977 (English)
12-10-1977 (English)
12-10-1977 (English)
11-10-1977 (English)
11-10-1977 (English)
10-10-1977 (English)"
S.No. 1,Petitioner's Advocate,,"14-10-1977 (English)
14-10-1977 (English)
14-10-1977 (English)
14-10-1977 (English)
13-10-1977 (English)
12-10-1977 (English)
12-10-1977 (English)
12-10-1977 (English)
11-10-1977 (English)
11-10-1977 (English)
10-10-1977 (English)"
S.No. 1,Respondent's Advocate,,"14-10-1977 (English)
14-10-1977 (English)
14-10-1977 (English)
14-10-1977 (English)
13-10-1977 (English)
12-10-1977 (English)
12-10-1977 (English)
12-10-1977 (English)
11-10-1977 (English)
11-10-1977 (English)
10-10-1977 (English)"
S.No. 1,Bench,"GOSWAMI,P.K.",
S.No. 1,Judgment By,,
,,,
S.No. 2,Diary Number,2696 / 1995,Judgment
S.No. 2,Case Number,Crl.A. No.-000325-000325 / 1995,05-11-1976 (English)
S.No. 2,Petitioner Name,M. ABBAS,05-11-1976 (English)
S.No. 2,Respondent Name,STATE OF KERALA,05-11-1976 (English)
S.No. 2,Petitioner's Advocate,G. PRAKASH,05-11-1976 (English)
S.No. 2,Respondent's Advocate,,05-11-1976 (English)
S.No. 2,Bench,"BHAGWATI,P.N.",
S.No. 2,Judgment By,,
,,,
S.No. 3,Diary Number,21030 / 1999,Judgment
S.No. 3,Case Number,Crl.A. No.-000165-000166 / 2000,25-02-1977 (English)
S.No. 3,Petitioner Name,RAJENDRA PRASAD,25-02-1977 (English)
S.No. 3,Respondent Name,STATE OF BIHAR,25-02-1977 (English)
S.No. 3,Petitioner's Advocate,,25-02-1977 (English)
S.No. 3,Respondent's Advocate,,25-02-1977 (English)
S.No. 3,Bench,"GOSWAMI,P.K.",
S.No. 3,Judgment By,,
,,,
S.No. 4,Diary Number,65189 / 1984,Judgment
S.No. 4,Case Number,C.A. No.-003715-003715 / 1984,03-03-1977 (English)
S.No. 4,Petitioner Name,SARVA SHRAMIK SANGH,03-03-1977 (English)
S.No. 4,Respondent Name,INDIAN HUME PIPES CO. LTD.,03-03-1977 (English)
S.No. 4,Petitioner's Advocate,V. J. FRANCIS,03-03-1977 (English)
S.No. 4,Respondent's Advocate,H. S. PARIHAR,03-03-1977 (English)
S.No. 4,Bench,"FAZALALI,SYED MURTAZA",
S.No. 4,Judgment By,,
,,,
