﻿Column-0,Column-1,Column-2,Column-3
S.No. 1,Diary Number,,Judgment
S.No. 1,Case Number,Appeal (civil) 684 of 1965,"14-10-1966 (English)
14-10-1966 (English)
14-10-1966 (English)
14-10-1966 (English)
14-10-1966 (English)
14-10-1966 (English)
13-10-1966 (English)
13-10-1966 (English)
12-10-1966 (English)
12-10-1966 (English)
12-10-1966 (English)"
S.No. 1,Petitioner Name,"CHANDULAL HARJIVANDAS, JAMNAGAR","14-10-1966 (English)
14-10-1966 (English)
14-10-1966 (English)
14-10-1966 (English)
14-10-1966 (English)
14-10-1966 (English)
13-10-1966 (English)
13-10-1966 (English)
12-10-1966 (English)
12-10-1966 (English)
12-10-1966 (English)"
S.No. 1,Respondent Name,"COMMISSIONER OF INCOME-TAX, GUJARAT","14-10-1966 (English)
14-10-1966 (English)
14-10-1966 (English)
14-10-1966 (English)
14-10-1966 (English)
14-10-1966 (English)
13-10-1966 (English)
13-10-1966 (English)
12-10-1966 (English)
12-10-1966 (English)
12-10-1966 (English)"
S.No. 1,Petitioner's Advocate,,"14-10-1966 (English)
14-10-1966 (English)
14-10-1966 (English)
14-10-1966 (English)
14-10-1966 (English)
14-10-1966 (English)
13-10-1966 (English)
13-10-1966 (English)
12-10-1966 (English)
12-10-1966 (English)
12-10-1966 (English)"
S.No. 1,Respondent's Advocate,,"14-10-1966 (English)
14-10-1966 (English)
14-10-1966 (English)
14-10-1966 (English)
14-10-1966 (English)
14-10-1966 (English)
13-10-1966 (English)
13-10-1966 (English)
12-10-1966 (English)
12-10-1966 (English)
12-10-1966 (English)"
S.No. 1,Bench,,
S.No. 1,Judgment By,,
,,,
S.No. 2,Diary Number,60004 / 1964,Judgment
S.No. 2,Case Number,C.A. No.-000498-000498 / 1964,22-08-1966 (English)
S.No. 2,Petitioner Name,SHRI MOULANA N. MALAK SAHEB (DEAD)BY LRS,22-08-1966 (English)
S.No. 2,Respondent Name,SHRI J.R. TOONGAR .,22-08-1966 (English)
S.No. 2,Petitioner's Advocate,,22-08-1966 (English)
S.No. 2,Respondent's Advocate,,22-08-1966 (English)
S.No. 2,Bench,,
S.No. 2,Judgment By,,
,,,
S.No. 3,Diary Number,90236 / 1964,Judgment
S.No. 3,Case Number,C.A. No.-000517-000517 / 1964,14-01-1966 (English)
S.No. 3,Petitioner Name,SHASTRI YAGNAPURUSHDASJI,14-01-1966 (English)
S.No. 3,Respondent Name,MULDAS BHUDARDAS VAISHYA,14-01-1966 (English)
S.No. 3,Petitioner's Advocate,PETITIONER-IN-PERSON,14-01-1966 (English)
S.No. 3,Respondent's Advocate,,14-01-1966 (English)
S.No. 3,Bench,"GAJENDRAGADKAR, P.B. (CJ),WANCHOO, K.N.,HIDAYATULLAH, M.,RAMASWAMI, V.,SATYANARAYANARAJU, P.",
S.No. 3,Judgment By,,
,,,
