﻿Column-0,Column-1,Column-2,Column-3
S.No. 1,Diary Number,,Judgment
S.No. 1,Case Number,Special Leave Petition (Criminal) 918 of 1975,"10-10-1975 (English)
10-10-1975 (English)
10-10-1975 (English)
10-10-1975 (English)
10-10-1975 (English)
10-10-1975 (English)
10-10-1975 (English)
10-10-1975 (English)
10-10-1975 (English)
09-10-1975 (English)
09-10-1975 (English)"
S.No. 1,Petitioner Name,MANGU RAM,"10-10-1975 (English)
10-10-1975 (English)
10-10-1975 (English)
10-10-1975 (English)
10-10-1975 (English)
10-10-1975 (English)
10-10-1975 (English)
10-10-1975 (English)
10-10-1975 (English)
09-10-1975 (English)
09-10-1975 (English)"
S.No. 1,Respondent Name,MUNICIPAL CORPORATION OF DELHI,"10-10-1975 (English)
10-10-1975 (English)
10-10-1975 (English)
10-10-1975 (English)
10-10-1975 (English)
10-10-1975 (English)
10-10-1975 (English)
10-10-1975 (English)
10-10-1975 (English)
09-10-1975 (English)
09-10-1975 (English)"
S.No. 1,Petitioner's Advocate,,"10-10-1975 (English)
10-10-1975 (English)
10-10-1975 (English)
10-10-1975 (English)
10-10-1975 (English)
10-10-1975 (English)
10-10-1975 (English)
10-10-1975 (English)
10-10-1975 (English)
09-10-1975 (English)
09-10-1975 (English)"
S.No. 1,Respondent's Advocate,,"10-10-1975 (English)
10-10-1975 (English)
10-10-1975 (English)
10-10-1975 (English)
10-10-1975 (English)
10-10-1975 (English)
10-10-1975 (English)
10-10-1975 (English)
10-10-1975 (English)
09-10-1975 (English)
09-10-1975 (English)"
S.No. 1,Bench,,
S.No. 1,Judgment By,,
,,,
S.No. 2,Diary Number,1498 / 2001,Judgment
S.No. 2,Case Number,Crl.A. No.-000480-000480 / 2001,12-12-1974 (English)
S.No. 2,Petitioner Name,SARWAN SINGH,12-12-1974 (English)
S.No. 2,Respondent Name,STATE OF PUNJAB,12-12-1974 (English)
S.No. 2,Petitioner's Advocate,,12-12-1974 (English)
S.No. 2,Respondent's Advocate,RAJEEV SHARMA,12-12-1974 (English)
S.No. 2,Bench,"GOSWAMI,P.K.",
S.No. 2,Judgment By,,
,,,
S.No. 3,Diary Number,60134 / 1972,Judgment
S.No. 3,Case Number,W.P.(C) No.-000163-000163 / 1972,17-01-1975 (English)
S.No. 3,Petitioner Name,P.C.SETHI,17-01-1975 (English)
S.No. 3,Respondent Name,UNION OF IDNIA .,17-01-1975 (English)
S.No. 3,Petitioner's Advocate,VIJAY PANJWANI,17-01-1975 (English)
S.No. 3,Respondent's Advocate,SUSHMA SURI,17-01-1975 (English)
S.No. 3,Bench,,
S.No. 3,Judgment By,,
,,,
S.No. 4,Diary Number,61060 / 1978,Judgment
S.No. 4,Case Number,C.A. No.-000140-000140 / 1978,01-05-1975 (English)
S.No. 4,Petitioner Name,LILA DEVI,01-05-1975 (English)
S.No. 4,Respondent Name,MAHABIR SINGH VERMA,01-05-1975 (English)
S.No. 4,Petitioner's Advocate,,01-05-1975 (English)
S.No. 4,Respondent's Advocate,MADHU SIKRI,01-05-1975 (English)
S.No. 4,Bench,"RAY, A.N. (CJ),KHANNA, HANS RAJ,MATHEW, KUTTYIL KURIEN,BEG, M. HAMEEDULLAH,CHANDRACHUD, Y.V.",
S.No. 4,Judgment By,,
,,,
S.No. 5,Diary Number,75425 / 1994,Judgment
S.No. 5,Case Number,Crl.A. No.-000242-000242 / 1994,22-01-1975 (English)
S.No. 5,Petitioner Name,SHAHBUDDIN ABDUL KAHLIK SHAIKH,22-01-1975 (English)
S.No. 5,Respondent Name,STATE OF GUJARAT,22-01-1975 (English)
S.No. 5,Petitioner's Advocate,S. C. PATEL,22-01-1975 (English)
S.No. 5,Respondent's Advocate,ANIP SACHTHEY,22-01-1975 (English)
S.No. 5,Bench,"BHAGWATI,P.N.",
S.No. 5,Judgment By,,
,,,
S.No. 6,Diary Number,89475 / 1993,Judgment
S.No. 6,Case Number,C.A. No.-011864-011867 / 1996,09-04-1975 (English)
S.No. 6,Petitioner Name,"C.I.T.,MADURAI",09-04-1975 (English)
S.No. 6,Respondent Name,T V SUNDARAM IYENGAR & SONS,09-04-1975 (English)
S.No. 6,Petitioner's Advocate,,09-04-1975 (English)
S.No. 6,Respondent's Advocate,A. T. M. SAMPATH,09-04-1975 (English)
S.No. 6,Bench,"CHANDRACHUD,Y.V.",
S.No. 6,Judgment By,,
,,,
