﻿Column-0,Column-1,Column-2,Column-3,Column-4,Column-5
S.No. 1,Diary Number,,Judgment,,
S.No. 1,Case Number,Writ Petition (Civil) 309 of 1953,"18-10-1954 (English)
18-10-1954 (English)
15-10-1954 (English)
14-10-1954 (English)
14-10-1954 (English)
13-10-1954 (English)
12-10-1954 (English)
11-10-1954 (English)
11-10-1954 (English)
08-10-1954 (English)
08-10-1954 (English)",Petitioner Name,"THE CHAMBER OF COMMERCE, HAPUR, AND THREE OTHERS"
S.No. 1,Respondent Name,THE STATE OF UTTAR PRADESH ANDTWO OTHERS.,"18-10-1954 (English)
18-10-1954 (English)
15-10-1954 (English)
14-10-1954 (English)
14-10-1954 (English)
13-10-1954 (English)
12-10-1954 (English)
11-10-1954 (English)
11-10-1954 (English)
08-10-1954 (English)
08-10-1954 (English)",,
S.No. 1,Petitioner's Advocate,,"18-10-1954 (English)
18-10-1954 (English)
15-10-1954 (English)
14-10-1954 (English)
14-10-1954 (English)
13-10-1954 (English)
12-10-1954 (English)
11-10-1954 (English)
11-10-1954 (English)
08-10-1954 (English)
08-10-1954 (English)",,
S.No. 1,Respondent's Advocate,,"18-10-1954 (English)
18-10-1954 (English)
15-10-1954 (English)
14-10-1954 (English)
14-10-1954 (English)
13-10-1954 (English)
12-10-1954 (English)
11-10-1954 (English)
11-10-1954 (English)
08-10-1954 (English)
08-10-1954 (English)",,
S.No. 1,Bench,"MAHAJAN, MEHAR CHAND (CJ),DAS, SUDHI RANJAN,HASAN, GHULAM,BHAGWATI, NATWARLAL H.,JAGANNADHADAS, B.","18-10-1954 (English)
18-10-1954 (English)
15-10-1954 (English)
14-10-1954 (English)
14-10-1954 (English)
13-10-1954 (English)
12-10-1954 (English)
11-10-1954 (English)
11-10-1954 (English)
08-10-1954 (English)
08-10-1954 (English)",,
S.No. 1,Judgment By,,,,
S.No. 1,,,,,
S.No. 2,Diary Number,1387 / 1953,Judgment,,
S.No. 2,Case Number,C.A. No.-000038-000038 / 1953,16-04-1954 (English),,
S.No. 2,Petitioner Name,"THE COMMISSIONER, HINDU ENDOWMENTS, MADRAS",16-04-1954 (English),,
S.No. 2,Respondent Name,LAKSHMINDRA THIRTHA SWAMIAR OF SRI SHIRUR MUTT.,16-04-1954 (English),,
S.No. 2,Petitioner's Advocate,,16-04-1954 (English),,
S.No. 2,Respondent's Advocate,,16-04-1954 (English),,
S.No. 2,Bench,"MAHAJAN, MEHAR CHAND (CJ),MUKHERJEA, B.K.,DAS, SUDHI RANJAN,BOSE, VIVIAN,HASAN, GHULAM & BHAGWATI, N.H. & AIYYAR, T.L. VENKATARAMA",,,
S.No. 2,Judgment By,,,,
,,,,,
