﻿Column-0,Column-1,Column-2,Column-3
S.No. 1,Diary Number,,Judgment
S.No. 1,Case Number,Contempt Petition (crl.) 9 of 1999,"18-10-1989 (English)
17-10-1989 (English)
17-10-1989 (English)
06-10-1989 (English)
06-10-1989 (English)
05-10-1989 (English)
05-10-1989 (English)
05-10-1989 (English)
05-10-1989 (English)
04-10-1989 (English)
04-10-1989 (English)"
S.No. 1,Petitioner Name,DR. SUBRAMANIAM SWAMY,"18-10-1989 (English)
17-10-1989 (English)
17-10-1989 (English)
06-10-1989 (English)
06-10-1989 (English)
05-10-1989 (English)
05-10-1989 (English)
05-10-1989 (English)
05-10-1989 (English)
04-10-1989 (English)
04-10-1989 (English)"
S.No. 1,Respondent Name,RAMAKRISHNA HEGDE,"18-10-1989 (English)
17-10-1989 (English)
17-10-1989 (English)
06-10-1989 (English)
06-10-1989 (English)
05-10-1989 (English)
05-10-1989 (English)
05-10-1989 (English)
05-10-1989 (English)
04-10-1989 (English)
04-10-1989 (English)"
S.No. 1,Petitioner's Advocate,,"18-10-1989 (English)
17-10-1989 (English)
17-10-1989 (English)
06-10-1989 (English)
06-10-1989 (English)
05-10-1989 (English)
05-10-1989 (English)
05-10-1989 (English)
05-10-1989 (English)
04-10-1989 (English)
04-10-1989 (English)"
S.No. 1,Respondent's Advocate,,"18-10-1989 (English)
17-10-1989 (English)
17-10-1989 (English)
06-10-1989 (English)
06-10-1989 (English)
05-10-1989 (English)
05-10-1989 (English)
05-10-1989 (English)
05-10-1989 (English)
04-10-1989 (English)
04-10-1989 (English)"
S.No. 1,Bench,"AHMADI,A.M. (J)",
S.No. 1,Judgment By,,
,,,
S.No. 2,Diary Number,10768 / 1994,Judgment
S.No. 2,Case Number,W.P.(C) No.-000430-000430 / 1994,31-03-1989 (English)
S.No. 2,Petitioner Name,BUILDERS ASSOCIATIONS OF INDIA,31-03-1989 (English)
S.No. 2,Respondent Name,UNION OF INDIA,31-03-1989 (English)
S.No. 2,Petitioner's Advocate,S. RAJAPPA,31-03-1989 (English)
S.No. 2,Respondent's Advocate,,31-03-1989 (English)
S.No. 2,Bench,"PATHAK, R.S. (CJ),VENKATARAMIAH, E.S. (J),MISRA RANGNATH,VENKATACHALLIAH, M.N. (J),OJHA, N.D. (J)",
S.No. 2,Judgment By,,
,,,
S.No. 3,Diary Number,14724 / 1994,Judgment
S.No. 3,Case Number,W.P.(Crl.) No.-000312-000312 / 1994,05-09-1989 (English)
S.No. 3,Petitioner Name,SUPREME COURT LEGAL SERVICES COMMITTEE,05-09-1989 (English)
S.No. 3,Respondent Name,U.O.I. .,05-09-1989 (English)
S.No. 3,Petitioner's Advocate,,05-09-1989 (English)
S.No. 3,Respondent's Advocate,,05-09-1989 (English)
S.No. 3,Bench,MISRA RANGNATH,
S.No. 3,Judgment By,,
,,,
S.No. 4,Diary Number,60193 / 1988,Judgment
S.No. 4,Case Number,C.A. No.-000293-000293 / 1988,18-11-1988 (English)
S.No. 4,Petitioner Name,ANDHRA KESARI EDUCATIONAL SOCY.,18-11-1988 (English)
S.No. 4,Respondent Name,DIRECTOR OF SCHOOL EDN. .,18-11-1988 (English)
S.No. 4,Petitioner's Advocate,M. QAMARUDDIN,18-11-1988 (English)
S.No. 4,Respondent's Advocate,,18-11-1988 (English)
S.No. 4,Bench,"SHETTY,K.J. (J)",
S.No. 4,Judgment By,,
,,,
S.No. 5,Diary Number,60216 / 1974,Judgment
S.No. 5,Case Number,W.P.(C) No.-000005-000005 / 1974,13-04-1989 (English)
S.No. 5,Petitioner Name,VELLORE ELECTRIC CORPN.LTD.,13-04-1989 (English)
S.No. 5,Respondent Name,STATE OF TAMIL NADU &ORS,13-04-1989 (English)
S.No. 5,Petitioner's Advocate,,13-04-1989 (English)
S.No. 5,Respondent's Advocate,,13-04-1989 (English)
S.No. 5,Bench,"PATHAK, R.S. (CJ),MUKHARJI, SABYASACHI (J),NATRAJAN, S. (J),VENKATACHALLIAH, M.N. (J),RANGNATHAN, S.",
S.No. 5,Judgment By,,
,,,
S.No. 6,Diary Number,61220 / 1987,Judgment
S.No. 6,Case Number,W.P.(C) No.-001325-001325 / 1987,08-03-1989 (English)
S.No. 6,Petitioner Name,HALLI GOWDA,08-03-1989 (English)
S.No. 6,Respondent Name,K.S.R.T.C.,08-03-1989 (English)
S.No. 6,Petitioner's Advocate,PETITIONER-IN-PERSON,08-03-1989 (English)
S.No. 6,Respondent's Advocate,,08-03-1989 (English)
S.No. 6,Bench,"PATHAK,R.S. (CJ)",
S.No. 6,Judgment By,,
,,,
S.No. 7,Diary Number,63309 / 1982,Judgment
S.No. 7,Case Number,W.P.(C) No.-008227-008227 / 1982,01-05-1989 (English)
S.No. 7,Petitioner Name,ASSAM RIFLES MULTI-PUR.CO-OP.SO.LTD.&ANR,01-05-1989 (English)
S.No. 7,Respondent Name,UNION OF INDIA,01-05-1989 (English)
S.No. 7,Petitioner's Advocate,PETITIONER-IN-PERSON,01-05-1989 (English)
S.No. 7,Respondent's Advocate,SUSHMA SURI,01-05-1989 (English)
S.No. 7,Bench,"PATHAK,R.S. (CJ)",
S.No. 7,Judgment By,,
,,,
S.No. 8,Diary Number,63398 / 1982,Judgment
S.No. 8,Case Number,C.A. No.-001795-001795 / 1982,06-02-1989 (English)
S.No. 8,Petitioner Name,I.T.C. LTD.,06-02-1989 (English)
S.No. 8,Respondent Name,GEORGE JOSEPH FERNANDES,06-02-1989 (English)
S.No. 8,Petitioner's Advocate,RAJAN NARAIN,06-02-1989 (English)
S.No. 8,Respondent's Advocate,PRASHANT KUMAR,06-02-1989 (English)
S.No. 8,Bench,"SAIKIA,K.N. (J)",
S.No. 8,Judgment By,,
,,,
S.No. 9,Diary Number,64785 / 1983,Judgment
S.No. 9,Case Number,C.A. No.-009993-009993 / 1983,04-11-1988 (English)
S.No. 9,Petitioner Name,POMAL KANJI GOVINDJI,04-11-1988 (English)
S.No. 9,Respondent Name,HIRALAL DEVSLI KANSARA,04-11-1988 (English)
S.No. 9,Petitioner's Advocate,,04-11-1988 (English)
S.No. 9,Respondent's Advocate,,04-11-1988 (English)
S.No. 9,Bench,"MUKHARJI,SABYASACHI (J)",
S.No. 9,Judgment By,,
,,,
S.No. 10,Diary Number,65398 / 1984,Judgment
S.No. 10,Case Number,C.A. No.-002948-002948 / 1984,12-05-1989 (English)
S.No. 10,Petitioner Name,DR. K.S. JAWATKAR,12-05-1989 (English)
S.No. 10,Respondent Name,SHRI P.N. HASKAR,12-05-1989 (English)
S.No. 10,Petitioner's Advocate,PETITIONER-IN-PERSON,12-05-1989 (English)
S.No. 10,Respondent's Advocate,,12-05-1989 (English)
S.No. 10,Bench,"PATHAK,R.S. (CJ)",
S.No. 10,Judgment By,,
,,,
S.No. 11,Diary Number,65722 / 1985,Judgment
S.No. 11,Case Number,C.A. No.-003154-003154 / 1985,19-07-1989 (English)
S.No. 11,Petitioner Name,"M.D., J&K INDUSTRIES LTD.",19-07-1989 (English)
S.No. 11,Respondent Name,PYARE LAL SHARMA,19-07-1989 (English)
S.No. 11,Petitioner's Advocate,,19-07-1989 (English)
S.No. 11,Respondent's Advocate,,19-07-1989 (English)
S.No. 11,Bench,KULDIP SINGH (J),
S.No. 11,Judgment By,,
,,,
S.No. 12,Diary Number,65782 / 1985,Judgment
S.No. 12,Case Number,W.P.(C) No.-012183-012183 / 1985,"27-01-1989 (English)
04-11-1988 (English)"
S.No. 12,Petitioner Name,UJAGAR PRINTS,"27-01-1989 (English)
04-11-1988 (English)"
S.No. 12,Respondent Name,UNION OF INDIA,"27-01-1989 (English)
04-11-1988 (English)"
S.No. 12,Petitioner's Advocate,J. S. WAD,"27-01-1989 (English)
04-11-1988 (English)"
S.No. 12,Respondent's Advocate,P. PARMESWARAN,"27-01-1989 (English)
04-11-1988 (English)"
S.No. 12,Bench,"PATHAK, R.S. (CJ),MUKHARJI, SABYASACHI (J),NATRAJAN, S. (J),VENKATACHALLIAH, M.N. (J),RANGNATHAN, S.",
S.No. 12,Judgment By,,
,,,
S.No. 13,Diary Number,65972 / 1986,Judgment
S.No. 13,Case Number,W.P.(C) No.-000801-000801 / 1986,24-07-1989 (English)
S.No. 13,Petitioner Name,SUPREME COURT EMPLOYEES WELFARE ASSN.,24-07-1989 (English)
S.No. 13,Respondent Name,UNION OF INDIA .,24-07-1989 (English)
S.No. 13,Petitioner's Advocate,E. C. AGRAWALA,24-07-1989 (English)
S.No. 13,Respondent's Advocate,P. PARMESWARAN,24-07-1989 (English)
S.No. 13,Bench,"DUTT,M.M. (J)",
S.No. 13,Judgment By,,
,,,
S.No. 14,Diary Number,67784 / 1986,Judgment
S.No. 14,Case Number,C.A. No.-000785-000785 / 1986,16-02-1989 (English)
S.No. 14,Petitioner Name,M/S. GRAUER & WEIL (INDIA) LTD. ARD,16-02-1989 (English)
S.No. 14,Respondent Name,THE COLLECTOR OF CENTRAL EXCISE,16-02-1989 (English)
S.No. 14,Petitioner's Advocate,GAGRAT AND CO,16-02-1989 (English)
S.No. 14,Respondent's Advocate,,16-02-1989 (English)
S.No. 14,Bench,"SHETTY,K.J. (J)",
S.No. 14,Judgment By,,
,,,
S.No. 15,Diary Number,68080 / 1988,Judgment
S.No. 15,Case Number,W.P.(Crl.) No.-000248-000248 / 1988,01-05-1989 (English)
S.No. 15,Petitioner Name,SUNIL FULCHAND SHAH,01-05-1989 (English)
S.No. 15,Respondent Name,UNION OF INDIA .,01-05-1989 (English)
S.No. 15,Petitioner's Advocate,,01-05-1989 (English)
S.No. 15,Respondent's Advocate,HEMANTIKA WAHI,01-05-1989 (English)
S.No. 15,Bench,"PATHAK,R.S. (CJ)",
S.No. 15,Judgment By,,
,,,
S.No. 16,Diary Number,68286 / 1986,Judgment
S.No. 16,Case Number,C.A. No.-003561-003561 / 1986,31-03-1989 (English)
S.No. 16,Petitioner Name,GUJARAT ELECTRICITY BOARD,31-03-1989 (English)
S.No. 16,Respondent Name,ATMARAM SUNGAMAL PASHAMI,31-03-1989 (English)
S.No. 16,Petitioner's Advocate,,31-03-1989 (English)
S.No. 16,Respondent's Advocate,RESPONDENT-IN-PERSON,31-03-1989 (English)
S.No. 16,Bench,"SINGH,K.N. (J)",
S.No. 16,Judgment By,,
,,,
S.No. 17,Diary Number,68956 / 1987,Judgment
S.No. 17,Case Number,C.A. No.-001702-001702 / 1987,31-03-1989 (English)
S.No. 17,Petitioner Name,LT.COL. K.D. GUPTA,31-03-1989 (English)
S.No. 17,Respondent Name,SMT.P.P. KAKADE,31-03-1989 (English)
S.No. 17,Petitioner's Advocate,PETITIONER-IN-PERSON,31-03-1989 (English)
S.No. 17,Respondent's Advocate,,31-03-1989 (English)
S.No. 17,Bench,MISRA RANGNATH,
S.No. 17,Judgment By,,
,,,
S.No. 18,Diary Number,69033 / 1989,Judgment
S.No. 18,Case Number,C.A. No.-002697-002697 / 1989,02-05-1989 (English)
S.No. 18,Petitioner Name,M/S. ELECTRONICS CORPN. OF INDIA LTD.,02-05-1989 (English)
S.No. 18,Respondent Name,COMMISSIONER OF INCOME TAX,02-05-1989 (English)
S.No. 18,Petitioner's Advocate,,02-05-1989 (English)
S.No. 18,Respondent's Advocate,C. V. SUBBA RAO,02-05-1989 (English)
S.No. 18,Bench,"PATHAK,R.S. (CJ)",
S.No. 18,Judgment By,,
,,,
S.No. 19,Diary Number,70122 / 1988,Judgment
S.No. 19,Case Number,C.A. No.-003187-003188 / 1988,05-04-1989 (English)
S.No. 19,Petitioner Name,UNION CARBIDE CORPN. LTD.,05-04-1989 (English)
S.No. 19,Respondent Name,UNION OF INDIA,05-04-1989 (English)
S.No. 19,Petitioner's Advocate,,05-04-1989 (English)
S.No. 19,Respondent's Advocate,D. S. MAHRA,05-04-1989 (English)
S.No. 19,Bench,"R.S. PATHAK (CJ),E.S. VENKATARAMIAH,R. MISRA,M.N. VENKATACHALLIAH",
S.No. 19,Judgment By,,
,,,
S.No. 20,Diary Number,70182 / 1989,Judgment
S.No. 20,Case Number,C.A. No.-004195-004195 / 1989,06-10-1989 (English)
S.No. 20,Petitioner Name,AMBATI NARSAYYA BIANNAGUDEM,06-10-1989 (English)
S.No. 20,Respondent Name,MADDULA SUBBARAO,06-10-1989 (English)
S.No. 20,Petitioner's Advocate,B. KANTA RAO,06-10-1989 (English)
S.No. 20,Respondent's Advocate,,06-10-1989 (English)
S.No. 20,Bench,"SHETTY,K.J. (J)",
S.No. 20,Judgment By,,
,,,
S.No. 21,Diary Number,70367 / 1989,Judgment
S.No. 21,Case Number,C.A. No.-003224-003224 / 1989,08-08-1989 (English)
S.No. 21,Petitioner Name,DWARKA NATH SHARMA,08-08-1989 (English)
S.No. 21,Respondent Name,UNION OF INDIA .,08-08-1989 (English)
S.No. 21,Petitioner's Advocate,PETITIONER-IN-PERSON,08-08-1989 (English)
S.No. 21,Respondent's Advocate,C. V. SUBBA RAO,08-08-1989 (English)
S.No. 21,Bench,MISRA RANGNATH,
S.No. 21,Judgment By,,
,,,
S.No. 22,Diary Number,71618 / 1989,Judgment
S.No. 22,Case Number,C.A. No.-003694-003695 / 1989,05-09-1989 (English)
S.No. 22,Petitioner Name,V. PARUKUTTY MANNADISSIAR,05-09-1989 (English)
S.No. 22,Respondent Name,THE STATE OF KERALA .,05-09-1989 (English)
S.No. 22,Petitioner's Advocate,,05-09-1989 (English)
S.No. 22,Respondent's Advocate,K. R. NAMBIAR,05-09-1989 (English)
S.No. 22,Bench,MISRA RANGNATH,
S.No. 22,Judgment By,,
,,,
S.No. 23,Diary Number,71759 / 1989,Judgment
S.No. 23,Case Number,C.A. No.-000418-000419 / 1989,24-01-1989 (English)
S.No. 23,Petitioner Name,GUJARAT WATER SUPPLY & SEWERAGE BOARD,24-01-1989 (English)
S.No. 23,Respondent Name,UNIQUE ERECTORS (GUJARAT) (P) LTD.,24-01-1989 (English)
S.No. 23,Petitioner's Advocate,,24-01-1989 (English)
S.No. 23,Respondent's Advocate,,24-01-1989 (English)
S.No. 23,Bench,"MUKHARJI,SABYASACHI (J)",
S.No. 23,Judgment By,,
,,,
S.No. 24,Diary Number,72016 / 1989,Judgment
S.No. 24,Case Number,C.A. No.-002839-002840 / 1989,16-05-1989 (English)
S.No. 24,Petitioner Name,DMAI,16-05-1989 (English)
S.No. 24,Respondent Name,,16-05-1989 (English)
S.No. 24,Petitioner's Advocate,,16-05-1989 (English)
S.No. 24,Respondent's Advocate,,16-05-1989 (English)
S.No. 24,Bench,"PATHAK, R.S. (CJ),VENKATARAMIAH, E.S. (J),MUKHARJI, SABYASACHI (J),MISRA RANGNATH,NATRAJAN, S. (J)",
S.No. 24,Judgment By,,
,,,
