﻿Column-0,Column-1,Column-2,Column-3
S.No. 1,Diary Number,,Judgment
S.No. 1,Case Number,Appeal Civil 755 of 1971,"15-10-1986 (English)
13-10-1986 (English)
01-10-1986 (English)
30-09-1986 (English)
30-09-1986 (English)
30-09-1986 (English)
30-09-1986 (English)
29-09-1986 (English)
26-09-1986 (English)
26-09-1986 (English)
26-09-1986 (English)"
S.No. 1,Petitioner Name,HARI CHAND @ HARISH CHANDRA,"15-10-1986 (English)
13-10-1986 (English)
01-10-1986 (English)
30-09-1986 (English)
30-09-1986 (English)
30-09-1986 (English)
30-09-1986 (English)
29-09-1986 (English)
26-09-1986 (English)
26-09-1986 (English)
26-09-1986 (English)"
S.No. 1,Respondent Name,SHRI DAULAT RAM,"15-10-1986 (English)
13-10-1986 (English)
01-10-1986 (English)
30-09-1986 (English)
30-09-1986 (English)
30-09-1986 (English)
30-09-1986 (English)
29-09-1986 (English)
26-09-1986 (English)
26-09-1986 (English)
26-09-1986 (English)"
S.No. 1,Petitioner's Advocate,,"15-10-1986 (English)
13-10-1986 (English)
01-10-1986 (English)
30-09-1986 (English)
30-09-1986 (English)
30-09-1986 (English)
30-09-1986 (English)
29-09-1986 (English)
26-09-1986 (English)
26-09-1986 (English)
26-09-1986 (English)"
S.No. 1,Respondent's Advocate,,"15-10-1986 (English)
13-10-1986 (English)
01-10-1986 (English)
30-09-1986 (English)
30-09-1986 (English)
30-09-1986 (English)
30-09-1986 (English)
29-09-1986 (English)
26-09-1986 (English)
26-09-1986 (English)
26-09-1986 (English)"
S.No. 1,Bench,"RAY,B.C. (J)",
S.No. 1,Judgment By,,
,,,
S.No. 2,Diary Number,8334 / 1998,Judgment
S.No. 2,Case Number,Crl.A. No.-000687-000687 / 1998,07-05-1986 (English)
S.No. 2,Petitioner Name,JARNAIL SINGH,07-05-1986 (English)
S.No. 2,Respondent Name,STATE OF PUNJAB,07-05-1986 (English)
S.No. 2,Petitioner's Advocate,NARESH BAKSHI,07-05-1986 (English)
S.No. 2,Respondent's Advocate,,07-05-1986 (English)
S.No. 2,Bench,"RAY,B.C. (J)",
S.No. 2,Judgment By,,
,,,
S.No. 3,Diary Number,17712 / 1994,Judgment
S.No. 3,Case Number,C.A. No.-004979-004979 / 1995,17-07-1986 (English)
S.No. 3,Petitioner Name,STATE OF H.P.,17-07-1986 (English)
S.No. 3,Respondent Name,TARSEM SINGH,17-07-1986 (English)
S.No. 3,Petitioner's Advocate,NARESH K. SHARMA,17-07-1986 (English)
S.No. 3,Respondent's Advocate,LAXMI ARVIND,17-07-1986 (English)
S.No. 3,Bench,"MUKHARJI,SABYASACHI (J)",
S.No. 3,Judgment By,,
,,,
S.No. 4,Diary Number,61811 / 1985,Judgment
S.No. 4,Case Number,SLP(C) No.-011638-011638 / 1985,30-09-1986 (English)
S.No. 4,Petitioner Name,THE COMMISSIONER & SEC.TO GOVT.,30-09-1986 (English)
S.No. 4,Respondent Name,V.K. ANAND,30-09-1986 (English)
S.No. 4,Petitioner's Advocate,,30-09-1986 (English)
S.No. 4,Respondent's Advocate,K. RAM KUMAR,30-09-1986 (English)
S.No. 4,Bench,"VENKATARAMIAH,E.S. (J)",
S.No. 4,Judgment By,,
,,,
S.No. 5,Diary Number,63019 / 1980,Judgment
S.No. 5,Case Number,C.A. No.-001734-001739 / 1980,17-04-1986 (English)
S.No. 5,Petitioner Name,DMAI,17-04-1986 (English)
S.No. 5,Respondent Name,,17-04-1986 (English)
S.No. 5,Petitioner's Advocate,,17-04-1986 (English)
S.No. 5,Respondent's Advocate,,17-04-1986 (English)
S.No. 5,Bench,"REDDY, O. CHINNAPPA (J),VENKATARAMIAH, E.S. (J),ERADI, V. BALAKRISHNA (J),MISRA, R.B. (J),KHALID, V. (J)",
S.No. 5,Judgment By,,
,,,
S.No. 6,Diary Number,63664 / 1985,Judgment
S.No. 6,Case Number,SLP(C) No.-002604-002604 / 1985,11-02-1986 (English)
S.No. 6,Petitioner Name,M/S.R.K.DISTILLERIES,11-02-1986 (English)
S.No. 6,Respondent Name,GOVT.OF ANDHRA PRADESH,11-02-1986 (English)
S.No. 6,Petitioner's Advocate,A. SUBBA RAO,11-02-1986 (English)
S.No. 6,Respondent's Advocate,,11-02-1986 (English)
S.No. 6,Bench,"VENKATARAMIAH,E.S. (J)",
S.No. 6,Judgment By,,
,,,
S.No. 7,Diary Number,64646 / 1983,Judgment
S.No. 7,Case Number,C.A. No.-004253-004253 / 1983,02-05-1986 (English)
S.No. 7,Petitioner Name,COMMISSIONER OF INCOME TAX,02-05-1986 (English)
S.No. 7,Respondent Name,VANAZ ENGINEERING PVT.LTD.,02-05-1986 (English)
S.No. 7,Petitioner's Advocate,A. SUBHASHINI,02-05-1986 (English)
S.No. 7,Respondent's Advocate,,02-05-1986 (English)
S.No. 7,Bench,"PATHAK,R.S.",
S.No. 7,Judgment By,,
,,,
S.No. 8,Diary Number,65262 / 1984,Judgment
S.No. 8,Case Number,W.P.(C) No.-000588-000588 / 1984,07-03-1986 (English)
S.No. 8,Petitioner Name,ASHOK KUMAR MITTAL,07-03-1986 (English)
S.No. 8,Respondent Name,MARUTI UDYOG LIMITED,07-03-1986 (English)
S.No. 8,Petitioner's Advocate,MANIK KARANJAWALA,07-03-1986 (English)
S.No. 8,Respondent's Advocate,,07-03-1986 (English)
S.No. 8,Bench,"TULZAPURKAR,V.D.",
S.No. 8,Judgment By,,
,,,
S.No. 9,Diary Number,65711 / 1984,Judgment
S.No. 9,Case Number,C.A. No.-004395-004395 / 1984,06-04-1986 (English)
S.No. 9,Petitioner Name,SUKH DEV SINGH,06-04-1986 (English)
S.No. 9,Respondent Name,"COLLECTOR, LAND ACQUISITION, PUNJAB.",06-04-1986 (English)
S.No. 9,Petitioner's Advocate,ASHOK K. MAHAJAN,06-04-1986 (English)
S.No. 9,Respondent's Advocate,G. K. BANSAL,06-04-1986 (English)
S.No. 9,Bench,"BHAGWATI,P.N. (CJ)",
S.No. 9,Judgment By,,
,,,
S.No. 10,Diary Number,65940 / 1985,Judgment
S.No. 10,Case Number,W.P.(Crl.) No.-001451-001451 / 1985,"13-08-1986 (English)
05-08-1986 (English)"
S.No. 10,Petitioner Name,SUPREME COURT LEGAL AID COMMITTEE,"13-08-1986 (English)
05-08-1986 (English)"
S.No. 10,Respondent Name,UNION OF INDIA .,"13-08-1986 (English)
05-08-1986 (English)"
S.No. 10,Petitioner's Advocate,,"13-08-1986 (English)
05-08-1986 (English)"
S.No. 10,Respondent's Advocate,P. PARMESWARAN,"13-08-1986 (English)
05-08-1986 (English)"
S.No. 10,Bench,,
S.No. 10,Judgment By,,
,,,
S.No. 11,Diary Number,65943 / 1985,Judgment
S.No. 11,Case Number,W.P.(C) No.-012739-012739 / 1985,17-02-1986 (English)
S.No. 11,Petitioner Name,M.C.MEHTA,17-02-1986 (English)
S.No. 11,Respondent Name,UNION OF INDIA .,17-02-1986 (English)
S.No. 11,Petitioner's Advocate,PETITIONER-IN-PERSON,17-02-1986 (English)
S.No. 11,Respondent's Advocate,,17-02-1986 (English)
S.No. 11,Bench,,
S.No. 11,Judgment By,,
,,,
S.No. 12,Diary Number,65959 / 1985,Judgment
S.No. 12,Case Number,C.A. No.-000484-000484 / 1985,11-12-1985 (English)
S.No. 12,Petitioner Name,FOOD CORPN. OF INDIA,11-12-1985 (English)
S.No. 12,Respondent Name,NARENDRA KUMAR,11-12-1985 (English)
S.No. 12,Petitioner's Advocate,SHIVA PUJAN SINGH,11-12-1985 (English)
S.No. 12,Respondent's Advocate,,11-12-1985 (English)
S.No. 12,Bench,"ERADI,V. BALAKRISHNA (J)",
S.No. 12,Judgment By,,
,,,
S.No. 13,Diary Number,67411 / 1986,Judgment
S.No. 13,Case Number,C.A. No.-001969-001969 / 1986,26-09-1986 (English)
S.No. 13,Petitioner Name,O.P.BHANDARI,26-09-1986 (English)
S.No. 13,Respondent Name,INDIAN TOURISM DEVELOPMENT CORPN.LTD&ORS,26-09-1986 (English)
S.No. 13,Petitioner's Advocate,PETITIONER-IN-PERSON,26-09-1986 (English)
S.No. 13,Respondent's Advocate,,26-09-1986 (English)
S.No. 13,Bench,"THAKKAR,M.P. (J)",
S.No. 13,Judgment By,,
,,,
S.No. 14,Diary Number,67819 / 1986,Judgment
S.No. 14,Case Number,W.P.(C) No.-000292-000292 / 1986,17-09-1986 (English)
S.No. 14,Petitioner Name,MS.NEELIMA SHANGLA,17-09-1986 (English)
S.No. 14,Respondent Name,STATE OF HARYANA,17-09-1986 (English)
S.No. 14,Petitioner's Advocate,,17-09-1986 (English)
S.No. 14,Respondent's Advocate,,17-09-1986 (English)
S.No. 14,Bench,"REDDY,O. CHINNAPPA (J)",
S.No. 14,Judgment By,,
,,,
S.No. 15,Diary Number,68267 / 1986,Judgment
S.No. 15,Case Number,C.A. No.-000413-000413 / 1986,10-04-1986 (English)
S.No. 15,Petitioner Name,STATE OF HARYANA,10-04-1986 (English)
S.No. 15,Respondent Name,DHARAM SINGH,10-04-1986 (English)
S.No. 15,Petitioner's Advocate,PREM MALHOTRA,10-04-1986 (English)
S.No. 15,Respondent's Advocate,,10-04-1986 (English)
S.No. 15,Bench,"MISRA,R.B. (J)",
S.No. 15,Judgment By,,
,,,
S.No. 16,Diary Number,69667 / 1986,Judgment
S.No. 16,Case Number,C.A. No.-001495-001511 / 1986,12-09-1986 (English)
S.No. 16,Petitioner Name,STATE OF U.P.,12-09-1986 (English)
S.No. 16,Respondent Name,PISTA DEVI .,12-09-1986 (English)
S.No. 16,Petitioner's Advocate,AKSHAT KUMAR,12-09-1986 (English)
S.No. 16,Respondent's Advocate,,12-09-1986 (English)
S.No. 16,Bench,"VENKATARAMIAH,E.S. (J)",
S.No. 16,Judgment By,,
,,,
