﻿Column-0,Column-1,Column-2,Column-3
S.No. 1,Diary Number,,Judgment
S.No. 1,Case Number,Appeal Civil 1019 of 1978,"18-10-1984 (English)
17-10-1984 (English)
17-10-1984 (English)
16-10-1984 (English)
16-10-1984 (English)
15-10-1984 (English)
11-10-1984 (English)
10-10-1984 (English)
10-10-1984 (English)
28-09-1984 (English)
28-09-1984 (English)"
S.No. 1,Petitioner Name,M. VEERABHADRA RAO,"18-10-1984 (English)
17-10-1984 (English)
17-10-1984 (English)
16-10-1984 (English)
16-10-1984 (English)
15-10-1984 (English)
11-10-1984 (English)
10-10-1984 (English)
10-10-1984 (English)
28-09-1984 (English)
28-09-1984 (English)"
S.No. 1,Respondent Name,TEK CHAND,"18-10-1984 (English)
17-10-1984 (English)
17-10-1984 (English)
16-10-1984 (English)
16-10-1984 (English)
15-10-1984 (English)
11-10-1984 (English)
10-10-1984 (English)
10-10-1984 (English)
28-09-1984 (English)
28-09-1984 (English)"
S.No. 1,Petitioner's Advocate,,"18-10-1984 (English)
17-10-1984 (English)
17-10-1984 (English)
16-10-1984 (English)
16-10-1984 (English)
15-10-1984 (English)
11-10-1984 (English)
10-10-1984 (English)
10-10-1984 (English)
28-09-1984 (English)
28-09-1984 (English)"
S.No. 1,Respondent's Advocate,,"18-10-1984 (English)
17-10-1984 (English)
17-10-1984 (English)
16-10-1984 (English)
16-10-1984 (English)
15-10-1984 (English)
11-10-1984 (English)
10-10-1984 (English)
10-10-1984 (English)
28-09-1984 (English)
28-09-1984 (English)"
S.No. 1,Bench,"DESAI,D.A.",
S.No. 1,Judgment By,,
,,,
S.No. 2,Diary Number,1 / 7418,Judgment
S.No. 2,Case Number,/,27-02-1984 (English)
S.No. 2,Petitioner Name,,27-02-1984 (English)
S.No. 2,Respondent Name,,27-02-1984 (English)
S.No. 2,Petitioner's Advocate,,27-02-1984 (English)
S.No. 2,Respondent's Advocate,,27-02-1984 (English)
S.No. 2,Bench,MISRA RANGNATH,
S.No. 2,Judgment By,,
,,,
S.No. 3,Diary Number,10709 / 1995,Judgment
S.No. 3,Case Number,Crl.A. No.-000092-000092 / 1996,13-09-1984 (English)
S.No. 3,Petitioner Name,RAGHBIR SINGH,13-09-1984 (English)
S.No. 3,Respondent Name,STATE OF HARYANA,13-09-1984 (English)
S.No. 3,Petitioner's Advocate,S. K. DHINGRA,13-09-1984 (English)
S.No. 3,Respondent's Advocate,,13-09-1984 (English)
S.No. 3,Bench,"VENKATARAMIAH,E.S. (J)",
S.No. 3,Judgment By,,
,,,
S.No. 4,Diary Number,60153 / 1972,Judgment
S.No. 4,Case Number,C.A. No.-000040-000040 / 1972,23-11-1983 (English)
S.No. 4,Petitioner Name,MOLEOD & CO.,23-11-1983 (English)
S.No. 4,Respondent Name,STATE OF ORISSA,23-11-1983 (English)
S.No. 4,Petitioner's Advocate,,23-11-1983 (English)
S.No. 4,Respondent's Advocate,,23-11-1983 (English)
S.No. 4,Bench,,
S.No. 4,Judgment By,,
,,,
S.No. 5,Diary Number,60795 / 1976,Judgment
S.No. 5,Case Number,W.P.(C) No.-000157-000162 / 1976,23-05-1984 (English)
S.No. 5,Petitioner Name,P.S. MAHAL,23-05-1984 (English)
S.No. 5,Respondent Name,"UNION OF INDIA, ETC.",23-05-1984 (English)
S.No. 5,Petitioner's Advocate,,23-05-1984 (English)
S.No. 5,Respondent's Advocate,ANIS AHMED KHAN,23-05-1984 (English)
S.No. 5,Bench,"BHAGWATI,P.N.",
S.No. 5,Judgment By,,
,,,
S.No. 6,Diary Number,62412 / 1990,Judgment
S.No. 6,Case Number,C.A. No.-000071-000071 / 1990,16-08-1984 (English)
S.No. 6,Petitioner Name,RENUSAGAR POWER CO.,16-08-1984 (English)
S.No. 6,Respondent Name,GENL. ELECTRIC CO.,16-08-1984 (English)
S.No. 6,Petitioner's Advocate,,16-08-1984 (English)
S.No. 6,Respondent's Advocate,,16-08-1984 (English)
S.No. 6,Bench,"TULZAPURKAR,V.D.",
S.No. 6,Judgment By,,
,,,
S.No. 7,Diary Number,63163 / 1982,Judgment
S.No. 7,Case Number,Crl.A. No.-000593-000593 / 1982,29-08-1984 (English)
S.No. 7,Petitioner Name,JOGINDER SINGH,29-08-1984 (English)
S.No. 7,Respondent Name,STATE OF PUNJAB,29-08-1984 (English)
S.No. 7,Petitioner's Advocate,M. QAMARUDDIN,29-08-1984 (English)
S.No. 7,Respondent's Advocate,,29-08-1984 (English)
S.No. 7,Bench,"PATHAK,R.S.",
S.No. 7,Judgment By,,
,,,
S.No. 8,Diary Number,63395 / 1982,Judgment
S.No. 8,Case Number,W.P.(C) No.-002135-002135 / 1982,16-12-1983 (English)
S.No. 8,Petitioner Name,BANDHUA MUKTI MORCHA,16-12-1983 (English)
S.No. 8,Respondent Name,UNION OF INDIA .,16-12-1983 (English)
S.No. 8,Petitioner's Advocate,BINU TAMTA,16-12-1983 (English)
S.No. 8,Respondent's Advocate,ARVIND KUMAR SHARMA,16-12-1983 (English)
S.No. 8,Bench,"BHAGWATI,P.N.",
S.No. 8,Judgment By,,
,,,
S.No. 9,Diary Number,64978 / 1983,Judgment
S.No. 9,Case Number,W.P.(C) No.-005105-005105 / 1983,18-07-1984 (English)
S.No. 9,Petitioner Name,G.P. DOVAL,18-07-1984 (English)
S.No. 9,Respondent Name,"THE CHIEF SEC., STATE OF U.P..",18-07-1984 (English)
S.No. 9,Petitioner's Advocate,,18-07-1984 (English)
S.No. 9,Respondent's Advocate,RANI CHHABRA,18-07-1984 (English)
S.No. 9,Bench,"DESAI,D.A.",
S.No. 9,Judgment By,,
,,,
S.No. 10,Diary Number,65021 / 1983,Judgment
S.No. 10,Case Number,W.P.(C) No.-011222-011222 / 1983,30-08-1984 (English)
S.No. 10,Petitioner Name,SETH MANNALAL SURANA MEMORIAL TRUST,30-08-1984 (English)
S.No. 10,Respondent Name,IST LAND ACQN.COLLECTOR .,30-08-1984 (English)
S.No. 10,Petitioner's Advocate,,30-08-1984 (English)
S.No. 10,Respondent's Advocate,TARA CHANDRA SHARMA,30-08-1984 (English)
S.No. 10,Bench,"MUKHARJI,SABYASACHI (J)",
S.No. 10,Judgment By,,
,,,
S.No. 11,Diary Number,65331 / 1984,Judgment
S.No. 11,Case Number,C.A. No.-003482-003482 / 1984,24-08-1984 (English)
S.No. 11,Petitioner Name,THE COLONEL BROWN CAMBRIDGE SCHOOL,24-08-1984 (English)
S.No. 11,Respondent Name,THE ADDL DIST. JUDGE,24-08-1984 (English)
S.No. 11,Petitioner's Advocate,PRAMOD DAYAL,24-08-1984 (English)
S.No. 11,Respondent's Advocate,VRINDA DHAR,24-08-1984 (English)
S.No. 11,Bench,"FAZALALI,SYED MURTAZA",
S.No. 11,Judgment By,,
,,,
S.No. 12,Diary Number,67905 / 1984,Judgment
S.No. 12,Case Number,C.A. No.-003374-003375 / 1984,23-08-1984 (English)
S.No. 12,Petitioner Name,CENTRAL COALFEILDS LTD.,23-08-1984 (English)
S.No. 12,Respondent Name,M/S. BHUBNESHWAR SINGH .,23-08-1984 (English)
S.No. 12,Petitioner's Advocate,,23-08-1984 (English)
S.No. 12,Respondent's Advocate,,23-08-1984 (English)
S.No. 12,Bench,MISRA RANGNATH,
S.No. 12,Judgment By,,
,,,
S.No. 13,Diary Number,75928 / 1994,Judgment
S.No. 13,Case Number,C.A. No.-007412-007412 / 1995,25-07-1984 (English)
S.No. 13,Petitioner Name,HARBANS SINGH,25-07-1984 (English)
S.No. 13,Respondent Name,STATE OF PUNJAB .,25-07-1984 (English)
S.No. 13,Petitioner's Advocate,NARESH BAKSHI,25-07-1984 (English)
S.No. 13,Respondent's Advocate,ASHOK K. MAHAJAN,25-07-1984 (English)
S.No. 13,Bench,"DESAI,D.A.",
S.No. 13,Judgment By,,
,,,
