﻿Column-0,Column-1,Column-2,Column-3
S.No. 1,Diary Number,,Judgment
S.No. 1,Case Number,Appeal Civil 720 of 1976,"10-10-1983 (English)
07-10-1983 (English)
07-10-1983 (English)
07-10-1983 (English)
07-10-1983 (English)
07-10-1983 (English)
06-10-1983 (English)
06-10-1983 (English)
06-10-1983 (English)
06-10-1983 (English)
05-10-1983 (English)"
S.No. 1,Petitioner Name,PANDURANG DATTATREYA KHANDEKAR,"10-10-1983 (English)
07-10-1983 (English)
07-10-1983 (English)
07-10-1983 (English)
07-10-1983 (English)
07-10-1983 (English)
06-10-1983 (English)
06-10-1983 (English)
06-10-1983 (English)
06-10-1983 (English)
05-10-1983 (English)"
S.No. 1,Respondent Name,"THE BAR COUNCIL OF MAHARASHTRA, BOMBAY & ORS.","10-10-1983 (English)
07-10-1983 (English)
07-10-1983 (English)
07-10-1983 (English)
07-10-1983 (English)
07-10-1983 (English)
06-10-1983 (English)
06-10-1983 (English)
06-10-1983 (English)
06-10-1983 (English)
05-10-1983 (English)"
S.No. 1,Petitioner's Advocate,,"10-10-1983 (English)
07-10-1983 (English)
07-10-1983 (English)
07-10-1983 (English)
07-10-1983 (English)
07-10-1983 (English)
06-10-1983 (English)
06-10-1983 (English)
06-10-1983 (English)
06-10-1983 (English)
05-10-1983 (English)"
S.No. 1,Respondent's Advocate,,"10-10-1983 (English)
07-10-1983 (English)
07-10-1983 (English)
07-10-1983 (English)
07-10-1983 (English)
07-10-1983 (English)
06-10-1983 (English)
06-10-1983 (English)
06-10-1983 (English)
06-10-1983 (English)
05-10-1983 (English)"
S.No. 1,Bench,"SEN,A.P. (J)",
S.No. 1,Judgment By,,
,,,
S.No. 2,Diary Number,11771 / 1991,Judgment
S.No. 2,Case Number,C.A. No.-005394-005394 / 1994,02-09-1983 (English)
S.No. 2,Petitioner Name,COMMISSIONER OF INCOME TAX,02-09-1983 (English)
S.No. 2,Respondent Name,MAHENDRA MILLS,02-09-1983 (English)
S.No. 2,Petitioner's Advocate,ARVIND KUMAR SHARMA,02-09-1983 (English)
S.No. 2,Respondent's Advocate,RR-EX-PARTE,02-09-1983 (English)
S.No. 2,Bench,"TULZAPURKAR,V.D.",
S.No. 2,Judgment By,,
,,,
S.No. 3,Diary Number,13408 / 2000,Judgment
S.No. 3,Case Number,Crl.A. No.-000255-000255 / 2001,01-02-1983 (English)
S.No. 3,Petitioner Name,BABU RAM,01-02-1983 (English)
S.No. 3,Respondent Name,STATE OF U.P. .,01-02-1983 (English)
S.No. 3,Petitioner's Advocate,RAMESH CHANDRA MISHRA,01-02-1983 (English)
S.No. 3,Respondent's Advocate,,01-02-1983 (English)
S.No. 3,Bench,"MISRA,R.B. (J)",
S.No. 3,Judgment By,,
,,,
S.No. 4,Diary Number,60577 / 1978,Judgment
S.No. 4,Case Number,W.P.(C) No.-004675-004675 / 1978,23-09-1983 (English)
S.No. 4,Petitioner Name,"GHULAM ABBAS(DEAD, THRU LRS)",23-09-1983 (English)
S.No. 4,Respondent Name,STATE OF U.P. .,23-09-1983 (English)
S.No. 4,Petitioner's Advocate,S. JANANI,23-09-1983 (English)
S.No. 4,Respondent's Advocate,GUNNAM VENKATESWARA RAO,23-09-1983 (English)
S.No. 4,Bench,"TULZAPURKAR,V.D.",
S.No. 4,Judgment By,,
,,,
S.No. 5,Diary Number,62259 / 1979,Judgment
S.No. 5,Case Number,W.P.(C) No.-000829-000829 / 1979,06-05-1983 (English)
S.No. 5,Petitioner Name,LAXMAN,06-05-1983 (English)
S.No. 5,Respondent Name,STATE OF MADHYA PRADESH .,06-05-1983 (English)
S.No. 5,Petitioner's Advocate,,06-05-1983 (English)
S.No. 5,Respondent's Advocate,,06-05-1983 (English)
S.No. 5,Bench,"REDDY,O. CHINNAPPA (J)",
S.No. 5,Judgment By,,
,,,
S.No. 6,Diary Number,62862 / 1983,Judgment
S.No. 6,Case Number,SLP(C) No.-006735-006735 / 1983,25-08-1983 (English)
S.No. 6,Petitioner Name,ASHARAM MITRASEN JAIN,25-08-1983 (English)
S.No. 6,Respondent Name,AMIRCHAND TULSIRAM GUPTA .,25-08-1983 (English)
S.No. 6,Petitioner's Advocate,,25-08-1983 (English)
S.No. 6,Respondent's Advocate,,25-08-1983 (English)
S.No. 6,Bench,"REDDY,O. CHINNAPPA (J)",
S.No. 6,Judgment By,,
,,,
S.No. 7,Diary Number,62944 / 1980,Judgment
S.No. 7,Case Number,C.A. No.-002269-002269 / 1980,07-10-1983 (English)
S.No. 7,Petitioner Name,THE GOVT. OF INDIA,07-10-1983 (English)
S.No. 7,Respondent Name,BOMBAY TYRES INTERNATIONAL LTD.,07-10-1983 (English)
S.No. 7,Petitioner's Advocate,A. SUBHASHINI,07-10-1983 (English)
S.No. 7,Respondent's Advocate,,07-10-1983 (English)
S.No. 7,Bench,"PATHAK,R.S.",
S.No. 7,Judgment By,,
,,,
S.No. 8,Diary Number,63044 / 1980,Judgment
S.No. 8,Case Number,W.P.(C) No.-005939-005941 / 1980,17-12-1982 (English)
S.No. 8,Petitioner Name,D.S. NAKARA,17-12-1982 (English)
S.No. 8,Respondent Name,UNION OF INDIA,17-12-1982 (English)
S.No. 8,Petitioner's Advocate,,17-12-1982 (English)
S.No. 8,Respondent's Advocate,A. SUBHASHINI,17-12-1982 (English)
S.No. 8,Bench,"CHANDRACHUD, Y.V. ((CJ),TULZAPURKAR, V.D.,DESAI, D.A.,REDDY, O. CHINNAPPA (J),ISLAM, BAHARUL (J)",
S.No. 8,Judgment By,,
,,,
S.No. 9,Diary Number,65643 / 1983,Judgment
S.No. 9,Case Number,C.A. No.-002609-002609 / 1983,19-08-1983 (English)
S.No. 9,Petitioner Name,DMAI,19-08-1983 (English)
S.No. 9,Respondent Name,,19-08-1983 (English)
S.No. 9,Petitioner's Advocate,HARISH J. JHAVERI,19-08-1983 (English)
S.No. 9,Respondent's Advocate,,19-08-1983 (English)
S.No. 9,Bench,"DESAI,D.A.",
S.No. 9,Judgment By,,
,,,
