﻿Column-0,Column-1,Column-2,Column-3
S.No. 1,Diary Number,,Judgment
S.No. 1,Case Number,Appeal Civil 2129 of 1984,"14-10-1988 (English)
14-10-1988 (English)
14-10-1988 (English)
14-10-1988 (English)
11-10-1988 (English)
11-10-1988 (English)
11-10-1988 (English)
11-10-1988 (English)
10-10-1988 (English)
10-10-1988 (English)
06-10-1988 (English)"
S.No. 1,Petitioner Name,UNITED OFFSET PROCESS PVT. LTD.,"14-10-1988 (English)
14-10-1988 (English)
14-10-1988 (English)
14-10-1988 (English)
11-10-1988 (English)
11-10-1988 (English)
11-10-1988 (English)
11-10-1988 (English)
10-10-1988 (English)
10-10-1988 (English)
06-10-1988 (English)"
S.No. 1,Respondent Name,"ASSTT. COLLECTOR OF CUSTOMS, BOMBAY AND ORS.","14-10-1988 (English)
14-10-1988 (English)
14-10-1988 (English)
14-10-1988 (English)
11-10-1988 (English)
11-10-1988 (English)
11-10-1988 (English)
11-10-1988 (English)
10-10-1988 (English)
10-10-1988 (English)
06-10-1988 (English)"
S.No. 1,Petitioner's Advocate,,"14-10-1988 (English)
14-10-1988 (English)
14-10-1988 (English)
14-10-1988 (English)
11-10-1988 (English)
11-10-1988 (English)
11-10-1988 (English)
11-10-1988 (English)
10-10-1988 (English)
10-10-1988 (English)
06-10-1988 (English)"
S.No. 1,Respondent's Advocate,,"14-10-1988 (English)
14-10-1988 (English)
14-10-1988 (English)
14-10-1988 (English)
11-10-1988 (English)
11-10-1988 (English)
11-10-1988 (English)
11-10-1988 (English)
10-10-1988 (English)
10-10-1988 (English)
06-10-1988 (English)"
S.No. 1,Bench,"MUKHARJI,SABYASACHI (J)",
S.No. 1,Judgment By,,
,,,
S.No. 2,Diary Number,7991 / 1994,Judgment
S.No. 2,Case Number,W.P.(C) No.-000434-000434 / 1994,24-02-1988 (English)
S.No. 2,Petitioner Name,VIJAY KUMAR,24-02-1988 (English)
S.No. 2,Respondent Name,UNION OF INDIA .,24-02-1988 (English)
S.No. 2,Petitioner's Advocate,K. J. JOHN,24-02-1988 (English)
S.No. 2,Respondent's Advocate,D. S. MAHRA,24-02-1988 (English)
S.No. 2,Bench,"DUTT,M.M. (J)",
S.No. 2,Judgment By,,
,,,
S.No. 3,Diary Number,14329 / 1994,Judgment
S.No. 3,Case Number,C.A. No.-006514-006516 / 1994,23-03-1988 (English)
S.No. 3,Petitioner Name,ASIAN PAINTS (INDIA) LTD.,23-03-1988 (English)
S.No. 3,Respondent Name,"COLLECTOR OF CENTRAL EXCISE,BOMBAY",23-03-1988 (English)
S.No. 3,Petitioner's Advocate,RAJAN NARAIN,23-03-1988 (English)
S.No. 3,Respondent's Advocate,B. KRISHNA PRASAD,23-03-1988 (English)
S.No. 3,Bench,"MUKHARJI,SABYASACHI (J)",
S.No. 3,Judgment By,,
,,,
S.No. 4,Diary Number,15197 / 1997,Judgment
S.No. 4,Case Number,Crl.A. No.-000158-000158 / 1998,02-06-1988 (English)
S.No. 4,Petitioner Name,JAIPAL,02-06-1988 (English)
S.No. 4,Respondent Name,STATE OF HARYANA,02-06-1988 (English)
S.No. 4,Petitioner's Advocate,R. C. GUBRELE,02-06-1988 (English)
S.No. 4,Respondent's Advocate,,02-06-1988 (English)
S.No. 4,Bench,"SINGH,K.N. (J)",
S.No. 4,Judgment By,,
,,,
S.No. 5,Diary Number,17894 / 1995,Judgment
S.No. 5,Case Number,Crl.A. No.-001524-001524 / 1995,27-01-1988 (English)
S.No. 5,Petitioner Name,JAGTAR SINGH,27-01-1988 (English)
S.No. 5,Respondent Name,STATE OF PUNJAB,27-01-1988 (English)
S.No. 5,Petitioner's Advocate,ASHOK MATHUR,27-01-1988 (English)
S.No. 5,Respondent's Advocate,,27-01-1988 (English)
S.No. 5,Bench,"RAY,B.C. (J)",
S.No. 5,Judgment By,,
,,,
S.No. 6,Diary Number,19099 / 1994,Judgment
S.No. 6,Case Number,C.A. No.-002165-002165 / 1998,21-04-1988 (English)
S.No. 6,Petitioner Name,EX. CAPT. R.S. DHULL,21-04-1988 (English)
S.No. 6,Respondent Name,STATE OF HARYANA,21-04-1988 (English)
S.No. 6,Petitioner's Advocate,,21-04-1988 (English)
S.No. 6,Respondent's Advocate,T. V. GEORGE,21-04-1988 (English)
S.No. 6,Bench,"A.S. ANAND,S. RAJENDRA BABU",
S.No. 6,Judgment By,,
,,,
S.No. 7,Diary Number,21272 / 1997,Judgment
S.No. 7,Case Number,C.A. No.-002723-002723 / 1998,05-05-1988 (English)
S.No. 7,Petitioner Name,GURMESH PARKASH BISHNOI,05-05-1988 (English)
S.No. 7,Respondent Name,STATE OF HARYANA,05-05-1988 (English)
S.No. 7,Petitioner's Advocate,,05-05-1988 (English)
S.No. 7,Respondent's Advocate,NANDINI GORE,05-05-1988 (English)
S.No. 7,Bench,"SUJATA V. MANOHAR,G.B. PATTANAIK",
S.No. 7,Judgment By,,
,,,
S.No. 8,Diary Number,60161 / 1973,Judgment
S.No. 8,Case Number,C.A. No.-000869-000869 / 1973,12-09-1988 (English)
S.No. 8,Petitioner Name,THE SIRSILK,12-09-1988 (English)
S.No. 8,Respondent Name,THE TEXTILE COMMITTEE .,12-09-1988 (English)
S.No. 8,Petitioner's Advocate,SUMAN JYOTI KHAITAN,12-09-1988 (English)
S.No. 8,Respondent's Advocate,,12-09-1988 (English)
S.No. 8,Bench,"SEN,A.P. (J)",
S.No. 8,Judgment By,,
,,,
S.No. 9,Diary Number,60219 / 1974,Judgment
S.No. 9,Case Number,C.A. No.-000877-000877 / 1974,16-02-1988 (English)
S.No. 9,Petitioner Name,THE ADMINISTRATOR GENERAL OF W.B.,16-02-1988 (English)
S.No. 9,Respondent Name,THE COLLECTOR,16-02-1988 (English)
S.No. 9,Petitioner's Advocate,,16-02-1988 (English)
S.No. 9,Respondent's Advocate,,16-02-1988 (English)
S.No. 9,Bench,"VENKATACHALLIAH,M.N. (J)",
S.No. 9,Judgment By,,
,,,
S.No. 10,Diary Number,60619 / 1998,Judgment
S.No. 10,Case Number,CONMT.PET.(C) No.-000281-000281 / 1998,11-11-1987 (English)
S.No. 10,Petitioner Name,BANK OF INDIA,11-11-1987 (English)
S.No. 10,Respondent Name,VIJAY TRANSPORT,11-11-1987 (English)
S.No. 10,Petitioner's Advocate,,11-11-1987 (English)
S.No. 10,Respondent's Advocate,KRISHNAMURTHI SWAMI,11-11-1987 (English)
S.No. 10,Bench,"DUTT,M.M. (J)",
S.No. 10,Judgment By,,
,,,
S.No. 11,Diary Number,60728 / 1992,Judgment
S.No. 11,Case Number,W.P.(C) No.-000516-000516 / 1992,26-05-1988 (English)
S.No. 11,Petitioner Name,ISHWAR CHAND JAIN,26-05-1988 (English)
S.No. 11,Respondent Name,HIGH COURT OF PUNJAB & HARYANA,26-05-1988 (English)
S.No. 11,Petitioner's Advocate,,26-05-1988 (English)
S.No. 11,Respondent's Advocate,SADHANA RAMACHANDRAN,26-05-1988 (English)
S.No. 11,Bench,"SINGH,K.N. (J)",
S.No. 11,Judgment By,,
,,,
S.No. 12,Diary Number,62472 / 1984,Judgment
S.No. 12,Case Number,C.A. No.-000317-000317 / 1984,03-05-1988 (English)
S.No. 12,Petitioner Name,KALYAN MUNICIPAL COUNCIL,03-05-1988 (English)
S.No. 12,Respondent Name,USHA PAPER PRODUCTS PVT. LTD.,03-05-1988 (English)
S.No. 12,Petitioner's Advocate,,03-05-1988 (English)
S.No. 12,Respondent's Advocate,,03-05-1988 (English)
S.No. 12,Bench,"KANIA,M.H.",
S.No. 12,Judgment By,,
,,,
S.No. 13,Diary Number,62954 / 1983,Judgment
S.No. 13,Case Number,W.P.(C) No.-008209-008209 / 1983,30-08-1988 (English)
S.No. 13,Petitioner Name,RURAL LITIGATION&ENTITLEMENT KENDRA,30-08-1988 (English)
S.No. 13,Respondent Name,STATE OF U.P. & ORS. ETC.,30-08-1988 (English)
S.No. 13,Petitioner's Advocate,,30-08-1988 (English)
S.No. 13,Respondent's Advocate,,30-08-1988 (English)
S.No. 13,Bench,MISRA RANGNATH,
S.No. 13,Judgment By,,
,,,
S.No. 14,Diary Number,63031 / 1980,Judgment
S.No. 14,Case Number,C.A. No.-002640-002641 / 1980,15-07-1988 (English)
S.No. 14,Petitioner Name,DMAI,15-07-1988 (English)
S.No. 14,Respondent Name,,15-07-1988 (English)
S.No. 14,Petitioner's Advocate,,15-07-1988 (English)
S.No. 14,Respondent's Advocate,,15-07-1988 (English)
S.No. 14,Bench,"VENKATARAMIAH,E.S. (J)",
S.No. 14,Judgment By,,
,,,
S.No. 15,Diary Number,63996 / 1985,Judgment
S.No. 15,Case Number,W.P.(C) No.-004677-004677 / 1985,12-01-1988 (English)
S.No. 15,Petitioner Name,M.C.MEHTA,12-01-1988 (English)
S.No. 15,Respondent Name,UNION OF INDIA,12-01-1988 (English)
S.No. 15,Petitioner's Advocate,PETITIONER-IN-PERSON,12-01-1988 (English)
S.No. 15,Respondent's Advocate,,12-01-1988 (English)
S.No. 15,Bench,"VENKATARAMIAH,E.S. (J)",
S.No. 15,Judgment By,,
,,,
S.No. 16,Diary Number,65469 / 1985,Judgment
S.No. 16,Case Number,C.A. No.-000485-000485 / 1985,09-05-1988 (English)
S.No. 16,Petitioner Name,GHULAM HUSSAIN,09-05-1988 (English)
S.No. 16,Respondent Name,R.G. PRASAD .,09-05-1988 (English)
S.No. 16,Petitioner's Advocate,J. M. KHANNA,09-05-1988 (English)
S.No. 16,Respondent's Advocate,,09-05-1988 (English)
S.No. 16,Bench,"VENKATACHALLIAH,M.N. (J)",
S.No. 16,Judgment By,,
,,,
S.No. 17,Diary Number,65940 / 1985,Judgment
S.No. 17,Case Number,W.P.(Crl.) No.-001451-001451 / 1985,29-08-1988 (English)
S.No. 17,Petitioner Name,SUPREME COURT LEGAL AID COMMITTEE,29-08-1988 (English)
S.No. 17,Respondent Name,UNION OF INDIA .,29-08-1988 (English)
S.No. 17,Petitioner's Advocate,,29-08-1988 (English)
S.No. 17,Respondent's Advocate,P. PARMESWARAN,29-08-1988 (English)
S.No. 17,Bench,MISRA RANGNATH,
S.No. 17,Judgment By,,
,,,
S.No. 18,Diary Number,66529 / 1985,Judgment
S.No. 18,Case Number,C.A. No.-000973-000974 / 1985,21-07-1988 (English)
S.No. 18,Petitioner Name,NARENDRA NATH PANDEY,21-07-1988 (English)
S.No. 18,Respondent Name,STATE OF UTTAR PRADESH,21-07-1988 (English)
S.No. 18,Petitioner's Advocate,,21-07-1988 (English)
S.No. 18,Respondent's Advocate,,21-07-1988 (English)
S.No. 18,Bench,MISRA RANGNATH,
S.No. 18,Judgment By,,
,,,
S.No. 19,Diary Number,67680 / 1986,Judgment
S.No. 19,Case Number,W.P.(C) No.-001670-001670 / 1986,04-12-1987 (English)
S.No. 19,Petitioner Name,U.P.INCOME-TAX DEPTT.CONTINGENT PAID,04-12-1987 (English)
S.No. 19,Respondent Name,UNION OF INDIA .,04-12-1987 (English)
S.No. 19,Petitioner's Advocate,DINESH KUMAR GARG,04-12-1987 (English)
S.No. 19,Respondent's Advocate,P. PARMESWARAN,04-12-1987 (English)
S.No. 19,Bench,"VENKATARAMIAH,E.S. (J)",
S.No. 19,Judgment By,,
,,,
S.No. 20,Diary Number,68237 / 1984,Judgment
S.No. 20,Case Number,W.P.(C) No.-017165-017186 / 1984,24-02-1988 (English)
S.No. 20,Petitioner Name,J. CHANDRASHEKHAR REDDY,24-02-1988 (English)
S.No. 20,Respondent Name,SRI. D. ARORA,24-02-1988 (English)
S.No. 20,Petitioner's Advocate,T. V. RATNAM,24-02-1988 (English)
S.No. 20,Respondent's Advocate,,24-02-1988 (English)
S.No. 20,Bench,MISRA RANGNATH,
S.No. 20,Judgment By,,
,,,
S.No. 21,Diary Number,68292 / 1986,Judgment
S.No. 21,Case Number,W.P.(C) No.-000339-000339 / 1986,27-09-1988 (English)
S.No. 21,Petitioner Name,RAKESH CHANDRA NARAYAN ETC.ETC.,27-09-1988 (English)
S.No. 21,Respondent Name,STATE OF BIHAR ETC.ETC.,27-09-1988 (English)
S.No. 21,Petitioner's Advocate,K. HINGORANI,27-09-1988 (English)
S.No. 21,Respondent's Advocate,REKHA PANDEY,27-09-1988 (English)
S.No. 21,Bench,MISRA RANGNATH,
S.No. 21,Judgment By,,
,,,
S.No. 22,Diary Number,68416 / 1987,Judgment
S.No. 22,Case Number,C.A. No.-002796-002796 / 1987,11-11-1987 (English)
S.No. 22,Petitioner Name,STATE OF KERALA,11-11-1987 (English)
S.No. 22,Respondent Name,C.K. DEVADATHAN,11-11-1987 (English)
S.No. 22,Petitioner's Advocate,K. R. SASIPRABHU,11-11-1987 (English)
S.No. 22,Respondent's Advocate,,11-11-1987 (English)
S.No. 22,Bench,MISRA RANGNATH,
S.No. 22,Judgment By,,
,,,
S.No. 23,Diary Number,68435 / 1988,Judgment
S.No. 23,Case Number,C.A. No.-002366-002366 / 1988,28-07-1988 (English)
S.No. 23,Petitioner Name,HARYANA STATE ADHYAPAK SANGH AND ANR.&,28-07-1988 (English)
S.No. 23,Respondent Name,STATE OF HARYANA,28-07-1988 (English)
S.No. 23,Petitioner's Advocate,,28-07-1988 (English)
S.No. 23,Respondent's Advocate,KUSUM CHAUDHARY,28-07-1988 (English)
S.No. 23,Bench,"PATHAK,R.S. (CJ)",
S.No. 23,Judgment By,,
,,,
S.No. 24,Diary Number,68450 / 1988,Judgment
S.No. 24,Case Number,C.A. No.-003054-003054 / 1988,16-08-1988 (English)
S.No. 24,Petitioner Name,STATE OF RAJASTHAN,16-08-1988 (English)
S.No. 24,Respondent Name,M/S R.S. SHARMA & CO.,16-08-1988 (English)
S.No. 24,Petitioner's Advocate,B. D. SHARMA,16-08-1988 (English)
S.No. 24,Respondent's Advocate,,16-08-1988 (English)
S.No. 24,Bench,"MUKHARJI,SABYASACHI (J)",
S.No. 24,Judgment By,,
,,,
S.No. 25,Diary Number,68719 / 1987,Judgment
S.No. 25,Case Number,W.P.(C) No.-000422-000422 / 1987,12-01-1988 (English)
S.No. 25,Petitioner Name,INDIAN CEMENTS,12-01-1988 (English)
S.No. 25,Respondent Name,STATE OF A.P. .,12-01-1988 (English)
S.No. 25,Petitioner's Advocate,,12-01-1988 (English)
S.No. 25,Respondent's Advocate,,12-01-1988 (English)
S.No. 25,Bench,MISRA RANGNATH,
S.No. 25,Judgment By,,
,,,
S.No. 26,Diary Number,68956 / 1987,Judgment
S.No. 26,Case Number,C.A. No.-001702-001702 / 1987,20-04-1988 (English)
S.No. 26,Petitioner Name,LT.COL. K.D. GUPTA,20-04-1988 (English)
S.No. 26,Respondent Name,SMT.P.P. KAKADE,20-04-1988 (English)
S.No. 26,Petitioner's Advocate,PETITIONER-IN-PERSON,20-04-1988 (English)
S.No. 26,Respondent's Advocate,,20-04-1988 (English)
S.No. 26,Bench,MISRA RANGNATH,
S.No. 26,Judgment By,,
,,,
S.No. 27,Diary Number,69119 / 1988,Judgment
S.No. 27,Case Number,C.A. No.-000061-000061 / 1988,10-12-1987 (English)
S.No. 27,Petitioner Name,BINAPANI DAW,10-12-1987 (English)
S.No. 27,Respondent Name,BUNGO STEEL FURNITURE PVT. LTD.,10-12-1987 (English)
S.No. 27,Petitioner's Advocate,PRAVEEN KUMAR,10-12-1987 (English)
S.No. 27,Respondent's Advocate,,10-12-1987 (English)
S.No. 27,Bench,,
S.No. 27,Judgment By,,
,,,
S.No. 28,Diary Number,69121 / 1988,Judgment
S.No. 28,Case Number,C.A. No.-000840-000840 / 1988,10-11-1987 (English)
S.No. 28,Petitioner Name,M/S. BHARAT COKING COAL LTD.,10-11-1987 (English)
S.No. 28,Respondent Name,THE STATE OF BIHAR .,10-11-1987 (English)
S.No. 28,Petitioner's Advocate,ANIP SACHTHEY,10-11-1987 (English)
S.No. 28,Respondent's Advocate,RAJESH PRASAD SINGH,10-11-1987 (English)
S.No. 28,Bench,"SEN,A.P. (J)",
S.No. 28,Judgment By,,
,,,
S.No. 29,Diary Number,69190 / 1988,Judgment
S.No. 29,Case Number,W.P.(Crl.) No.-000163-000163 / 1988,04-08-1988 (English)
S.No. 29,Petitioner Name,AELTEMESH REIN,04-08-1988 (English)
S.No. 29,Respondent Name,U O I .,04-08-1988 (English)
S.No. 29,Petitioner's Advocate,PETITIONER-IN-PERSON,04-08-1988 (English)
S.No. 29,Respondent's Advocate,A. SUBHASHINI,04-08-1988 (English)
S.No. 29,Bench,"VENKATARAMIAH,E.S. (J)",
S.No. 29,Judgment By,,
,,,
S.No. 30,Diary Number,72682 / 1994,Judgment
S.No. 30,Case Number,Crl.A. No.-000468-000469 / 1994,29-04-1988 (English)
S.No. 30,Petitioner Name,AIDAN & ORS.,29-04-1988 (English)
S.No. 30,Respondent Name,STATE OF RAJASTHAN,29-04-1988 (English)
S.No. 30,Petitioner's Advocate,,29-04-1988 (English)
S.No. 30,Respondent's Advocate,,29-04-1988 (English)
S.No. 30,Bench,"MUKHARJI, SABYASACHI (J),MISRA RANGNATH,OZA, G.L. (J),RAY, B.C. (J) & VENKATACHALLIAH, M.N. (J),VENKATACHALLIAH, M.N. (J) & RANGNATHAN, S.",
S.No. 30,Judgment By,,
,,,
S.No. 31,Diary Number,82399 / 1993,Judgment
S.No. 31,Case Number,C.A. No.-005101-005101 / 1996,26-08-1988 (English)
S.No. 31,Petitioner Name,GHAZIABAD DEVELOPMENT AUTHORITY,26-08-1988 (English)
S.No. 31,Respondent Name,ANOOP SINGH,26-08-1988 (English)
S.No. 31,Petitioner's Advocate,SUDHIR KULSHRESHTHA,26-08-1988 (English)
S.No. 31,Respondent's Advocate,BINA GUPTA,26-08-1988 (English)
S.No. 31,Bench,"MUKHARJI,SABYASACHI (J)",
S.No. 31,Judgment By,,
,,,
