﻿Column-0,Column-1,Column-2,Column-3
S.No. 1,Diary Number,,Judgment
S.No. 1,Case Number,Writ Petition(Criminal) 1075 of 1982,"18-10-1982 (English)
18-10-1982 (English)
15-10-1982 (English)
15-10-1982 (English)
14-10-1982 (English)
13-10-1982 (English)
13-10-1982 (English)
01-10-1982 (English)
18-09-1982 (English)
26-08-1982 (English)
25-08-1982 (English)"
S.No. 1,Petitioner Name,DEVI LAL MAHTO,"18-10-1982 (English)
18-10-1982 (English)
15-10-1982 (English)
15-10-1982 (English)
14-10-1982 (English)
13-10-1982 (English)
13-10-1982 (English)
01-10-1982 (English)
18-09-1982 (English)
26-08-1982 (English)
25-08-1982 (English)"
S.No. 1,Respondent Name,STATE OF BIHAR AND ANR.,"18-10-1982 (English)
18-10-1982 (English)
15-10-1982 (English)
15-10-1982 (English)
14-10-1982 (English)
13-10-1982 (English)
13-10-1982 (English)
01-10-1982 (English)
18-09-1982 (English)
26-08-1982 (English)
25-08-1982 (English)"
S.No. 1,Petitioner's Advocate,,"18-10-1982 (English)
18-10-1982 (English)
15-10-1982 (English)
15-10-1982 (English)
14-10-1982 (English)
13-10-1982 (English)
13-10-1982 (English)
01-10-1982 (English)
18-09-1982 (English)
26-08-1982 (English)
25-08-1982 (English)"
S.No. 1,Respondent's Advocate,,"18-10-1982 (English)
18-10-1982 (English)
15-10-1982 (English)
15-10-1982 (English)
14-10-1982 (English)
13-10-1982 (English)
13-10-1982 (English)
01-10-1982 (English)
18-09-1982 (English)
26-08-1982 (English)
25-08-1982 (English)"
S.No. 1,Bench,"DESAI,D.A.",
S.No. 1,Judgment By,,
,,,
S.No. 2,Diary Number,8918 / 1998,Judgment
S.No. 2,Case Number,Crl.A. No.-000796-000796 / 1998,09-12-1981 (English)
S.No. 2,Petitioner Name,HARNEK SINGH,09-12-1981 (English)
S.No. 2,Respondent Name,STATE OF PUNJAB,09-12-1981 (English)
S.No. 2,Petitioner's Advocate,R. D. UPADHYAY,09-12-1981 (English)
S.No. 2,Respondent's Advocate,,09-12-1981 (English)
S.No. 2,Bench,"KOSHAL,A.D.",
S.No. 2,Judgment By,,
,,,
S.No. 3,Diary Number,20529 / 1999,Judgment
S.No. 3,Case Number,C.A. No.-002227-002227 / 2000,07-10-1982 (English)
S.No. 3,Petitioner Name,M/S. PRECISION STEEL & ENGG.WORKS,07-10-1982 (English)
S.No. 3,Respondent Name,PREM DEVA NIRANJAN DEVA TAYAL,07-10-1982 (English)
S.No. 3,Petitioner's Advocate,,07-10-1982 (English)
S.No. 3,Respondent's Advocate,,07-10-1982 (English)
S.No. 3,Bench,"DESAI,D.A.",
S.No. 3,Judgment By,,
,,,
S.No. 4,Diary Number,60025 / 1970,Judgment
S.No. 4,Case Number,C.A. No.-001048-001048 / 1970,23-02-1982 (English)
S.No. 4,Petitioner Name,"MUNICIPAL COUNCIL, DAMOH",23-02-1982 (English)
S.No. 4,Respondent Name,VRAJLAL MANILAL AND CO.,23-02-1982 (English)
S.No. 4,Petitioner's Advocate,S. S. KHANDUSA,23-02-1982 (English)
S.No. 4,Respondent's Advocate,,23-02-1982 (English)
S.No. 4,Bench,"TULZAPURKAR,V.D.",
S.No. 4,Judgment By,,
,,,
S.No. 5,Diary Number,60577 / 1978,Judgment
S.No. 5,Case Number,W.P.(C) No.-004675-004675 / 1978,03-11-1981 (English)
S.No. 5,Petitioner Name,"GHULAM ABBAS(DEAD, THRU LRS)",03-11-1981 (English)
S.No. 5,Respondent Name,STATE OF U.P. .,03-11-1981 (English)
S.No. 5,Petitioner's Advocate,S. JANANI,03-11-1981 (English)
S.No. 5,Respondent's Advocate,GUNNAM VENKATESWARA RAO,03-11-1981 (English)
S.No. 5,Bench,"TULZAPURKAR,V.D.",
S.No. 5,Judgment By,,
,,,
S.No. 6,Diary Number,62167 / 1979,Judgment
S.No. 6,Case Number,C.A. No.-003346-003346 / 1979,28-01-1982 (English)
S.No. 6,Petitioner Name,PUNJAB SUGAR MILLS CO. LTD.,28-01-1982 (English)
S.No. 6,Respondent Name,UNION OF INDIA .,28-01-1982 (English)
S.No. 6,Petitioner's Advocate,ANIP SACHTHEY,28-01-1982 (English)
S.No. 6,Respondent's Advocate,,28-01-1982 (English)
S.No. 6,Bench,"REDDY,O. CHINNAPPA (J)",
S.No. 6,Judgment By,,
,,,
