﻿Column-0,Column-1,Column-2,Column-3
S.No. 1,Diary Number,,Judgment
S.No. 1,Case Number,Appeal Civil 1712 of 1973,"10-10-1980 (English)
10-10-1980 (English)
09-10-1980 (English)
09-10-1980 (English)
09-10-1980 (English)
08-10-1980 (English)
07-10-1980 (English)
26-09-1980 (English)
26-09-1980 (English)
25-09-1980 (English)
25-09-1980 (English)"
S.No. 1,Petitioner Name,"THE CONTROLLER OF ESTATE DUTY, LUCKNOW","10-10-1980 (English)
10-10-1980 (English)
09-10-1980 (English)
09-10-1980 (English)
09-10-1980 (English)
08-10-1980 (English)
07-10-1980 (English)
26-09-1980 (English)
26-09-1980 (English)
25-09-1980 (English)
25-09-1980 (English)"
S.No. 1,Respondent Name,ALOKE MITRA,"10-10-1980 (English)
10-10-1980 (English)
09-10-1980 (English)
09-10-1980 (English)
09-10-1980 (English)
08-10-1980 (English)
07-10-1980 (English)
26-09-1980 (English)
26-09-1980 (English)
25-09-1980 (English)
25-09-1980 (English)"
S.No. 1,Petitioner's Advocate,,"10-10-1980 (English)
10-10-1980 (English)
09-10-1980 (English)
09-10-1980 (English)
09-10-1980 (English)
08-10-1980 (English)
07-10-1980 (English)
26-09-1980 (English)
26-09-1980 (English)
25-09-1980 (English)
25-09-1980 (English)"
S.No. 1,Respondent's Advocate,,"10-10-1980 (English)
10-10-1980 (English)
09-10-1980 (English)
09-10-1980 (English)
09-10-1980 (English)
08-10-1980 (English)
07-10-1980 (English)
26-09-1980 (English)
26-09-1980 (English)
25-09-1980 (English)
25-09-1980 (English)"
S.No. 1,Bench,"SEN,A.P. (J)",
S.No. 1,Judgment By,,
,,,
S.No. 2,Diary Number,3108 / 1995,Judgment
S.No. 2,Case Number,Crl.A. No.-001094-001094 / 1995,29-01-1980 (English)
S.No. 2,Petitioner Name,ASHOK KUMAR,29-01-1980 (English)
S.No. 2,Respondent Name,STATE (DELHI ADMN.),29-01-1980 (English)
S.No. 2,Petitioner's Advocate,,29-01-1980 (English)
S.No. 2,Respondent's Advocate,,29-01-1980 (English)
S.No. 2,Bench,"KRISHNAIYER,V.R.",
S.No. 2,Judgment By,,
,,,
S.No. 3,Diary Number,60028 / 1970,Judgment
S.No. 3,Case Number,C.A. No.-001237-001237 / 1970,16-04-1980 (English)
S.No. 3,Petitioner Name,JIT RAM SHIV KUMAR & ORS ETC.,16-04-1980 (English)
S.No. 3,Respondent Name,STATE OF HARYANA,16-04-1980 (English)
S.No. 3,Petitioner's Advocate,PREM MALHOTRA,16-04-1980 (English)
S.No. 3,Respondent's Advocate,RAJINDER NARAIN & CO.,16-04-1980 (English)
S.No. 3,Bench,"KAILASAM,P.S.",
S.No. 3,Judgment By,,
,,,
S.No. 4,Diary Number,61117 / 1979,Judgment
S.No. 4,Case Number,SLP(Crl) No.-002856-002856 / 1979,29-07-1980 (English)
S.No. 4,Petitioner Name,"MUNICIPAL COUNCIL, RATLAM",29-07-1980 (English)
S.No. 4,Respondent Name,VIRDI CHAND .,29-07-1980 (English)
S.No. 4,Petitioner's Advocate,SUSHIL KUMAR JAIN,29-07-1980 (English)
S.No. 4,Respondent's Advocate,,29-07-1980 (English)
S.No. 4,Bench,"KRISHNAIYER,V.R.",
S.No. 4,Judgment By,,
,,,
S.No. 5,Diary Number,62253 / 1979,Judgment
S.No. 5,Case Number,C.A. No.-000014-000014 / 1979,09-05-1980 (English)
S.No. 5,Petitioner Name,RAMZAN,09-05-1980 (English)
S.No. 5,Respondent Name,MS. JINDO((BY L.R.'S) .,09-05-1980 (English)
S.No. 5,Petitioner's Advocate,ARVIND MINOCHA,09-05-1980 (English)
S.No. 5,Respondent's Advocate,,09-05-1980 (English)
S.No. 5,Bench,"CHANDRACHUD, Y.V. ((CJ),BHAGWATI, P.N.,KRISHNAIYER, V.R.,TULZAPURKAR, V.D.,SEN, A.P. (J)",
S.No. 5,Judgment By,,
,,,
S.No. 6,Diary Number,62317 / 1979,Judgment
S.No. 6,Case Number,C.A. No.-000140-000140 / 1979,30-07-1980 (English)
S.No. 6,Petitioner Name,K.K. KRISHNAN,30-07-1980 (English)
S.No. 6,Respondent Name,M.K. VIJAYA RAGHAVAN,30-07-1980 (English)
S.No. 6,Petitioner's Advocate,SAHARYA & CO.,30-07-1980 (English)
S.No. 6,Respondent's Advocate,,30-07-1980 (English)
S.No. 6,Bench,"REDDY,O. CHINNAPPA (J)",
S.No. 6,Judgment By,,
,,,
S.No. 7,Diary Number,62326 / 1979,Judgment
S.No. 7,Case Number,W.P.(C) No.-000444-000444 / 1979,10-09-1980 (English)
S.No. 7,Petitioner Name,INDIAN OIL CORPORATION LTD.,10-09-1980 (English)
S.No. 7,Respondent Name,UNION OF INDIA,10-09-1980 (English)
S.No. 7,Petitioner's Advocate,,10-09-1980 (English)
S.No. 7,Respondent's Advocate,,10-09-1980 (English)
S.No. 7,Bench,"GUPTA,A.C.",
S.No. 7,Judgment By,,
,,,
S.No. 8,Diary Number,62452 / 1979,Judgment
S.No. 8,Case Number,C.A. No.-003115-003115 / 1979,04-09-1980 (English)
S.No. 8,Petitioner Name,JAWAHARLAL NEHRU UNIVERSITY,04-09-1980 (English)
S.No. 8,Respondent Name,B.S. NARWAL,04-09-1980 (English)
S.No. 8,Petitioner's Advocate,,04-09-1980 (English)
S.No. 8,Respondent's Advocate,RESPONDENT-IN-PERSON,04-09-1980 (English)
S.No. 8,Bench,"REDDY,O. CHINNAPPA (J)",
S.No. 8,Judgment By,,
,,,
S.No. 9,Diary Number,62492 / 1979,Judgment
S.No. 9,Case Number,C.A. No.-002057-002058 / 1979,19-03-1980 (English)
S.No. 9,Petitioner Name,DMAI,19-03-1980 (English)
S.No. 9,Respondent Name,,19-03-1980 (English)
S.No. 9,Petitioner's Advocate,,19-03-1980 (English)
S.No. 9,Respondent's Advocate,,19-03-1980 (English)
S.No. 9,Bench,"DESAI,D.A.",
S.No. 9,Judgment By,,
,,,
