﻿Column-0,Column-1,Column-2,Column-3
S.No. 1,Diary Number,,Judgment
S.No. 1,Case Number,Election Petition (Civil) 1 of 1987,"16-10-1987 (English)
16-10-1987 (English)
15-10-1987 (English)
15-10-1987 (English)
15-10-1987 (English)
14-10-1987 (English)
14-10-1987 (English)
13-10-1987 (English)
12-10-1987 (English)
12-10-1987 (English)
09-10-1987 (English)"
S.No. 1,Petitioner Name,MITHILESH KUMAR,"16-10-1987 (English)
16-10-1987 (English)
15-10-1987 (English)
15-10-1987 (English)
15-10-1987 (English)
14-10-1987 (English)
14-10-1987 (English)
13-10-1987 (English)
12-10-1987 (English)
12-10-1987 (English)
09-10-1987 (English)"
S.No. 1,Respondent Name,SRI R. VENKATARAMAN & ORS.,"16-10-1987 (English)
16-10-1987 (English)
15-10-1987 (English)
15-10-1987 (English)
15-10-1987 (English)
14-10-1987 (English)
14-10-1987 (English)
13-10-1987 (English)
12-10-1987 (English)
12-10-1987 (English)
09-10-1987 (English)"
S.No. 1,Petitioner's Advocate,,"16-10-1987 (English)
16-10-1987 (English)
15-10-1987 (English)
15-10-1987 (English)
15-10-1987 (English)
14-10-1987 (English)
14-10-1987 (English)
13-10-1987 (English)
12-10-1987 (English)
12-10-1987 (English)
09-10-1987 (English)"
S.No. 1,Respondent's Advocate,,"16-10-1987 (English)
16-10-1987 (English)
15-10-1987 (English)
15-10-1987 (English)
15-10-1987 (English)
14-10-1987 (English)
14-10-1987 (English)
13-10-1987 (English)
12-10-1987 (English)
12-10-1987 (English)
09-10-1987 (English)"
S.No. 1,Bench,"VENKATARAMIAH, E.S. (J),MISRA RANGNATH,OZA, G.L. (J),DUTT, M.M. (J),SINGH, K.N. (J)",
S.No. 1,Judgment By,,
,,,
S.No. 2,Diary Number,7534 / 1995,Judgment
S.No. 2,Case Number,C.A. No.-000037-000037 / 1996,22-01-1987 (English)
S.No. 2,Petitioner Name,R.B.I.,22-01-1987 (English)
S.No. 2,Respondent Name,PEERLESS GENL. FIN. & INVEST.CO.,22-01-1987 (English)
S.No. 2,Petitioner's Advocate,,22-01-1987 (English)
S.No. 2,Respondent's Advocate,,22-01-1987 (English)
S.No. 2,Bench,"REDDY,O. CHINNAPPA (J)",
S.No. 2,Judgment By,,
,,,
S.No. 3,Diary Number,60231 / 1974,Judgment
S.No. 3,Case Number,C.A. No.-000237-000239 / 1974,24-09-1987 (English)
S.No. 3,Petitioner Name,HARI SHANKAR,24-09-1987 (English)
S.No. 3,Respondent Name,BOARD OF REVENUE .,24-09-1987 (English)
S.No. 3,Petitioner's Advocate,R. D. UPADHYAY,24-09-1987 (English)
S.No. 3,Respondent's Advocate,A. K. GUPTA,24-09-1987 (English)
S.No. 3,Bench,,
S.No. 3,Judgment By,,
,,,
S.No. 4,Diary Number,60670 / 1976,Judgment
S.No. 4,Case Number,C.A. No.-000886-000886 / 1976,09-01-1987 (English)
S.No. 4,Petitioner Name,AMAR SINGH VERMA,09-01-1987 (English)
S.No. 4,Respondent Name,OM PRAKASH,09-01-1987 (English)
S.No. 4,Petitioner's Advocate,PETITIONER-IN-PERSON,09-01-1987 (English)
S.No. 4,Respondent's Advocate,,09-01-1987 (English)
S.No. 4,Bench,"SINGH,K.N. (J)",
S.No. 4,Judgment By,,
,,,
S.No. 5,Diary Number,63132 / 1980,Judgment
S.No. 5,Case Number,C.A. No.-001955-001956 / 1980,21-07-1987 (English)
S.No. 5,Petitioner Name,DMAI,21-07-1987 (English)
S.No. 5,Respondent Name,,21-07-1987 (English)
S.No. 5,Petitioner's Advocate,,21-07-1987 (English)
S.No. 5,Respondent's Advocate,,21-07-1987 (English)
S.No. 5,Bench,"MUKHARJI,SABYASACHI (J)",
S.No. 5,Judgment By,,
,,,
S.No. 6,Diary Number,63261 / 1982,Judgment
S.No. 6,Case Number,W.P.(Crl.) No.-001061-001061 / 1982,20-11-1986 (English)
S.No. 6,Petitioner Name,BANWASI SEVA ASHRAM,20-11-1986 (English)
S.No. 6,Respondent Name,STATE OF U.P..,20-11-1986 (English)
S.No. 6,Petitioner's Advocate,M. A. KRISHNA MOORTHY,20-11-1986 (English)
S.No. 6,Respondent's Advocate,AJIT SINGH PUNDIR,20-11-1986 (English)
S.No. 6,Bench,"BHAGWATI,P.N. (CJ)",
S.No. 6,Judgment By,,
,,,
S.No. 7,Diary Number,63824 / 1987,Judgment
S.No. 7,Case Number,SLP(C) No.-009564-009564 / 1987,17-09-1987 (English)
S.No. 7,Petitioner Name,THE AHMEDABAD MFG.& CALICO PRIN.CO.LTD.,17-09-1987 (English)
S.No. 7,Respondent Name,MUNICIPAL CORPORATION OF GR.BOMBAY&ORS.,17-09-1987 (English)
S.No. 7,Petitioner's Advocate,,17-09-1987 (English)
S.No. 7,Respondent's Advocate,,17-09-1987 (English)
S.No. 7,Bench,"MUKHARJI,SABYASACHI (J)",
S.No. 7,Judgment By,,
,,,
S.No. 8,Diary Number,63997 / 1985,Judgment
S.No. 8,Case Number,W.P.(C) No.-003727-003727 / 1985,22-09-1987 (English)
S.No. 8,Petitioner Name,M.C.MEHTA,22-09-1987 (English)
S.No. 8,Respondent Name,UNION OF INDIA .,22-09-1987 (English)
S.No. 8,Petitioner's Advocate,PETITIONER-IN-PERSON,22-09-1987 (English)
S.No. 8,Respondent's Advocate,A. SUBHASHINI,22-09-1987 (English)
S.No. 8,Bench,,
S.No. 8,Judgment By,,
,,,
S.No. 9,Diary Number,64725 / 1983,Judgment
S.No. 9,Case Number,C.A. No.-002969-002969 / 1983,07-08-1987 (English)
S.No. 9,Petitioner Name,SHRI R.D. GUPTA,07-08-1987 (English)
S.No. 9,Respondent Name,"LT.GOVERNOR,DELHI ADMINISTRATION .",07-08-1987 (English)
S.No. 9,Petitioner's Advocate,C. M. CHOPRA,07-08-1987 (English)
S.No. 9,Respondent's Advocate,,07-08-1987 (English)
S.No. 9,Bench,"NATRAJAN,S. (J)",
S.No. 9,Judgment By,,
,,,
S.No. 10,Diary Number,65764 / 1988,Judgment
S.No. 10,Case Number,C.A. No.-000112-000112 / 1988,20-07-1987 (English)
S.No. 10,Petitioner Name,SHRI BUDHAVARAPU VENKATA SURYAGOPALAM OR,20-07-1987 (English)
S.No. 10,Respondent Name,KOTIKALAPURDI VENKATALAKSHMI .,20-07-1987 (English)
S.No. 10,Petitioner's Advocate,Y. PRABHAKARA RAO,20-07-1987 (English)
S.No. 10,Respondent's Advocate,K. RAM KUMAR,20-07-1987 (English)
S.No. 10,Bench,"REDDY,O. CHINNAPPA (J)",
S.No. 10,Judgment By,,
,,,
S.No. 11,Diary Number,65943 / 1985,Judgment
S.No. 11,Case Number,W.P.(C) No.-012739-012739 / 1985,20-12-1986 (English)
S.No. 11,Petitioner Name,M.C.MEHTA,20-12-1986 (English)
S.No. 11,Respondent Name,UNION OF INDIA .,20-12-1986 (English)
S.No. 11,Petitioner's Advocate,PETITIONER-IN-PERSON,20-12-1986 (English)
S.No. 11,Respondent's Advocate,,20-12-1986 (English)
S.No. 11,Bench,,
S.No. 11,Judgment By,,
,,,
S.No. 12,Diary Number,67472 / 1986,Judgment
S.No. 12,Case Number,/,04-02-1987 (English)
S.No. 12,Petitioner Name,,04-02-1987 (English)
S.No. 12,Respondent Name,,04-02-1987 (English)
S.No. 12,Petitioner's Advocate,,04-02-1987 (English)
S.No. 12,Respondent's Advocate,,04-02-1987 (English)
S.No. 12,Bench,"REDDY,O. CHINNAPPA (J)",
S.No. 12,Judgment By,,
,,,
S.No. 13,Diary Number,67537 / 1986,Judgment
S.No. 13,Case Number,Crl.A. No.-000468-000468 / 1986,29-10-1986 (English)
S.No. 13,Petitioner Name,SHRI A.R. ANTULAY,29-10-1986 (English)
S.No. 13,Respondent Name,SHRI R.S. NAYAK,29-10-1986 (English)
S.No. 13,Petitioner's Advocate,,29-10-1986 (English)
S.No. 13,Respondent's Advocate,,29-10-1986 (English)
S.No. 13,Bench,"VENKATARAMIAH,E.S. (J)",
S.No. 13,Judgment By,,
,,,
S.No. 14,Diary Number,68051 / 1984,Judgment
S.No. 14,Case Number,W.P.(C) No.-013748-013784 / 1984,22-01-1987 (English)
S.No. 14,Petitioner Name,HEM RAJ & 19 ORS.,22-01-1987 (English)
S.No. 14,Respondent Name,UNION OF INDIA THRU. SOLYEES STATE INSUR,22-01-1987 (English)
S.No. 14,Petitioner's Advocate,,22-01-1987 (English)
S.No. 14,Respondent's Advocate,,22-01-1987 (English)
S.No. 14,Bench,"VENKATARAMIAH,E.S. (J)",
S.No. 14,Judgment By,,
,,,
S.No. 15,Diary Number,69036 / 1987,Judgment
S.No. 15,Case Number,C.A. No.-000859-000859 / 1987,19-08-1987 (English)
S.No. 15,Petitioner Name,ABHAY SINGH SURANA,19-08-1987 (English)
S.No. 15,Respondent Name,THE SECRETARY .,19-08-1987 (English)
S.No. 15,Petitioner's Advocate,,19-08-1987 (English)
S.No. 15,Respondent's Advocate,C. V. SUBBA RAO,19-08-1987 (English)
S.No. 15,Bench,"MUKHARJI,SABYASACHI (J)",
S.No. 15,Judgment By,,
,,,
S.No. 16,Diary Number,69055 / 1987,Judgment
S.No. 16,Case Number,W.P.(C) No.-000177-000177 / 1987,18-09-1987 (English)
S.No. 16,Petitioner Name,K.I.SHEPHERED,18-09-1987 (English)
S.No. 16,Respondent Name,UNION OF INDIA .,18-09-1987 (English)
S.No. 16,Petitioner's Advocate,,18-09-1987 (English)
S.No. 16,Respondent's Advocate,,18-09-1987 (English)
S.No. 16,Bench,MISRA RANGNATH,
S.No. 16,Judgment By,,
,,,
S.No. 17,Diary Number,69148 / 1988,Judgment
S.No. 17,Case Number,W.P.(C) No.-001141-001141 / 1988,18-08-1987 (English)
S.No. 17,Petitioner Name,COMMON CAUSE (A)REGD.SOCIETY,18-08-1987 (English)
S.No. 17,Respondent Name,UNION OF INDIA .,18-08-1987 (English)
S.No. 17,Petitioner's Advocate,PETITIONER-IN-PERSON,18-08-1987 (English)
S.No. 17,Respondent's Advocate,ARVIND KUMAR SHARMA,18-08-1987 (English)
S.No. 17,Bench,MISRA RANGNATH,
S.No. 17,Judgment By,,
,,,
S.No. 18,Diary Number,76132 / 1992,Judgment
S.No. 18,Case Number,SLP(C) No.-016698-016698 / 1992,16-01-1987 (English)
S.No. 18,Petitioner Name,TELECOMMUNICATION ENGINEERING,16-01-1987 (English)
S.No. 18,Respondent Name,UNION OF INDIA,16-01-1987 (English)
S.No. 18,Petitioner's Advocate,C. K. SUCHARITA,16-01-1987 (English)
S.No. 18,Respondent's Advocate,ANIL KATIYAR,16-01-1987 (English)
S.No. 18,Bench,"VENKATARAMIAH,E.S. (J)",
S.No. 18,Judgment By,,
,,,
S.No. 19,Diary Number,76199 / 1990,Judgment
S.No. 19,Case Number,W.P.(C) No.-000821-000821 / 1990,09-12-1986 (English)
S.No. 19,Petitioner Name,"COMMON CAUSE, A REGD. SOCIETY",09-12-1986 (English)
S.No. 19,Respondent Name,UNION OF INDIA .,09-12-1986 (English)
S.No. 19,Petitioner's Advocate,PETITIONER-IN-PERSON,09-12-1986 (English)
S.No. 19,Respondent's Advocate,,09-12-1986 (English)
S.No. 19,Bench,MISRA RANGNATH,
S.No. 19,Judgment By,,
,,,
S.No. 20,Diary Number,76859 / 1996,Judgment
S.No. 20,Case Number,C.A. No.-014769-014769 / 1996,29-04-1987 (English)
S.No. 20,Petitioner Name,COMMR. OF SALES TAX,29-04-1987 (English)
S.No. 20,Respondent Name,AGRA BELTING WORKS,29-04-1987 (English)
S.No. 20,Petitioner's Advocate,,29-04-1987 (English)
S.No. 20,Respondent's Advocate,,29-04-1987 (English)
S.No. 20,Bench,MISRA RANGNATH,
S.No. 20,Judgment By,,
,,,
