﻿Column-0,Column-1,Column-2,Column-3
S.No. 1,Case Number,Appeal (civil) 1085 of 1981,"16-10-1981 (English)
16-10-1981 (English)
15-10-1981 (English)
14-10-1981 (English)
01-10-1981 (English)
01-10-1981 (English)
29-09-1981 (English)
29-09-1981 (English)
28-09-1981 (English)
25-09-1981 (English)
22-09-1981 (English)"
S.No. 2,Case Number,C.A. No.-001420-001420 / 1973,04-11-1980 (English)
S.No. 3,Case Number,W.P.(C) No.-001099-001099 / 1979,02-03-1981 (English)
S.No. 4,Case Number,C.A. No.-000852-000852 / 1980,02-09-1981 (English)
S.No. 5,Case Number,C.A. No.-010001-010001 / 1983,08-01-1981 (English)
S.No. 6,Case Number,Crl.A. No.-000435-000435 / 1994,24-02-1981 (English)
