﻿Column-0,Column-1,Column-2,Column-3
S.No. 1,Case Number,Review Petition (crl.) 135-136 of 2011,"03-10-2011 (English)
30-09-2011 (English)
27-09-2011 (English)
23-09-2011 (English)
07-09-2011 (English)
02-09-2011 (English)
02-09-2011 (English)
02-09-2011 (English)
02-09-2011 (English)
17-08-2011 (English)
08-08-2011 (English)"
S.No. 2,Case Number,C.A. No.-001108-001109 / 2011,28-01-2011 (English)
S.No. 3,Case Number,C.A. No.-000023-000023 / 2011,03-01-2011 (English)
S.No. 4,Case Number,C.A. No.-001689-001690 / 2003,22-10-2010 (English)
S.No. 5,Case Number,Crl.A. No.-001736-001736 / 2007,06-07-2011 (English)
S.No. 6,Case Number,C.A. No.-002931-002931 / 2011,04-04-2011 (English)
S.No. 7,Case Number,Crl.A. No.-000537-000537 / 2009,09-03-2011 (English)
S.No. 8,Case Number,C.A. No.-001757-001757 / 2002,29-10-2010 (English)
S.No. 9,Case Number,Crl.A. No.-001528-001528 / 2005,04-04-2011 (English)
S.No. 10,Case Number,C.A. No.-007872-007872 / 2011,15-09-2011 (English)
S.No. 11,Case Number,Crl.A. No.-000353-000353 / 2005,15-03-2011 (English)
S.No. 12,Case Number,C.A. No.-001206-001206 / 2005,20-01-2011 (English)
S.No. 13,Case Number,C.A. No.-009906-009906 / 2003,10-02-2011 (English)
S.No. 14,Case Number,C.A. No.-004129-004129 / 2009,13-04-2011 (English)
S.No. 15,Case Number,C.A. No.-002363-002363 / 2007,10-08-2011 (English)
S.No. 16,Case Number,SLP(C) No.-002784-002784 / 2004,10-03-2011 (English)
S.No. 17,Case Number,C.A. No.-009601-009602 / 2010,09-11-2010 (English)
S.No. 18,Case Number,C.A. No.-000949-000949 / 2006,07-01-2011 (English)
S.No. 19,Case Number,Crl.A. No.-000881-000881 / 2008,19-04-2011 (English)
S.No. 20,Case Number,C.A. No.-001383-001383 / 2010,06-07-2011 (English)
S.No. 21,Case Number,Crl.A. No.-000450-000450 / 2007,19-04-2011 (English)
S.No. 22,Case Number,Crl.A. No.-000605-000605 / 2007,20-01-2011 (English)
S.No. 23,Case Number,W.P.(C) No.-000043-000043 / 2006,03-02-2011 (English)
S.No. 24,Case Number,Crl.A. No.-000363-000363 / 2005,14-12-2010 (English)
S.No. 25,Case Number,Crl.A. No.-001117-001117 / 2011,09-05-2011 (English)
S.No. 26,Case Number,Crl.A. No.-001289-001289 / 2005,18-03-2011 (English)
S.No. 27,Case Number,Crl.A. No.-002169-002169 / 2010,19-11-2010 (English)
S.No. 28,Case Number,Crl.A. No.-000289-000289 / 2005,18-03-2011 (English)
S.No. 29,Case Number,C.A. No.-000846-000846 / 2011,21-01-2011 (English)
S.No. 30,Case Number,C.A. No.-004307-004307 / 2007,19-08-2011 (English)
S.No. 31,Case Number,C.A. No.-002983-002988 / 2011,06-04-2011 (English)
S.No. 32,Case Number,C.A. No.-007139-007139 / 2008,07-09-2011 (English)
S.No. 33,Case Number,Crl.A. No.-000641-000641 / 2007,13-04-2011 (English)
S.No. 34,Case Number,C.A. No.-002957-002957 / 2013,22-07-2011 (English)
S.No. 35,Case Number,C.A. No.-008200-008200 / 2011,26-09-2011 (English)
S.No. 36,Case Number,SLP(C) No.-002457-002458 / 2009,25-10-2010 (English)
S.No. 37,Case Number,C.A. No.-007922-007923 / 2011,15-09-2011 (English)
S.No. 38,Case Number,W.P.(C) No.-000051-000051 / 2006,18-04-2011 (English)
S.No. 39,Case Number,Crl.A. No.-000583-000583 / 2004,28-10-2010 (English)
S.No. 40,Case Number,C.A. No.-009238-009238 / 2003,14-10-2011 (English)
S.No. 41,Case Number,Crl.A. No.-000610-000610 / 2007,19-09-2011 (English)
S.No. 42,Case Number,Crl.A. No.-000670-000670 / 2011,07-03-2011 (English)
S.No. 43,Case Number,Crl.A. No.-000550-000550 / 2007,13-07-2011 (English)
S.No. 44,Case Number,C.A. No.-003261-003261 / 2011,15-04-2011 (English)
S.No. 45,Case Number,C.A. No.-001921-001923 / 2003,10-12-2010 (English)
S.No. 46,Case Number,SLP(C) No.-002659-002659 / 2011,23-02-2011 (English)
S.No. 47,Case Number,C.A. No.-009753-009753 / 2010,15-11-2010 (English)
S.No. 48,Case Number,Crl.A. No.-001274-001274 / 2009,25-01-2011 (English)
S.No. 49,Case Number,Crl.A. No.-001857-001857 / 2010,21-07-2011 (English)
S.No. 50,Case Number,C.A. No.-008539-008539 / 2011,11-10-2011 (English)
S.No. 51,Case Number,C.A. No.-010665-010665 / 2010,13-12-2010 (English)
S.No. 52,Case Number,SLP(C) No.-008660-008660 / 2009,09-05-2011 (English)
S.No. 53,Case Number,Crl.A. No.-000664-000664 / 2006,14-07-2011 (English)
S.No. 54,Case Number,Crl.A. No.-001415-001415 / 2007,13-04-2011 (English)
S.No. 55,Case Number,C.A. No.-005797-005797 / 2002,23-09-2011 (English)
S.No. 56,Case Number,Crl.A. No.-000531-000531 / 2005,11-04-2011 (English)
S.No. 57,Case Number,Crl.A. No.-000902-000902 / 2007,24-02-2011 (English)
S.No. 58,Case Number,Crl.A. No.-000925-000925 / 2007,21-07-2011 (English)
S.No. 59,Case Number,Crl.A. No.-000438-000438 / 2005,01-03-2011 (English)
S.No. 60,Case Number,C.A. No.-007766-007766 / 2011,09-09-2011 (English)
S.No. 61,Case Number,C.A. No.-005310-005310 / 2010,12-05-2011 (English)
S.No. 62,Case Number,Crl.A. No.-000015-000015 / 2011,05-01-2011 (English)
S.No. 63,Case Number,C.A. No.-004959-004962 / 2011,05-07-2011 (English)
S.No. 64,Case Number,SLP(C) No.-001995-001996 / 2006,25-01-2011 (English)
S.No. 65,Case Number,Crl.A. No.-000831-000831 / 2007,14-06-2011 (English)
S.No. 66,Case Number,C.A. No.-001160-001160 / 2006,15-12-2010 (English)
S.No. 67,Case Number,C.A. No.-004917-004917 / 2011,04-07-2011 (English)
S.No. 68,Case Number,C.A. No.-000899-000899 / 2011,24-01-2011 (English)
S.No. 69,Case Number,C.A. No.-004926-004926 / 2011,04-07-2011 (English)
S.No. 70,Case Number,C.A. No.-007030-007031 / 2011,17-08-2011 (English)
S.No. 71,Case Number,Crl.A. No.-001211-001211 / 2004,02-12-2010 (English)
S.No. 72,Case Number,Crl.A. No.-001153-001153 / 2004,22-10-2010 (English)
S.No. 73,Case Number,C.A. No.-003495-003495 / 2001,08-09-2011 (English)
S.No. 74,Case Number,C.A. No.-001848-001848 / 2005,02-05-2011 (English)
S.No. 75,Case Number,C.A. No.-001095-001095 / 2008,07-12-2010 (English)
S.No. 76,Case Number,Crl.A. No.-000374-000374 / 2005,16-12-2010 (English)
S.No. 77,Case Number,C.A. No.-000432-000432 / 2011,10-01-2011 (English)
S.No. 78,Case Number,C.A. No.-008439-008439 / 2001,22-09-2011 (English)
S.No. 79,Case Number,Crl.A. No.-000943-000943 / 2005,29-10-2010 (English)
S.No. 80,Case Number,C.A. No.-007571-007571 / 2011,02-09-2011 (English)
S.No. 81,Case Number,C.A. No.-003537-003537 / 2002,15-09-2011 (English)
S.No. 82,Case Number,C.A. No.-001017-001017 / 2007,30-03-2011 (English)
S.No. 83,Case Number,Crl.A. No.-000219-000219 / 2007,09-08-2011 (English)
S.No. 84,Case Number,Crl.A. No.-001072-001072 / 2006,27-10-2010 (English)
S.No. 85,Case Number,C.A. No.-007674-007674 / 2011,06-09-2011 (English)
S.No. 86,Case Number,C.A. No.-003726-003726 / 2011,26-07-2011 (English)
S.No. 87,Case Number,Crl.A. No.-001101-001101 / 2004,07-07-2011 (English)
S.No. 88,Case Number,W.P.(C) No.-000039-000039 / 2006,11-05-2011 (English)
S.No. 89,Case Number,Crl.A. No.-000755-000755 / 2011,05-04-2011 (English)
S.No. 90,Case Number,Crl.A. No.-000379-000379 / 2009,20-04-2011 (English)
S.No. 91,Case Number,C.A. No.-004972-004972 / 2011,04-07-2011 (English)
S.No. 92,Case Number,Crl.A. No.-001868-001868 / 2011,27-09-2011 (English)
S.No. 93,Case Number,Crl.A. No.-000415-000415 / 2007,22-07-2011 (English)
S.No. 94,Case Number,Crl.A. No.-001119-001119 / 2008,20-04-2011 (English)
S.No. 95,Case Number,C.A. No.-001863-001863 / 2011,14-02-2011 (English)
S.No. 96,Case Number,Crl.A. No.-000389-000389 / 2004,29-03-2011 (English)
S.No. 97,Case Number,C.A. No.-007824-007824 / 2011,13-09-2011 (English)
S.No. 98,Case Number,C.A. No.-001883-001883 / 2011,17-02-2011 (English)
S.No. 99,Case Number,C.A. No.-004371-004383 / 2004,21-01-2011 (English)
S.No. 100,Case Number,C.A. No.-001583-001583 / 2003,22-11-2010 (English)
S.No. 101,Case Number,Crl.A. No.-000069-000070 / 2008,19-10-2010 (English)
S.No. 102,Case Number,C.A. No.-002275-002292 / 2005,07-12-2010 (English)
S.No. 103,Case Number,Crl.A. No.-001131-001131 / 2010,14-07-2011 (English)
S.No. 104,Case Number,C.A. No.-008986-009012 / 2010,20-10-2010 (English)
S.No. 105,Case Number,Crl.A. No.-000082-000083 / 2005,29-08-2011 (English)
S.No. 106,Case Number,Crl.A. No.-000174-000174 / 2006,27-10-2010 (English)
S.No. 107,Case Number,W.P.(C) No.-000202-000202 / 1995,"06-07-2011 (English)
03-12-2010 (English)"
S.No. 108,Case Number,SLP(Crl) No.-010302-010302 / 2010,22-02-2011 (English)
S.No. 109,Case Number,Crl.A. No.-000656-000656 / 2005,04-08-2011 (English)
S.No. 110,Case Number,C.A. No.-007376-007376 / 2011,19-08-2011 (English)
S.No. 111,Case Number,Crl.A. No.-000037-000037 / 2006,26-10-2010 (English)
S.No. 112,Case Number,Crl.A. No.-000426-000426 / 2005,04-08-2011 (English)
S.No. 113,Case Number,Crl.A. No.-000973-000973 / 2003,09-11-2010 (English)
S.No. 114,Case Number,Crl.A. No.-000769-000769 / 2006,14-01-2011 (English)
S.No. 115,Case Number,C.A. No.-007823-007823 / 2011,13-09-2011 (English)
S.No. 116,Case Number,Crl.A. No.-001499-001499 / 2011,29-07-2011 (English)
S.No. 117,Case Number,W.P.(C) No.-000080-000080 / 2006,04-07-2011 (English)
S.No. 118,Case Number,C.A. No.-006013-006013 / 2011,28-07-2011 (English)
S.No. 119,Case Number,ARBIT.CASE(C) No.-000007-000007 / 2009,13-09-2011 (English)
S.No. 120,Case Number,C.A. No.-006896-006896 / 2002,06-07-2011 (English)
S.No. 121,Case Number,T.P.(C) No.-000182-000182 / 2011,14-02-2011 (English)
S.No. 122,Case Number,Crl.A. No.-000215-000215 / 2011,24-01-2011 (English)
S.No. 123,Case Number,C.A. No.-002814-002814 / 2011,31-03-2011 (English)
S.No. 124,Case Number,C.A. No.-000810-000810 / 2007,01-04-2011 (English)
S.No. 125,Case Number,Crl.A. No.-001413-001414 / 2011,"17-08-2011 (English)
19-07-2011 (English)"
S.No. 126,Case Number,C.A. No.-001441-001441 / 2011,07-02-2011 (English)
S.No. 127,Case Number,Crl.A. No.-000232-000232 / 2005,01-02-2011 (English)
S.No. 128,Case Number,Crl.A. No.-000992-000992 / 2007,18-05-2011 (English)
S.No. 129,Case Number,W.P.(C) No.-000150-000150 / 1997,09-05-2011 (English)
S.No. 130,Case Number,Crl.A. No.-000005-000005 / 2011,03-01-2011 (English)
S.No. 131,Case Number,C.A. No.-007780-007780 / 2011,"12-09-2011 (English)
12-09-2011 (English)"
S.No. 132,Case Number,C.A. No.-007570-007570 / 2011,02-09-2011 (English)
S.No. 133,Case Number,Crl.A. No.-001331-001331 / 2008,26-04-2011 (English)
S.No. 134,Case Number,C.A. No.-005094-005094 / 2005,10-05-2011 (English)
S.No. 135,Case Number,C.A. No.-008638-008638 / 2011,13-10-2011 (English)
S.No. 136,Case Number,Crl.A. No.-000447-000447 / 2005,21-07-2011 (English)
S.No. 137,Case Number,W.P.(C) No.-000066-000066 / 2007,23-08-2011 (English)
S.No. 138,Case Number,Crl.A. No.-000029-000029 / 2006,19-04-2011 (English)
S.No. 139,Case Number,C.A. No.-004305-004306 / 2011,12-05-2011 (English)
S.No. 140,Case Number,C.A. No.-003051-003051 / 2003,16-12-2010 (English)
S.No. 141,Case Number,C.A. No.-004935-004935 / 2006,01-12-2010 (English)
S.No. 142,Case Number,C.A. No.-004077-004077 / 2003,30-08-2011 (English)
S.No. 143,Case Number,C.A. No.-002420-002420 / 2011,10-03-2011 (English)
S.No. 144,Case Number,Crl.A. No.-000705-000705 / 2008,29-10-2010 (English)
S.No. 145,Case Number,Crl.A. No.-000376-000376 / 2006,14-12-2010 (English)
S.No. 146,Case Number,C.A. No.-001909-001909 / 2004,15-09-2011 (English)
S.No. 147,Case Number,C.A. No.-001709-001709 / 2007,18-08-2011 (English)
S.No. 148,Case Number,C.A. No.-001608-001608 / 2005,29-10-2010 (English)
S.No. 149,Case Number,CONMT.PET.(C) No.-000140-000144 / 2011,10-05-2011 (English)
S.No. 150,Case Number,Crl.A. No.-001504-001504 / 2011,29-07-2011 (English)
S.No. 151,Case Number,Crl.A. No.-000112-000112 / 2011,10-08-2011 (English)
S.No. 152,Case Number,C.A. No.-002481-002481 / 2005,10-05-2011 (English)
S.No. 153,Case Number,Crl.A. No.-000916-000916 / 2005,11-04-2011 (English)
S.No. 154,Case Number,Crl.A. No.-000916-000916 / 2011,08-04-2011 (English)
S.No. 155,Case Number,Crl.A. No.-000996-000996 / 2005,11-11-2010 (English)
S.No. 156,Case Number,C.A. No.-002521-002521 / 2006,17-10-2011 (English)
S.No. 157,Case Number,C.A. No.-007327-007327 / 2011,23-08-2011 (English)
S.No. 158,Case Number,C.A. No.-005861-005861 / 2007,01-03-2011 (English)
S.No. 159,Case Number,Crl.A. No.-001516-001516 / 2010,10-10-2011 (English)
S.No. 160,Case Number,C.A. No.-004052-004054 / 2003,07-04-2011 (English)
S.No. 161,Case Number,C.A. No.-009481-009483 / 2010,29-10-2010 (English)
S.No. 162,Case Number,C.A. No.-008400-008401 / 2011,30-09-2011 (English)
S.No. 163,Case Number,C.A. No.-010231-010231 / 2010,03-12-2010 (English)
S.No. 164,Case Number,Crl.A. No.-000690-000690 / 2011,09-03-2011 (English)
S.No. 165,Case Number,C.A. No.-000200-000200 / 2007,14-07-2011 (English)
S.No. 166,Case Number,C.A. No.-002522-002522 / 2011,16-03-2011 (English)
S.No. 167,Case Number,C.A. No.-008537-008537 / 2011,10-10-2011 (English)
S.No. 168,Case Number,C.A. No.-003784-003784 / 2011,29-04-2011 (English)
S.No. 169,Case Number,C.A. No.-005740-005741 / 2005,13-04-2011 (English)
S.No. 170,Case Number,C.A. No.-009741-009742 / 2010,15-11-2010 (English)
S.No. 171,Case Number,C.A. No.-008629-008629 / 2011,13-10-2011 (English)
S.No. 172,Case Number,Crl.A. No.-002163-002163 / 2010,12-11-2010 (English)
S.No. 173,Case Number,C.A. No.-001926-001926 / 2011,18-02-2011 (English)
S.No. 174,Case Number,C.A. No.-002572-002572 / 2011,17-03-2011 (English)
S.No. 175,Case Number,C.A. No.-003203-003203 / 2011,11-04-2011 (English)
S.No. 176,Case Number,C.A. No.-003245-003245 / 2003,14-01-2011 (English)
S.No. 177,Case Number,C.A. No.-007333-007333 / 2011,25-08-2011 (English)
S.No. 178,Case Number,SLP(C) No.-005348-005348 / 2010,12-01-2011 (English)
S.No. 179,Case Number,C.A. No.-008610-008610 / 2011,12-10-2011 (English)
S.No. 180,Case Number,Crl.A. No.-000590-000590 / 2005,05-01-2011 (English)
S.No. 181,Case Number,Crl.A. No.-000630-000630 / 2004,"24-11-2010 (English)
23-11-2010 (English)"
S.No. 182,Case Number,C.A. No.-000848-000848 / 2011,21-01-2011 (English)
S.No. 183,Case Number,C.A. No.-009896-009896 / 2010,23-11-2010 (English)
S.No. 184,Case Number,C.A. No.-002347-002347 / 2011,07-03-2011 (English)
S.No. 185,Case Number,C.A. No.-007325-007325 / 2011,16-08-2011 (English)
S.No. 186,Case Number,Crl.A. No.-001921-001921 / 2011,14-10-2011 (English)
S.No. 187,Case Number,Crl.A. No.-001625-001625 / 2009,17-03-2011 (English)
S.No. 188,Case Number,C.A. No.-002897-002897 / 2006,26-08-2011 (English)
S.No. 189,Case Number,C.A. No.-005481-005481 / 2011,15-07-2011 (English)
S.No. 190,Case Number,C.A. No.-005347-005347 / 2001,18-11-2010 (English)
S.No. 191,Case Number,C.A. No.-002681-002681 / 2011,18-03-2011 (English)
S.No. 192,Case Number,C.A. No.-001585-001586 / 2005,11-08-2011 (English)
S.No. 193,Case Number,Crl.A. No.-000562-000562 / 2007,04-07-2011 (English)
S.No. 194,Case Number,C.A. No.-001227-001227 / 2011,02-02-2011 (English)
S.No. 195,Case Number,Crl.A. No.-001071-001071 / 2009,16-12-2010 (English)
S.No. 196,Case Number,C.A. No.-003446-003446 / 2003,14-03-2011 (English)
S.No. 197,Case Number,C.A. No.-004888-004888 / 2005,06-09-2011 (English)
S.No. 198,Case Number,C.A. No.-000288-000289 / 2005,21-10-2010 (English)
S.No. 199,Case Number,SLP(C) No.-005727-005735 / 2011,05-04-2011 (English)
S.No. 200,Case Number,C.A. No.-004360-004360 / 2010,15-12-2010 (English)
S.No. 201,Case Number,Crl.A. No.-000388-000388 / 2004,09-03-2011 (English)
S.No. 202,Case Number,Crl.A. No.-001511-001511 / 2003,29-03-2011 (English)
S.No. 203,Case Number,Crl.A. No.-001327-001327 / 2008,13-07-2011 (English)
S.No. 204,Case Number,C.A. No.-007785-007785 / 2011,12-09-2011 (English)
S.No. 205,Case Number,C.A. No.-007106-007106 / 2011,19-08-2011 (English)
S.No. 206,Case Number,C.A. No.-008093-008093 / 2004,29-09-2011 (English)
S.No. 207,Case Number,SLP(C) No.-006385-006385 / 2010,07-12-2010 (English)
S.No. 208,Case Number,Crl.A. No.-000725-000725 / 2006,12-07-2011 (English)
S.No. 209,Case Number,Crl.A. No.-000610-000610 / 2011,01-03-2011 (English)
S.No. 210,Case Number,Crl.A. No.-001768-001768 / 2011,09-09-2011 (English)
S.No. 211,Case Number,C.A. No.-004922-004922 / 2011,04-07-2011 (English)
S.No. 212,Case Number,Crl.A. No.-001071-001072 / 2011,29-04-2011 (English)
S.No. 213,Case Number,Crl.A. No.-001051-001051 / 2009,08-08-2011 (English)
S.No. 214,Case Number,C.A. No.-003265-003266 / 2003,06-12-2010 (English)
S.No. 215,Case Number,Crl.A. No.-001256-001256 / 2011,04-07-2011 (English)
S.No. 216,Case Number,Crl.A. No.-000876-000876 / 2003,12-09-2011 (English)
S.No. 217,Case Number,C.A. No.-008123-008123 / 2004,05-01-2011 (English)
S.No. 218,Case Number,C.A. No.-000804-000804 / 2011,19-01-2011 (English)
S.No. 219,Case Number,Crl.A. No.-000945-000945 / 2003,25-02-2011 (English)
S.No. 220,Case Number,C.A. No.-005295-005295 / 2003,02-08-2011 (English)
S.No. 221,Case Number,C.A. No.-002334-002334 / 2011,07-03-2011 (English)
S.No. 222,Case Number,C.A. No.-008983-008983 / 2010,20-10-2010 (English)
S.No. 223,Case Number,C.A. No.-006201-006201 / 2011,02-08-2011 (English)
S.No. 224,Case Number,Crl.A. No.-001863-001863 / 2008,26-04-2011 (English)
S.No. 225,Case Number,C.A. No.-001493-001493 / 2011,08-02-2011 (English)
S.No. 226,Case Number,C.A. No.-010271-010272 / 2010,03-12-2010 (English)
S.No. 227,Case Number,Crl.A. No.-001623-001623 / 2008,18-11-2010 (English)
S.No. 228,Case Number,C.A. No.-000839-000839 / 2008,15-12-2010 (English)
S.No. 229,Case Number,C.A. No.-005077-005077 / 2011,05-07-2011 (English)
S.No. 230,Case Number,Crl.A. No.-001033-001033 / 2005,30-03-2011 (English)
S.No. 231,Case Number,C.A. No.-003568-003568 / 2005,25-11-2010 (English)
S.No. 232,Case Number,C.A. No.-008534-008534 / 2011,10-10-2011 (English)
S.No. 233,Case Number,C.A. No.-007389-007389 / 2011,26-08-2011 (English)
S.No. 234,Case Number,Crl.A. No.-000970-000970 / 2007,19-10-2010 (English)
S.No. 235,Case Number,C.A. No.-004510-004514 / 2011,13-05-2011 (English)
S.No. 236,Case Number,C.A. No.-006205-006205 / 2011,02-08-2011 (English)
S.No. 237,Case Number,C.A. No.-007731-007731 / 2011,07-09-2011 (English)
S.No. 238,Case Number,C.A. No.-002797-002797 / 2011,30-03-2011 (English)
S.No. 239,Case Number,C.A. No.-000821-000821 / 2004,17-02-2011 (English)
S.No. 240,Case Number,C.A. No.-002188-002188 / 2008,02-09-2011 (English)
S.No. 241,Case Number,Crl.A. No.-000953-000953 / 2011,18-04-2011 (English)
S.No. 242,Case Number,Crl.A. No.-000006-000008 / 2004,03-02-2011 (English)
S.No. 243,Case Number,C.A. No.-000984-000984 / 2006,12-01-2011 (English)
S.No. 244,Case Number,C.A. No.-003303-003303 / 2008,15-07-2011 (English)
S.No. 245,Case Number,Crl.A. No.-000098-000098 / 2006,14-12-2010 (English)
S.No. 246,Case Number,C.A. No.-006438-006438 / 2005,02-09-2011 (English)
S.No. 247,Case Number,Crl.A. No.-000503-000503 / 2008,13-09-2011 (English)
S.No. 248,Case Number,C.A. No.-000044-000044 / 2007,17-02-2011 (English)
S.No. 249,Case Number,Crl.A. No.-001323-001323 / 2004,22-02-2011 (English)
S.No. 250,Case Number,C.A. No.-003779-003779 / 2011,29-04-2011 (English)
S.No. 251,Case Number,Crl.A. No.-001198-001198 / 2007,27-01-2011 (English)
S.No. 252,Case Number,C.A. No.-005280-005280 / 2006,08-03-2011 (English)
S.No. 253,Case Number,C.A. No.-002823-002823 / 2009,14-01-2011 (English)
S.No. 254,Case Number,C.A. No.-002915-002915 / 2011,04-04-2011 (English)
S.No. 255,Case Number,Crl.A. No.-001582-001582 / 2011,12-08-2011 (English)
S.No. 256,Case Number,C.A. No.-005075-005075 / 2005,21-04-2011 (English)
S.No. 257,Case Number,C.A. No.-003486-003486 / 2011,21-04-2011 (English)
S.No. 258,Case Number,C.A. No.-000231-000231 / 2005,25-11-2010 (English)
S.No. 259,Case Number,C.A. No.-002152-002152 / 2011,28-02-2011 (English)
S.No. 260,Case Number,C.A. No.-004422-004422 / 2002,15-04-2011 (English)
S.No. 261,Case Number,Crl.A. No.-002164-002164 / 2010,12-11-2010 (English)
S.No. 262,Case Number,C.A. No.-003615-003615 / 2011,25-04-2011 (English)
S.No. 263,Case Number,SLP(C) No.-009728-009729 / 2011,04-04-2011 (English)
S.No. 264,Case Number,C.A. No.-006058-006058 / 2011,29-07-2011 (English)
S.No. 265,Case Number,C.A. No.-004924-004924 / 2011,04-07-2011 (English)
S.No. 266,Case Number,C.A. No.-001405-001405 / 2007,15-04-2011 (English)
S.No. 267,Case Number,Crl.A. No.-001612-001612 / 2011,05-08-2011 (English)
S.No. 268,Case Number,Crl.A. No.-001770-001770 / 2011,09-09-2011 (English)
S.No. 269,Case Number,C.A. No.-002694-002694 / 2006,12-11-2010 (English)
S.No. 270,Case Number,C.A. No.-001550-001550 / 2011,10-02-2011 (English)
S.No. 271,Case Number,Crl.A. No.-000455-000455 / 2004,06-05-2011 (English)
S.No. 272,Case Number,C.A. No.-002080-002080 / 2011,02-02-2011 (English)
S.No. 273,Case Number,C.A. No.-002926-002926 / 2011,05-04-2011 (English)
S.No. 274,Case Number,C.A. No.-007041-007043 / 2002,22-10-2010 (English)
S.No. 275,Case Number,C.A. No.-000072-000072 / 2003,27-01-2011 (English)
S.No. 276,Case Number,Crl.A. No.-000339-000339 / 2007,16-09-2011 (English)
S.No. 277,Case Number,Crl.A. No.-002024-002024 / 2010,20-10-2010 (English)
S.No. 278,Case Number,C.A. No.-002844-002844 / 2011,"31-03-2011 (English)
31-03-2011 (English)"
S.No. 279,Case Number,C.A. No.-010135-010142 / 2010,29-11-2010 (English)
S.No. 280,Case Number,C.A. No.-004949-004949 / 2011,05-07-2011 (English)
S.No. 281,Case Number,C.A. No.-003401-003401 / 2003,26-09-2011 (English)
S.No. 282,Case Number,C.A. No.-010452-010457 / 2010,10-12-2010 (English)
S.No. 283,Case Number,C.A. No.-004500-004502 / 2003,09-08-2011 (English)
S.No. 284,Case Number,C.A. No.-006026-006027 / 2007,13-10-2011 (English)
S.No. 285,Case Number,SLP(C) No.-007421-007422 / 2008,02-08-2011 (English)
S.No. 286,Case Number,C.A. No.-000188-000188 / 2011,07-01-2011 (English)
S.No. 287,Case Number,C.A. No.-005348-005350 / 2011,12-07-2011 (English)
S.No. 288,Case Number,C.A. No.-010650-010650 / 2010,15-12-2010 (English)
S.No. 289,Case Number,Crl.A. No.-001453-001453 / 2011,18-07-2011 (English)
S.No. 290,Case Number,C.A. No.-008118-008121 / 2010,04-07-2011 (English)
S.No. 291,Case Number,C.A. No.-004732-004732 / 1999,02-05-2011 (English)
S.No. 292,Case Number,C.A. No.-001825-001825 / 2006,23-11-2010 (English)
S.No. 293,Case Number,Crl.A. No.-001902-001902 / 2011,11-10-2011 (English)
S.No. 294,Case Number,C.A. No.-005420-005420 / 2011,11-07-2011 (English)
S.No. 295,Case Number,Crl.A. No.-001923-001923 / 2008,15-12-2010 (English)
S.No. 296,Case Number,Crl.A. No.-000644-000644 / 2004,24-11-2010 (English)
S.No. 297,Case Number,C.A. No.-002006-002006 / 2006,25-08-2011 (English)
S.No. 298,Case Number,C.A. No.-005876-005876 / 2009,27-10-2010 (English)
S.No. 299,Case Number,C.A. No.-003195-003195 / 2011,11-04-2011 (English)
S.No. 300,Case Number,C.A. No.-006454-006454 / 2011,09-08-2011 (English)
S.No. 301,Case Number,C.A. No.-001082-001082 / 2011,28-01-2011 (English)
S.No. 302,Case Number,C.A. No.-007037-007037 / 2004,09-08-2011 (English)
S.No. 303,Case Number,C.A. No.-001284-001284 / 2011,09-02-2011 (English)
S.No. 304,Case Number,C.A. No.-003660-003660 / 2006,09-11-2010 (English)
S.No. 305,Case Number,C.A. No.-003541-003541 / 2011,25-04-2011 (English)
S.No. 306,Case Number,C.A. No.-003190-003190 / 2011,11-04-2011 (English)
S.No. 307,Case Number,C.A. No.-000476-000476 / 2003,18-03-2011 (English)
S.No. 308,Case Number,Crl.A. No.-000307-000307 / 2006,28-10-2010 (English)
S.No. 309,Case Number,C.A. No.-001282-001282 / 2011,03-02-2011 (English)
S.No. 310,Case Number,C.A. No.-000666-000666 / 2011,17-01-2011 (English)
S.No. 311,Case Number,Crl.A. No.-000761-000761 / 2005,29-03-2011 (English)
S.No. 312,Case Number,C.A. No.-004069-004069 / 2008,13-10-2011 (English)
S.No. 313,Case Number,SLP(C) No.-011945-011945 / 2010,08-07-2011 (English)
S.No. 314,Case Number,Crl.A. No.-000575-000575 / 2007,24-01-2011 (English)
S.No. 315,Case Number,C.A. No.-009485-009485 / 2010,29-10-2010 (English)
S.No. 316,Case Number,C.A. No.-007784-007784 / 2011,12-09-2011 (English)
S.No. 317,Case Number,SLP(C) No.-011230-011230 / 2008,26-09-2011 (English)
S.No. 318,Case Number,C.A. No.-003072-003073 / 2004,05-04-2011 (English)
S.No. 319,Case Number,C.A. No.-003349-003349 / 2005,28-04-2011 (English)
S.No. 320,Case Number,Crl.A. No.-000807-000807 / 2007,03-02-2011 (English)
S.No. 321,Case Number,CONMT.PET.(C) No.-000139-000139 / 2011,13-05-2011 (English)
S.No. 322,Case Number,Crl.A. No.-000902-000902 / 2011,08-04-2011 (English)
S.No. 323,Case Number,C.A. No.-007179-007179 / 2005,09-12-2010 (English)
S.No. 324,Case Number,C.A. No.-004948-004948 / 2011,05-07-2011 (English)
S.No. 325,Case Number,C.A. No.-002407-002407 / 2011,09-03-2011 (English)
S.No. 326,Case Number,Crl.A. No.-000611-000611 / 2011,01-03-2011 (English)
S.No. 327,Case Number,C.A. No.-001783-001783 / 2005,01-12-2010 (English)
S.No. 328,Case Number,C.A. No.-004255-004255 / 2002,18-07-2011 (English)
S.No. 329,Case Number,C.A. No.-004056-004064 / 1999,30-03-2011 (English)
S.No. 330,Case Number,C.A. No.-001894-001894 / 2011,17-02-2011 (English)
S.No. 331,Case Number,C.A. No.-004435-004435 / 2011,13-05-2011 (English)
S.No. 332,Case Number,Crl.A. No.-001643-001643 / 2005,06-01-2011 (English)
S.No. 333,Case Number,C.A. No.-004406-004406 / 2010,10-08-2011 (English)
S.No. 334,Case Number,C.A. No.-003788-003788 / 2003,28-02-2011 (English)
S.No. 335,Case Number,C.A. No.-006034-006034 / 2011,28-07-2011 (English)
S.No. 336,Case Number,C.A. No.-003480-003480 / 2005,14-09-2011 (English)
S.No. 337,Case Number,C.A. No.-004330-004331 / 2011,12-05-2011 (English)
S.No. 338,Case Number,C.A. No.-003448-003448 / 2008,03-08-2011 (English)
S.No. 339,Case Number,C.A. No.-001264-001264 / 2009,23-02-2011 (English)
S.No. 340,Case Number,Crl.A. No.-001043-001043 / 2002,07-12-2010 (English)
S.No. 341,Case Number,Crl.A. No.-001423-001423 / 2010,14-07-2011 (English)
S.No. 342,Case Number,Crl.A. No.-000803-000803 / 2007,05-08-2011 (English)
S.No. 343,Case Number,C.A. No.-010661-010661 / 2010,16-12-2010 (English)
S.No. 344,Case Number,Crl.A. No.-001360-001360 / 2003,28-01-2011 (English)
S.No. 345,Case Number,C.A. No.-006904-006904 / 2011,11-08-2011 (English)
S.No. 346,Case Number,Crl.A. No.-000989-000989 / 2003,03-01-2011 (English)
S.No. 347,Case Number,C.A. No.-004253-004253 / 2002,04-04-2011 (English)
S.No. 348,Case Number,C.A. No.-003703-003703 / 2003,11-01-2011 (English)
S.No. 349,Case Number,Crl.A. No.-000360-000377 / 2011,08-02-2011 (English)
S.No. 350,Case Number,C.A. No.-008747-008747 / 2011,14-10-2011 (English)
S.No. 351,Case Number,Crl.A. No.-000001-000001 / 2006,26-10-2010 (English)
S.No. 352,Case Number,C.A. No.-002924-002924 / 2008,06-05-2011 (English)
S.No. 353,Case Number,C.A. No.-004099-004099 / 2000,05-05-2011 (English)
S.No. 354,Case Number,Crl.A. No.-001531-001531 / 2011,05-08-2011 (English)
S.No. 355,Case Number,C.A. No.-000711-000711 / 2011,18-01-2011 (English)
S.No. 356,Case Number,C.A. No.-005579-005586 / 2001,19-10-2010 (English)
S.No. 357,Case Number,C.A. No.-004422-004422 / 2011,13-05-2011 (English)
S.No. 358,Case Number,Crl.A. No.-001519-001519 / 2008,04-04-2011 (English)
S.No. 359,Case Number,C.A. No.-001922-001922 / 2011,15-02-2011 (English)
S.No. 360,Case Number,Crl.A. No.-000517-000517 / 2004,23-11-2010 (English)
S.No. 361,Case Number,Crl.A. No.-000919-000919 / 2009,10-08-2011 (English)
S.No. 362,Case Number,C.A. No.-001911-001911 / 2006,19-07-2011 (English)
S.No. 363,Case Number,Crl.A. No.-000748-000748 / 2011,17-03-2011 (English)
S.No. 364,Case Number,C.A. No.-004329-004329 / 2011,12-05-2011 (English)
S.No. 365,Case Number,Crl.A. No.-000186-000186 / 2006,27-10-2010 (English)
S.No. 366,Case Number,C.A. No.-001430-001431 / 2011,07-02-2011 (English)
S.No. 367,Case Number,C.A. No.-002558-002558 / 2011,17-03-2011 (English)
S.No. 368,Case Number,C.A. No.-007634-007634 / 1999,20-09-2011 (English)
S.No. 369,Case Number,W.P.(C) No.-000260-000260 / 2004,"12-05-2011 (English)
21-01-2011 (English)"
S.No. 370,Case Number,Crl.A. No.-001129-001129 / 2006,07-04-2011 (English)
S.No. 371,Case Number,Crl.A. No.-000271-000271 / 2011,31-01-2011 (English)
S.No. 372,Case Number,C.A. No.-006039-006039 / 2003,07-12-2010 (English)
S.No. 373,Case Number,C.A. No.-002276-002276 / 2011,02-03-2011 (English)
S.No. 374,Case Number,C.A. No.-006314-006315 / 2001,03-03-2011 (English)
S.No. 375,Case Number,C.A. No.-006662-006670 / 2002,14-10-2011 (English)
S.No. 376,Case Number,C.A. No.-005286-005287 / 2005,06-09-2011 (English)
S.No. 377,Case Number,C.A. No.-005406-005445 / 2005,06-04-2011 (English)
S.No. 378,Case Number,C.A. No.-004925-004925 / 2011,04-07-2011 (English)
S.No. 379,Case Number,C.A. No.-007588-007588 / 2005,29-09-2011 (English)
S.No. 380,Case Number,C.A. No.-004409-004409 / 2010,09-08-2011 (English)
S.No. 381,Case Number,C.A. No.-005101-005101 / 2005,11-03-2011 (English)
S.No. 382,Case Number,C.A. No.-002129-002130 / 2004,04-03-2011 (English)
S.No. 383,Case Number,C.A. No.-001977-001977 / 2011,21-02-2011 (English)
S.No. 384,Case Number,ARBIT.CASE(C) No.-000010-000010 / 2010,03-03-2011 (English)
S.No. 385,Case Number,C.A. No.-001891-001891 / 2011,17-02-2011 (English)
S.No. 386,Case Number,Crl.A. No.-001208-001208 / 2003,23-11-2010 (English)
S.No. 387,Case Number,Crl.A. No.-001547-001547 / 2010,28-07-2011 (English)
S.No. 388,Case Number,C.A. No.-004111-004111 / 2008,12-05-2011 (English)
S.No. 389,Case Number,C.A. No.-007326-007326 / 2011,16-08-2011 (English)
S.No. 390,Case Number,Crl.A. No.-001675-001675 / 2011,29-08-2011 (English)
S.No. 391,Case Number,C.A. No.-006525-006525 / 2004,21-10-2010 (English)
S.No. 392,Case Number,C.A. No.-006956-006956 / 2004,04-03-2011 (English)
S.No. 393,Case Number,Crl.A. No.-001236-001236 / 2006,22-02-2011 (English)
S.No. 394,Case Number,C.A. No.-000565-000565 / 2011,14-01-2011 (English)
S.No. 395,Case Number,Crl.A. No.-002374-002374 / 2010,14-12-2010 (English)
S.No. 396,Case Number,C.A. No.-006639-006639 / 2003,13-10-2011 (English)
S.No. 397,Case Number,Crl.A. No.-000024-000024 / 2006,26-10-2010 (English)
S.No. 398,Case Number,C.A. No.-000190-000190 / 2007,28-09-2011 (English)
S.No. 399,Case Number,C.A. No.-003123-003130 / 2011,08-04-2011 (English)
S.No. 400,Case Number,Crl.A. No.-000793-000793 / 2006,27-01-2011 (English)
S.No. 401,Case Number,Crl.A. No.-000285-000286 / 2011,01-02-2011 (English)
S.No. 402,Case Number,C.A. No.-004294-004295 / 2002,18-02-2011 (English)
S.No. 403,Case Number,C.A. No.-004462-004462 / 2003,07-09-2011 (English)
S.No. 404,Case Number,C.A. No.-003626-003626 / 2005,14-01-2011 (English)
S.No. 405,Case Number,C.A. No.-005216-005217 / 2003,26-11-2010 (English)
S.No. 406,Case Number,Crl.A. No.-001450-001450 / 2008,11-03-2011 (English)
S.No. 407,Case Number,C.A. No.-004214-004215 / 2011,10-05-2011 (English)
S.No. 408,Case Number,Crl.A. No.-001251-001251 / 2011,04-07-2011 (English)
S.No. 409,Case Number,C.A. No.-003617-003617 / 2011,26-04-2011 (English)
S.No. 410,Case Number,Crl.A. No.-001902-001902 / 2010,31-03-2011 (English)
S.No. 411,Case Number,C.A. No.-009743-009743 / 2010,15-11-2010 (English)
S.No. 412,Case Number,C.A. No.-007520-007523 / 2011,30-08-2011 (English)
S.No. 413,Case Number,C.A. No.-008528-008528 / 2011,11-10-2011 (English)
S.No. 414,Case Number,C.A. No.-003286-003286 / 2007,20-04-2011 (English)
S.No. 415,Case Number,C.A. No.-004233-004233 / 2007,21-04-2011 (English)
S.No. 416,Case Number,C.A. No.-000788-000788 / 2006,19-04-2011 (English)
S.No. 417,Case Number,Crl.A. No.-001318-001318 / 2005,24-05-2011 (English)
S.No. 418,Case Number,C.A. No.-000497-000497 / 2011,12-01-2011 (English)
S.No. 419,Case Number,C.A. No.-005440-005440 / 2002,15-04-2011 (English)
S.No. 420,Case Number,C.A. No.-007796-007796 / 1997,01-03-2011 (English)
S.No. 421,Case Number,Crl.A. No.-000008-000008 / 2005,05-05-2011 (English)
S.No. 422,Case Number,C.A. No.-003935-003935 / 2011,04-05-2011 (English)
S.No. 423,Case Number,Crl.A. No.-000364-000364 / 2009,29-06-2011 (English)
S.No. 424,Case Number,Crl.A. No.-000791-000792 / 2005,15-02-2011 (English)
S.No. 425,Case Number,Crl.A. No.-000999-000999 / 2007,07-07-2011 (English)
S.No. 426,Case Number,Crl.A. No.-001398-001398 / 2008,25-01-2011 (English)
S.No. 427,Case Number,Crl.A. No.-000782-000782 / 2007,09-11-2010 (English)
S.No. 428,Case Number,C.A. No.-006319-006319 / 2011,04-08-2011 (English)
S.No. 429,Case Number,Crl.A. No.-002086-002086 / 2010,29-10-2010 (English)
S.No. 430,Case Number,Crl.A. No.-001283-001283 / 2006,13-01-2011 (English)
S.No. 431,Case Number,Crl.A. No.-000066-000066 / 2006,08-02-2011 (English)
S.No. 432,Case Number,Crl.A. No.-001082-001082 / 2005,14-03-2011 (English)
S.No. 433,Case Number,Crl.A. No.-000078-000078 / 2003,26-07-2011 (English)
S.No. 434,Case Number,C.A. No.-006801-006801 / 2003,25-11-2010 (English)
S.No. 435,Case Number,Crl.A. No.-000920-000922 / 2009,22-02-2011 (English)
S.No. 436,Case Number,W.P.(C) No.-000267-000267 / 2004,10-03-2011 (English)
S.No. 437,Case Number,C.A. No.-003753-003753 / 2011,28-04-2011 (English)
S.No. 438,Case Number,Crl.A. No.-000262-000262 / 2006,29-03-2011 (English)
S.No. 439,Case Number,Crl.A. No.-000937-000937 / 2005,17-06-2011 (English)
S.No. 440,Case Number,SLP(C) No.-012469-012469 / 2010,24-06-2011 (English)
S.No. 441,Case Number,C.A. No.-006481-006481 / 2011,09-08-2011 (English)
S.No. 442,Case Number,CONMT.PET.(C) No.-000128-000128 / 2011,12-05-2011 (English)
S.No. 443,Case Number,C.A. No.-009704-009704 / 2010,16-11-2010 (English)
S.No. 444,Case Number,Crl.A. No.-000041-000041 / 2005,27-01-2011 (English)
S.No. 445,Case Number,C.A. No.-005461-005461 / 2011,15-07-2011 (English)
S.No. 446,Case Number,C.A. No.-010229-010230 / 2010,03-12-2010 (English)
S.No. 447,Case Number,W.P.(C) No.-000176-000176 / 2009,"23-09-2011 (English)
04-07-2011 (English)"
S.No. 448,Case Number,SLP(C) No.-010940-010940 / 2008,27-10-2010 (English)
S.No. 449,Case Number,C.A. No.-006786-006786 / 2003,13-10-2011 (English)
S.No. 450,Case Number,C.A. No.-006739-006739 / 2003,18-04-2011 (English)
S.No. 451,Case Number,C.A. No.-000682-000682 / 2011,17-01-2011 (English)
S.No. 452,Case Number,C.A. No.-004213-004213 / 2011,10-05-2011 (English)
S.No. 453,Case Number,C.A. No.-005310-005310 / 2011,05-07-2011 (English)
S.No. 454,Case Number,C.A. No.-004708-004709 / 2002,23-09-2011 (English)
S.No. 455,Case Number,Crl.A. No.-001466-001467 / 2011,25-07-2011 (English)
S.No. 456,Case Number,C.A. No.-000516-000527 / 2004,21-10-2010 (English)
S.No. 457,Case Number,Crl.A. No.-002161-002161 / 2010,25-10-2010 (English)
S.No. 458,Case Number,C.A. No.-002058-002058 / 2011,24-02-2011 (English)
S.No. 459,Case Number,C.A. No.-006334-006335 / 2003,04-07-2011 (English)
S.No. 460,Case Number,C.A. No.-002408-002408 / 2011,09-03-2011 (English)
S.No. 461,Case Number,C.A. No.-003187-003188 / 2011,11-04-2011 (English)
S.No. 462,Case Number,Crl.A. No.-001126-001126 / 2011,10-05-2011 (English)
S.No. 463,Case Number,C.A. No.-001947-001947 / 2011,18-02-2011 (English)
S.No. 464,Case Number,SLP(C) No.-013917-013917 / 2009,11-10-2011 (English)
S.No. 465,Case Number,C.A. No.-001923-001924 / 2011,18-02-2011 (English)
S.No. 466,Case Number,Crl.A. No.-001097-001097 / 2003,18-02-2011 (English)
S.No. 467,Case Number,Crl.A. No.-000802-000802 / 2004,03-05-2011 (English)
S.No. 468,Case Number,C.A. No.-008520-008520 / 2011,11-10-2011 (English)
S.No. 469,Case Number,Crl.A. No.-000763-000763 / 2003,19-11-2010 (English)
S.No. 470,Case Number,C.A. No.-007024-007024 / 2011,17-08-2011 (English)
S.No. 471,Case Number,C.A. No.-005883-005884 / 2011,13-07-2011 (English)
S.No. 472,Case Number,C.A. No.-002534-002534 / 2011,17-10-2011 (English)
S.No. 473,Case Number,C.A. No.-007037-007038 / 2011,17-08-2011 (English)
S.No. 474,Case Number,C.A. No.-002550-002550 / 2010,12-07-2011 (English)
S.No. 475,Case Number,Crl.A. No.-001053-001053 / 2009,18-01-2011 (English)
S.No. 476,Case Number,Crl.A. No.-002272-002272 / 2010,22-09-2011 (English)
S.No. 477,Case Number,C.A. No.-000296-000296 / 2011,11-01-2011 (English)
S.No. 478,Case Number,C.A. No.-001642-001642 / 2011,11-02-2011 (English)
S.No. 479,Case Number,C.A. No.-006373-006374 / 2002,12-01-2011 (English)
S.No. 480,Case Number,C.A. No.-009726-009727 / 2010,12-11-2010 (English)
S.No. 481,Case Number,C.A. No.-001857-001857 / 2003,16-12-2010 (English)
S.No. 482,Case Number,Crl.A. No.-001825-001826 / 2011,20-09-2011 (English)
S.No. 483,Case Number,Crl.A. No.-000011-000011 / 2011,05-01-2011 (English)
S.No. 484,Case Number,Crl.A. No.-001312-001312 / 2004,16-12-2010 (English)
S.No. 485,Case Number,C.A. No.-009762-009762 / 2010,19-11-2010 (English)
S.No. 486,Case Number,C.A. No.-005166-005166 / 2003,06-07-2011 (English)
S.No. 487,Case Number,C.A. No.-001182-001182 / 2003,04-02-2011 (English)
S.No. 488,Case Number,Crl.A. No.-001522-001522 / 2007,25-08-2011 (English)
S.No. 489,Case Number,C.A. No.-000438-000438 / 2011,12-01-2011 (English)
S.No. 490,Case Number,Crl.A. No.-002111-002112 / 2008,18-08-2011 (English)
S.No. 491,Case Number,C.A. No.-003865-003865 / 2006,19-10-2010 (English)
S.No. 492,Case Number,C.A. No.-006349-006349 / 2011,05-08-2011 (English)
S.No. 493,Case Number,C.A. No.-006391-006391 / 2003,02-09-2011 (English)
S.No. 494,Case Number,Crl.A. No.-001361-001361 / 2006,18-01-2011 (English)
S.No. 495,Case Number,Crl.A. No.-001174-001178 / 2011,13-05-2011 (English)
S.No. 496,Case Number,C.A. No.-002719-002719 / 2006,22-11-2010 (English)
S.No. 497,Case Number,C.A. No.-007643-007643 / 2011,05-09-2011 (English)
S.No. 498,Case Number,Crl.A. No.-000199-000199 / 2006,03-02-2011 (English)
S.No. 499,Case Number,Crl.A. No.-001160-001160 / 2005,28-03-2011 (English)
S.No. 500,Case Number,Crl.A. No.-001939-001939 / 2008,17-08-2011 (English)
S.No. 501,Case Number,C.A. No.-003744-003744 / 2005,07-01-2011 (English)
S.No. 502,Case Number,C.A. No.-007471-007471 / 2003,10-12-2010 (English)
S.No. 503,Case Number,C.A. No.-002177-002177 / 2011,28-02-2011 (English)
S.No. 504,Case Number,C.A. No.-003714-003714 / 2005,09-03-2011 (English)
S.No. 505,Case Number,C.A. No.-007021-007021 / 2003,16-08-2011 (English)
S.No. 506,Case Number,C.A. No.-006587-006587 / 2003,31-03-2011 (English)
S.No. 507,Case Number,C.A. No.-002899-002899 / 2006,07-02-2011 (English)
S.No. 508,Case Number,Crl.A. No.-000339-000339 / 2008,19-09-2011 (English)
S.No. 509,Case Number,C.A. No.-010605-010605 / 2010,14-12-2010 (English)
S.No. 510,Case Number,Crl.A. No.-002263-002264 / 2010,01-12-2010 (English)
S.No. 511,Case Number,Crl.A. No.-001041-001041 / 2011,28-04-2011 (English)
S.No. 512,Case Number,C.A. No.-004270-004270 / 2011,11-05-2011 (English)
S.No. 513,Case Number,Crl.A. No.-001758-001758 / 2011,09-09-2011 (English)
S.No. 514,Case Number,C.A. No.-006322-006322 / 2004,04-04-2011 (English)
S.No. 515,Case Number,Crl.A. No.-000817-000817 / 2007,05-04-2011 (English)
S.No. 516,Case Number,C.A. No.-004970-004970 / 2011,04-07-2011 (English)
S.No. 517,Case Number,SLP(C) No.-012981-012981 / 2008,19-11-2010 (English)
S.No. 518,Case Number,W.P.(C) No.-000217-000217 / 2011,05-07-2011 (English)
S.No. 519,Case Number,C.A. No.-006293-006293 / 2011,03-08-2011 (English)
S.No. 520,Case Number,C.A. No.-004202-004202 / 2011,09-05-2011 (English)
S.No. 521,Case Number,C.A. No.-005236-005236 / 2007,04-01-2011 (English)
S.No. 522,Case Number,C.A. No.-000430-000430 / 2011,10-01-2011 (English)
S.No. 523,Case Number,SLP(C) No.-013704-013704 / 2010,24-11-2010 (English)
S.No. 524,Case Number,C.A. No.-003973-003973 / 2010,14-09-2011 (English)
S.No. 525,Case Number,C.A. No.-001119-001119 / 2010,26-08-2011 (English)
S.No. 526,Case Number,C.A. No.-001117-001117 / 2010,26-08-2011 (English)
S.No. 527,Case Number,C.A. No.-003463-003463 / 2003,07-01-2011 (English)
S.No. 528,Case Number,Crl.A. No.-000958-000958 / 2011,19-04-2011 (English)
S.No. 529,Case Number,W.P.(C) No.-000218-000218 / 2011,26-08-2011 (English)
S.No. 530,Case Number,Crl.A. No.-001849-001849 / 2008,17-08-2011 (English)
S.No. 531,Case Number,C.A. No.-007517-007517 / 2011,29-08-2011 (English)
S.No. 532,Case Number,SLP(C) No.-018914-018914 / 2010,18-04-2011 (English)
S.No. 533,Case Number,Crl.A. No.-000451-000452 / 2005,28-04-2011 (English)
S.No. 534,Case Number,W.P.(C) No.-000250-000250 / 2007,05-07-2011 (English)
S.No. 535,Case Number,C.A. No.-004279-004280 / 2011,11-05-2011 (English)
S.No. 536,Case Number,C.A. No.-002451-002451 / 2007,29-09-2011 (English)
S.No. 537,Case Number,C.A. No.-004419-004419 / 2001,18-11-2010 (English)
S.No. 538,Case Number,C.A. No.-004843-004843 / 2007,11-01-2011 (English)
S.No. 539,Case Number,Crl.A. No.-001994-001994 / 2009,05-09-2011 (English)
S.No. 540,Case Number,Crl.A. No.-001006-001006 / 2007,09-06-2011 (English)
S.No. 541,Case Number,Crl.A. No.-001235-001235 / 2005,26-10-2010 (English)
S.No. 542,Case Number,Crl.A. No.-001949-001949 / 2011,11-10-2011 (English)
S.No. 543,Case Number,C.A. No.-006497-006497 / 2002,30-03-2011 (English)
S.No. 544,Case Number,C.A. No.-003860-003860 / 2006,12-11-2010 (English)
S.No. 545,Case Number,C.A. No.-002758-002758 / 2004,22-10-2010 (English)
S.No. 546,Case Number,Crl.A. No.-001322-001322 / 2004,14-01-2011 (English)
S.No. 547,Case Number,Crl.A. No.-000140-000140 / 2004,26-10-2010 (English)
S.No. 548,Case Number,Crl.A. No.-000552-000554 / 2003,02-09-2011 (English)
S.No. 549,Case Number,C.A. No.-005306-005306 / 2005,09-12-2010 (English)
S.No. 550,Case Number,Crl.A. No.-000891-000891 / 2004,11-11-2010 (English)
S.No. 551,Case Number,Crl.A. No.-000889-000889 / 2007,03-02-2011 (English)
S.No. 552,Case Number,C.A. No.-001474-001474 / 2007,20-07-2011 (English)
S.No. 553,Case Number,Crl.A. No.-000909-000910 / 2002,26-10-2010 (English)
S.No. 554,Case Number,C.A. No.-005448-005448 / 2006,19-07-2011 (English)
S.No. 555,Case Number,Crl.A. No.-000132-000134 / 2004,11-01-2011 (English)
S.No. 556,Case Number,C.A. No.-009904-009904 / 2010,15-11-2010 (English)
S.No. 557,Case Number,Crl.A. No.-000697-000697 / 2006,15-06-2011 (English)
S.No. 558,Case Number,C.A. No.-002619-002619 / 2002,18-02-2011 (English)
S.No. 559,Case Number,C.A. No.-002620-002620 / 2002,11-01-2011 (English)
S.No. 560,Case Number,C.A. No.-004923-004923 / 2011,04-07-2011 (English)
S.No. 561,Case Number,C.A. No.-005322-005322 / 2011,12-07-2011 (English)
S.No. 562,Case Number,C.A. No.-007113-007113 / 2005,07-01-2011 (English)
S.No. 563,Case Number,Crl.A. No.-000954-000954 / 2007,10-08-2011 (English)
S.No. 564,Case Number,C.A. No.-005142-005142 / 2011,08-07-2011 (English)
S.No. 565,Case Number,C.A. No.-009224-009224 / 2010,22-10-2010 (English)
S.No. 566,Case Number,Crl.A. No.-001683-001683 / 2011,30-08-2011 (English)
S.No. 567,Case Number,C.A. No.-005961-005961 / 2010,12-10-2011 (English)
S.No. 568,Case Number,C.A. No.-002331-002331 / 2004,19-09-2011 (English)
S.No. 569,Case Number,C.A. No.-005130-005130 / 2009,20-07-2011 (English)
S.No. 570,Case Number,C.A. No.-005514-005514 / 2005,04-04-2011 (English)
S.No. 571,Case Number,C.A. No.-003727-003728 / 2005,21-02-2011 (English)
S.No. 572,Case Number,C.A. No.-005829-005829 / 2002,29-11-2010 (English)
S.No. 573,Case Number,SLP(C) No.-009541-009541 / 2007,06-09-2011 (English)
S.No. 574,Case Number,SLP(C) No.-015221-015221 / 2007,27-10-2010 (English)
S.No. 575,Case Number,Crl.A. No.-000810-000810 / 2004,17-02-2011 (English)
S.No. 576,Case Number,Crl.A. No.-000831-000831 / 2006,08-02-2011 (English)
S.No. 577,Case Number,Crl.A. No.-001291-001291 / 2004,23-11-2010 (English)
S.No. 578,Case Number,Crl.A. No.-001814-001814 / 2011,19-09-2011 (English)
S.No. 579,Case Number,C.A. No.-000005-000005 / 2011,03-01-2011 (English)
S.No. 580,Case Number,Crl.A. No.-000207-000207 / 2007,14-06-2011 (English)
S.No. 581,Case Number,Crl.A. No.-000251-000251 / 2006,27-01-2011 (English)
S.No. 582,Case Number,C.A. No.-009821-009822 / 2010,22-11-2010 (English)
S.No. 583,Case Number,C.A. No.-002320-002320 / 2011,04-03-2011 (English)
S.No. 584,Case Number,C.A. No.-005099-005099 / 2002,15-09-2011 (English)
S.No. 585,Case Number,Crl.A. No.-001441-001441 / 2011,19-07-2011 (English)
S.No. 586,Case Number,C.A. No.-009352-009352 / 2010,26-10-2010 (English)
S.No. 587,Case Number,C.A. No.-002957-002957 / 2011,06-04-2011 (English)
S.No. 588,Case Number,C.A. No.-001043-001043 / 2011,27-01-2011 (English)
S.No. 589,Case Number,Crl.A. No.-000285-000285 / 2008,24-02-2011 (English)
S.No. 590,Case Number,C.A. No.-010267-010267 / 2010,22-10-2010 (English)
S.No. 591,Case Number,Crl.A. No.-001761-001761 / 2011,09-09-2011 (English)
S.No. 592,Case Number,C.A. No.-001272-001272 / 2011,09-02-2011 (English)
S.No. 593,Case Number,C.A. No.-001401-001405 / 2002,11-11-2010 (English)
S.No. 594,Case Number,C.A. No.-000431-000431 / 2011,10-01-2011 (English)
S.No. 595,Case Number,C.A. No.-000128-000128 / 2007,11-08-2011 (English)
S.No. 596,Case Number,C.A. No.-007835-007835 / 2011,14-09-2011 (English)
S.No. 597,Case Number,C.A. No.-006316-006316 / 2011,04-08-2011 (English)
S.No. 598,Case Number,Crl.A. No.-000749-000749 / 2007,22-02-2011 (English)
S.No. 599,Case Number,C.A. No.-004893-004893 / 2007,08-09-2011 (English)
S.No. 600,Case Number,C.A. No.-004060-004060 / 2009,23-09-2011 (English)
S.No. 601,Case Number,Crl.A. No.-001362-001362 / 2003,04-04-2011 (English)
S.No. 602,Case Number,C.A. No.-003976-003976 / 2007,29-11-2010 (English)
S.No. 603,Case Number,C.A. No.-002688-002688 / 2011,29-03-2011 (English)
S.No. 604,Case Number,C.A. No.-007662-007662 / 2011,06-09-2011 (English)
S.No. 605,Case Number,Crl.A. No.-001355-001355 / 2008,10-08-2011 (English)
S.No. 606,Case Number,C.A. No.-004809-004810 / 2007,13-12-2010 (English)
S.No. 607,Case Number,Crl.A. No.-000684-000684 / 2007,17-02-2011 (English)
S.No. 608,Case Number,C.A. No.-000864-000864 / 2005,27-09-2011 (English)
S.No. 609,Case Number,Crl.A. No.-001879-001879 / 2011,28-09-2011 (English)
S.No. 610,Case Number,C.A. No.-009776-009776 / 2003,07-09-2011 (English)
S.No. 611,Case Number,Crl.A. No.-001909-001909 / 2011,12-10-2011 (English)
S.No. 612,Case Number,C.A. No.-006966-006966 / 2004,13-01-2011 (English)
S.No. 613,Case Number,C.A. No.-006685-006685 / 1999,04-07-2011 (English)
S.No. 614,Case Number,Crl.A. No.-000452-000452 / 2011,14-02-2011 (English)
S.No. 615,Case Number,Crl.A. No.-000970-000970 / 2006,28-04-2011 (English)
S.No. 616,Case Number,C.A. No.-001809-001809 / 2003,16-11-2010 (English)
S.No. 617,Case Number,C.A. No.-009198-009202 / 2010,26-10-2010 (English)
S.No. 618,Case Number,C.A. No.-007301-007302 / 2003,02-08-2011 (English)
S.No. 619,Case Number,Crl.A. No.-000889-000889 / 2006,09-08-2011 (English)
S.No. 620,Case Number,Crl.A. No.-001146-001146 / 2008,20-10-2010 (English)
S.No. 621,Case Number,C.A. No.-002704-002704 / 2011,28-03-2011 (English)
S.No. 622,Case Number,C.A. No.-008170-008170 / 2009,12-05-2011 (English)
S.No. 623,Case Number,Crl.A. No.-001079-001079 / 2002,20-05-2011 (English)
S.No. 624,Case Number,C.A. No.-001607-001607 / 2004,18-11-2010 (English)
S.No. 625,Case Number,C.A. No.-007099-007099 / 2001,13-10-2011 (English)
S.No. 626,Case Number,C.A. No.-007334-007334 / 2011,25-08-2011 (English)
S.No. 627,Case Number,C.A. No.-004561-004561 / 2008,05-07-2011 (English)
S.No. 628,Case Number,Crl.A. No.-000841-000841 / 2011,01-04-2011 (English)
S.No. 629,Case Number,C.A. No.-006464-006464 / 2004,30-11-2010 (English)
S.No. 630,Case Number,Crl.A. No.-000452-000452 / 2007,03-12-2010 (English)
S.No. 631,Case Number,C.A. No.-007572-007572 / 2011,02-09-2011 (English)
S.No. 632,Case Number,Crl.A. No.-000506-000506 / 2006,31-03-2011 (English)
S.No. 633,Case Number,Crl.A. No.-000328-000328 / 2003,17-08-2011 (English)
S.No. 634,Case Number,Crl.A. No.-001048-001049 / 2011,29-04-2011 (English)
S.No. 635,Case Number,C.A. No.-003329-003329 / 2011,18-04-2011 (English)
S.No. 636,Case Number,SLP(C) No.-028034-028034 / 2011,30-09-2011 (English)
S.No. 637,Case Number,C.A. No.-004927-004927 / 2011,04-07-2011 (English)
S.No. 638,Case Number,W.P.(C) No.-000318-000318 / 2006,15-03-2011 (English)
S.No. 639,Case Number,C.A. No.-000573-000574 / 2003,25-10-2010 (English)
S.No. 640,Case Number,Crl.A. No.-000602-000602 / 2011,01-03-2011 (English)
S.No. 641,Case Number,Crl.A. No.-001618-001618 / 2005,03-05-2011 (English)
S.No. 642,Case Number,C.A. No.-007114-007115 / 2003,13-10-2011 (English)
S.No. 643,Case Number,C.A. No.-008325-008325 / 2011,"27-09-2011 (English)
27-09-2011 (English)"
S.No. 644,Case Number,C.A. No.-001385-001385 / 2004,22-10-2010 (English)
S.No. 645,Case Number,C.A. No.-001125-001128 / 2011,31-01-2011 (English)
S.No. 646,Case Number,C.A. No.-002930-002930 / 2009,13-10-2011 (English)
S.No. 647,Case Number,C.A. No.-006482-006482 / 2011,09-08-2011 (English)
S.No. 648,Case Number,SLP(C) No.-018481-018481 / 2009,12-10-2011 (English)
S.No. 649,Case Number,Crl.A. No.-002094-002094 / 2008,01-09-2011 (English)
S.No. 650,Case Number,C.A. No.-003630-003630 / 2007,03-03-2011 (English)
S.No. 651,Case Number,C.A. No.-001649-001649 / 2011,14-02-2011 (English)
S.No. 652,Case Number,Crl.A. No.-000207-000209 / 2005,02-12-2010 (English)
S.No. 653,Case Number,Crl.A. No.-001228-001228 / 2008,12-07-2011 (English)
S.No. 654,Case Number,SLP(Crl) No.-000941-000941 / 2009,26-07-2011 (English)
S.No. 655,Case Number,C.A. No.-001908-001908 / 2006,22-10-2010 (English)
S.No. 656,Case Number,C.A. No.-007524-007524 / 2011,30-08-2011 (English)
S.No. 657,Case Number,Crl.A. No.-001098-001098 / 2006,16-05-2011 (English)
S.No. 658,Case Number,Crl.A. No.-001366-001366 / 2005,21-01-2011 (English)
S.No. 659,Case Number,C.A. No.-000017-000020 / 2005,27-10-2010 (English)
S.No. 660,Case Number,C.A. No.-000563-000563 / 2011,14-01-2011 (English)
S.No. 661,Case Number,Crl.A. No.-001085-001085 / 2003,25-08-2011 (English)
S.No. 662,Case Number,C.A. No.-008607-008607 / 2011,12-10-2011 (English)
S.No. 663,Case Number,Crl.A. No.-000581-000581 / 2003,09-03-2011 (English)
S.No. 664,Case Number,C.A. No.-006409-006409 / 2002,21-04-2011 (English)
S.No. 665,Case Number,C.A. No.-007027-007028 / 2004,20-01-2011 (English)
S.No. 666,Case Number,C.A. No.-008521-008522 / 2011,11-10-2011 (English)
S.No. 667,Case Number,Crl.A. No.-000163-000163 / 2002,15-03-2011 (English)
S.No. 668,Case Number,Crl.A. No.-001456-001456 / 2005,31-03-2011 (English)
S.No. 669,Case Number,Crl.A. No.-001250-001250 / 2006,05-07-2011 (English)
S.No. 670,Case Number,C.A. No.-006662-006662 / 2004,09-11-2010 (English)
S.No. 671,Case Number,C.A. No.-007212-007212 / 2011,23-08-2011 (English)
S.No. 672,Case Number,C.A. No.-000309-000309 / 2003,09-11-2010 (English)
S.No. 673,Case Number,C.A. No.-008235-008235 / 2003,09-12-2010 (English)
S.No. 674,Case Number,C.A. No.-001884-001884 / 2011,17-02-2011 (English)
S.No. 675,Case Number,C.A. No.-005055-005056 / 2011,06-07-2011 (English)
S.No. 676,Case Number,C.A. No.-003478-003478 / 2006,08-02-2011 (English)
S.No. 677,Case Number,C.A. No.-006103-006103 / 2005,22-09-2011 (English)
S.No. 678,Case Number,Crl.A. No.-001168-001168 / 2005,28-10-2010 (English)
S.No. 679,Case Number,Crl.A. No.-001507-001507 / 2008,26-04-2011 (English)
S.No. 680,Case Number,C.A. No.-000870-000870 / 2011,24-01-2011 (English)
S.No. 681,Case Number,C.A. No.-001142-001142 / 2003,03-02-2011 (English)
S.No. 682,Case Number,C.A. No.-001957-001957 / 2003,13-05-2011 (English)
S.No. 683,Case Number,W.P.(C) No.-000473-000473 / 2005,12-10-2011 (English)
S.No. 684,Case Number,C.A. No.-003030-003030 / 2004,13-12-2010 (English)
S.No. 685,Case Number,C.A. No.-004987-004987 / 2011,04-07-2011 (English)
S.No. 686,Case Number,C.A. No.-000432-000432 / 2002,28-10-2010 (English)
S.No. 687,Case Number,C.A. No.-006866-006866 / 2000,13-01-2011 (English)
S.No. 688,Case Number,C.A. No.-002206-002206 / 2006,05-04-2011 (English)
S.No. 689,Case Number,C.A. No.-009651-009651 / 2003,19-10-2010 (English)
S.No. 690,Case Number,Crl.A. No.-001659-001659 / 2010,05-08-2011 (English)
S.No. 691,Case Number,C.A. No.-002005-002005 / 2007,12-07-2011 (English)
S.No. 692,Case Number,Crl.A. No.-000674-000674 / 2006,08-03-2011 (English)
S.No. 693,Case Number,C.A. No.-007655-007655 / 2004,21-04-2011 (English)
S.No. 694,Case Number,C.A. No.-008456-008463 / 2002,26-11-2010 (English)
S.No. 695,Case Number,Crl.A. No.-001145-001145 / 2010,03-01-2011 (English)
S.No. 696,Case Number,T.P.(C) No.-000456-000456 / 2007,13-07-2011 (English)
S.No. 697,Case Number,C.A. No.-004580-004580 / 2011,11-05-2011 (English)
S.No. 698,Case Number,C.A. No.-005297-005297 / 2004,23-11-2010 (English)
S.No. 699,Case Number,C.A. No.-005310-005310 / 2005,01-12-2010 (English)
S.No. 700,Case Number,C.A. No.-000498-000499 / 2011,12-01-2011 (English)
S.No. 701,Case Number,C.A. No.-007920-007920 / 2011,14-09-2011 (English)
S.No. 702,Case Number,C.A. No.-003299-003299 / 2011,18-04-2011 (English)
S.No. 703,Case Number,C.A. No.-001978-001978 / 2011,21-02-2011 (English)
S.No. 704,Case Number,C.A. No.-002706-002707 / 2004,05-04-2011 (English)
S.No. 705,Case Number,Crl.A. No.-001237-001237 / 2008,18-02-2011 (English)
S.No. 706,Case Number,C.A. No.-007002-007002 / 2004,09-08-2011 (English)
S.No. 707,Case Number,C.A. No.-007026-007029 / 2011,17-08-2011 (English)
S.No. 708,Case Number,C.A. No.-007254-007256 / 2002,04-07-2011 (English)
S.No. 709,Case Number,C.A. No.-008509-008510 / 2003,19-10-2010 (English)
S.No. 710,Case Number,C.A. No.-002965-002965 / 2011,06-04-2011 (English)
S.No. 711,Case Number,Crl.A. No.-001383-001383 / 2003,04-01-2011 (English)
S.No. 712,Case Number,C.A. No.-008523-008524 / 2011,11-10-2011 (English)
S.No. 713,Case Number,C.A. No.-005077-005077 / 2006,09-03-2011 (English)
S.No. 714,Case Number,C.A. No.-005856-005856 / 2005,29-11-2010 (English)
S.No. 715,Case Number,Crl.A. No.-001353-001353 / 2008,09-08-2011 (English)
S.No. 716,Case Number,Crl.A. No.-000802-000802 / 2006,18-04-2011 (English)
S.No. 717,Case Number,C.A. No.-002588-002588 / 2011,18-03-2011 (English)
S.No. 718,Case Number,C.A. No.-004209-004209 / 2007,18-10-2011 (English)
S.No. 719,Case Number,Crl.A. No.-000338-000340 / 2011,07-02-2011 (English)
S.No. 720,Case Number,C.A. No.-005195-005196 / 2004,15-09-2011 (English)
S.No. 721,Case Number,C.A. No.-009671-009671 / 2010,15-11-2010 (English)
S.No. 722,Case Number,C.A. No.-006889-006891 / 2011,10-08-2011 (English)
S.No. 723,Case Number,Crl.A. No.-000261-000261 / 2006,24-01-2011 (English)
S.No. 724,Case Number,C.A. No.-005342-005342 / 2011,11-07-2011 (English)
S.No. 725,Case Number,C.A. No.-006328-006328 / 2005,22-09-2011 (English)
S.No. 726,Case Number,Crl.A. No.-000836-000836 / 2010,18-11-2010 (English)
S.No. 727,Case Number,Crl.A. No.-000350-000350 / 2006,10-02-2011 (English)
S.No. 728,Case Number,C.A. No.-003400-003400 / 2003,06-07-2011 (English)
S.No. 729,Case Number,Crl.A. No.-000295-000295 / 2005,24-11-2010 (English)
S.No. 730,Case Number,C.A. No.-004269-004269 / 2011,11-05-2011 (English)
S.No. 731,Case Number,C.A. No.-000006-000006 / 2011,03-01-2011 (English)
S.No. 732,Case Number,C.A. No.-008703-008703 / 2010,21-10-2010 (English)
S.No. 733,Case Number,C.A. No.-008399-008399 / 2011,30-09-2011 (English)
S.No. 734,Case Number,C.A. No.-010326-010327 / 2010,08-12-2010 (English)
S.No. 735,Case Number,Crl.A. No.-000042-000043 / 2011,05-04-2011 (English)
S.No. 736,Case Number,C.A. No.-001058-001060 / 2004,19-11-2010 (English)
S.No. 737,Case Number,C.A. No.-007857-007857 / 2004,13-10-2011 (English)
S.No. 738,Case Number,Crl.A. No.-000184-000184 / 2006,16-12-2010 (English)
S.No. 739,Case Number,C.A. No.-000103-000103 / 2002,07-07-2011 (English)
S.No. 740,Case Number,C.A. No.-007720-007720 / 2011,05-09-2011 (English)
S.No. 741,Case Number,C.A. No.-004994-004994 / 2004,05-05-2011 (English)
S.No. 742,Case Number,R.P.(C) No.-002279-002279 / 2010,11-03-2011 (English)
S.No. 743,Case Number,C.A. No.-002286-002287 / 2011,03-03-2011 (English)
S.No. 744,Case Number,Crl.A. No.-001487-001487 / 2005,12-07-2011 (English)
S.No. 745,Case Number,Crl.A. No.-001345-001345 / 2011,03-08-2011 (English)
S.No. 746,Case Number,C.A. No.-002201-002201 / 2011,01-03-2011 (English)
S.No. 747,Case Number,Crl.A. No.-000255-000256 / 2011,28-01-2011 (English)
S.No. 748,Case Number,Crl.A. No.-000868-000868 / 2006,30-09-2011 (English)
S.No. 749,Case Number,C.A. No.-010098-010102 / 2010,29-11-2010 (English)
S.No. 750,Case Number,C.A. No.-000529-000529 / 2011,14-01-2011 (English)
S.No. 751,Case Number,Crl.A. No.-000573-000573 / 2005,14-01-2011 (English)
S.No. 752,Case Number,C.A. No.-005767-005767 / 2002,23-11-2010 (English)
S.No. 753,Case Number,C.A. No.-003380-003380 / 2003,19-10-2010 (English)
S.No. 754,Case Number,C.A. No.-002002-002002 / 2011,22-02-2011 (English)
S.No. 755,Case Number,C.A. No.-007390-007390 / 2011,26-08-2011 (English)
S.No. 756,Case Number,SLP(C) No.-017039-017040 / 2008,05-07-2011 (English)
S.No. 757,Case Number,C.A. No.-001928-001928 / 2011,18-02-2011 (English)
S.No. 758,Case Number,C.A. No.-005341-005341 / 2003,24-11-2010 (English)
S.No. 759,Case Number,Crl.A. No.-001960-001960 / 2009,11-02-2011 (English)
S.No. 760,Case Number,C.A. No.-009761-009761 / 2010,19-11-2010 (English)
S.No. 761,Case Number,C.A. No.-004368-004368 / 2005,23-02-2011 (English)
S.No. 762,Case Number,Crl.A. No.-001345-001345 / 2006,13-01-2011 (English)
S.No. 763,Case Number,C.A. No.-009227-009227 / 2010,22-10-2010 (English)
S.No. 764,Case Number,C.A. No.-008963-008963 / 2003,11-08-2011 (English)
S.No. 765,Case Number,C.A. No.-002795-002796 / 2011,30-03-2011 (English)
S.No. 766,Case Number,Crl.A. No.-001845-001845 / 2011,23-09-2011 (English)
S.No. 767,Case Number,C.A. No.-004585-004585 / 2005,03-12-2010 (English)
S.No. 768,Case Number,Crl.A. No.-000188-000188 / 2006,08-02-2011 (English)
S.No. 769,Case Number,Crl.A. No.-001201-001201 / 2007,28-07-2011 (English)
S.No. 770,Case Number,C.A. No.-006647-006647 / 2003,14-12-2010 (English)
S.No. 771,Case Number,C.A. No.-004281-004281 / 2006,15-07-2011 (English)
S.No. 772,Case Number,C.A. No.-003848-003848 / 2011,03-05-2011 (English)
S.No. 773,Case Number,C.A. No.-005996-005996 / 2011,27-07-2011 (English)
S.No. 774,Case Number,C.A. No.-002015-002015 / 2011,22-02-2011 (English)
S.No. 775,Case Number,C.A. No.-002153-002153 / 2011,28-02-2011 (English)
S.No. 776,Case Number,Crl.A. No.-001038-001039 / 2004,14-03-2011 (English)
S.No. 777,Case Number,SLP(C) No.-029275-029275 / 2010,19-11-2010 (English)
S.No. 778,Case Number,C.A. No.-006520-006520 / 2003,09-08-2011 (English)
S.No. 779,Case Number,Crl.A. No.-000150-000150 / 2006,27-10-2010 (English)
S.No. 780,Case Number,Crl.A. No.-001636-001636 / 2005,17-06-2011 (English)
S.No. 781,Case Number,C.A. No.-004921-004921 / 2011,04-07-2011 (English)
S.No. 782,Case Number,C.A. No.-004369-004369 / 2006,17-02-2011 (English)
S.No. 783,Case Number,C.A. No.-002252-002252 / 2002,13-04-2011 (English)
S.No. 784,Case Number,Crl.A. No.-000943-000943 / 2006,24-05-2011 (English)
S.No. 785,Case Number,C.A. No.-005054-005054 / 2011,04-07-2011 (English)
S.No. 786,Case Number,C.A. No.-005341-005341 / 2006,16-03-2011 (English)
S.No. 787,Case Number,C.A. No.-007627-007627 / 2005,11-07-2011 (English)
S.No. 788,Case Number,C.A. No.-002728-002728 / 2006,15-04-2011 (English)
S.No. 789,Case Number,C.A. No.-003781-003781 / 2003,04-03-2011 (English)
S.No. 790,Case Number,C.A. No.-007328-007329 / 2011,23-08-2011 (English)
S.No. 791,Case Number,C.A. No.-005870-005870 / 2005,24-08-2011 (English)
S.No. 792,Case Number,C.A. No.-002714-002714 / 2005,30-03-2011 (English)
S.No. 793,Case Number,Crl.A. No.-000764-000764 / 2008,20-07-2011 (English)
S.No. 794,Case Number,Crl.A. No.-002109-002109 / 2009,19-05-2011 (English)
S.No. 795,Case Number,Crl.A. No.-001523-001523 / 2007,13-04-2011 (English)
S.No. 796,Case Number,C.A. No.-001186-001186 / 2005,04-02-2011 (English)
S.No. 797,Case Number,C.A. No.-001507-001507 / 2007,02-08-2011 (English)
S.No. 798,Case Number,Crl.A. No.-000448-000448 / 2006,08-02-2011 (English)
S.No. 799,Case Number,C.A. No.-000014-000014 / 2011,04-01-2011 (English)
S.No. 800,Case Number,Crl.A. No.-000627-000627 / 2011,25-02-2011 (English)
S.No. 801,Case Number,C.A. No.-010182-010182 / 2010,30-11-2010 (English)
S.No. 802,Case Number,Crl.A. No.-000140-000140 / 2010,13-12-2010 (English)
S.No. 803,Case Number,C.A. No.-002014-002014 / 2011,22-02-2011 (English)
S.No. 804,Case Number,Crl.A. No.-001428-001428 / 2011,21-07-2011 (English)
S.No. 805,Case Number,C.A. No.-008627-008628 / 2002,17-08-2011 (English)
S.No. 806,Case Number,Crl.A. No.-001374-001374 / 2007,06-12-2010 (English)
S.No. 807,Case Number,C.A. No.-002529-002529 / 2006,24-01-2011 (English)
S.No. 808,Case Number,C.A. No.-005416-005416 / 2011,21-07-2011 (English)
S.No. 809,Case Number,C.A. No.-002672-002672 / 2004,24-08-2011 (English)
S.No. 810,Case Number,C.A. No.-000198-000199 / 2000,12-10-2011 (English)
S.No. 811,Case Number,W.P.(C) No.-000510-000510 / 2005,"13-10-2011 (English)
30-08-2011 (English)
07-04-2011 (English)"
S.No. 812,Case Number,C.A. No.-003137-003137 / 2011,08-04-2011 (English)
S.No. 813,Case Number,SLP(C) No.-019461-019461 / 2006,13-07-2011 (English)
S.No. 814,Case Number,Crl.A. No.-000177-000177 / 2006,06-01-2011 (English)
S.No. 815,Case Number,Crl.A. No.-001108-001115 / 2004,09-05-2011 (English)
S.No. 816,Case Number,C.A. No.-002789-002789 / 2005,01-12-2010 (English)
S.No. 817,Case Number,C.A. No.-008343-008344 / 2011,28-09-2011 (English)
S.No. 818,Case Number,Crl.A. No.-001374-001374 / 2004,21-07-2011 (English)
S.No. 819,Case Number,C.A. No.-003467-003467 / 2005,11-10-2011 (English)
S.No. 820,Case Number,Crl.A. No.-000948-000948 / 2006,31-01-2011 (English)
S.No. 821,Case Number,C.A. No.-005102-005103 / 2011,07-07-2011 (English)
S.No. 822,Case Number,C.A. No.-003405-003405 / 2011,20-04-2011 (English)
S.No. 823,Case Number,Crl.A. No.-001208-001210 / 2008,18-03-2011 (English)
S.No. 824,Case Number,Crl.A. No.-000628-000628 / 2007,21-10-2010 (English)
S.No. 825,Case Number,Crl.A. No.-000272-000273 / 2003,17-02-2011 (English)
S.No. 826,Case Number,C.A. No.-000356-000356 / 2007,15-02-2011 (English)
S.No. 827,Case Number,C.A. No.-007672-007673 / 2011,06-09-2011 (English)
S.No. 828,Case Number,C.A. No.-004277-004277 / 2002,22-10-2010 (English)
S.No. 829,Case Number,Crl.A. No.-000107-000107 / 2011,"11-01-2011 (English)
22-11-2010 (English)"
S.No. 830,Case Number,Crl.A. No.-001616-001616 / 2005,25-11-2010 (English)
S.No. 831,Case Number,Crl.A. No.-001585-001586 / 2011,12-08-2011 (English)
S.No. 832,Case Number,C.A. No.-002684-002684 / 2007,16-03-2011 (English)
S.No. 833,Case Number,R.P.(C) No.-001292-001292 / 2010,24-08-2011 (English)
S.No. 834,Case Number,C.A. No.-004933-004933 / 2011,04-07-2011 (English)
S.No. 835,Case Number,SLP(C) No.-021178-021180 / 2009,24-11-2010 (English)
S.No. 836,Case Number,Crl.A. No.-001969-001969 / 2009,13-09-2011 (English)
S.No. 837,Case Number,C.A. No.-005860-005861 / 2011,20-07-2011 (English)
S.No. 838,Case Number,C.A. No.-008525-008525 / 2011,11-10-2011 (English)
S.No. 839,Case Number,C.A. No.-008535-008535 / 2011,10-10-2011 (English)
S.No. 840,Case Number,Crl.A. No.-002129-002129 / 2009,24-02-2011 (English)
S.No. 841,Case Number,C.A. No.-004782-004782 / 2011,26-05-2011 (English)
S.No. 842,Case Number,C.A. No.-000018-000018 / 2011,03-01-2011 (English)
S.No. 843,Case Number,SLP(C) No.-019510-019510 / 2011,24-08-2011 (English)
S.No. 844,Case Number,SLP(C) No.-023641-023653 / 2008,09-05-2011 (English)
S.No. 845,Case Number,Crl.A. No.-000289-000289 / 2011,31-01-2011 (English)
S.No. 846,Case Number,C.A. No.-010244-010244 / 2010,"08-12-2010 (English)
03-12-2010 (English)
03-12-2010 (English)"
S.No. 847,Case Number,Crl.A. No.-000421-000421 / 2007,07-07-2011 (English)
S.No. 848,Case Number,C.A. No.-009579-009579 / 2003,29-11-2010 (English)
S.No. 849,Case Number,C.A. No.-007548-007548 / 2011,01-09-2011 (English)
S.No. 850,Case Number,C.A. No.-007374-007374 / 2003,12-07-2011 (English)
S.No. 851,Case Number,Crl.A. No.-000259-000259 / 2006,27-01-2011 (English)
S.No. 852,Case Number,Crl.A. No.-002030-002031 / 2009,20-09-2011 (English)
S.No. 853,Case Number,C.A. No.-000135-000135 / 2011,07-01-2011 (English)
S.No. 854,Case Number,C.A. No.-005743-005745 / 2005,09-11-2010 (English)
S.No. 855,Case Number,SLP(C) No.-020100-020100 / 2011,02-08-2011 (English)
S.No. 856,Case Number,Crl.A. No.-001233-001233 / 2004,24-11-2010 (English)
S.No. 857,Case Number,C.A. No.-005159-005159 / 2005,13-10-2011 (English)
S.No. 858,Case Number,C.A. No.-003343-003343 / 2005,12-10-2011 (English)
S.No. 859,Case Number,Crl.A. No.-001254-001255 / 2011,04-07-2011 (English)
S.No. 860,Case Number,C.A. No.-010015-010015 / 2010,25-11-2010 (English)
S.No. 861,Case Number,C.A. No.-002916-002916 / 2005,01-04-2011 (English)
S.No. 862,Case Number,C.A. No.-003147-003147 / 2011,08-04-2011 (English)
S.No. 863,Case Number,C.A. No.-006015-006027 / 2011,09-08-2011 (English)
S.No. 864,Case Number,C.A. No.-002843-002843 / 2011,"19-04-2011 (English)
01-04-2011 (English)"
S.No. 865,Case Number,C.A. No.-004772-004772 / 1998,09-08-2011 (English)
S.No. 866,Case Number,C.A. No.-005775-005775 / 2007,14-09-2011 (English)
S.No. 867,Case Number,C.A. No.-006028-006028 / 2011,09-08-2011 (English)
S.No. 868,Case Number,Crl.A. No.-001693-001694 / 2005,13-06-2011 (English)
S.No. 869,Case Number,C.A. No.-001888-001889 / 2011,17-02-2011 (English)
S.No. 870,Case Number,C.A. No.-010319-010319 / 2010,"14-01-2011 (English)
07-12-2010 (English)"
S.No. 871,Case Number,C.A. No.-003066-003066 / 2011,07-04-2011 (English)
S.No. 872,Case Number,C.A. No.-003178-003179 / 2011,07-04-2011 (English)
S.No. 873,Case Number,Crl.A. No.-001209-001209 / 2007,02-03-2011 (English)
S.No. 874,Case Number,Crl.A. No.-000262-000263 / 2005,05-05-2011 (English)
S.No. 875,Case Number,Crl.A. No.-000294-000294 / 2003,12-01-2011 (English)
S.No. 876,Case Number,Crl.A. No.-001299-001299 / 2006,13-07-2011 (English)
S.No. 877,Case Number,C.A. No.-003972-003972 / 2011,05-05-2011 (English)
S.No. 878,Case Number,Crl.A. No.-000389-000389 / 2007,26-10-2010 (English)
S.No. 879,Case Number,W.P.(C) No.-000443-000443 / 2006,08-04-2011 (English)
S.No. 880,Case Number,C.A. No.-007496-007497 / 2005,05-05-2011 (English)
S.No. 881,Case Number,C.A. No.-005374-005374 / 2005,16-08-2011 (English)
S.No. 882,Case Number,C.A. No.-006769-006769 / 2004,08-09-2011 (English)
S.No. 883,Case Number,C.A. No.-001110-001110 / 2011,28-01-2011 (English)
S.No. 884,Case Number,C.A. No.-001086-001086 / 2006,05-07-2011 (English)
S.No. 885,Case Number,Crl.A. No.-000715-000715 / 2011,11-03-2011 (English)
S.No. 886,Case Number,Crl.A. No.-001638-001638 / 2010,09-05-2011 (English)
S.No. 887,Case Number,C.A. No.-007245-007245 / 2003,23-02-2011 (English)
S.No. 888,Case Number,C.A. No.-002419-002419 / 2011,10-03-2011 (English)
S.No. 889,Case Number,Crl.A. No.-000642-000642 / 2005,25-01-2011 (English)
S.No. 890,Case Number,C.A. No.-000027-000027 / 2011,04-01-2011 (English)
S.No. 891,Case Number,C.A. No.-002909-002913 / 2005,24-02-2011 (English)
S.No. 892,Case Number,Crl.A. No.-001109-001109 / 2011,06-05-2011 (English)
S.No. 893,Case Number,Crl.A. No.-000925-000925 / 2009,02-09-2011 (English)
S.No. 894,Case Number,SLP(C) No.-021142-021142 / 2010,25-08-2011 (English)
S.No. 895,Case Number,Crl.A. No.-001081-001081 / 2006,25-05-2011 (English)
S.No. 896,Case Number,Crl.A. No.-000766-000766 / 2011,29-03-2011 (English)
S.No. 897,Case Number,Crl.A. No.-001125-001125 / 2011,10-05-2011 (English)
S.No. 898,Case Number,C.A. No.-002047-002047 / 2007,05-09-2011 (English)
S.No. 899,Case Number,C.A. No.-007781-007781 / 2011,12-09-2011 (English)
S.No. 900,Case Number,C.A. No.-001345-001345 / 2011,02-02-2011 (English)
S.No. 901,Case Number,C.A. No.-002913-002914 / 2011,04-04-2011 (English)
S.No. 902,Case Number,Crl.A. No.-000122-000122 / 2006,27-10-2010 (English)
S.No. 903,Case Number,C.A. No.-005638-005638 / 2004,07-04-2011 (English)
S.No. 904,Case Number,C.A. No.-005831-005833 / 2011,20-07-2011 (English)
S.No. 905,Case Number,SLP(C) No.-010364-010364 / 2006,10-02-2011 (English)
S.No. 906,Case Number,C.A. No.-002715-002715 / 2003,10-03-2011 (English)
S.No. 907,Case Number,C.A. No.-009740-009740 / 2010,18-11-2010 (English)
S.No. 908,Case Number,C.A. No.-006014-006014 / 2011,28-07-2011 (English)
S.No. 909,Case Number,Crl.A. No.-000462-000462 / 2003,02-08-2011 (English)
S.No. 910,Case Number,C.A. No.-001471-001473 / 2005,07-09-2011 (English)
S.No. 911,Case Number,C.A. No.-009766-009767 / 2010,19-11-2010 (English)
S.No. 912,Case Number,C.A. No.-001240-001241 / 2011,02-02-2011 (English)
S.No. 913,Case Number,C.A. No.-006288-006288 / 2008,18-04-2011 (English)
S.No. 914,Case Number,Crl.A. No.-002106-002106 / 2008,26-04-2011 (English)
S.No. 915,Case Number,C.A. No.-006127-006128 / 2011,01-08-2011 (English)
S.No. 916,Case Number,C.A. No.-001430-001430 / 2007,17-03-2011 (English)
S.No. 917,Case Number,Crl.A. No.-000232-000232 / 2006,25-11-2010 (English)
S.No. 918,Case Number,Crl.A. No.-000112-000112 / 2006,12-07-2011 (English)
S.No. 919,Case Number,C.A. No.-004995-004995 / 2006,13-07-2011 (English)
S.No. 920,Case Number,SLP(C) No.-024020-024020 / 2011,25-08-2011 (English)
S.No. 921,Case Number,Crl.A. No.-001668-001668 / 2005,16-12-2010 (English)
S.No. 922,Case Number,C.A. No.-004990-004991 / 2011,06-07-2011 (English)
S.No. 923,Case Number,Crl.A. No.-000749-000749 / 2005,10-08-2011 (English)
S.No. 924,Case Number,C.A. No.-003605-003605 / 2011,26-04-2011 (English)
S.No. 925,Case Number,Crl.A. No.-002310-002310 / 2010,06-12-2010 (English)
S.No. 926,Case Number,C.A. No.-002585-002585 / 2006,01-09-2011 (English)
S.No. 927,Case Number,R.P.(C) No.-001378-001378 / 2009,19-11-2010 (English)
S.No. 928,Case Number,C.A. No.-002907-002907 / 2011,04-04-2011 (English)
S.No. 929,Case Number,C.A. No.-000562-000562 / 2003,13-05-2011 (English)
S.No. 930,Case Number,Crl.A. No.-000103-000103 / 2009,16-03-2011 (English)
S.No. 931,Case Number,C.A. No.-009915-009915 / 2010,23-11-2010 (English)
S.No. 932,Case Number,Crl.A. No.-000339-000339 / 2004,04-02-2011 (English)
S.No. 933,Case Number,Crl.A. No.-002391-002392 / 2010,15-12-2010 (English)
S.No. 934,Case Number,CURATIVE PET(R) No.-000039-000042 / 2010,11-05-2011 (English)
S.No. 935,Case Number,C.A. No.-009344-009344 / 2010,26-10-2010 (English)
S.No. 936,Case Number,Crl.A. No.-002075-002075 / 2010,27-10-2010 (English)
S.No. 937,Case Number,Crl.A. No.-000107-000107 / 2006,25-01-2011 (English)
S.No. 938,Case Number,C.A. No.-000868-000868 / 2003,29-08-2011 (English)
S.No. 939,Case Number,Crl.A. No.-000688-000688 / 2005,20-10-2010 (English)
S.No. 940,Case Number,Crl.A. No.-000162-000162 / 2006,02-09-2011 (English)
S.No. 941,Case Number,Crl.A. No.-000041-000041 / 2004,07-12-2010 (English)
S.No. 942,Case Number,C.A. No.-005051-005052 / 2011,04-07-2011 (English)
S.No. 943,Case Number,C.A. No.-000550-000550 / 2003,19-11-2010 (English)
S.No. 944,Case Number,C.A. No.-003777-003777 / 2011,20-04-2011 (English)
S.No. 945,Case Number,Crl.A. No.-000170-000170 / 2008,29-03-2011 (English)
S.No. 946,Case Number,SLP(C) No.-030648-030651 / 2010,26-10-2010 (English)
S.No. 947,Case Number,C.A. No.-002416-002416 / 2011,10-03-2011 (English)
S.No. 948,Case Number,SLP(Crl.)...CRLMP No.-014108-014108 / 2008,05-04-2011 (English)
S.No. 949,Case Number,C.A. No.-002093-002093 / 2007,21-09-2011 (English)
S.No. 950,Case Number,Crl.A. No.-000011-000011 / 2005,23-02-2011 (English)
S.No. 951,Case Number,Crl.A. No.-000142-000142 / 2007,28-04-2011 (English)
S.No. 952,Case Number,C.A. No.-006444-006445 / 2005,22-09-2011 (English)
S.No. 953,Case Number,C.A. No.-009599-009599 / 2010,09-11-2010 (English)
S.No. 954,Case Number,C.A. No.-003406-003406 / 2011,20-04-2011 (English)
S.No. 955,Case Number,C.A. No.-004762-004762 / 2006,"18-11-2010 (English)
11-11-2010 (English)"
S.No. 956,Case Number,Crl.A. No.-002081-002081 / 2009,21-04-2011 (English)
S.No. 957,Case Number,C.A. No.-010087-010090 / 2010,26-11-2010 (English)
S.No. 958,Case Number,SLP(C) No.-018386-018387 / 2007,13-10-2011 (English)
S.No. 959,Case Number,C.A. No.-005938-005938 / 2007,02-09-2011 (English)
S.No. 960,Case Number,C.A. No.-005197-005197 / 2003,06-07-2011 (English)
S.No. 961,Case Number,C.A. No.-006391-006393 / 2010,12-05-2011 (English)
S.No. 962,Case Number,C.A. No.-000043-000043 / 2005,30-08-2011 (English)
S.No. 963,Case Number,Crl.A. No.-001545-001545 / 2008,02-08-2011 (English)
S.No. 964,Case Number,C.A. No.-006924-006924 / 2005,12-01-2011 (English)
S.No. 965,Case Number,C.A. No.-002147-002147 / 2004,11-11-2010 (English)
S.No. 966,Case Number,C.A. No.-009913-009913 / 2010,24-11-2010 (English)
S.No. 967,Case Number,C.A. No.-006979-006982 / 2009,15-12-2010 (English)
S.No. 968,Case Number,W.P.(C) No.-000291-000291 / 2010,15-11-2010 (English)
S.No. 969,Case Number,C.A. No.-008042-008042 / 2004,07-12-2010 (English)
S.No. 970,Case Number,C.A. No.-002817-002818 / 2005,11-11-2010 (English)
S.No. 971,Case Number,Crl.A. No.-001691-001691 / 2005,29-03-2011 (English)
S.No. 972,Case Number,C.A. No.-005140-005140 / 2004,04-04-2011 (English)
S.No. 973,Case Number,Crl.A. No.-001235-001237 / 2007,25-01-2011 (English)
S.No. 974,Case Number,C.A. No.-001467-001467 / 2011,08-02-2011 (English)
S.No. 975,Case Number,Crl.A. No.-002353-002353 / 2010,09-12-2010 (English)
S.No. 976,Case Number,C.A. No.-004988-004988 / 2011,04-07-2011 (English)
S.No. 977,Case Number,Crl.A. No.-002076-002076 / 2010,22-10-2010 (English)
S.No. 978,Case Number,Crl.A. No.-001482-001482 / 2011,22-07-2011 (English)
S.No. 979,Case Number,C.A. No.-006546-006552 / 2003,06-04-2011 (English)
S.No. 980,Case Number,C.A. No.-008310-008310 / 2011,26-09-2011 (English)
S.No. 981,Case Number,Crl.A. No.-002054-002054 / 2010,25-10-2010 (English)
S.No. 982,Case Number,W.P.(C) No.-000345-000345 / 2011,19-08-2011 (English)
S.No. 983,Case Number,Crl.A. No.-002068-002072 / 2010,26-10-2010 (English)
S.No. 984,Case Number,Crl.A. No.-001725-001726 / 2011,02-09-2011 (English)
S.No. 985,Case Number,C.A. No.-010220-010220 / 2010,01-12-2010 (English)
S.No. 986,Case Number,Crl.A. No.-006114-006114 / 2011,30-09-2011 (English)
S.No. 987,Case Number,C.A. No.-010124-010124 / 2010,29-11-2010 (English)
S.No. 988,Case Number,C.A. No.-002432-002432 / 2005,20-04-2011 (English)
S.No. 989,Case Number,C.A. No.-005779-005779 / 2008,28-07-2011 (English)
S.No. 990,Case Number,Crl.A. No.-000431-000431 / 2005,12-01-2011 (English)
S.No. 991,Case Number,Crl.A. No.-001499-001499 / 2004,04-04-2011 (English)
S.No. 992,Case Number,Crl.A. No.-000808-000808 / 2005,03-02-2011 (English)
S.No. 993,Case Number,C.A. No.-010187-010187 / 2010,04-07-2011 (English)
S.No. 994,Case Number,Crl.A. No.-000816-000816 / 2011,30-03-2011 (English)
S.No. 995,Case Number,C.A. No.-008166-008166 / 2003,19-10-2010 (English)
S.No. 996,Case Number,Crl.A. No.-000514-000514 / 2010,26-11-2010 (English)
S.No. 997,Case Number,C.A. No.-001215-001215 / 2011,02-02-2011 (English)
S.No. 998,Case Number,C.A. No.-007773-007773 / 2011,09-09-2011 (English)
S.No. 999,Case Number,C.A. No.-006706-006706 / 2010,29-11-2010 (English)
S.No. 1000,Case Number,Crl.A. No.-000560-000560 / 2010,04-01-2011 (English)
S.No. 1001,Case Number,C.A. No.-010660-010660 / 2010,16-12-2010 (English)
S.No. 1002,Case Number,C.A. No.-006007-006007 / 2011,"27-07-2011 (English)
26-07-2011 (English)"
S.No. 1003,Case Number,C.A. No.-002689-002689 / 2011,29-03-2011 (English)
S.No. 1004,Case Number,C.A. No.-000705-000705 / 2011,17-01-2011 (English)
S.No. 1005,Case Number,C.A. No.-005820-005820 / 2011,20-07-2011 (English)
S.No. 1006,Case Number,Crl.A. No.-001376-001376 / 2004,15-04-2011 (English)
S.No. 1007,Case Number,Crl.A. No.-000168-000168 / 2007,25-02-2011 (English)
S.No. 1008,Case Number,C.A. No.-000486-000486 / 2011,13-01-2011 (English)
S.No. 1009,Case Number,Crl.A. No.-001215-001215 / 2006,15-12-2010 (English)
S.No. 1010,Case Number,Crl.A. No.-000185-000186 / 2011,04-07-2011 (English)
S.No. 1011,Case Number,Crl.A. No.-000048-000049 / 2011,05-01-2011 (English)
S.No. 1012,Case Number,C.A. No.-002160-002160 / 2007,08-09-2011 (English)
S.No. 1013,Case Number,C.A. No.-005244-005244 / 2008,11-10-2011 (English)
S.No. 1014,Case Number,SLP(C) No.-027278-027278 / 2009,15-03-2011 (English)
S.No. 1015,Case Number,C.A. No.-010321-010321 / 2010,07-12-2010 (English)
S.No. 1016,Case Number,Crl.A. No.-001541-001541 / 2008,12-01-2011 (English)
S.No. 1017,Case Number,C.A. No.-006344-006344 / 2009,11-01-2011 (English)
S.No. 1018,Case Number,C.A. No.-000201-000201 / 2005,08-11-2010 (English)
S.No. 1019,Case Number,Crl.A. No.-002121-002121 / 2010,25-10-2010 (English)
S.No. 1020,Case Number,Crl.A. No.-001321-001321 / 2006,26-07-2011 (English)
S.No. 1021,Case Number,Crl.A. No.-000439-000439 / 2006,24-11-2010 (English)
S.No. 1022,Case Number,C.A. No.-002269-002269 / 2011,02-03-2011 (English)
S.No. 1023,Case Number,C.A. No.-000304-000305 / 2005,15-09-2011 (English)
S.No. 1024,Case Number,Crl.A. No.-001710-001710 / 2007,19-05-2011 (English)
S.No. 1025,Case Number,Crl.A. No.-000820-000820 / 2007,04-07-2011 (English)
S.No. 1026,Case Number,SLP(C) No.-017756-017756 / 2007,06-12-2010 (English)
S.No. 1027,Case Number,C.A. No.-003191-003194 / 2011,11-04-2011 (English)
S.No. 1028,Case Number,C.A. No.-007825-007825 / 2011,13-09-2011 (English)
S.No. 1029,Case Number,C.A. No.-007033-007033 / 2011,17-08-2011 (English)
S.No. 1030,Case Number,Crl.A. No.-000029-000029 / 2008,07-07-2011 (English)
S.No. 1031,Case Number,Crl.A. No.-000890-000890 / 2005,26-10-2010 (English)
S.No. 1032,Case Number,C.A. No.-007074-007075 / 2011,16-08-2011 (English)
S.No. 1033,Case Number,Crl.A. No.-001160-001160 / 2006,01-02-2011 (English)
S.No. 1034,Case Number,C.A. No.-005744-005744 / 2007,22-02-2011 (English)
S.No. 1035,Case Number,Crl.A. No.-001383-001383 / 2007,10-02-2011 (English)
S.No. 1036,Case Number,C.A. No.-002457-002457 / 2006,18-04-2011 (English)
S.No. 1037,Case Number,C.A. No.-001714-001714 / 2005,05-05-2011 (English)
S.No. 1038,Case Number,Crl.A. No.-001257-001257 / 2011,04-07-2011 (English)
S.No. 1039,Case Number,Crl.A. No.-000437-000437 / 2005,07-07-2011 (English)
S.No. 1040,Case Number,C.A. No.-007658-007658 / 2011,05-09-2011 (English)
S.No. 1041,Case Number,Crl.A. No.-000135-000135 / 2006,27-10-2010 (English)
S.No. 1042,Case Number,C.A. No.-001045-001045 / 2006,06-04-2011 (English)
S.No. 1043,Case Number,Crl.A. No.-000889-000889 / 2004,13-01-2011 (English)
S.No. 1044,Case Number,C.A. No.-010677-010679 / 2010,"16-12-2010 (English)
16-12-2010 (English)"
S.No. 1045,Case Number,C.A. No.-002020-002020 / 2011,23-02-2011 (English)
S.No. 1046,Case Number,Crl.A. No.-001266-001266 / 2011,05-07-2011 (English)
S.No. 1047,Case Number,Crl.A. No.-000873-000873 / 2011,28-03-2011 (English)
S.No. 1048,Case Number,C.A. No.-003385-003385 / 2011,20-04-2011 (English)
S.No. 1049,Case Number,C.A. No.-000638-000638 / 2005,21-10-2010 (English)
S.No. 1050,Case Number,Crl.A. No.-000711-000711 / 2008,19-04-2011 (English)
S.No. 1051,Case Number,W.P.(C) No.-000204-000204 / 2010,04-04-2011 (English)
S.No. 1052,Case Number,C.A. No.-003186-003186 / 2011,11-04-2011 (English)
S.No. 1053,Case Number,Crl.A. No.-001370-001370 / 2007,28-04-2011 (English)
S.No. 1054,Case Number,Crl.A. No.-000050-000050 / 2005,16-03-2011 (English)
S.No. 1055,Case Number,C.A. No.-003991-003991 / 2011,06-05-2011 (English)
S.No. 1056,Case Number,C.A. No.-002074-002078 / 2011,25-02-2011 (English)
S.No. 1057,Case Number,C.A. No.-001878-001880 / 2004,18-11-2010 (English)
S.No. 1058,Case Number,C.A. No.-004767-004767 / 2011,24-05-2011 (English)
S.No. 1059,Case Number,C.A. No.-004211-004211 / 2011,06-05-2011 (English)
S.No. 1060,Case Number,C.A. No.-005416-005419 / 2008,30-09-2011 (English)
S.No. 1061,Case Number,Crl.A. No.-000225-000225 / 2011,25-01-2011 (English)
S.No. 1062,Case Number,C.A. No.-005591-005591 / 2006,31-03-2011 (English)
S.No. 1063,Case Number,C.A. No.-025624-025624 / 2010,01-09-2011 (English)
S.No. 1064,Case Number,C.A. No.-003911-003911 / 2011,04-05-2011 (English)
S.No. 1065,Case Number,C.A. No.-003618-003618 / 2011,26-04-2011 (English)
S.No. 1066,Case Number,Crl.A. No.-000631-000631 / 2011,28-02-2011 (English)
S.No. 1067,Case Number,Crl.A. No.-000739-000740 / 2009,11-01-2011 (English)
S.No. 1068,Case Number,C.A. No.-010607-010607 / 2010,14-12-2010 (English)
S.No. 1069,Case Number,C.A. No.-003961-003961 / 2011,05-05-2011 (English)
S.No. 1070,Case Number,Crl.A. No.-001706-001708 / 2011,02-09-2011 (English)
S.No. 1071,Case Number,C.A. No.-001042-001042 / 2011,27-01-2011 (English)
S.No. 1072,Case Number,C.A. No.-001982-001983 / 2011,21-02-2011 (English)
S.No. 1073,Case Number,Crl.A. No.-000917-000917 / 2011,11-04-2011 (English)
S.No. 1074,Case Number,Crl.A. No.-000131-000131 / 2006,30-03-2011 (English)
S.No. 1075,Case Number,C.A. No.-002602-002602 / 2006,01-07-2011 (English)
S.No. 1076,Case Number,C.A. No.-007721-007721 / 2011,07-09-2011 (English)
S.No. 1077,Case Number,Crl.A. No.-000833-000833 / 2011,28-03-2011 (English)
S.No. 1078,Case Number,Crl.A. No.-001798-001798 / 2009,23-09-2011 (English)
S.No. 1079,Case Number,Crl.A. No.-000100-000100 / 2011,11-01-2011 (English)
S.No. 1080,Case Number,Crl.A. No.-000101-000101 / 2011,11-01-2011 (English)
S.No. 1081,Case Number,C.A. No.-008404-008404 / 2011,30-09-2011 (English)
S.No. 1082,Case Number,C.A. No.-003267-003267 / 2011,11-04-2011 (English)
S.No. 1083,Case Number,C.A. No.-002794-002794 / 2011,30-03-2011 (English)
S.No. 1084,Case Number,Crl.A. No.-002047-002049 / 2010,25-10-2010 (English)
S.No. 1085,Case Number,Crl.A. No.-001028-001028 / 2006,26-10-2010 (English)
S.No. 1086,Case Number,Crl.A. No.-001231-001232 / 2009,12-01-2011 (English)
S.No. 1087,Case Number,C.A. No.-003054-003054 / 2006,07-12-2010 (English)
S.No. 1088,Case Number,C.A. No.-003328-003328 / 2011,11-04-2011 (English)
S.No. 1089,Case Number,Crl.A. No.-001635-001635 / 2011,23-08-2011 (English)
S.No. 1090,Case Number,C.A. No.-003611-003611 / 2011,26-04-2011 (English)
S.No. 1091,Case Number,C.A. No.-002313-002313 / 2011,04-03-2011 (English)
S.No. 1092,Case Number,Crl.A. No.-000310-000310 / 2006,16-12-2010 (English)
S.No. 1093,Case Number,W.P.(C) No.-000311-000311 / 2010,04-01-2011 (English)
S.No. 1094,Case Number,C.A. No.-007864-007865 / 2011,15-09-2011 (English)
S.No. 1095,Case Number,C.A. No.-007084-007084 / 2011,18-08-2011 (English)
S.No. 1096,Case Number,Crl.A. No.-000091-000091 / 2007,07-07-2011 (English)
S.No. 1097,Case Number,SLP(C) No.-020822-020822 / 2006,22-10-2010 (English)
S.No. 1098,Case Number,Crl.A. No.-000200-000200 / 2006,03-02-2011 (English)
S.No. 1099,Case Number,C.A. No.-003173-003173 / 2011,07-04-2011 (English)
S.No. 1100,Case Number,C.A. No.-000019-000020 / 2011,03-01-2011 (English)
S.No. 1101,Case Number,C.A. No.-004005-004005 / 2011,06-05-2011 (English)
S.No. 1102,Case Number,Crl.A. No.-001709-001709 / 2011,02-09-2011 (English)
S.No. 1103,Case Number,C.A. No.-007453-007453 / 2008,13-10-2011 (English)
S.No. 1104,Case Number,C.A. No.-009221-009223 / 2010,22-10-2010 (English)
S.No. 1105,Case Number,C.A. No.-004820-004820 / 2007,18-01-2011 (English)
S.No. 1106,Case Number,C.A. No.-010459-010459 / 2010,10-12-2010 (English)
S.No. 1107,Case Number,C.A. No.-003222-003222 / 2011,11-04-2011 (English)
S.No. 1108,Case Number,C.A. No.-004040-004040 / 2011,"11-07-2011 (English)
05-05-2011 (English)"
S.No. 1109,Case Number,C.A. No.-000483-000483 / 2011,13-01-2011 (English)
S.No. 1110,Case Number,C.A. No.-001535-001535 / 2011,09-02-2011 (English)
S.No. 1111,Case Number,C.A. No.-000436-000436 / 2011,12-01-2011 (English)
