﻿Column-0,Column-1,Column-2,Column-3
S.No. 1,Case Number,Appeal Civil 1773 of 1971,"18-10-1976 (English)
15-10-1976 (English)
15-10-1976 (English)
15-10-1976 (English)
14-10-1976 (English)
13-10-1976 (English)
12-10-1976 (English)
11-10-1976 (English)
11-10-1976 (English)
08-10-1976 (English)
24-09-1976 (English)"
S.No. 2,Case Number,/,27-07-1976 (English)
S.No. 3,Case Number,Crl.A. No.-001296-001296 / 2002,10-09-1976 (English)
S.No. 4,Case Number,Crl.A. No.-000550-000550 / 1997,19-08-1976 (English)
S.No. 5,Case Number,W.P.(C) No.-005222-005222 / 1985,18-12-1975 (English)
