﻿Column-0,Column-1,Column-2,Column-3
S.No. 1,Case Number,Appeal (crl.) 8375 of 1997,"16-10-2003 (English)
21-07-2003 (English)
09-05-2003 (English)
08-05-2003 (English)
08-05-2003 (English)
07-05-2003 (English)
22-04-2003 (English)
17-04-2003 (English)
17-04-2003 (English)
09-04-2003 (English)
01-04-2003 (English)"
S.No. 2,Case Number,/,29-10-2002 (English)
S.No. 3,Case Number,/,04-08-2003 (English)
S.No. 4,Case Number,/,02-04-2003 (English)
S.No. 5,Case Number,/,"28-03-2003 (English)
28-03-2003 (English)
28-03-2003 (English)"
S.No. 6,Case Number,/,25-02-2003 (English)
S.No. 7,Case Number,/,27-11-2002 (English)
S.No. 8,Case Number,/,12-09-2003 (English)
S.No. 9,Case Number,/,27-11-2002 (English)
S.No. 10,Case Number,/,12-12-2002 (English)
S.No. 11,Case Number,/,03-12-2002 (English)
S.No. 12,Case Number,/,16-09-2003 (English)
S.No. 13,Case Number,/,19-02-2003 (English)
S.No. 14,Case Number,/,18-02-2003 (English)
S.No. 15,Case Number,C.A. No.-000551-000551 / 2002,22-11-2002 (English)
S.No. 16,Case Number,C.A. No.-007497-007497 / 2002,20-11-2002 (English)
S.No. 17,Case Number,C.A. No.-003615-003618 / 2002,"01-04-2003 (English)
01-04-2003 (English)"
S.No. 18,Case Number,C.A. No.-002416-002416 / 2000,06-08-2003 (English)
S.No. 19,Case Number,C.A. No.-005205-005205 / 2003,"25-07-2003 (English)
25-07-2003 (English)"
S.No. 20,Case Number,C.A. No.-003412-003412 / 2001,15-11-2002 (English)
S.No. 21,Case Number,C.A. No.-016897-016897 / 1996,30-04-2003 (English)
S.No. 22,Case Number,Crl.A. No.-000640-000642 / 2001,09-04-2003 (English)
S.No. 23,Case Number,C.A. No.-002050-002052 / 1996,10-09-2003 (English)
S.No. 24,Case Number,Crl.A. No.-000469-000469 / 2001,30-10-2002 (English)
S.No. 25,Case Number,C.A. No.-004958-004958 / 1994,31-01-2003 (English)
S.No. 26,Case Number,C.A. No.-007793-007793 / 2002,13-03-2003 (English)
S.No. 27,Case Number,C.A. No.-000992-000993 / 1997,28-08-2003 (English)
S.No. 28,Case Number,W.P.(C) No.-000035-000035 / 2002,"09-05-2003 (English)
09-05-2003 (English)"
S.No. 29,Case Number,C.A. No.-001055-001055 / 2003,06-02-2003 (English)
S.No. 30,Case Number,C.A. No.-004657-004657 / 2000,07-07-2003 (English)
S.No. 31,Case Number,C.A. No.-000823-000823 / 2000,03-12-2002 (English)
S.No. 32,Case Number,C.A. No.-006508-006508 / 2003,"19-08-2003 (English)
19-08-2003 (English)"
S.No. 33,Case Number,C.A. No.-005206-005206 / 2003,"25-07-2003 (English)
25-07-2003 (English)"
S.No. 34,Case Number,C.A. No.-000640-000640 / 1998,17-09-2003 (English)
S.No. 35,Case Number,Crl.A. No.-000193-000193 / 2002,05-03-2003 (English)
S.No. 36,Case Number,C.A. No.-000359-000359 / 1997,06-08-2003 (English)
S.No. 37,Case Number,C.A. No.-002652-002654 / 1995,24-10-2002 (English)
S.No. 38,Case Number,C.A. No.-003414-003414 / 2003,14-04-2003 (English)
S.No. 39,Case Number,C.A. No.-000889-000889 / 2002,30-07-2003 (English)
S.No. 40,Case Number,C.A. No.-007760-007760 / 2002,27-11-2002 (English)
S.No. 41,Case Number,C.A. No.-003969-003969 / 1995,19-02-2003 (English)
S.No. 42,Case Number,C.A. No.-002732-002732 / 1997,21-08-2003 (English)
S.No. 43,Case Number,C.A. No.-002170-002170 / 2001,31-01-2003 (English)
S.No. 44,Case Number,C.A. No.-001962-001962 / 1998,28-01-2003 (English)
S.No. 45,Case Number,R.P.(C) No.-000436-000436 / 2003,19-08-2003 (English)
S.No. 46,Case Number,C.A. No.-002731-002731 / 1997,08-09-2003 (English)
S.No. 47,Case Number,C.A. No.-001068-001068 / 2003,"07-02-2003 (English)
07-02-2003 (English)"
S.No. 48,Case Number,C.A. No.-000726-000726 / 2001,30-01-2003 (English)
S.No. 49,Case Number,C.A. No.-005124-005124 / 2001,04-03-2003 (English)
S.No. 50,Case Number,Crl.A. No.-000082-000082 / 2003,21-01-2003 (English)
S.No. 51,Case Number,C.A. No.-001890-001890 / 2003,03-03-2003 (English)
S.No. 52,Case Number,SLP(C) No.-000689-000689 / 2002,14-04-2003 (English)
S.No. 53,Case Number,Crl.A. No.-000559-000559 / 2002,"27-11-2002 (English)
27-11-2002 (English)"
S.No. 54,Case Number,C.A. No.-004601-004601 / 2003,15-07-2003 (English)
S.No. 55,Case Number,Crl.A. No.-000078-000078 / 1996,11-12-2002 (English)
S.No. 56,Case Number,C.A. No.-000066-000066 / 1998,07-03-2003 (English)
S.No. 57,Case Number,C.A. No.-003321-003321 / 2003,10-04-2003 (English)
S.No. 58,Case Number,C.A. No.-008623-008623 / 2002,20-12-2002 (English)
S.No. 59,Case Number,Crl.A. No.-001346-001347 / 2002,20-12-2002 (English)
S.No. 60,Case Number,C.A. No.-008271-008272 / 2001,"17-04-2003 (English)
17-04-2003 (English)"
S.No. 61,Case Number,C.A. No.-004924-004924 / 1998,13-02-2003 (English)
S.No. 62,Case Number,T.P.(Crl.) No.-000069-000069 / 2003,18-08-2003 (English)
S.No. 63,Case Number,C.A. No.-003299-003299 / 2000,27-02-2003 (English)
S.No. 64,Case Number,Crl.A. No.-001099-001099 / 2002,16-09-2003 (English)
S.No. 65,Case Number,C.A. No.-007399-007399 / 2001,"10-03-2003 (English)
10-03-2003 (English)"
S.No. 66,Case Number,C.A. No.-002614-002614 / 2001,25-11-2002 (English)
S.No. 67,Case Number,C.A. No.-008003-008003 / 2002,03-12-2002 (English)
S.No. 68,Case Number,Crl.A. No.-001272-001272 / 2001,31-01-2003 (English)
S.No. 69,Case Number,C.A. No.-005332-005332 / 1997,28-07-2003 (English)
S.No. 70,Case Number,C.A. No.-002452-002452 / 2000,11-07-2003 (English)
S.No. 71,Case Number,C.A. No.-001472-001472 / 1999,31-10-2002 (English)
S.No. 72,Case Number,C.A. No.-001427-001427 / 2001,25-04-2003 (English)
S.No. 73,Case Number,C.A. No.-005688-005688 / 2000,11-02-2003 (English)
S.No. 74,Case Number,C.A. No.-003226-003226 / 1999,"12-12-2002 (English)
12-12-2002 (English)"
S.No. 75,Case Number,C.A. No.-000508-000508 / 1998,24-10-2002 (English)
S.No. 76,Case Number,C.A. No.-000176-000176 / 1997,30-07-2003 (English)
S.No. 77,Case Number,C.A. No.-001296-001297 / 2003,14-02-2003 (English)
S.No. 78,Case Number,Crl.A. No.-000749-000749 / 1999,27-08-2003 (English)
S.No. 79,Case Number,C.A. No.-001811-001813 / 1997,31-07-2003 (English)
S.No. 80,Case Number,Crl.A. No.-000885-000887 / 2003,24-07-2003 (English)
S.No. 81,Case Number,C.A. No.-001411-001411 / 1995,26-02-2003 (English)
S.No. 82,Case Number,Crl.A. No.-000056-000056 / 1996,08-01-2003 (English)
S.No. 83,Case Number,C.A. No.-002089-002089 / 2000,27-08-2003 (English)
S.No. 84,Case Number,Crl.A. No.-001250-001250 / 1995,22-11-2002 (English)
S.No. 85,Case Number,W.P.(C) No.-000122-000122 / 1998,24-07-2003 (English)
S.No. 86,Case Number,C.A. No.-002537-002537 / 2001,23-09-2003 (English)
S.No. 87,Case Number,Crl.A. No.-000546-000546 / 1995,"31-07-2003 (English)
31-07-2003 (English)"
S.No. 88,Case Number,C.A. No.-001366-001374 / 2001,21-08-2003 (English)
S.No. 89,Case Number,C.A. No.-006120-006120 / 2000,"11-08-2003 (English)
11-08-2003 (English)"
S.No. 90,Case Number,C.A. No.-002631-002631 / 2003,02-04-2003 (English)
S.No. 91,Case Number,Crl.A. No.-001733-001733 / 1996,08-10-2003 (English)
S.No. 92,Case Number,Crl.A. No.-000744-000744 / 2003,16-10-2003 (English)
S.No. 93,Case Number,C.A. No.-001005-001005 / 2003,05-02-2003 (English)
S.No. 94,Case Number,C.A. No.-005550-005550 / 1997,"07-05-2003 (English)
07-05-2003 (English)"
S.No. 95,Case Number,C.A. No.-002616-002616 / 2003,31-03-2003 (English)
S.No. 96,Case Number,C.A. No.-001542-001542 / 1999,21-11-2002 (English)
S.No. 97,Case Number,Crl.A. No.-000015-000015 / 2002,07-01-2003 (English)
S.No. 98,Case Number,C.A. No.-004034-004034 / 2001,03-09-2003 (English)
S.No. 99,Case Number,C.A. No.-005691-005691 / 2001,29-04-2003 (English)
S.No. 100,Case Number,W.P.(C) No.-000202-000202 / 1995,30-10-2002 (English)
S.No. 101,Case Number,Crl.A. No.-000139-000139 / 1996,13-02-2003 (English)
S.No. 102,Case Number,C.A. No.-004526-004526 / 1999,31-03-2003 (English)
S.No. 103,Case Number,C.A. No.-005933-005933 / 2000,28-03-2003 (English)
S.No. 104,Case Number,C.A. No.-004149-004149 / 1995,08-04-2003 (English)
S.No. 105,Case Number,C.A. No.-009351-009352 / 1995,31-01-2003 (English)
S.No. 106,Case Number,Crl.A. No.-000452-000452 / 2003,15-09-2003 (English)
S.No. 107,Case Number,W.P.(C) No.-000301-000301 / 2000,10-09-2003 (English)
S.No. 108,Case Number,C.A. No.-007458-007458 / 2000,02-04-2003 (English)
S.No. 109,Case Number,C.A. No.-015697-015697 / 1996,14-08-2003 (English)
S.No. 110,Case Number,C.A. No.-007579-007579 / 1999,04-03-2003 (English)
S.No. 111,Case Number,Crl.A. No.-000307-000307 / 1998,16-04-2003 (English)
S.No. 112,Case Number,C.A. No.-007122-007122 / 1997,25-02-2003 (English)
S.No. 113,Case Number,C.A. No.-002500-002502 / 1998,20-11-2002 (English)
S.No. 114,Case Number,Crl.A. No.-000409-000410 / 1996,08-01-2003 (English)
S.No. 115,Case Number,C.A. No.-004589-004589 / 1995,25-03-2003 (English)
S.No. 116,Case Number,C.A. No.-001807-001807 / 2003,16-09-2003 (English)
S.No. 117,Case Number,C.A. No.-001959-001959 / 2003,28-02-2003 (English)
S.No. 118,Case Number,Crl.A. No.-000934-000936 / 1995,13-02-2003 (English)
S.No. 119,Case Number,C.A. No.-000910-000910 / 2001,"28-01-2003 (English)
28-01-2003 (English)"
S.No. 120,Case Number,Crl.A. No.-000556-000556 / 1995,03-12-2002 (English)
S.No. 121,Case Number,C.A. No.-003121-003121 / 2000,23-07-2003 (English)
S.No. 122,Case Number,C.A. No.-003961-003961 / 2001,18-02-2003 (English)
S.No. 123,Case Number,C.A. No.-000123-000123 / 2000,08-08-2003 (English)
S.No. 124,Case Number,C.A. No.-006170-006170 / 2001,25-03-2003 (English)
S.No. 125,Case Number,C.A. No.-002459-002461 / 1999,21-07-2003 (English)
S.No. 126,Case Number,C.A. No.-000999-000999 / 2001,12-03-2003 (English)
S.No. 127,Case Number,Crl.A. No.-000376-000376 / 2003,06-08-2003 (English)
S.No. 128,Case Number,C.A. No.-004060-004060 / 2001,07-07-2003 (English)
S.No. 129,Case Number,C.A. No.-006491-006495 / 1997,05-02-2003 (English)
S.No. 130,Case Number,C.A. No.-005203-005203 / 2000,25-08-2003 (English)
S.No. 131,Case Number,C.A. No.-007139-007139 / 2001,12-11-2002 (English)
S.No. 132,Case Number,C.A. No.-002704-002704 / 2000,"01-05-2003 (English)
01-05-2003 (English)"
S.No. 133,Case Number,C.A. No.-000812-000812 / 2002,22-05-2003 (English)
S.No. 134,Case Number,C.A. No.-004594-004594 / 1995,19-12-2002 (English)
S.No. 135,Case Number,C.A. No.-000672-000672 / 2001,19-02-2003 (English)
S.No. 136,Case Number,Crl.A. No.-000372-000372 / 2001,28-02-2003 (English)
S.No. 137,Case Number,C.A. No.-005077-005077 / 1998,28-01-2003 (English)
S.No. 138,Case Number,C.A. No.-009520-009522 / 1994,28-07-2003 (English)
S.No. 139,Case Number,C.A. No.-005990-005990 / 1997,13-08-2003 (English)
S.No. 140,Case Number,C.A. No.-007244-007244 / 2002,13-11-2002 (English)
S.No. 141,Case Number,C.A. No.-004786-004786 / 1996,19-08-2003 (English)
S.No. 142,Case Number,C.A. No.-005992-005992 / 1997,13-08-2003 (English)
S.No. 143,Case Number,C.A. No.-005984-005984 / 2000,11-02-2003 (English)
S.No. 144,Case Number,C.A. No.-003453-003453 / 2002,26-09-2003 (English)
S.No. 145,Case Number,C.A. No.-004634-004634 / 2003,16-07-2003 (English)
S.No. 146,Case Number,C.A. No.-002769-002769 / 1999,13-08-2003 (English)
S.No. 147,Case Number,C.A. No.-002634-002635 / 2003,02-04-2003 (English)
S.No. 148,Case Number,Crl.A. No.-000270-000270 / 1996,11-08-2003 (English)
S.No. 149,Case Number,Crl.A. No.-000676-000676 / 2003,"02-05-2003 (English)
02-05-2003 (English)"
S.No. 150,Case Number,Crl.A. No.-001136-001136 / 2003,09-10-2003 (English)
S.No. 151,Case Number,Crl.A. No.-000498-000498 / 2000,15-01-2003 (English)
S.No. 152,Case Number,C.A. No.-008216-008216 / 2003,"09-10-2003 (English)
09-10-2003 (English)"
S.No. 153,Case Number,C.A. No.-004679-004680 / 1996,19-12-2002 (English)
S.No. 154,Case Number,Crl.A. No.-000062-000062 / 2003,23-07-2003 (English)
S.No. 155,Case Number,C.A. No.-002693-002693 / 2000,13-01-2003 (English)
S.No. 156,Case Number,C.A. No.-005321-005321 / 2003,30-07-2003 (English)
S.No. 157,Case Number,C.A. No.-002729-002729 / 1999,04-03-2003 (English)
S.No. 158,Case Number,CONMT.PET.(C) No.-000126-000126 / 2003,"18-08-2003 (English)
18-08-2003 (English)"
S.No. 159,Case Number,C.A. No.-006918-006918 / 2003,02-09-2003 (English)
S.No. 160,Case Number,C.A. No.-005108-005108 / 2000,09-05-2003 (English)
S.No. 161,Case Number,C.A. No.-005228-005228 / 2000,29-04-2003 (English)
S.No. 162,Case Number,C.A. No.-001906-001906 / 2003,03-03-2003 (English)
S.No. 163,Case Number,C.A. No.-006295-006295 / 2003,11-08-2003 (English)
S.No. 164,Case Number,C.A. No.-002690-002691 / 2003,03-04-2003 (English)
S.No. 165,Case Number,C.A. No.-007038-007038 / 2002,29-10-2002 (English)
S.No. 166,Case Number,Crl.A. No.-000733-000733 / 2003,23-09-2003 (English)
S.No. 167,Case Number,C.A. No.-002533-002533 / 1998,16-10-2003 (English)
S.No. 168,Case Number,C.A. No.-003335-003335 / 2002,13-12-2002 (English)
S.No. 169,Case Number,W.P.(C) No.-000171-000171 / 2003,16-09-2003 (English)
S.No. 170,Case Number,C.A. No.-004106-004106 / 2002,09-09-2003 (English)
S.No. 171,Case Number,C.A. No.-007200-007201 / 2001,16-04-2003 (English)
S.No. 172,Case Number,Crl.A. No.-000913-000913 / 2003,28-07-2003 (English)
S.No. 173,Case Number,C.A. No.-002664-002664 / 1999,20-02-2003 (English)
S.No. 174,Case Number,C.A. No.-000105-000105 / 2002,17-04-2003 (English)
S.No. 175,Case Number,Crl.A. No.-001150-001151 / 2001,08-01-2003 (English)
S.No. 176,Case Number,C.A. No.-003375-003384 / 2002,01-08-2003 (English)
S.No. 177,Case Number,Crl.A. No.-000432-000432 / 1996,28-04-2003 (English)
S.No. 178,Case Number,C.A. No.-002166-002166 / 1998,"13-10-2003 (English)
13-10-2003 (English)
13-10-2003 (English)"
S.No. 179,Case Number,C.A. No.-006913-006914 / 2003,02-09-2003 (English)
S.No. 180,Case Number,C.A. No.-008317-008318 / 2002,11-12-2002 (English)
S.No. 181,Case Number,C.A. No.-000501-000502 / 2001,31-10-2002 (English)
S.No. 182,Case Number,/,29-10-2002 (English)
S.No. 183,Case Number,C.A. No.-003531-003532 / 2002,10-04-2003 (English)
S.No. 184,Case Number,C.A. No.-005565-005565 / 1995,28-03-2003 (English)
S.No. 185,Case Number,Crl.A. No.-000620-000620 / 1995,03-12-2002 (English)
S.No. 186,Case Number,C.A. No.-006946-006946 / 1996,04-08-2003 (English)
S.No. 187,Case Number,C.A. No.-000272-000272 / 2001,03-04-2003 (English)
S.No. 188,Case Number,Crl.A. No.-001051-001051 / 2003,25-08-2003 (English)
S.No. 189,Case Number,C.A. No.-005453-005453 / 2003,31-07-2003 (English)
S.No. 190,Case Number,C.A. No.-004449-004449 / 1997,17-10-2003 (English)
S.No. 191,Case Number,W.P.(C) No.-000239-000239 / 1998,31-07-2003 (English)
S.No. 192,Case Number,C.A. No.-006362-006362 / 2000,15-01-2003 (English)
S.No. 193,Case Number,C.A. No.-004394-004394 / 1997,04-03-2003 (English)
S.No. 194,Case Number,C.A. No.-000855-000855 / 2002,18-12-2002 (English)
S.No. 195,Case Number,C.A. No.-000854-000854 / 2002,17-12-2002 (English)
S.No. 196,Case Number,C.A. No.-003988-003989 / 2001,08-10-2003 (English)
S.No. 197,Case Number,C.A. No.-001858-001858 / 2002,11-12-2002 (English)
S.No. 198,Case Number,C.A. No.-003301-003301 / 2002,05-08-2003 (English)
S.No. 199,Case Number,Crl.A. No.-000674-000674 / 2002,09-09-2003 (English)
S.No. 200,Case Number,C.A. No.-006486-006494 / 2001,17-09-2003 (English)
S.No. 201,Case Number,C.A. No.-008263-008263 / 2001,07-07-2003 (English)
S.No. 202,Case Number,C.A. No.-001338-001338 / 2003,17-02-2003 (English)
S.No. 203,Case Number,C.A. No.-006797-006797 / 2003,28-08-2003 (English)
S.No. 204,Case Number,Crl.A. No.-000993-000994 / 2002,22-07-2003 (English)
S.No. 205,Case Number,C.A. No.-004908-004908 / 2002,"17-02-2003 (English)
17-02-2003 (English)"
S.No. 206,Case Number,C.A. No.-003092-003092 / 2002,17-12-2002 (English)
S.No. 207,Case Number,C.A. No.-008631-008631 / 2002,20-12-2002 (English)
S.No. 208,Case Number,C.A. No.-003897-003897 / 2001,05-03-2003 (English)
S.No. 209,Case Number,Crl.A. No.-001299-001300 / 2002,08-07-2003 (English)
S.No. 210,Case Number,C.A. No.-008489-008489 / 2001,16-07-2003 (English)
S.No. 211,Case Number,C.A. No.-005568-005570 / 2003,06-08-2003 (English)
S.No. 212,Case Number,C.A. No.-008394-008394 / 2002,06-03-2003 (English)
S.No. 213,Case Number,C.A. No.-003515-003515 / 1997,03-12-2002 (English)
S.No. 214,Case Number,C.A. No.-006365-006382 / 1999,26-08-2003 (English)
S.No. 215,Case Number,C.A. No.-000635-000635 / 2003,29-01-2003 (English)
S.No. 216,Case Number,C.A. No.-000038-000038 / 1999,05-08-2003 (English)
S.No. 217,Case Number,C.A. No.-007919-007919 / 2001,05-05-2003 (English)
S.No. 218,Case Number,Crl.A. No.-000646-000646 / 1994,18-12-2002 (English)
S.No. 219,Case Number,C.A. No.-008328-008328 / 2001,03-04-2003 (English)
S.No. 220,Case Number,C.A. No.-005199-005199 / 1997,25-08-2003 (English)
S.No. 221,Case Number,W.P.(C) No.-000242-000242 / 1997,"21-07-2003 (English)
21-07-2003 (English)"
S.No. 222,Case Number,C.A. No.-004210-004211 / 2000,17-04-2003 (English)
S.No. 223,Case Number,Crl.A. No.-000685-000685 / 2001,09-04-2003 (English)
S.No. 224,Case Number,C.A. No.-000137-000137 / 1999,23-01-2003 (English)
S.No. 225,Case Number,C.A. No.-006634-006634 / 1995,25-02-2003 (English)
S.No. 226,Case Number,C.A. No.-003064-003064 / 2000,16-04-2003 (English)
S.No. 227,Case Number,C.A. No.-003431-003431 / 2000,19-08-2003 (English)
S.No. 228,Case Number,C.A. No.-004571-004571 / 2003,14-07-2003 (English)
S.No. 229,Case Number,C.A. No.-001239-001244 / 2001,31-03-2003 (English)
S.No. 230,Case Number,C.A. No.-004023-004023 / 2001,19-12-2002 (English)
S.No. 231,Case Number,C.A. No.-004420-004420 / 1999,07-07-2003 (English)
S.No. 232,Case Number,C.A. No.-004965-004965 / 1997,03-04-2003 (English)
S.No. 233,Case Number,C.A. No.-003876-003876 / 1999,23-10-2002 (English)
S.No. 234,Case Number,C.A. No.-003978-003979 / 1998,03-12-2002 (English)
S.No. 235,Case Number,Crl.A. No.-000929-000930 / 2002,28-04-2003 (English)
S.No. 236,Case Number,C.A. No.-003781-003781 / 1999,16-01-2003 (English)
S.No. 237,Case Number,C.A. No.-005193-005193 / 1997,14-02-2003 (English)
S.No. 238,Case Number,W.P.(C) No.-000218-000218 / 2003,09-05-2003 (English)
S.No. 239,Case Number,C.A. No.-006387-006388 / 2003,14-08-2003 (English)
S.No. 240,Case Number,C.A. No.-005525-005525 / 2000,26-09-2003 (English)
S.No. 241,Case Number,C.A. No.-003322-003322 / 2003,10-04-2003 (English)
S.No. 242,Case Number,C.A. No.-003602-003602 / 2002,26-09-2003 (English)
S.No. 243,Case Number,C.A. No.-004673-004673 / 1997,16-10-2003 (English)
S.No. 244,Case Number,C.A. No.-007360-007360 / 2003,15-09-2003 (English)
S.No. 245,Case Number,C.A. No.-004151-004157 / 2001,07-07-2003 (English)
S.No. 246,Case Number,Crl.A. No.-001015-001015 / 2002,31-07-2003 (English)
S.No. 247,Case Number,Crl.A. No.-000734-000734 / 2002,17-12-2002 (English)
S.No. 248,Case Number,Crl.A. No.-000702-000702 / 2002,09-09-2003 (English)
S.No. 249,Case Number,C.A. No.-005521-005521 / 2003,05-08-2003 (English)
S.No. 250,Case Number,W.P.(Crl.) No.-000058-000058 / 2003,24-07-2003 (English)
S.No. 251,Case Number,C.A. No.-000422-000422 / 2003,21-01-2003 (English)
S.No. 252,Case Number,C.A. No.-003908-003908 / 1999,08-08-2003 (English)
S.No. 253,Case Number,C.A. No.-000630-000632 / 2003,29-01-2003 (English)
S.No. 254,Case Number,C.A. No.-006942-006942 / 2000,31-10-2002 (English)
S.No. 255,Case Number,Crl.A. No.-000092-000092 / 2002,06-02-2003 (English)
S.No. 256,Case Number,C.A. No.-008501-008501 / 2002,17-12-2002 (English)
S.No. 257,Case Number,C.A. No.-003985-003985 / 2001,10-03-2003 (English)
S.No. 258,Case Number,C.A. No.-008624-008624 / 2002,20-12-2002 (English)
S.No. 259,Case Number,C.A. No.-004659-004659 / 1997,03-12-2002 (English)
S.No. 260,Case Number,C.A. No.-002606-002607 / 2001,27-01-2003 (English)
S.No. 261,Case Number,C.A. No.-002121-002121 / 2001,20-12-2002 (English)
S.No. 262,Case Number,C.A. No.-005385-005385 / 2001,03-12-2002 (English)
S.No. 263,Case Number,C.A. No.-007072-007072 / 2001,22-04-2003 (English)
S.No. 264,Case Number,C.A. No.-008601-008605 / 1997,14-10-2003 (English)
S.No. 265,Case Number,C.A. No.-007623-007624 / 2002,22-11-2002 (English)
S.No. 266,Case Number,C.A. No.-004003-004003 / 2001,29-11-2002 (English)
S.No. 267,Case Number,C.A. No.-001726-001726 / 2001,05-03-2003 (English)
S.No. 268,Case Number,C.A. No.-007533-007533 / 1997,27-08-2003 (English)
S.No. 269,Case Number,C.A. No.-007539-007539 / 1999,12-03-2003 (English)
S.No. 270,Case Number,Crl.A. No.-000789-000789 / 2002,23-01-2003 (English)
S.No. 271,Case Number,Crl.A. No.-000756-000756 / 2003,25-09-2003 (English)
S.No. 272,Case Number,Crl.A. No.-000229-000229 / 2003,17-02-2003 (English)
S.No. 273,Case Number,C.A. No.-013382-013383 / 1996,10-09-2003 (English)
S.No. 274,Case Number,C.A. No.-006621-006621 / 1995,26-11-2002 (English)
S.No. 275,Case Number,C.A. No.-005043-005043 / 2001,28-04-2003 (English)
S.No. 276,Case Number,Crl.A. No.-001636-001636 / 1996,10-09-2003 (English)
S.No. 277,Case Number,C.A. No.-004655-004809 / 2003,17-07-2003 (English)
S.No. 278,Case Number,C.A. No.-003312-003312 / 2000,28-07-2003 (English)
S.No. 279,Case Number,C.A. No.-005416-005424 / 2000,17-10-2003 (English)
S.No. 280,Case Number,C.A. No.-008431-008431 / 1997,"22-09-2003 (English)
22-09-2003 (English)
22-09-2003 (English)"
S.No. 281,Case Number,C.A. No.-006302-006302 / 1995,14-01-2003 (English)
S.No. 282,Case Number,C.A. No.-003068-003069 / 2003,"04-04-2003 (English)
04-04-2003 (English)"
S.No. 283,Case Number,C.A. No.-006402-006405 / 1995,10-12-2002 (English)
S.No. 284,Case Number,C.A. No.-000106-000106 / 2001,26-09-2003 (English)
S.No. 285,Case Number,C.A. No.-006733-006733 / 2003,25-08-2003 (English)
S.No. 286,Case Number,C.A. No.-005781-005781 / 1999,04-02-2003 (English)
S.No. 287,Case Number,Crl.A. No.-000825-000825 / 2002,"25-07-2003 (English)
25-07-2003 (English)"
S.No. 288,Case Number,C.A. No.-001768-001768 / 2002,17-09-2003 (English)
S.No. 289,Case Number,C.A. No.-006535-006535 / 1997,28-03-2003 (English)
S.No. 290,Case Number,Crl.A. No.-000388-000388 / 2000,07-03-2003 (English)
S.No. 291,Case Number,Crl.A. No.-001250-001250 / 2003,08-10-2003 (English)
S.No. 292,Case Number,C.A. No.-004731-004731 / 1999,"04-03-2003 (English)
04-03-2003 (English)"
S.No. 293,Case Number,C.A. No.-000972-000972 / 1995,19-12-2002 (English)
S.No. 294,Case Number,C.A. No.-001337-001337 / 1995,09-05-2003 (English)
S.No. 295,Case Number,C.A. No.-006950-006950 / 2003,03-09-2003 (English)
S.No. 296,Case Number,C.A. No.-008296-008296 / 2003,15-10-2003 (English)
S.No. 297,Case Number,C.A. No.-004722-004722 / 1997,08-10-2003 (English)
S.No. 298,Case Number,Crl.A. No.-001251-001251 / 2003,08-10-2003 (English)
S.No. 299,Case Number,C.A. No.-002898-002898 / 2001,23-09-2003 (English)
S.No. 300,Case Number,Crl.A. No.-000290-000290 / 1995,16-12-2002 (English)
S.No. 301,Case Number,Crl.A. No.-001018-001018 / 2002,25-07-2003 (English)
S.No. 302,Case Number,Crl.A. No.-001193-001193 / 1995,18-02-2003 (English)
S.No. 303,Case Number,C.A. No.-008322-008322 / 2001,17-12-2002 (English)
S.No. 304,Case Number,C.A. No.-008681-008681 / 2002,18-12-2002 (English)
S.No. 305,Case Number,Crl.A. No.-001010-001010 / 2003,18-08-2003 (English)
S.No. 306,Case Number,W.P.(Crl.) No.-000083-000083 / 2002,22-11-2002 (English)
S.No. 307,Case Number,Crl.A. No.-000070-000070 / 2003,20-01-2003 (English)
S.No. 308,Case Number,W.P.(C) No.-000354-000354 / 2002,09-05-2003 (English)
S.No. 309,Case Number,C.A. No.-003632-003632 / 1996,08-01-2003 (English)
S.No. 310,Case Number,C.A. No.-003496-003496 / 1996,"13-10-2003 (English)
13-10-2003 (English)
13-10-2003 (English)"
S.No. 311,Case Number,C.A. No.-002045-002045 / 2003,05-03-2003 (English)
S.No. 312,Case Number,C.A. No.-006266-006266 / 2000,28-11-2002 (English)
S.No. 313,Case Number,C.A. No.-002054-002054 / 2002,07-03-2003 (English)
S.No. 314,Case Number,Crl.A. No.-000093-000095 / 2001,14-11-2002 (English)
S.No. 315,Case Number,C.A. No.-005831-005831 / 1999,11-03-2003 (English)
S.No. 316,Case Number,C.A. No.-009157-009157 / 1995,20-11-2002 (English)
S.No. 317,Case Number,C.A. No.-005466-005466 / 2002,08-10-2003 (English)
S.No. 318,Case Number,C.A. No.-005247-005250 / 1997,22-11-2002 (English)
S.No. 319,Case Number,W.P.(C) No.-000302-000302 / 2001,30-07-2003 (English)
S.No. 320,Case Number,C.A. No.-004033-004033 / 2002,09-05-2003 (English)
S.No. 321,Case Number,W.P.(C) No.-000433-000433 / 1998,22-08-2003 (English)
S.No. 322,Case Number,Crl.A. No.-000666-000666 / 2002,07-07-2003 (English)
S.No. 323,Case Number,C.A. No.-008574-008577 / 2001,"10-03-2003 (English)
10-03-2003 (English)"
S.No. 324,Case Number,C.A. No.-004703-004703 / 1999,"16-04-2003 (English)
16-04-2003 (English)
16-04-2003 (English)"
S.No. 325,Case Number,C.A. No.-008180-008180 / 1995,25-02-2003 (English)
S.No. 326,Case Number,C.A. No.-006605-006606 / 2002,26-09-2003 (English)
S.No. 327,Case Number,Crl.A. No.-000315-000315 / 2003,07-03-2003 (English)
S.No. 328,Case Number,C.A. No.-005638-005638 / 1999,22-05-2003 (English)
S.No. 329,Case Number,C.A. No.-000034-000034 / 1995,26-08-2003 (English)
S.No. 330,Case Number,C.A. No.-004917-004917 / 2000,22-05-2003 (English)
S.No. 331,Case Number,C.A. No.-006110-006110 / 2003,07-08-2003 (English)
S.No. 332,Case Number,C.A. No.-005223-005223 / 2003,28-07-2003 (English)
S.No. 333,Case Number,C.A. No.-005764-005764 / 1997,12-09-2003 (English)
S.No. 334,Case Number,C.A. No.-002539-002539 / 1998,18-08-2003 (English)
S.No. 335,Case Number,C.A. No.-005647-005648 / 1997,29-08-2003 (English)
S.No. 336,Case Number,C.A. No.-008518-008518 / 2002,17-12-2002 (English)
S.No. 337,Case Number,C.A. No.-008360-008361 / 2003,"17-10-2003 (English)
17-10-2003 (English)
17-10-2003 (English)"
S.No. 338,Case Number,C.A. No.-004402-004402 / 2002,23-09-2003 (English)
S.No. 339,Case Number,C.A. No.-005010-005010 / 2003,18-07-2003 (English)
S.No. 340,Case Number,9999 No.-000304-000304 / 1999,19-08-2003 (English)
S.No. 341,Case Number,C.A. No.-005619-005619 / 1994,20-12-2002 (English)
S.No. 342,Case Number,Crl.A. No.-001026-001026 / 2002,10-04-2003 (English)
S.No. 343,Case Number,C.A. No.-007133-007133 / 1999,30-07-2003 (English)
S.No. 344,Case Number,W.P.(C) No.-000393-000393 / 2002,27-01-2003 (English)
S.No. 345,Case Number,C.A. No.-011961-011963 / 1996,10-09-2003 (English)
S.No. 346,Case Number,C.A. No.-001382-001382 / 2002,28-01-2003 (English)
S.No. 347,Case Number,C.A. No.-005050-005050 / 2002,04-03-2003 (English)
S.No. 348,Case Number,Crl.A. No.-000202-000202 / 2001,12-11-2002 (English)
S.No. 349,Case Number,9999 No.-000344-000344 / 2002,19-12-2002 (English)
S.No. 350,Case Number,Crl.A. No.-000205-000205 / 1996,22-04-2003 (English)
S.No. 351,Case Number,C.A. No.-002421-002421 / 2001,20-01-2003 (English)
S.No. 352,Case Number,Crl.A. No.-000821-000821 / 2001,24-04-2003 (English)
S.No. 353,Case Number,C.A. No.-004641-004641 / 1998,10-12-2002 (English)
S.No. 354,Case Number,Crl.A. No.-000336-000336 / 1996,"19-02-2003 (English)
19-02-2003 (English)"
S.No. 355,Case Number,C.A. No.-002898-002898 / 2000,12-12-2002 (English)
S.No. 356,Case Number,C.A. No.-007212-007212 / 2002,12-11-2002 (English)
S.No. 357,Case Number,Crl.A. No.-001046-001046 / 2000,03-12-2002 (English)
S.No. 358,Case Number,C.A. No.-005072-005072 / 1999,22-04-2003 (English)
S.No. 359,Case Number,C.A. No.-001881-001881 / 1999,16-04-2003 (English)
S.No. 360,Case Number,C.A. No.-001344-001344 / 2003,31-07-2003 (English)
S.No. 361,Case Number,C.A. No.-000097-000097 / 2002,08-05-2003 (English)
S.No. 362,Case Number,C.A. No.-002971-002971 / 1995,05-12-2002 (English)
S.No. 363,Case Number,C.A. No.-009927-009927 / 1996,17-01-2003 (English)
S.No. 364,Case Number,Crl.A. No.-000551-000551 / 1996,15-10-2003 (English)
S.No. 365,Case Number,C.A. No.-008182-008182 / 1995,05-03-2003 (English)
S.No. 366,Case Number,C.A. No.-011194-011194 / 1995,17-12-2002 (English)
S.No. 367,Case Number,C.A. No.-006087-006087 / 2001,27-02-2003 (English)
S.No. 368,Case Number,Crl.A. No.-001284-001284 / 2001,06-02-2003 (English)
S.No. 369,Case Number,Crl.A. No.-000073-000073 / 2002,13-11-2002 (English)
S.No. 370,Case Number,C.A. No.-002321-002321 / 2003,12-03-2003 (English)
S.No. 371,Case Number,C.A. No.-007941-007941 / 1995,08-10-2003 (English)
S.No. 372,Case Number,C.A. No.-000639-000639 / 2003,29-01-2003 (English)
S.No. 373,Case Number,Crl.A. No.-001190-001190 / 2001,18-09-2003 (English)
S.No. 374,Case Number,Crl.A. No.-000147-000147 / 2002,23-10-2002 (English)
S.No. 375,Case Number,Crl.A. No.-000651-000651 / 2001,07-01-2003 (English)
S.No. 376,Case Number,C.A. No.-004170-004170 / 1999,01-09-2003 (English)
S.No. 377,Case Number,C.A. No.-003946-003946 / 2001,29-01-2003 (English)
S.No. 378,Case Number,C.A. No.-000516-000516 / 1999,31-10-2002 (English)
S.No. 379,Case Number,C.A. No.-008079-008079 / 1995,04-03-2003 (English)
S.No. 380,Case Number,Crl.A. No.-000331-000331 / 2003,10-03-2003 (English)
S.No. 381,Case Number,C.A. No.-004852-004853 / 2000,10-03-2003 (English)
S.No. 382,Case Number,Crl.A. No.-000641-000641 / 2003,28-04-2003 (English)
S.No. 383,Case Number,C.A. No.-009265-009265 / 1995,05-02-2003 (English)
S.No. 384,Case Number,Crl.A. No.-000522-000522 / 1995,10-12-2002 (English)
S.No. 385,Case Number,C.A. No.-004793-004802 / 1999,20-12-2002 (English)
S.No. 386,Case Number,Crl.A. No.-001059-001059 / 2003,26-08-2003 (English)
S.No. 387,Case Number,Crl.A. No.-000021-000021 / 2002,13-10-2003 (English)
S.No. 388,Case Number,C.A. No.-002531-002531 / 2001,18-02-2003 (English)
S.No. 389,Case Number,Crl.A. No.-001284-001284 / 2002,05-12-2002 (English)
S.No. 390,Case Number,C.A. No.-007536-007536 / 1997,27-08-2003 (English)
S.No. 391,Case Number,Crl.A. No.-001067-001067 / 2001,20-12-2002 (English)
S.No. 392,Case Number,Crl.A. No.-000061-000061 / 2003,25-08-2003 (English)
S.No. 393,Case Number,C.A. No.-003991-003991 / 2003,06-05-2003 (English)
S.No. 394,Case Number,C.A. No.-006121-006158 / 2003,07-08-2003 (English)
S.No. 395,Case Number,C.A. No.-004654-004654 / 1998,02-04-2003 (English)
S.No. 396,Case Number,C.A. No.-006092-006092 / 1999,01-05-2003 (English)
S.No. 397,Case Number,C.A. No.-005866-005866 / 2000,16-04-2003 (English)
S.No. 398,Case Number,Crl.A. No.-001779-001780 / 1996,23-09-2003 (English)
S.No. 399,Case Number,C.A. No.-005472-005473 / 2000,13-03-2003 (English)
S.No. 400,Case Number,C.A. No.-007744-007744 / 1997,18-02-2003 (English)
S.No. 401,Case Number,C.A. No.-000449-000449 / 2000,14-10-2003 (English)
S.No. 402,Case Number,Crl.A. No.-001042-001042 / 2001,30-07-2003 (English)
S.No. 403,Case Number,Crl.A. No.-000889-000889 / 2001,30-01-2003 (English)
S.No. 404,Case Number,C.A. No.-005941-005942 / 1999,26-02-2003 (English)
S.No. 405,Case Number,C.A. No.-005982-005982 / 2001,"12-03-2003 (English)
12-03-2003 (English)"
S.No. 406,Case Number,SLP(C) No.-015054-015055 / 1998,30-10-2002 (English)
S.No. 407,Case Number,C.A. No.-005168-005168 / 1998,18-02-2003 (English)
S.No. 408,Case Number,C.A. No.-002059-002059 / 2002,17-09-2003 (English)
S.No. 409,Case Number,C.A. No.-006345-006345 / 2001,04-04-2003 (English)
S.No. 410,Case Number,Crl.A. No.-001307-001307 / 2001,17-12-2002 (English)
S.No. 411,Case Number,C.A. No.-008173-008173 / 2003,"08-10-2003 (English)
08-10-2003 (English)"
S.No. 412,Case Number,C.A. No.-000321-000321 / 1999,15-01-2003 (English)
S.No. 413,Case Number,C.A. No.-000858-000858 / 2003,03-02-2003 (English)
S.No. 414,Case Number,C.A. No.-004797-004797 / 1998,30-07-2003 (English)
S.No. 415,Case Number,R.P.(C) No.-001111-001112 / 2002,31-07-2003 (English)
S.No. 416,Case Number,Crl.A. No.-000151-000158 / 1996,19-08-2003 (English)
S.No. 417,Case Number,C.A. No.-009169-009169 / 1996,26-08-2003 (English)
S.No. 418,Case Number,C.A. No.-004559-004559 / 1996,06-02-2003 (English)
S.No. 419,Case Number,C.A. No.-001502-001503 / 2003,20-02-2003 (English)
S.No. 420,Case Number,C.A. No.-014191-014191 / 1998,04-12-2002 (English)
S.No. 421,Case Number,C.A. No.-005556-005556 / 2003,06-08-2003 (English)
S.No. 422,Case Number,C.A. No.-008297-008297 / 1997,17-10-2003 (English)
S.No. 423,Case Number,C.A. No.-006915-006916 / 2003,02-09-2003 (English)
S.No. 424,Case Number,Crl.A. No.-000830-000830 / 1996,22-08-2003 (English)
S.No. 425,Case Number,C.A. No.-008548-008549 / 2002,"18-12-2002 (English)
18-12-2002 (English)"
S.No. 426,Case Number,C.A. No.-001996-001996 / 1998,08-10-2003 (English)
S.No. 427,Case Number,C.A. No.-007396-007397 / 2003,16-09-2003 (English)
S.No. 428,Case Number,Crl.A. No.-000396-000396 / 1995,17-02-2003 (English)
S.No. 429,Case Number,Crl.A. No.-000453-000453 / 1996,08-01-2003 (English)
S.No. 430,Case Number,C.A. No.-005576-005576 / 2000,22-07-2003 (English)
S.No. 431,Case Number,C.A. No.-006519-006519 / 1994,17-02-2003 (English)
S.No. 432,Case Number,SLP(C) No.-016428-016428 / 2003,25-08-2003 (English)
S.No. 433,Case Number,Crl.A. No.-000866-000866 / 1994,18-12-2002 (English)
S.No. 434,Case Number,C.A. No.-004231-004231 / 1999,04-02-2003 (English)
S.No. 435,Case Number,C.A. No.-005111-005111 / 2002,04-03-2003 (English)
S.No. 436,Case Number,Crl.A. No.-000476-000476 / 2003,01-04-2003 (English)
S.No. 437,Case Number,Crl.A. No.-000271-000271 / 2003,26-09-2003 (English)
S.No. 438,Case Number,C.A. No.-000805-000806 / 1999,04-04-2003 (English)
S.No. 439,Case Number,C.A. No.-001681-001686 / 2003,31-07-2003 (English)
S.No. 440,Case Number,C.A. No.-004094-004094 / 1998,"11-08-2003 (English)
11-08-2003 (English)"
S.No. 441,Case Number,Crl.A. No.-001143-001143 / 2002,13-11-2002 (English)
S.No. 442,Case Number,Crl.A. No.-000788-000789 / 1999,05-03-2003 (English)
S.No. 443,Case Number,Crl.A. No.-000734-000734 / 2003,22-08-2003 (English)
S.No. 444,Case Number,Crl.A. No.-000888-000891 / 2003,08-09-2003 (English)
S.No. 445,Case Number,C.A. No.-000916-000916 / 1999,17-04-2003 (English)
S.No. 446,Case Number,Crl.A. No.-000054-000054 / 2003,01-09-2003 (English)
S.No. 447,Case Number,C.A. No.-007938-007940 / 2003,22-09-2003 (English)
S.No. 448,Case Number,C.A. No.-000498-000498 / 2003,23-01-2003 (English)
S.No. 449,Case Number,C.A. No.-004621-004621 / 2002,13-03-2003 (English)
S.No. 450,Case Number,Crl.A. No.-001241-001241 / 2002,29-04-2003 (English)
S.No. 451,Case Number,C.A. No.-000818-000818 / 2001,05-02-2003 (English)
S.No. 452,Case Number,C.A. No.-008089-008089 / 2002,04-12-2002 (English)
S.No. 453,Case Number,C.A. No.-007940-007942 / 2001,16-10-2003 (English)
S.No. 454,Case Number,Crl.A. No.-000383-000383 / 2003,13-03-2003 (English)
S.No. 455,Case Number,C.A. No.-007152-007157 / 2002,01-11-2002 (English)
S.No. 456,Case Number,C.A. No.-008337-008339 / 1997,09-09-2003 (English)
S.No. 457,Case Number,C.A. No.-001899-001899 / 2002,10-12-2002 (English)
S.No. 458,Case Number,C.A. No.-005282-005282 / 2002,13-10-2003 (English)
S.No. 459,Case Number,Crl.A. No.-000106-000106 / 2002,01-11-2002 (English)
S.No. 460,Case Number,C.A. No.-007525-007527 / 2001,26-03-2003 (English)
S.No. 461,Case Number,C.A. No.-006478-006478 / 2001,09-10-2003 (English)
S.No. 462,Case Number,C.A. No.-002029-002031 / 1995,22-11-2002 (English)
S.No. 463,Case Number,C.A. No.-007228-007228 / 2001,29-08-2003 (English)
S.No. 464,Case Number,Crl.A. No.-000805-000805 / 2002,15-07-2003 (English)
S.No. 465,Case Number,C.A. No.-006593-006593 / 2000,29-10-2002 (English)
S.No. 466,Case Number,C.A. No.-007295-007295 / 2002,15-11-2002 (English)
S.No. 467,Case Number,C.A. No.-007670-007670 / 1997,31-07-2003 (English)
S.No. 468,Case Number,Crl.A. No.-000263-000263 / 2003,"15-10-2003 (English)
15-10-2003 (English)"
S.No. 469,Case Number,C.A. No.-001247-001247 / 1998,18-09-2003 (English)
S.No. 470,Case Number,W.P.(Crl.) No.-000337-000338 / 1997,19-09-2003 (English)
S.No. 471,Case Number,SLP(C) No.-015450-015450 / 2003,"01-09-2003 (English)
01-09-2003 (English)"
S.No. 472,Case Number,Crl.A. No.-000282-000282 / 2003,18-08-2003 (English)
S.No. 473,Case Number,C.A. No.-001054-001054 / 2003,06-02-2003 (English)
S.No. 474,Case Number,Crl.A. No.-000260-000260 / 1996,31-01-2003 (English)
S.No. 475,Case Number,C.A. No.-011632-011632 / 1995,25-02-2003 (English)
S.No. 476,Case Number,C.A. No.-008534-008534 / 2002,17-12-2002 (English)
S.No. 477,Case Number,C.A. No.-005124-005124 / 1998,17-12-2002 (English)
S.No. 478,Case Number,C.A. No.-001512-001512 / 2001,30-04-2003 (English)
S.No. 479,Case Number,C.A. No.-002490-002490 / 1995,20-11-2002 (English)
S.No. 480,Case Number,C.A. No.-006161-006161 / 1999,04-12-2002 (English)
S.No. 481,Case Number,Crl.A. No.-000486-000486 / 1996,20-02-2003 (English)
S.No. 482,Case Number,Crl.A. No.-000022-000022 / 2003,17-04-2003 (English)
S.No. 483,Case Number,C.A. No.-005662-005662 / 1998,"13-03-2003 (English)
13-03-2003 (English)"
S.No. 484,Case Number,C.A. No.-001527-001527 / 2000,31-03-2003 (English)
S.No. 485,Case Number,C.A. No.-003433-003433 / 2000,11-02-2003 (English)
S.No. 486,Case Number,SPL.REF. No.-000001-000001 / 2002,"13-01-2003 (English)
28-10-2002 (English)
28-10-2002 (English)
28-10-2002 (English)
28-10-2002 (English)"
S.No. 487,Case Number,W.P.(C) No.-000488-000488 / 2002,09-05-2003 (English)
S.No. 488,Case Number,Crl.A. No.-000948-000948 / 2003,05-08-2003 (English)
S.No. 489,Case Number,C.A. No.-008951-008951 / 1997,06-05-2003 (English)
S.No. 490,Case Number,C.A. No.-011174-011174 / 1995,"24-10-2002 (English)
24-10-2002 (English)"
S.No. 491,Case Number,Crl.A. No.-001097-001097 / 1999,14-01-2003 (English)
S.No. 492,Case Number,C.A. No.-010383-010383 / 1996,02-05-2003 (English)
S.No. 493,Case Number,C.A. No.-006782-006782 / 2001,02-04-2003 (English)
S.No. 494,Case Number,C.A. No.-007977-007977 / 2003,23-09-2003 (English)
S.No. 495,Case Number,C.A. No.-007248-007248 / 1999,17-12-2002 (English)
S.No. 496,Case Number,Crl.A. No.-001149-001149 / 2002,28-07-2003 (English)
S.No. 497,Case Number,C.A. No.-005005-005006 / 2003,18-07-2003 (English)
S.No. 498,Case Number,Crl.A. No.-001491-001491 / 1995,19-08-2003 (English)
S.No. 499,Case Number,Crl.A. No.-001656-001663 / 1995,05-03-2003 (English)
S.No. 500,Case Number,C.A. No.-004167-004167 / 2003,08-08-2003 (English)
S.No. 501,Case Number,W.P.(C) No.-000490-000490 / 2002,13-03-2003 (English)
S.No. 502,Case Number,C.A. No.-004570-004570 / 2003,14-07-2003 (English)
S.No. 503,Case Number,C.A. No.-002305-002306 / 1999,16-09-2003 (English)
S.No. 504,Case Number,C.A. No.-014562-014563 / 1996,06-02-2003 (English)
S.No. 505,Case Number,C.A. No.-006745-006745 / 1999,13-02-2003 (English)
S.No. 506,Case Number,C.A. No.-009918-009918 / 1995,21-11-2002 (English)
S.No. 507,Case Number,C.A. No.-007011-007011 / 2003,05-09-2003 (English)
S.No. 508,Case Number,Crl.A. No.-000231-000234 / 2002,21-08-2003 (English)
S.No. 509,Case Number,Crl.A. No.-001678-001678 / 1995,04-03-2003 (English)
S.No. 510,Case Number,C.A. No.-003829-003830 / 2000,16-09-2003 (English)
S.No. 511,Case Number,C.A. No.-001050-001051 / 2003,05-02-2003 (English)
S.No. 512,Case Number,C.A. No.-006238-006238 / 1998,01-04-2003 (English)
S.No. 513,Case Number,C.A. No.-006969-006969 / 1999,11-03-2003 (English)
S.No. 514,Case Number,W.P.(C) No.-000496-000496 / 2002,"25-10-2002 (English)
25-10-2002 (English)"
S.No. 515,Case Number,Crl.A. No.-000336-000336 / 2002,25-11-2002 (English)
S.No. 516,Case Number,Crl.A. No.-001449-001449 / 1995,08-01-2003 (English)
S.No. 517,Case Number,Crl.A. No.-000570-000570 / 1996,25-09-2003 (English)
S.No. 518,Case Number,Crl.A. No.-000957-000957 / 1995,18-12-2002 (English)
S.No. 519,Case Number,C.A. No.-011651-011652 / 1995,14-01-2003 (English)
S.No. 520,Case Number,C.A. No.-004301-004301 / 1999,13-08-2003 (English)
S.No. 521,Case Number,C.A. No.-002609-002610 / 2003,01-04-2003 (English)
S.No. 522,Case Number,C.A. No.-001058-001058 / 2003,06-02-2003 (English)
S.No. 523,Case Number,Crl.A. No.-001269-001269 / 2002,16-09-2003 (English)
S.No. 524,Case Number,Crl.A. No.-000577-000578 / 1995,10-12-2002 (English)
S.No. 525,Case Number,C.A. No.-011458-011458 / 1995,21-01-2003 (English)
S.No. 526,Case Number,C.A. No.-006651-006654 / 2000,17-04-2003 (English)
S.No. 527,Case Number,C.A. No.-004157-004157 / 2000,03-03-2003 (English)
S.No. 528,Case Number,C.A. No.-008104-008105 / 2003,26-09-2003 (English)
S.No. 529,Case Number,C.A. No.-005680-005681 / 1994,05-02-2003 (English)
S.No. 530,Case Number,Crl.A. No.-001286-001286 / 2002,"16-10-2003 (English)
16-10-2003 (English)"
S.No. 531,Case Number,C.A. No.-000604-000604 / 2000,23-04-2003 (English)
S.No. 532,Case Number,C.A. No.-001062-001062 / 2003,06-02-2003 (English)
S.No. 533,Case Number,C.A. No.-002048-002049 / 1999,12-03-2003 (English)
S.No. 534,Case Number,C.A. No.-007610-007610 / 1999,30-04-2003 (English)
S.No. 535,Case Number,Crl.A. No.-000146-000146 / 2002,10-04-2003 (English)
S.No. 536,Case Number,Crl.A. No.-000231-000231 / 1996,"25-08-2003 (English)
25-08-2003 (English)"
S.No. 537,Case Number,C.A. No.-007269-007269 / 2003,12-09-2003 (English)
S.No. 538,Case Number,9999 No.-000426-000426 / 2002,05-05-2003 (English)
S.No. 539,Case Number,C.A. No.-003618-003618 / 2000,25-04-2003 (English)
S.No. 540,Case Number,C.A. No.-006799-006799 / 2003,28-08-2003 (English)
S.No. 541,Case Number,Crl.A. No.-000380-000380 / 2001,06-01-2003 (English)
S.No. 542,Case Number,C.A. No.-001174-001174 / 2002,14-04-2003 (English)
S.No. 543,Case Number,Crl.A. No.-000230-000230 / 2002,22-04-2003 (English)
S.No. 544,Case Number,C.A. No.-000200-000201 / 2002,28-11-2002 (English)
S.No. 545,Case Number,C.A. No.-001789-001789 / 2000,13-02-2003 (English)
S.No. 546,Case Number,C.A. No.-006302-006302 / 2001,15-09-2003 (English)
S.No. 547,Case Number,C.A. No.-007135-007135 / 2003,09-09-2003 (English)
S.No. 548,Case Number,C.A. No.-008994-008994 / 1994,22-11-2002 (English)
S.No. 549,Case Number,C.A. No.-003266-003266 / 2001,26-02-2003 (English)
S.No. 550,Case Number,C.A. No.-001648-001648 / 2001,31-03-2003 (English)
S.No. 551,Case Number,C.A. No.-003729-003730 / 1999,19-08-2003 (English)
S.No. 552,Case Number,C.A. No.-002231-002231 / 1996,21-07-2003 (English)
S.No. 553,Case Number,C.A. No.-012645-012645 / 1996,31-07-2003 (English)
S.No. 554,Case Number,C.A. No.-003488-003488 / 2003,17-04-2003 (English)
S.No. 555,Case Number,W.P.(C) No.-000528-000528 / 2002,06-05-2003 (English)
S.No. 556,Case Number,Crl.A. No.-000323-000323 / 2002,11-12-2002 (English)
S.No. 557,Case Number,Crl.A. No.-000181-000182 / 1996,10-04-2003 (English)
S.No. 558,Case Number,Crl.A. No.-001638-001639 / 1996,24-09-2003 (English)
S.No. 559,Case Number,Crl.A. No.-001457-001457 / 1995,25-10-2002 (English)
S.No. 560,Case Number,Crl.A. No.-000275-000275 / 2001,06-01-2003 (English)
S.No. 561,Case Number,C.A. No.-007230-007230 / 1999,24-10-2002 (English)
S.No. 562,Case Number,Crl.A. No.-000508-000508 / 1996,15-10-2003 (English)
S.No. 563,Case Number,C.A. No.-008080-008080 / 2003,26-09-2003 (English)
S.No. 564,Case Number,C.A. No.-007989-007989 / 2002,03-12-2002 (English)
S.No. 565,Case Number,Crl.A. No.-001265-001265 / 2002,"16-10-2003 (English)
16-10-2003 (English)"
S.No. 566,Case Number,C.A. No.-002313-002313 / 1999,21-11-2002 (English)
S.No. 567,Case Number,C.A. No.-002065-002065 / 2000,13-02-2003 (English)
S.No. 568,Case Number,C.A. No.-008161-008162 / 2003,07-10-2003 (English)
S.No. 569,Case Number,C.A. No.-007491-007491 / 2002,20-11-2002 (English)
S.No. 570,Case Number,C.A. No.-000177-000177 / 2000,21-01-2003 (English)
S.No. 571,Case Number,Crl.A. No.-000661-000661 / 2002,17-02-2003 (English)
S.No. 572,Case Number,C.A. No.-005477-005477 / 2003,01-08-2003 (English)
S.No. 573,Case Number,C.A. No.-005147-005147 / 2003,22-07-2003 (English)
S.No. 574,Case Number,C.A. No.-002273-002273 / 1998,21-04-2003 (English)
S.No. 575,Case Number,C.A. No.-004618-004630 / 1997,04-09-2003 (English)
S.No. 576,Case Number,C.A. No.-002309-002310 / 2003,12-03-2003 (English)
S.No. 577,Case Number,C.A. No.-000077-000080 / 2001,09-04-2003 (English)
S.No. 578,Case Number,C.A. No.-004731-004731 / 2000,17-12-2002 (English)
S.No. 579,Case Number,C.A. No.-005156-005156 / 2003,23-07-2003 (English)
S.No. 580,Case Number,Crl.A. No.-001138-001138 / 2002,12-11-2002 (English)
S.No. 581,Case Number,Crl.A. No.-000488-000488 / 1996,30-01-2003 (English)
S.No. 582,Case Number,C.A. No.-004622-004622 / 2000,29-01-2003 (English)
S.No. 583,Case Number,C.A. No.-001317-001317 / 2003,14-02-2003 (English)
S.No. 584,Case Number,C.A. No.-007404-007404 / 2000,23-10-2002 (English)
S.No. 585,Case Number,C.A. No.-000557-000557 / 2003,"24-01-2003 (English)
24-01-2003 (English)"
S.No. 586,Case Number,C.A. No.-005523-005523 / 2003,05-08-2003 (English)
S.No. 587,Case Number,C.A. No.-007133-007133 / 2003,09-09-2003 (English)
S.No. 588,Case Number,C.A. No.-001376-001377 / 2003,17-02-2003 (English)
S.No. 589,Case Number,Crl.A. No.-001141-001141 / 2001,11-08-2003 (English)
S.No. 590,Case Number,C.A. No.-004647-004647 / 2003,17-07-2003 (English)
S.No. 591,Case Number,Crl.A. No.-000312-000312 / 2002,29-10-2002 (English)
S.No. 592,Case Number,C.A. No.-002477-002477 / 1997,03-09-2003 (English)
S.No. 593,Case Number,C.A. No.-002358-002359 / 2000,12-03-2003 (English)
S.No. 594,Case Number,C.A. No.-007280-007280 / 2003,12-09-2003 (English)
S.No. 595,Case Number,Crl.A. No.-000392-000392 / 2002,01-08-2003 (English)
S.No. 596,Case Number,Crl.A. No.-000430-000432 / 2002,16-10-2003 (English)
S.No. 597,Case Number,C.A. No.-008703-008703 / 1997,13-08-2003 (English)
S.No. 598,Case Number,Crl.A. No.-000049-000049 / 2003,15-10-2003 (English)
S.No. 599,Case Number,C.A. No.-000981-000990 / 2002,24-01-2003 (English)
S.No. 600,Case Number,Crl.A. No.-001276-001276 / 2002,04-12-2002 (English)
S.No. 601,Case Number,C.A. No.-007806-007806 / 2001,13-02-2003 (English)
S.No. 602,Case Number,C.A. No.-009961-009962 / 1995,08-04-2003 (English)
S.No. 603,Case Number,C.A. No.-002884-002892 / 1999,21-04-2003 (English)
S.No. 604,Case Number,Crl.A. No.-001230-001230 / 2001,22-11-2002 (English)
S.No. 605,Case Number,Crl.A. No.-001197-001197 / 2003,19-09-2003 (English)
S.No. 606,Case Number,C.A. No.-005207-005207 / 2003,25-07-2003 (English)
S.No. 607,Case Number,Crl.A. No.-000486-000486 / 2003,19-09-2003 (English)
S.No. 608,Case Number,C.A. No.-005023-005023 / 1998,21-11-2002 (English)
S.No. 609,Case Number,Crl.A. No.-000474-000475 / 2002,16-12-2002 (English)
S.No. 610,Case Number,C.A. No.-008585-008585 / 2002,16-10-2003 (English)
S.No. 611,Case Number,Crl.A. No.-000521-000521 / 2002,29-11-2002 (English)
S.No. 612,Case Number,Crl.A. No.-000011-000011 / 2000,"26-03-2003 (English)
26-03-2003 (English)"
S.No. 613,Case Number,C.A. No.-008131-008131 / 2002,05-12-2002 (English)
S.No. 614,Case Number,Crl.A. No.-001301-001302 / 1998,"27-03-2003 (English)
27-03-2003 (English)"
S.No. 615,Case Number,C.A. No.-007588-007588 / 1999,01-05-2003 (English)
S.No. 616,Case Number,C.A. No.-005168-005170 / 2001,06-05-2003 (English)
S.No. 617,Case Number,Crl.A. No.-000838-000838 / 2002,01-08-2003 (English)
S.No. 618,Case Number,C.A. No.-006844-006844 / 2003,29-08-2003 (English)
S.No. 619,Case Number,C.A. No.-002227-002227 / 2000,09-12-2002 (English)
S.No. 620,Case Number,C.A. No.-004570-004570 / 2002,11-07-2003 (English)
S.No. 621,Case Number,C.A. No.-002313-002313 / 2003,12-03-2003 (English)
S.No. 622,Case Number,Crl.A. No.-000178-000178 / 2003,06-08-2003 (English)
S.No. 623,Case Number,Crl.A. No.-000824-000824 / 2002,05-12-2002 (English)
S.No. 624,Case Number,C.A. No.-000599-000600 / 2002,23-09-2003 (English)
S.No. 625,Case Number,C.A. No.-000665-000666 / 2000,22-11-2002 (English)
S.No. 626,Case Number,C.A. No.-000059-000059 / 2001,27-01-2003 (English)
S.No. 627,Case Number,C.A. No.-000879-000879 / 2000,10-03-2003 (English)
S.No. 628,Case Number,Crl.A. No.-001358-001358 / 2002,27-08-2003 (English)
S.No. 629,Case Number,T.P.(C) No.-000008-000008 / 2000,25-04-2003 (English)
S.No. 630,Case Number,C.A. No.-004123-004123 / 1999,28-08-2003 (English)
S.No. 631,Case Number,C.A. No.-006407-006407 / 2002,04-02-2003 (English)
S.No. 632,Case Number,C.A. No.-002538-002538 / 2003,"28-03-2003 (English)
28-03-2003 (English)"
S.No. 633,Case Number,C.A. No.-008103-008103 / 2002,26-09-2003 (English)
S.No. 634,Case Number,C.A. No.-003714-003714 / 2003,25-04-2003 (English)
S.No. 635,Case Number,Crl.A. No.-001249-001249 / 2002,25-09-2003 (English)
S.No. 636,Case Number,W.P.(C) No.-000043-000043 / 1998,04-12-2002 (English)
S.No. 637,Case Number,Crl.A. No.-001139-001139 / 2000,"11-02-2003 (English)
11-02-2003 (English)"
S.No. 638,Case Number,9999 No.-000353-000353 / 2001,31-07-2003 (English)
S.No. 639,Case Number,C.A. No.-008448-008448 / 2002,31-07-2003 (English)
S.No. 640,Case Number,C.A. No.-005313-005313 / 2003,30-07-2003 (English)
S.No. 641,Case Number,Crl.A. No.-001068-001068 / 2003,26-08-2003 (English)
S.No. 642,Case Number,C.A. No.-005315-005315 / 2003,30-07-2003 (English)
S.No. 643,Case Number,Crl.A. No.-000018-000018 / 2002,12-11-2002 (English)
S.No. 644,Case Number,C.A. No.-001374-001374 / 2003,17-02-2003 (English)
S.No. 645,Case Number,C.A. No.-004312-004317 / 1998,16-07-2003 (English)
S.No. 646,Case Number,C.A. No.-004281-004289 / 2003,05-06-2003 (English)
S.No. 647,Case Number,C.A. No.-005593-005594 / 2002,17-10-2003 (English)
S.No. 648,Case Number,Crl.A. No.-001227-001227 / 2002,29-07-2003 (English)
S.No. 649,Case Number,C.A. No.-000633-000633 / 2002,20-12-2002 (English)
S.No. 650,Case Number,C.A. No.-004064-004064 / 2003,08-05-2003 (English)
S.No. 651,Case Number,C.A. No.-004025-004025 / 2003,07-05-2003 (English)
S.No. 652,Case Number,C.A. No.-005007-005007 / 2003,18-07-2003 (English)
S.No. 653,Case Number,Crl.A. No.-001308-001308 / 2002,30-04-2003 (English)
S.No. 654,Case Number,Crl.A. No.-000173-000173 / 2003,06-08-2003 (English)
S.No. 655,Case Number,C.A. No.-004020-004023 / 2003,07-05-2003 (English)
S.No. 656,Case Number,Crl.A. No.-000693-000693 / 2003,08-10-2003 (English)
S.No. 657,Case Number,Crl.A. No.-000222-000222 / 2003,11-08-2003 (English)
S.No. 658,Case Number,Crl.A. No.-000124-000124 / 2003,27-08-2003 (English)
S.No. 659,Case Number,Crl.A. No.-000116-000116 / 2003,23-07-2003 (English)
S.No. 660,Case Number,Crl.A. No.-000280-000280 / 2003,14-10-2003 (English)
S.No. 661,Case Number,C.A. No.-000659-000659 / 2003,19-08-2003 (English)
S.No. 662,Case Number,SLP(C) No.-021000-021000 / 1993,13-11-2002 (English)
S.No. 663,Case Number,Crl.A. No.-000129-000129 / 2003,28-01-2003 (English)
S.No. 664,Case Number,Crl.A. No.-000248-000248 / 2003,08-08-2003 (English)
S.No. 665,Case Number,Crl.A. No.-000550-000550 / 2003,18-09-2003 (English)
S.No. 666,Case Number,C.A. No.-000175-000175 / 1997,30-07-2003 (English)
S.No. 667,Case Number,C.A. No.-002025-002025 / 1997,21-08-2003 (English)
S.No. 668,Case Number,Crl.A. No.-000550-000550 / 1997,04-02-2003 (English)
S.No. 669,Case Number,C.A. No.-002809-002809 / 1979,01-09-2003 (English)
S.No. 670,Case Number,C.A. No.-001170-001170 / 1980,12-11-2002 (English)
S.No. 671,Case Number,Crl.A. No.-000065-000066 / 1995,24-10-2002 (English)
S.No. 672,Case Number,Crl.A. No.-000510-000510 / 1995,29-11-2002 (English)
S.No. 673,Case Number,Crl.A. No.-000282-000282 / 1995,20-12-2002 (English)
S.No. 674,Case Number,C.A. No.-012043-012054 / 1995,06-02-2003 (English)
S.No. 675,Case Number,C.A. No.-012578-012582 / 1996,28-02-2003 (English)
S.No. 676,Case Number,C.A. No.-011441-011442 / 1995,11-03-2003 (English)
S.No. 677,Case Number,C.A. No.-012009-012042 / 1995,12-03-2003 (English)
S.No. 678,Case Number,C.A. No.-014870-014870 / 1996,19-09-2003 (English)
S.No. 679,Case Number,Crl.A. No.-000142-000142 / 1996,05-03-2003 (English)
S.No. 680,Case Number,W.P.(C) No.-013381-013381 / 1984,18-09-2003 (English)
S.No. 681,Case Number,C.A. No.-007162-007163 / 2002,01-11-2002 (English)
S.No. 682,Case Number,Crl.A. No.-000437-000437 / 2002,29-11-2002 (English)
S.No. 683,Case Number,Crl.A. No.-000347-000347 / 2002,03-12-2002 (English)
S.No. 684,Case Number,Crl.A. No.-001312-001312 / 2002,13-12-2002 (English)
S.No. 685,Case Number,W.P.(C) No.-000160-000160 / 2002,"31-03-2003 (English)
31-03-2003 (English)
31-03-2003 (English)"
S.No. 686,Case Number,Crl.A. No.-000870-000870 / 2002,25-07-2003 (English)
S.No. 687,Case Number,Crl.A. No.-000584-000585 / 2002,21-08-2003 (English)
S.No. 688,Case Number,Crl.A. No.-000786-000786 / 2002,19-08-2003 (English)
S.No. 689,Case Number,Crl.A. No.-000603-000603 / 2002,02-09-2003 (English)
S.No. 690,Case Number,Crl.A. No.-000626-000626 / 2002,09-09-2003 (English)
S.No. 691,Case Number,Crl.A. No.-001318-001319 / 2002,18-09-2003 (English)
S.No. 692,Case Number,C.A. No.-000288-000288 / 2003,15-01-2003 (English)
S.No. 693,Case Number,C.A. No.-001024-001024 / 2003,05-02-2003 (English)
S.No. 694,Case Number,Crl.A. No.-000574-000574 / 2003,16-04-2003 (English)
S.No. 695,Case Number,Crl.A. No.-000144-000148 / 1996,06-02-2003 (English)
S.No. 696,Case Number,C.A. No.-000046-000046 / 1993,17-12-2002 (English)
S.No. 697,Case Number,Crl.A. No.-001087-001088 / 2002,24-10-2002 (English)
S.No. 698,Case Number,Crl.A. No.-001209-001209 / 2002,20-11-2002 (English)
S.No. 699,Case Number,C.A. No.-007731-007731 / 2002,25-11-2002 (English)
S.No. 700,Case Number,C.A. No.-008599-008599 / 2002,19-12-2002 (English)
S.No. 701,Case Number,C.A. No.-007891-007892 / 2002,29-11-2002 (English)
S.No. 702,Case Number,Crl.A. No.-000845-000845 / 2002,21-07-2003 (English)
S.No. 703,Case Number,C.A. No.-001860-001860 / 2003,28-02-2003 (English)
S.No. 704,Case Number,W.P.(C) No.-004677-004677 / 1985,02-04-2003 (English)
S.No. 705,Case Number,W.P.(C) No.-012598-012598 / 1985,"18-02-2003 (English)
18-02-2003 (English)"
S.No. 706,Case Number,C.A. No.-000947-000947 / 1995,26-02-2003 (English)
S.No. 707,Case Number,C.A. No.-010461-010461 / 1983,14-08-2003 (English)
S.No. 708,Case Number,C.A. No.-000865-000865 / 1984,04-03-2003 (English)
S.No. 709,Case Number,C.A. No.-003665-003758 / 1995,04-12-2002 (English)
S.No. 710,Case Number,C.A. No.-007656-007656 / 2002,29-11-2002 (English)
S.No. 711,Case Number,Crl.A. No.-000635-000635 / 2003,28-04-2003 (English)
S.No. 712,Case Number,W.P.(C) No.-000350-000350 / 1993,"14-08-2003 (English)
14-08-2003 (English)
14-08-2003 (English)"
S.No. 713,Case Number,C.A. No.-010577-010577 / 1995,20-11-2002 (English)
S.No. 714,Case Number,Crl.A. No.-000538-000538 / 1994,11-12-2002 (English)
S.No. 715,Case Number,Crl.A. No.-000060-000060 / 1995,10-12-2002 (English)
S.No. 716,Case Number,C.A. No.-006626-006626 / 1995,08-08-2003 (English)
S.No. 717,Case Number,C.A. No.-011733-011734 / 1995,28-02-2003 (English)
S.No. 718,Case Number,C.A. No.-008394-008394 / 1995,27-11-2002 (English)
S.No. 719,Case Number,W.P.(C) No.-000132-000132 / 1988,"17-12-2002 (English)
17-12-2002 (English)
17-12-2002 (English)
17-12-2002 (English)"
S.No. 720,Case Number,C.A. No.-005576-005576 / 1995,07-07-2003 (English)
S.No. 721,Case Number,C.A. No.-013275-013275 / 1996,19-02-2003 (English)
S.No. 722,Case Number,C.A. No.-009811-009812 / 1995,30-04-2003 (English)
S.No. 723,Case Number,C.A. No.-003111-003111 / 1995,22-07-2003 (English)
S.No. 724,Case Number,Crl.A. No.-000819-000819 / 1996,08-08-2003 (English)
S.No. 725,Case Number,C.A. No.-001610-001610 / 1988,26-08-2003 (English)
S.No. 726,Case Number,Crl.A. No.-000457-000457 / 1994,23-09-2003 (English)
S.No. 727,Case Number,C.A. No.-014572-014572 / 1996,"14-10-2003 (English)
14-10-2003 (English)"
S.No. 728,Case Number,C.A. No.-007519-007520 / 1995,25-10-2002 (English)
S.No. 729,Case Number,Crl.A. No.-000662-000662 / 1995,27-01-2003 (English)
S.No. 730,Case Number,C.A. No.-004728-004732 / 1989,13-02-2003 (English)
S.No. 731,Case Number,C.A. No.-000152-000152 / 1994,14-02-2003 (English)
S.No. 732,Case Number,C.A. No.-000251-000251 / 1994,21-11-2002 (English)
S.No. 733,Case Number,Crl.A. No.-000671-000678 / 1987,08-01-2003 (English)
S.No. 734,Case Number,Crl.A. No.-000597-000597 / 1996,31-07-2003 (English)
S.No. 735,Case Number,C.A. No.-005654-005654 / 1990,25-04-2003 (English)
S.No. 736,Case Number,C.A. No.-008580-008580 / 1994,18-02-2003 (English)
S.No. 737,Case Number,C.A. No.-009393-009393 / 1995,19-02-2003 (English)
S.No. 738,Case Number,C.A. No.-007531-007531 / 1995,27-03-2003 (English)
S.No. 739,Case Number,C.A. No.-002657-002657 / 1994,23-10-2002 (English)
S.No. 740,Case Number,Crl.A. No.-000643-000645 / 1994,20-11-2002 (English)
S.No. 741,Case Number,Crl.A. No.-000572-000572 / 1994,29-11-2002 (English)
S.No. 742,Case Number,C.A. No.-008549-008549 / 1994,18-12-2002 (English)
S.No. 743,Case Number,C.A. No.-003658-003658 / 1994,"29-01-2003 (English)
29-01-2003 (English)"
S.No. 744,Case Number,C.A. No.-001577-001577 / 1994,05-02-2003 (English)
S.No. 745,Case Number,C.A. No.-001578-001578 / 1994,05-02-2003 (English)
S.No. 746,Case Number,Crl.A. No.-000440-000440 / 1996,11-02-2003 (English)
S.No. 747,Case Number,C.A. No.-005519-005519 / 1994,18-02-2003 (English)
S.No. 748,Case Number,Crl.A. No.-001473-001473 / 1995,17-02-2003 (English)
S.No. 749,Case Number,C.A. No.-003948-003948 / 1994,17-07-2003 (English)
S.No. 750,Case Number,Crl.A. No.-000825-000825 / 1996,13-08-2003 (English)
S.No. 751,Case Number,C.A. No.-002148-002148 / 1994,14-08-2003 (English)
S.No. 752,Case Number,Crl.A. No.-000142-000142 / 1994,16-09-2003 (English)
S.No. 753,Case Number,C.A. No.-005351-005351 / 1995,06-02-2003 (English)
S.No. 754,Case Number,Crl.A. No.-000421-000421 / 1996,31-07-2003 (English)
S.No. 755,Case Number,C.A. No.-012450-012450 / 1996,07-10-2003 (English)
S.No. 756,Case Number,W.P.(C) No.-000295-000295 / 1992,01-09-2003 (English)
S.No. 757,Case Number,C.A. No.-000967-000970 / 1990,"16-04-2003 (English)
16-04-2003 (English)
16-04-2003 (English)"
S.No. 758,Case Number,C.A. No.-003348-003349 / 1990,09-05-2003 (English)
S.No. 759,Case Number,C.A. No.-002123-002124 / 1994,05-02-2003 (English)
S.No. 760,Case Number,C.A. No.-004598-004612 / 1994,15-01-2003 (English)
S.No. 761,Case Number,Crl.A. No.-001748-001748 / 1996,01-11-2002 (English)
S.No. 762,Case Number,C.A. No.-007966-007967 / 1996,17-12-2002 (English)
S.No. 763,Case Number,C.A. No.-014198-014198 / 1996,08-01-2003 (English)
S.No. 764,Case Number,Crl.A. No.-001988-001988 / 1996,08-01-2003 (English)
S.No. 765,Case Number,C.A. No.-016838-016838 / 1996,20-01-2003 (English)
S.No. 766,Case Number,C.A. No.-005178-005178 / 1997,14-02-2003 (English)
S.No. 767,Case Number,C.A. No.-002148-002148 / 1998,14-02-2003 (English)
S.No. 768,Case Number,C.A. No.-010910-010910 / 1996,27-02-2003 (English)
S.No. 769,Case Number,C.A. No.-013010-013019 / 1996,28-02-2003 (English)
S.No. 770,Case Number,C.A. No.-004230-004231 / 1996,12-03-2003 (English)
S.No. 771,Case Number,C.A. No.-001295-001295 / 1998,12-03-2003 (English)
S.No. 772,Case Number,C.A. No.-001787-001787 / 1997,11-03-2003 (English)
S.No. 773,Case Number,C.A. No.-009140-009140 / 1996,27-03-2003 (English)
S.No. 774,Case Number,C.A. No.-000860-000860 / 1998,27-03-2003 (English)
S.No. 775,Case Number,C.A. No.-002508-002508 / 1998,27-03-2003 (English)
S.No. 776,Case Number,C.A. No.-013415-013415 / 1996,02-04-2003 (English)
S.No. 777,Case Number,C.A. No.-007860-007860 / 1996,03-04-2003 (English)
S.No. 778,Case Number,C.A. No.-012509-012509 / 1996,16-04-2003 (English)
S.No. 779,Case Number,Crl.A. No.-001658-001658 / 1996,29-04-2003 (English)
S.No. 780,Case Number,C.A. No.-001322-001322 / 1997,22-04-2003 (English)
S.No. 781,Case Number,Crl.A. No.-000425-000425 / 1996,06-05-2003 (English)
S.No. 782,Case Number,Crl.A. No.-001671-001671 / 1996,07-05-2003 (English)
S.No. 783,Case Number,C.A. No.-014152-014152 / 1996,31-07-2003 (English)
S.No. 784,Case Number,C.A. No.-002455-002455 / 1997,31-07-2003 (English)
S.No. 785,Case Number,C.A. No.-000834-000834 / 1997,05-08-2003 (English)
S.No. 786,Case Number,Crl.A. No.-000815-000816 / 1996,13-08-2003 (English)
S.No. 787,Case Number,Crl.A. No.-000829-000829 / 1996,14-08-2003 (English)
S.No. 788,Case Number,C.A. No.-002702-002702 / 1997,18-08-2003 (English)
S.No. 789,Case Number,C.A. No.-006738-006739 / 1996,19-08-2003 (English)
S.No. 790,Case Number,C.A. No.-001712-001712 / 1997,18-08-2003 (English)
S.No. 791,Case Number,C.A. No.-016814-016814 / 1996,26-08-2003 (English)
S.No. 792,Case Number,C.A. No.-000636-000636 / 1997,26-08-2003 (English)
S.No. 793,Case Number,C.A. No.-010787-010795 / 1996,19-08-2003 (English)
S.No. 794,Case Number,Crl.A. No.-000854-000854 / 1996,26-08-2003 (English)
S.No. 795,Case Number,Crl.A. No.-000904-000904 / 1996,02-09-2003 (English)
S.No. 796,Case Number,Crl.A. No.-000901-000901 / 1996,03-09-2003 (English)
S.No. 797,Case Number,C.A. No.-001877-001877 / 1997,04-09-2003 (English)
S.No. 798,Case Number,Crl.A. No.-000896-000896 / 1996,05-09-2003 (English)
S.No. 799,Case Number,Crl.A. No.-000857-000857 / 1996,08-09-2003 (English)
S.No. 800,Case Number,C.A. No.-002508-002508 / 1997,11-09-2003 (English)
S.No. 801,Case Number,C.A. No.-002700-002700 / 1997,11-09-2003 (English)
S.No. 802,Case Number,Crl.A. No.-001646-001646 / 1996,11-09-2003 (English)
S.No. 803,Case Number,C.A. No.-007633-007635 / 1997,16-09-2003 (English)
S.No. 804,Case Number,Crl.A. No.-001712-001712 / 1996,17-09-2003 (English)
S.No. 805,Case Number,C.A. No.-003068-003068 / 1997,01-09-2003 (English)
S.No. 806,Case Number,C.A. No.-016727-016728 / 1996,10-09-2003 (English)
S.No. 807,Case Number,Crl.A. No.-001682-001682 / 1996,18-09-2003 (English)
S.No. 808,Case Number,C.A. No.-001792-001792 / 1997,16-09-2003 (English)
S.No. 809,Case Number,Crl.A. No.-000907-000907 / 1996,22-09-2003 (English)
S.No. 810,Case Number,C.A. No.-013393-013393 / 1996,23-09-2003 (English)
S.No. 811,Case Number,Crl.A. No.-002000-002001 / 1996,07-10-2003 (English)
S.No. 812,Case Number,C.A. No.-010585-010585 / 1996,08-10-2003 (English)
S.No. 813,Case Number,C.A. No.-001725-001725 / 1997,08-10-2003 (English)
S.No. 814,Case Number,C.A. No.-000321-000322 / 1998,14-10-2003 (English)
S.No. 815,Case Number,C.A. No.-002092-002092 / 1997,16-10-2003 (English)
S.No. 816,Case Number,C.A. No.-000307-000307 / 1998,16-04-2003 (English)
S.No. 817,Case Number,C.A. No.-003253-003258 / 1991,01-08-2003 (English)
S.No. 818,Case Number,Crl.A. No.-000530-000530 / 1991,18-12-2002 (English)
S.No. 819,Case Number,Crl.A. No.-002032-002033 / 1996,26-09-2003 (English)
S.No. 820,Case Number,Crl.A. No.-001721-001721 / 1996,26-09-2003 (English)
S.No. 821,Case Number,C.A. No.-003545-003562 / 1991,30-04-2003 (English)
S.No. 822,Case Number,C.A. No.-008720-008720 / 1997,26-09-2003 (English)
S.No. 823,Case Number,C.A. No.-002474-002474 / 1999,"13-12-2002 (English)
13-12-2002 (English)"
S.No. 824,Case Number,C.A. No.-007342-007342 / 1993,29-10-2002 (English)
S.No. 825,Case Number,C.A. No.-011299-011301 / 1995,01-11-2002 (English)
S.No. 826,Case Number,C.A. No.-001263-001263 / 1992,16-12-2002 (English)
S.No. 827,Case Number,Crl.A. No.-001290-001290 / 1995,18-12-2002 (English)
S.No. 828,Case Number,C.A. No.-007247-007247 / 1995,20-12-2002 (English)
S.No. 829,Case Number,Crl.A. No.-001671-001671 / 1995,31-01-2003 (English)
S.No. 830,Case Number,C.A. No.-002283-002283 / 1998,14-02-2003 (English)
S.No. 831,Case Number,C.A. No.-004228-004228 / 1992,24-02-2003 (English)
S.No. 832,Case Number,Crl.A. No.-001534-001534 / 1995,04-03-2003 (English)
S.No. 833,Case Number,Crl.A. No.-000938-000938 / 1995,10-04-2003 (English)
S.No. 834,Case Number,C.A. No.-007263-007263 / 1996,23-04-2003 (English)
S.No. 835,Case Number,W.P.(C) No.-000611-000611 / 1992,"07-10-2003 (English)
07-10-2003 (English)"
S.No. 836,Case Number,C.A. No.-004767-004767 / 1997,14-10-2003 (English)
S.No. 837,Case Number,C.A. No.-009464-009467 / 1995,12-11-2002 (English)
S.No. 838,Case Number,Crl.A. No.-000577-000577 / 1993,13-11-2002 (English)
S.No. 839,Case Number,C.A. No.-008848-008848 / 1994,22-11-2002 (English)
S.No. 840,Case Number,Crl.A. No.-000655-000655 / 1995,10-12-2002 (English)
S.No. 841,Case Number,Crl.A. No.-000666-000666 / 1993,13-12-2002 (English)
S.No. 842,Case Number,Crl.A. No.-000441-000441 / 1993,13-12-2002 (English)
S.No. 843,Case Number,Crl.A. No.-001530-001531 / 1995,07-01-2003 (English)
S.No. 844,Case Number,C.A. No.-005101-005101 / 1996,23-01-2003 (English)
S.No. 845,Case Number,Crl.A. No.-000905-000905 / 1995,24-01-2003 (English)
S.No. 846,Case Number,C.A. No.-001008-001009 / 1995,04-02-2003 (English)
S.No. 847,Case Number,Crl.A. No.-000445-000445 / 1993,11-02-2003 (English)
S.No. 848,Case Number,C.A. No.-007463-007463 / 1993,04-03-2003 (English)
S.No. 849,Case Number,C.A. No.-004702-004702 / 1994,05-03-2003 (English)
S.No. 850,Case Number,Crl.A. No.-000499-000499 / 1994,17-04-2003 (English)
S.No. 851,Case Number,C.A. No.-005689-005689 / 1994,09-09-2003 (English)
S.No. 852,Case Number,C.A. No.-004782-004782 / 1996,"07-07-2003 (English)
07-07-2003 (English)"
S.No. 853,Case Number,C.A. No.-004774-004776 / 1996,"07-07-2003 (English)
07-07-2003 (English)"
S.No. 854,Case Number,C.A. No.-007418-007418 / 1993,15-10-2003 (English)
S.No. 855,Case Number,W.P.(C) No.-000328-000328 / 1992,01-11-2002 (English)
S.No. 856,Case Number,C.A. No.-001027-001028 / 1992,"17-12-2002 (English)
17-12-2002 (English)
17-12-2002 (English)"
S.No. 857,Case Number,C.A. No.-003387-003388 / 1992,20-12-2002 (English)
S.No. 858,Case Number,C.A. No.-000729-000729 / 1994,20-02-2003 (English)
S.No. 859,Case Number,W.P.(C) No.-000317-000317 / 1993,"25-11-2002 (English)
31-10-2002 (English)
31-10-2002 (English)
31-10-2002 (English)
31-10-2002 (English)
31-10-2002 (English)"
S.No. 860,Case Number,C.A. No.-003224-003224 / 1993,20-11-2002 (English)
S.No. 861,Case Number,C.A. No.-000891-000891 / 1993,20-11-2002 (English)
