﻿Column-0,Column-1,Column-2,Column-3
S.No. 1,Case Number,Special Leave Petition (crl.) 2745 of 2002,"01-10-2002 (English)
26-09-2002 (English)
10-09-2002 (English)
09-09-2002 (English)
23-08-2002 (English)
13-08-2002 (English)
05-08-2002 (English)
05-08-2002 (English)
01-08-2002 (English)
30-07-2002 (English)
29-07-2002 (English)"
S.No. 2,Case Number,/,11-07-2002 (English)
S.No. 3,Case Number,/,26-02-2002 (English)
S.No. 4,Case Number,/,04-12-2001 (English)
S.No. 5,Case Number,/,04-09-2002 (English)
S.No. 6,Case Number,/,06-02-2002 (English)
S.No. 7,Case Number,/,10-05-2002 (English)
S.No. 8,Case Number,C.A. No.-000902-000902 / 1999,07-05-2002 (English)
S.No. 9,Case Number,C.A. No.-002464-002464 / 2002,04-04-2002 (English)
S.No. 10,Case Number,C.A. No.-003168-003168 / 2002,29-04-2002 (English)
S.No. 11,Case Number,C.A. No.-000002-000003 / 2002,09-05-2002 (English)
S.No. 12,Case Number,C.A. No.-004843-004843 / 1994,17-09-2002 (English)
S.No. 13,Case Number,Crl.A. No.-000500-000500 / 2000,04-12-2001 (English)
S.No. 14,Case Number,C.A. No.-004565-004565 / 2002,05-08-2002 (English)
S.No. 15,Case Number,C.A. No.-002622-002622 / 2002,11-04-2002 (English)
S.No. 16,Case Number,C.A. No.-002935-002935 / 2000,07-05-2002 (English)
S.No. 17,Case Number,Crl.A. No.-000391-000391 / 2001,25-07-2002 (English)
S.No. 18,Case Number,Crl.A. No.-001091-001093 / 2001,30-10-2001 (English)
S.No. 19,Case Number,Crl.A. No.-000767-000769 / 2001,23-07-2002 (English)
S.No. 20,Case Number,C.A. No.-007382-007382 / 2001,30-10-2001 (English)
S.No. 21,Case Number,C.A. No.-003645-003646 / 2002,08-07-2002 (English)
S.No. 22,Case Number,W.P.(C) No.-000008-000008 / 2001,11-03-2002 (English)
S.No. 23,Case Number,C.A. No.-000535-000535 / 2001,06-12-2001 (English)
S.No. 24,Case Number,C.A. No.-004347-004347 / 2002,29-07-2002 (English)
S.No. 25,Case Number,Crl.A. No.-000257-000259 / 2001,16-08-2002 (English)
S.No. 26,Case Number,C.A. No.-002727-002727 / 1998,29-04-2002 (English)
S.No. 27,Case Number,W.P.(C) No.-000067-000067 / 1998,"26-04-2002 (English)
26-04-2002 (English)"
S.No. 28,Case Number,Crl.A. No.-000535-000535 / 2000,"16-04-2002 (English)
16-04-2002 (English)
16-04-2002 (English)
16-04-2002 (English)"
S.No. 29,Case Number,Crl.A. No.-000628-000629 / 2001,27-11-2001 (English)
S.No. 30,Case Number,C.A. No.-004417-004417 / 2002,30-07-2002 (English)
S.No. 31,Case Number,C.A. No.-002403-002403 / 2002,02-04-2002 (English)
S.No. 32,Case Number,C.A. No.-007457-007457 / 2001,02-11-2001 (English)
S.No. 33,Case Number,C.A. No.-002901-002901 / 2000,06-11-2001 (English)
S.No. 34,Case Number,C.A. No.-002266-002267 / 2002,20-03-2002 (English)
S.No. 35,Case Number,C.A. No.-001326-001326 / 2002,19-02-2002 (English)
S.No. 36,Case Number,C.A. No.-003518-003518 / 1997,10-07-2002 (English)
S.No. 37,Case Number,C.A. No.-004566-004567 / 1996,"17-01-2002 (English)
17-01-2002 (English)"
S.No. 38,Case Number,Crl.A. No.-001037-001037 / 2002,04-10-2002 (English)
S.No. 39,Case Number,C.A. No.-000770-000770 / 2000,09-05-2002 (English)
S.No. 40,Case Number,C.A. No.-001859-001864 / 2002,06-03-2002 (English)
S.No. 41,Case Number,C.A. No.-001492-001492 / 2000,20-11-2001 (English)
S.No. 42,Case Number,Crl.A. No.-000988-000988 / 2001,14-08-2002 (English)
S.No. 43,Case Number,Crl.A. No.-000827-000829 / 2000,04-12-2001 (English)
S.No. 44,Case Number,C.A. No.-006415-006415 / 2002,30-09-2002 (English)
S.No. 45,Case Number,Crl.A. No.-000117-000117 / 2000,06-03-2002 (English)
S.No. 46,Case Number,Crl.A. No.-000230-000230 / 1997,08-05-2002 (English)
S.No. 47,Case Number,Crl.A. No.-000480-000480 / 2001,07-10-2002 (English)
S.No. 48,Case Number,C.A. No.-007805-007805 / 2001,"09-11-2001 (English)
09-11-2001 (English)"
S.No. 49,Case Number,C.A. No.-003648-003649 / 2002,08-07-2002 (English)
S.No. 50,Case Number,C.A. No.-007391-007391 / 2001,30-10-2001 (English)
S.No. 51,Case Number,C.A. No.-004844-004846 / 1999,07-05-2002 (English)
S.No. 52,Case Number,SLP(C) No.-001969-001969 / 2002,11-02-2002 (English)
S.No. 53,Case Number,Crl.A. No.-000555-000555 / 2001,11-09-2002 (English)
S.No. 54,Case Number,Crl.A. No.-001126-001126 / 2001,05-11-2001 (English)
S.No. 55,Case Number,C.A. No.-002762-002762 / 2000,06-11-2001 (English)
S.No. 56,Case Number,Crl.A. No.-000871-000872 / 2000,09-09-2002 (English)
S.No. 57,Case Number,Crl.A. No.-000801-000801 / 1999,15-02-2002 (English)
S.No. 58,Case Number,Crl.A. No.-000180-000180 / 2000,26-09-2002 (English)
S.No. 59,Case Number,Crl.A. No.-000238-000239 / 2001,12-12-2001 (English)
S.No. 60,Case Number,C.A. No.-002480-002480 / 2001,18-09-2002 (English)
S.No. 61,Case Number,C.A. No.-002517-002517 / 1999,20-03-2002 (English)
S.No. 62,Case Number,C.A. No.-007983-007983 / 2001,23-11-2001 (English)
S.No. 63,Case Number,Crl.A. No.-000540-000540 / 2002,22-04-2002 (English)
S.No. 64,Case Number,Crl.A. No.-000399-000399 / 2002,20-03-2002 (English)
S.No. 65,Case Number,C.A. No.-002689-002689 / 2001,06-03-2002 (English)
S.No. 66,Case Number,C.A. No.-001901-001901 / 2002,05-03-2002 (English)
S.No. 67,Case Number,C.A. No.-006390-006390 / 2001,25-09-2002 (English)
S.No. 68,Case Number,Crl.A. No.-000031-000031 / 2000,20-03-2002 (English)
S.No. 69,Case Number,C.A. No.-009445-009445 / 1996,22-03-2002 (English)
S.No. 70,Case Number,C.A. No.-006468-006468 / 1998,31-10-2001 (English)
S.No. 71,Case Number,C.A. No.-000679-000680 / 2002,21-01-2002 (English)
S.No. 72,Case Number,C.A. No.-001734-001734 / 2001,04-09-2002 (English)
S.No. 73,Case Number,C.A. No.-007769-007769 / 2001,15-03-2002 (English)
S.No. 74,Case Number,C.A. No.-003159-003159 / 2002,29-04-2002 (English)
S.No. 75,Case Number,Crl.A. No.-001075-001075 / 2001,19-10-2001 (English)
S.No. 76,Case Number,C.A. No.-001306-001306 / 2001,30-10-2001 (English)
S.No. 77,Case Number,C.A. No.-001338-001338 / 2002,19-02-2002 (English)
S.No. 78,Case Number,SLP(C) No.-004635-004635 / 2001,14-12-2001 (English)
S.No. 79,Case Number,C.A. No.-003813-003813 / 1996,06-11-2001 (English)
S.No. 80,Case Number,C.A. No.-007519-007519 / 2001,05-11-2001 (English)
S.No. 81,Case Number,C.A. No.-002205-002205 / 1999,30-04-2002 (English)
S.No. 82,Case Number,Crl.A. No.-000407-000407 / 2002,21-03-2002 (English)
S.No. 83,Case Number,C.A. No.-003209-003209 / 2002,30-04-2002 (English)
S.No. 84,Case Number,C.A. No.-007304-007304 / 2001,19-10-2001 (English)
S.No. 85,Case Number,C.A. No.-007388-007390 / 2001,30-10-2001 (English)
S.No. 86,Case Number,Crl.A. No.-000686-000686 / 2001,18-03-2002 (English)
S.No. 87,Case Number,C.A. No.-003928-003928 / 1998,13-02-2002 (English)
S.No. 88,Case Number,C.A. No.-005460-005460 / 1999,18-01-2002 (English)
S.No. 89,Case Number,C.A. No.-000109-000109 / 2002,09-01-2002 (English)
S.No. 90,Case Number,C.A. No.-007684-007684 / 1995,04-03-2002 (English)
S.No. 91,Case Number,C.A. No.-003365-003366 / 2002,07-05-2002 (English)
S.No. 92,Case Number,C.A. No.-004042-004043 / 2001,08-01-2002 (English)
S.No. 93,Case Number,Crl.A. No.-000950-000950 / 2000,06-09-2002 (English)
S.No. 94,Case Number,Crl.A. No.-001076-001076 / 2001,19-10-2001 (English)
S.No. 95,Case Number,C.A. No.-004266-004266 / 1999,19-03-2002 (English)
S.No. 96,Case Number,Crl.A. No.-000445-000445 / 2001,03-09-2002 (English)
S.No. 97,Case Number,C.A. No.-003237-003237 / 1999,11-03-2002 (English)
S.No. 98,Case Number,Crl.A. No.-000688-000688 / 2002,16-07-2002 (English)
S.No. 99,Case Number,C.A. No.-000110-000110 / 2002,09-01-2002 (English)
S.No. 100,Case Number,C.A. No.-000333-000334 / 1998,10-09-2002 (English)
S.No. 101,Case Number,C.A. No.-002749-002749 / 2001,27-02-2002 (English)
S.No. 102,Case Number,C.A. No.-000157-000157 / 1999,07-11-2001 (English)
S.No. 103,Case Number,C.A. No.-006527-006527 / 2001,13-03-2002 (English)
S.No. 104,Case Number,C.A. No.-003965-003965 / 1999,04-03-2002 (English)
S.No. 105,Case Number,Crl.A. No.-001217-001217 / 2001,28-11-2001 (English)
S.No. 106,Case Number,C.A. No.-003476-003476 / 2001,07-05-2002 (English)
S.No. 107,Case Number,C.A. No.-004356-004356 / 2002,29-07-2002 (English)
S.No. 108,Case Number,Crl.A. No.-000513-000513 / 2002,16-04-2002 (English)
S.No. 109,Case Number,C.A. No.-001951-001951 / 1998,04-04-2002 (English)
S.No. 110,Case Number,C.A. No.-008115-008115 / 2001,27-11-2001 (English)
S.No. 111,Case Number,C.A. No.-002753-002754 / 1998,14-12-2001 (English)
S.No. 112,Case Number,C.A. No.-005448-005448 / 2000,"07-03-2002 (English)
07-03-2002 (English)"
S.No. 113,Case Number,C.A. No.-003429-003432 / 1998,"08-02-2002 (English)
08-02-2002 (English)"
S.No. 114,Case Number,Crl.A. No.-000427-000428 / 2000,03-04-2002 (English)
S.No. 115,Case Number,C.A. No.-000104-000104 / 2002,09-01-2002 (English)
S.No. 116,Case Number,Crl.A. No.-000371-000371 / 2001,02-11-2001 (English)
S.No. 117,Case Number,C.A. No.-002330-002330 / 2000,"22-07-2002 (English)
22-07-2002 (English)"
S.No. 118,Case Number,C.A. No.-008503-008503 / 2001,13-12-2001 (English)
S.No. 119,Case Number,Crl.A. No.-000698-000698 / 2000,10-10-2002 (English)
S.No. 120,Case Number,C.A. No.-002626-002629 / 2003,20-05-2002 (English)
S.No. 121,Case Number,C.A. No.-004215-004215 / 2002,22-07-2002 (English)
S.No. 122,Case Number,Crl.A. No.-000801-000801 / 2001,23-07-2002 (English)
S.No. 123,Case Number,C.A. No.-005111-005111 / 2000,23-04-2002 (English)
S.No. 124,Case Number,Crl.A. No.-000634-000634 / 2001,27-09-2002 (English)
S.No. 125,Case Number,C.A. No.-002668-002668 / 1998,29-04-2002 (English)
S.No. 126,Case Number,C.A. No.-005858-005858 / 1999,16-04-2002 (English)
S.No. 127,Case Number,C.A. No.-007810-007810 / 2001,09-11-2001 (English)
S.No. 128,Case Number,C.A. No.-004679-004679 / 1995,14-03-2002 (English)
S.No. 129,Case Number,C.A. No.-000913-000913 / 2001,03-04-2002 (English)
S.No. 130,Case Number,C.A. No.-003358-003359 / 2002,07-05-2002 (English)
S.No. 131,Case Number,W.P.(C) No.-000143-000143 / 2001,09-01-2002 (English)
S.No. 132,Case Number,C.A. No.-001704-001704 / 2002,27-02-2002 (English)
S.No. 133,Case Number,C.A. No.-004993-004993 / 1997,20-02-2002 (English)
S.No. 134,Case Number,C.A. No.-000823-000823 / 2001,06-09-2002 (English)
S.No. 135,Case Number,C.A. No.-004969-004969 / 1998,"01-02-2002 (English)
01-02-2002 (English)"
S.No. 136,Case Number,C.A. No.-001394-001394 / 1999,20-11-2001 (English)
S.No. 137,Case Number,Crl.A. No.-001173-001174 / 2001,19-11-2001 (English)
S.No. 138,Case Number,SLP(C) No.-007221-007221 / 2001,17-09-2002 (English)
S.No. 139,Case Number,C.A. No.-005109-005109 / 2000,13-02-2002 (English)
S.No. 140,Case Number,Crl.A. No.-000874-000874 / 2001,15-03-2002 (English)
S.No. 141,Case Number,C.A. No.-006929-006929 / 2000,21-03-2002 (English)
S.No. 142,Case Number,C.A. No.-000644-000645 / 2001,24-04-2002 (English)
S.No. 143,Case Number,C.A. No.-003345-003349 / 1998,09-04-2002 (English)
S.No. 144,Case Number,/,19-02-2002 (English)
S.No. 145,Case Number,Crl.A. No.-000008-000008 / 2002,08-01-2002 (English)
S.No. 146,Case Number,Crl.A. No.-000501-000501 / 1999,21-08-2002 (English)
S.No. 147,Case Number,Crl.A. No.-001188-001188 / 2001,21-11-2001 (English)
S.No. 148,Case Number,C.A. No.-006321-006321 / 1999,28-02-2002 (English)
S.No. 149,Case Number,C.A. No.-002896-002896 / 2001,04-02-2002 (English)
S.No. 150,Case Number,C.A. No.-001581-001581 / 2001,19-03-2002 (English)
S.No. 151,Case Number,Crl.A. No.-001138-001138 / 2001,06-11-2001 (English)
S.No. 152,Case Number,C.A. No.-007754-007754 / 2001,"06-11-2001 (English)
06-11-2001 (English)"
S.No. 153,Case Number,C.A. No.-002268-002269 / 2002,20-03-2002 (English)
S.No. 154,Case Number,Crl.A. No.-000912-000912 / 2000,07-12-2001 (English)
S.No. 155,Case Number,C.A. No.-007185-007185 / 1997,19-10-2001 (English)
S.No. 156,Case Number,C.A. No.-000704-000726 / 2002,25-01-2002 (English)
S.No. 157,Case Number,Crl.A. No.-000825-000825 / 2000,07-02-2002 (English)
S.No. 158,Case Number,C.A. No.-003993-003993 / 2002,12-07-2002 (English)
S.No. 159,Case Number,C.A. No.-002892-002892 / 2002,23-04-2002 (English)
S.No. 160,Case Number,C.A. No.-007932-007932 / 2001,21-11-2001 (English)
S.No. 161,Case Number,C.A. No.-003201-003201 / 1999,30-10-2001 (English)
S.No. 162,Case Number,Crl.A. No.-000476-000476 / 2002,09-04-2002 (English)
S.No. 163,Case Number,C.A. No.-003711-003712 / 2000,04-04-2002 (English)
S.No. 164,Case Number,Crl.A. No.-000663-000663 / 2001,16-09-2002 (English)
S.No. 165,Case Number,C.A. No.-000607-000607 / 2002,28-01-2002 (English)
S.No. 166,Case Number,Crl.A. No.-000072-000072 / 2002,16-01-2002 (English)
S.No. 167,Case Number,C.A. No.-003511-003511 / 1997,20-11-2001 (English)
S.No. 168,Case Number,C.A. No.-000689-000689 / 2002,25-01-2002 (English)
S.No. 169,Case Number,C.A. No.-001006-001006 / 2002,06-02-2002 (English)
S.No. 170,Case Number,C.A. No.-003783-003783 / 2000,27-02-2002 (English)
S.No. 171,Case Number,Crl.A. No.-001339-001340 / 1999,"17-04-2002 (English)
17-04-2002 (English)"
S.No. 172,Case Number,Crl.A. No.-000206-000206 / 2002,08-02-2002 (English)
S.No. 173,Case Number,C.A. No.-003652-003652 / 2002,08-07-2002 (English)
S.No. 174,Case Number,Crl.A. No.-000705-000705 / 2001,01-10-2002 (English)
S.No. 175,Case Number,C.A. No.-002910-002913 / 2002,24-04-2002 (English)
S.No. 176,Case Number,C.A. No.-003959-003960 / 2001,19-02-2002 (English)
S.No. 177,Case Number,C.A. No.-000200-000200 / 2000,08-01-2002 (English)
S.No. 178,Case Number,C.A. No.-006320-006321 / 2000,31-10-2001 (English)
S.No. 179,Case Number,Crl.A. No.-000517-000517 / 2000,20-08-2002 (English)
S.No. 180,Case Number,Crl.A. No.-000656-000657 / 2001,09-04-2002 (English)
S.No. 181,Case Number,C.A. No.-000525-000641 / 1999,26-04-2002 (English)
S.No. 182,Case Number,C.A. No.-003633-003633 / 2001,23-01-2002 (English)
S.No. 183,Case Number,Crl.A. No.-001110-001111 / 2001,"02-11-2001 (English)
02-11-2001 (English)"
S.No. 184,Case Number,Crl.A. No.-000897-000897 / 2000,29-01-2002 (English)
S.No. 185,Case Number,Crl.A. No.-001024-001024 / 2002,01-10-2002 (English)
S.No. 186,Case Number,Crl.A. No.-000283-000283 / 2001,19-10-2001 (English)
S.No. 187,Case Number,C.A. No.-002676-002676 / 2002,12-04-2002 (English)
S.No. 188,Case Number,C.A. No.-002662-002662 / 2002,12-04-2002 (English)
S.No. 189,Case Number,C.A. No.-000822-000822 / 2002,29-01-2002 (English)
S.No. 190,Case Number,C.A. No.-003660-003660 / 2002,09-07-2002 (English)
S.No. 191,Case Number,C.A. No.-003620-003620 / 2002,20-05-2002 (English)
S.No. 192,Case Number,C.A. No.-007404-007406 / 2001,31-10-2001 (English)
S.No. 193,Case Number,C.A. No.-000518-000518 / 1998,27-08-2002 (English)
S.No. 194,Case Number,C.A. No.-003654-003654 / 2002,08-07-2002 (English)
S.No. 195,Case Number,Crl.A. No.-001001-001001 / 2000,22-01-2002 (English)
S.No. 196,Case Number,Crl.A. No.-000725-000725 / 2001,01-08-2002 (English)
S.No. 197,Case Number,C.A. No.-002478-002478 / 2002,22-07-2002 (English)
S.No. 198,Case Number,Crl.A. No.-000465-000465 / 1996,01-10-2002 (English)
S.No. 199,Case Number,C.A. No.-002338-002338 / 2002,22-03-2002 (English)
S.No. 200,Case Number,C.A. No.-009477-009477 / 1994,12-09-2002 (English)
S.No. 201,Case Number,C.A. No.-006724-006724 / 1999,21-02-2002 (English)
S.No. 202,Case Number,C.A. No.-006041-006041 / 1998,26-11-2001 (English)
S.No. 203,Case Number,C.A. No.-003454-003454 / 1998,"10-12-2001 (English)
10-12-2001 (English)"
S.No. 204,Case Number,C.A. No.-003544-003544 / 1998,29-11-2001 (English)
S.No. 205,Case Number,W.P.(Crl.) No.-000066-000066 / 2002,04-10-2002 (English)
S.No. 206,Case Number,C.A. No.-001188-001188 / 2002,14-02-2002 (English)
S.No. 207,Case Number,Crl.A. No.-001404-001405 / 1999,08-01-2002 (English)
S.No. 208,Case Number,Crl.A. No.-000594-000594 / 2002,03-10-2002 (English)
S.No. 209,Case Number,C.A. No.-005920-005920 / 1998,29-01-2002 (English)
S.No. 210,Case Number,C.A. No.-003769-003772 / 2000,16-04-2002 (English)
S.No. 211,Case Number,C.A. No.-003993-003993 / 2001,01-03-2002 (English)
S.No. 212,Case Number,C.A. No.-007731-007731 / 1997,26-11-2001 (English)
S.No. 213,Case Number,C.A. No.-004065-004065 / 1999,20-09-2002 (English)
S.No. 214,Case Number,SLP(C) No.-009895-009895 / 2000,"23-09-2002 (English)
23-09-2002 (English)"
S.No. 215,Case Number,C.A. No.-000020-000021 / 1999,08-01-2002 (English)
S.No. 216,Case Number,C.A. No.-007421-007421 / 2001,02-11-2001 (English)
S.No. 217,Case Number,C.A. No.-000655-000655 / 2002,30-09-2002 (English)
S.No. 218,Case Number,C.A. No.-005997-005997 / 1999,30-10-2001 (English)
S.No. 219,Case Number,C.A. No.-001187-001187 / 2002,14-02-2002 (English)
S.No. 220,Case Number,W.P.(C) No.-000422-000422 / 2000,05-04-2002 (English)
S.No. 221,Case Number,C.A. No.-008034-008034 / 1994,"30-10-2001 (English)
30-10-2001 (English)"
S.No. 222,Case Number,C.A. No.-002937-002937 / 2002,26-04-2002 (English)
S.No. 223,Case Number,C.A. No.-004424-004424 / 2002,30-07-2002 (English)
S.No. 224,Case Number,Crl.A. No.-000948-000948 / 2001,14-08-2002 (English)
S.No. 225,Case Number,W.P.(C) No.-000316-000316 / 1999,02-11-2001 (English)
S.No. 226,Case Number,Crl.A. No.-000733-000733 / 2001,22-01-2002 (English)
S.No. 227,Case Number,C.A. No.-004509-004509 / 2000,26-04-2002 (English)
S.No. 228,Case Number,C.A. No.-005834-005834 / 1998,09-01-2002 (English)
S.No. 229,Case Number,C.A. No.-004040-004041 / 2002,15-07-2002 (English)
S.No. 230,Case Number,C.A. No.-008261-008261 / 2001,04-12-2001 (English)
S.No. 231,Case Number,Crl.A. No.-000381-000382 / 2002,18-03-2002 (English)
S.No. 232,Case Number,C.A. No.-004292-004292 / 2002,17-09-2002 (English)
S.No. 233,Case Number,C.A. No.-001913-001913 / 2002,07-03-2002 (English)
S.No. 234,Case Number,Crl.A. No.-000654-000655 / 2000,05-12-2001 (English)
S.No. 235,Case Number,C.A. No.-005467-005467 / 1998,11-01-2002 (English)
S.No. 236,Case Number,Crl.A. No.-000815-000815 / 2001,16-08-2002 (English)
S.No. 237,Case Number,Crl.A. No.-000533-000533 / 1994,16-04-2002 (English)
S.No. 238,Case Number,C.A. No.-002083-002083 / 2002,14-03-2002 (English)
S.No. 239,Case Number,C.A. No.-007517-007517 / 2001,05-11-2001 (English)
S.No. 240,Case Number,C.A. No.-001671-001671 / 2002,26-02-2002 (English)
S.No. 241,Case Number,Crl.A. No.-001156-001157 / 2001,13-09-2002 (English)
S.No. 242,Case Number,C.A. No.-000529-000529 / 2002,17-01-2002 (English)
S.No. 243,Case Number,C.A. No.-004037-004037 / 2002,03-10-2002 (English)
S.No. 244,Case Number,Crl.A. No.-000627-000627 / 2002,11-09-2002 (English)
S.No. 245,Case Number,Crl.A. No.-000745-000745 / 2002,19-08-2002 (English)
S.No. 246,Case Number,Crl.A. No.-000866-000866 / 2002,29-08-2002 (English)
S.No. 247,Case Number,Crl.A. No.-000879-000879 / 2001,23-07-2002 (English)
S.No. 248,Case Number,Crl.A. No.-000442-000442 / 1994,04-09-2002 (English)
S.No. 249,Case Number,C.A. No.-000856-000859 / 2002,30-01-2002 (English)
S.No. 250,Case Number,Crl.A. No.-001280-001280 / 2001,11-12-2001 (English)
S.No. 251,Case Number,Crl.A. No.-000808-000808 / 2000,23-08-2002 (English)
S.No. 252,Case Number,C.A. No.-001605-001605 / 1999,08-02-2002 (English)
S.No. 253,Case Number,Crl.A. No.-000761-000761 / 2001,"15-04-2002 (English)
15-04-2002 (English)
15-04-2002 (English)"
S.No. 254,Case Number,Crl.A. No.-001272-001272 / 1999,22-03-2002 (English)
S.No. 255,Case Number,Crl.A. No.-000752-000752 / 2001,15-04-2002 (English)
S.No. 256,Case Number,Crl.A. No.-000960-000960 / 2002,17-09-2002 (English)
S.No. 257,Case Number,C.A. No.-008259-008259 / 2001,04-12-2001 (English)
S.No. 258,Case Number,C.A. No.-004903-004903 / 2000,26-04-2002 (English)
S.No. 259,Case Number,C.A. No.-001037-001040 / 2002,07-02-2002 (English)
S.No. 260,Case Number,C.A. No.-009643-009644 / 1995,"07-11-2001 (English)
07-11-2001 (English)
07-11-2001 (English)"
S.No. 261,Case Number,Crl.A. No.-000935-000935 / 2002,12-09-2002 (English)
S.No. 262,Case Number,Crl.A. No.-001268-001270 / 1999,24-04-2002 (English)
S.No. 263,Case Number,Crl.A. No.-000958-000958 / 2001,19-08-2002 (English)
S.No. 264,Case Number,SLP(C) No.-012078-012078 / 2002,05-09-2002 (English)
S.No. 265,Case Number,C.A. No.-005667-005667 / 2001,08-10-2002 (English)
S.No. 266,Case Number,Crl.A. No.-001291-001291 / 1999,16-04-2002 (English)
S.No. 267,Case Number,C.A. No.-003414-003414 / 2002,09-05-2002 (English)
S.No. 268,Case Number,C.A. No.-007975-007975 / 2001,12-08-2002 (English)
S.No. 269,Case Number,C.A. No.-001829-001829 / 2002,04-03-2002 (English)
S.No. 270,Case Number,Crl.A. No.-000805-000805 / 2001,30-04-2002 (English)
S.No. 271,Case Number,Crl.A. No.-001087-001087 / 2000,02-08-2002 (English)
S.No. 272,Case Number,Crl.A. No.-000065-000066 / 2002,15-01-2002 (English)
S.No. 273,Case Number,Crl.A. No.-000001-000001 / 1995,06-02-2002 (English)
S.No. 274,Case Number,C.A. No.-001310-001310 / 2001,14-02-2002 (English)
S.No. 275,Case Number,Crl.A. No.-000782-000782 / 2000,05-12-2001 (English)
S.No. 276,Case Number,Crl.A. No.-000299-000299 / 2001,02-08-2002 (English)
S.No. 277,Case Number,C.A. No.-002337-002337 / 2002,22-03-2002 (English)
S.No. 278,Case Number,C.A. No.-001382-001382 / 2002,20-02-2002 (English)
S.No. 279,Case Number,C.A. No.-001384-001384 / 2002,20-02-2002 (English)
S.No. 280,Case Number,Crl.A. No.-000401-000401 / 2002,20-03-2002 (English)
S.No. 281,Case Number,Crl.A. No.-001225-001225 / 2001,28-08-2002 (English)
S.No. 282,Case Number,C.A. No.-003079-003079 / 2000,27-02-2002 (English)
S.No. 283,Case Number,C.A. No.-002135-002135 / 1999,26-04-2002 (English)
S.No. 284,Case Number,Crl.A. No.-000658-000658 / 2000,17-09-2002 (English)
S.No. 285,Case Number,Crl.A. No.-000755-000755 / 2002,05-08-2002 (English)
S.No. 286,Case Number,Crl.A. No.-001080-001080 / 2001,19-10-2001 (English)
S.No. 287,Case Number,C.A. No.-003337-003338 / 2002,06-05-2002 (English)
S.No. 288,Case Number,Crl.A. No.-000707-000707 / 2000,31-10-2001 (English)
S.No. 289,Case Number,Crl.A. No.-000708-000708 / 2001,18-09-2002 (English)
S.No. 290,Case Number,Crl.A. No.-000289-000289 / 2002,"25-02-2002 (English)
25-02-2002 (English)"
S.No. 291,Case Number,C.A. No.-005109-005109 / 1999,10-01-2002 (English)
S.No. 292,Case Number,C.A. No.-003494-003494 / 2002,10-05-2002 (English)
S.No. 293,Case Number,C.A. No.-004940-004940 / 1999,29-11-2001 (English)
S.No. 294,Case Number,C.A. No.-003364-003364 / 2002,07-05-2002 (English)
S.No. 295,Case Number,Crl.A. No.-001168-001168 / 2001,13-08-2002 (English)
S.No. 296,Case Number,Crl.A. No.-001248-001248 / 2001,04-10-2002 (English)
S.No. 297,Case Number,C.A. No.-003663-003664 / 2002,09-07-2002 (English)
S.No. 298,Case Number,C.A. No.-003984-003984 / 2002,12-07-2002 (English)
S.No. 299,Case Number,Crl.A. No.-000318-000318 / 2001,02-08-2002 (English)
S.No. 300,Case Number,C.A. No.-014559-014559 / 1996,30-10-2001 (English)
S.No. 301,Case Number,Crl.A. No.-000824-000824 / 2000,04-12-2001 (English)
S.No. 302,Case Number,W.P.(C) No.-000490-000490 / 2000,21-03-2002 (English)
S.No. 303,Case Number,C.A. No.-000938-000938 / 2002,04-02-2002 (English)
S.No. 304,Case Number,C.A. No.-005880-005889 / 1997,"30-01-2002 (English)
30-01-2002 (English)"
S.No. 305,Case Number,C.A. No.-002270-002270 / 2002,20-03-2002 (English)
S.No. 306,Case Number,Crl.A. No.-000917-000917 / 2002,27-08-2002 (English)
S.No. 307,Case Number,Crl.A. No.-001301-001301 / 2001,30-07-2002 (English)
S.No. 308,Case Number,C.A. No.-006846-006846 / 1999,28-02-2002 (English)
S.No. 309,Case Number,Crl.A. No.-001368-001368 / 1999,24-04-2002 (English)
S.No. 310,Case Number,Crl.A. No.-001120-001121 / 2000,14-12-2001 (English)
S.No. 311,Case Number,C.A. No.-005247-005248 / 1998,08-01-2002 (English)
S.No. 312,Case Number,Crl.A. No.-000255-000255 / 2001,01-08-2002 (English)
S.No. 313,Case Number,Crl.A. No.-000906-000906 / 2000,28-02-2002 (English)
S.No. 314,Case Number,C.A. No.-006142-006144 / 2001,09-04-2002 (English)
S.No. 315,Case Number,C.A. No.-006974-006974 / 2001,09-07-2002 (English)
S.No. 316,Case Number,C.A. No.-005838-005838 / 2002,13-09-2002 (English)
S.No. 317,Case Number,C.A. No.-005166-005166 / 2001,11-09-2002 (English)
S.No. 318,Case Number,Crl.A. No.-000607-000607 / 2002,09-05-2002 (English)
S.No. 319,Case Number,C.A. No.-006167-006167 / 2001,06-12-2001 (English)
S.No. 320,Case Number,C.A. No.-007777-007777 / 1997,20-03-2002 (English)
S.No. 321,Case Number,C.A. No.-007791-007791 / 2001,08-11-2001 (English)
S.No. 322,Case Number,Crl.A. No.-000447-000447 / 2002,05-04-2002 (English)
S.No. 323,Case Number,C.A. No.-004964-004964 / 2002,13-08-2002 (English)
S.No. 324,Case Number,Crl.A. No.-001161-001161 / 1999,15-04-2002 (English)
S.No. 325,Case Number,C.A. No.-005657-005657 / 2001,20-03-2002 (English)
S.No. 326,Case Number,Crl.A. No.-001253-001253 / 2001,06-12-2001 (English)
S.No. 327,Case Number,Crl.A. No.-000020-000020 / 2002,"26-09-2002 (English)
26-09-2002 (English)"
S.No. 328,Case Number,C.A. No.-005055-005055 / 2002,16-08-2002 (English)
S.No. 329,Case Number,C.A. No.-003441-003446 / 2002,09-05-2002 (English)
S.No. 330,Case Number,C.A. No.-003239-003239 / 1995,12-04-2002 (English)
S.No. 331,Case Number,Crl.A. No.-000863-000863 / 2000,29-08-2002 (English)
S.No. 332,Case Number,C.A. No.-004998-004998 / 2000,"03-12-2001 (English)
03-12-2001 (English)"
S.No. 333,Case Number,C.A. No.-000182-000182 / 1995,17-09-2002 (English)
S.No. 334,Case Number,C.A. No.-003199-003199 / 2002,30-04-2002 (English)
S.No. 335,Case Number,Crl.A. No.-000868-000868 / 2001,"26-09-2002 (English)
26-09-2002 (English)"
S.No. 336,Case Number,C.A. No.-000821-000821 / 2002,"29-01-2002 (English)
29-01-2002 (English)"
S.No. 337,Case Number,Crl.A. No.-001218-001218 / 2001,28-11-2001 (English)
S.No. 338,Case Number,C.A. No.-005180-005180 / 2002,21-08-2002 (English)
S.No. 339,Case Number,C.A. No.-005912-005912 / 2002,17-09-2002 (English)
S.No. 340,Case Number,C.A. No.-000694-000694 / 1999,06-03-2002 (English)
S.No. 341,Case Number,C.A. No.-008266-008267 / 2001,04-12-2001 (English)
S.No. 342,Case Number,SLP(C) No.-014735-014735 / 2002,26-08-2002 (English)
S.No. 343,Case Number,W.P.(C) No.-000509-000509 / 1997,"10-04-2002 (English)
10-04-2002 (English)
10-04-2002 (English)
10-04-2002 (English)"
S.No. 344,Case Number,C.A. No.-003281-003281 / 2002,03-05-2002 (English)
S.No. 345,Case Number,C.A. No.-001838-001838 / 2002,05-03-2002 (English)
S.No. 346,Case Number,Crl.A. No.-000022-000022 / 2001,23-08-2002 (English)
S.No. 347,Case Number,C.A. No.-002639-002639 / 2000,13-03-2002 (English)
S.No. 348,Case Number,C.A. No.-001283-001283 / 2002,15-02-2002 (English)
S.No. 349,Case Number,Crl.A. No.-000927-000927 / 2001,17-04-2002 (English)
S.No. 350,Case Number,Crl.A. No.-000887-000888 / 2001,17-09-2002 (English)
S.No. 351,Case Number,CONMT.PET.(C) No.-000260-000261 / 2001,08-03-2002 (English)
S.No. 352,Case Number,C.A. No.-002661-002661 / 2002,12-04-2002 (English)
S.No. 353,Case Number,Crl.A. No.-000185-000185 / 2000,29-01-2002 (English)
S.No. 354,Case Number,Crl.A. No.-000770-000770 / 2002,03-10-2002 (English)
S.No. 355,Case Number,C.A. No.-003150-003150 / 2002,29-04-2002 (English)
S.No. 356,Case Number,Crl.A. No.-001227-001227 / 2001,04-12-2001 (English)
S.No. 357,Case Number,C.A. No.-003320-003321 / 2001,10-05-2002 (English)
S.No. 358,Case Number,Crl.A. No.-000463-000463 / 1996,24-04-2002 (English)
S.No. 359,Case Number,C.A. No.-002035-002035 / 2002,11-03-2002 (English)
S.No. 360,Case Number,Crl.A. No.-000971-000971 / 2000,04-12-2001 (English)
S.No. 361,Case Number,C.A. No.-003283-003283 / 2002,03-05-2002 (English)
S.No. 362,Case Number,C.A. No.-003643-003643 / 2002,08-07-2002 (English)
S.No. 363,Case Number,C.A. No.-000355-000355 / 2000,27-02-2002 (English)
S.No. 364,Case Number,Crl.A. No.-001174-001174 / 1998,11-12-2001 (English)
S.No. 365,Case Number,Crl.A. No.-001173-001173 / 1998,11-12-2001 (English)
S.No. 366,Case Number,W.P.(Crl.) No.-000169-000169 / 2001,01-03-2002 (English)
S.No. 367,Case Number,Crl.A. No.-000808-000808 / 2002,13-08-2002 (English)
S.No. 368,Case Number,Crl.A. No.-001247-001247 / 2001,04-10-2002 (English)
S.No. 369,Case Number,Crl.A. No.-000593-000593 / 2002,07-05-2002 (English)
S.No. 370,Case Number,C.A. No.-003249-003249 / 2002,02-05-2002 (English)
S.No. 371,Case Number,Crl.A. No.-000666-000666 / 1994,13-08-2002 (English)
S.No. 372,Case Number,C.A. No.-006359-006359 / 1999,09-01-2002 (English)
S.No. 373,Case Number,C.A. No.-003195-003195 / 2002,30-04-2002 (English)
S.No. 374,Case Number,Crl.A. No.-001045-001045 / 2000,"03-04-2002 (English)
03-04-2002 (English)"
S.No. 375,Case Number,C.A. No.-005457-005457 / 2002,03-09-2002 (English)
S.No. 376,Case Number,C.A. No.-007523-007523 / 2001,05-11-2001 (English)
S.No. 377,Case Number,Crl.A. No.-000130-000130 / 2001,12-09-2002 (English)
S.No. 378,Case Number,C.A. No.-006048-006048 / 2000,18-03-2002 (English)
S.No. 379,Case Number,C.A. No.-006260-006265 / 2000,27-09-2002 (English)
S.No. 380,Case Number,C.A. No.-005938-005939 / 2000,07-03-2002 (English)
S.No. 381,Case Number,Crl.A. No.-001076-001076 / 1999,27-02-2002 (English)
S.No. 382,Case Number,C.A. No.-005832-005832 / 2002,13-09-2002 (English)
S.No. 383,Case Number,Crl.A. No.-000858-000858 / 2002,26-08-2002 (English)
S.No. 384,Case Number,C.A. No.-003642-003642 / 2002,08-07-2002 (English)
S.No. 385,Case Number,Crl.A. No.-000597-000597 / 2001,16-02-2002 (English)
S.No. 386,Case Number,C.A. No.-005790-005790 / 1998,09-07-2002 (English)
S.No. 387,Case Number,C.A. No.-003325-003325 / 2002,03-05-2002 (English)
S.No. 388,Case Number,C.A. No.-006434-006434 / 1999,22-03-2002 (English)
S.No. 389,Case Number,C.A. No.-000193-000193 / 2002,11-01-2002 (English)
S.No. 390,Case Number,C.A. No.-001777-001777 / 2002,01-03-2002 (English)
S.No. 391,Case Number,Crl.A. No.-000993-000993 / 2001,22-03-2002 (English)
S.No. 392,Case Number,C.A. No.-000687-000687 / 2001,17-09-2002 (English)
S.No. 393,Case Number,Crl.A. No.-000104-000104 / 2002,29-07-2002 (English)
S.No. 394,Case Number,W.P.(C) No.-000407-000407 / 2001,24-01-2002 (English)
S.No. 395,Case Number,C.A. No.-004389-004389 / 2002,30-07-2002 (English)
S.No. 396,Case Number,C.A. No.-002326-002328 / 2002,21-03-2002 (English)
S.No. 397,Case Number,Crl.A. No.-000975-000975 / 2000,05-11-2001 (English)
S.No. 398,Case Number,C.A. No.-002096-002097 / 2000,05-03-2002 (English)
S.No. 399,Case Number,C.A. No.-007248-007248 / 1999,11-02-2002 (English)
S.No. 400,Case Number,C.A. No.-005837-005837 / 2002,13-09-2002 (English)
S.No. 401,Case Number,W.P.(C) No.-000410-000410 / 2001,29-04-2002 (English)
S.No. 402,Case Number,Crl.A. No.-000921-000921 / 2000,03-09-2002 (English)
S.No. 403,Case Number,C.A. No.-000092-000092 / 1997,23-09-2002 (English)
S.No. 404,Case Number,C.A. No.-002675-002675 / 2002,"12-04-2002 (English)
12-04-2002 (English)"
S.No. 405,Case Number,Crl.A. No.-000166-000166 / 2001,31-07-2002 (English)
S.No. 406,Case Number,C.A. No.-008485-008485 / 2001,12-12-2001 (English)
S.No. 407,Case Number,W.P.(C) No.-000737-000737 / 1995,"02-04-2002 (English)
02-04-2002 (English)"
S.No. 408,Case Number,C.A. No.-000544-000544 / 2002,18-01-2002 (English)
S.No. 409,Case Number,Crl.A. No.-000546-000546 / 2002,24-04-2002 (English)
S.No. 410,Case Number,C.A. No.-006453-006453 / 2000,15-01-2002 (English)
S.No. 411,Case Number,Crl.A. No.-000113-000113 / 2002,24-01-2002 (English)
S.No. 412,Case Number,C.A. No.-002667-002667 / 2002,12-04-2002 (English)
S.No. 413,Case Number,C.A. No.-007889-007889 / 2001,19-11-2001 (English)
S.No. 414,Case Number,Crl.A. No.-001114-001114 / 2001,03-09-2002 (English)
S.No. 415,Case Number,C.A. No.-003961-003961 / 2002,09-07-2002 (English)
S.No. 416,Case Number,C.A. No.-006899-006899 / 1999,19-03-2002 (English)
S.No. 417,Case Number,C.A. No.-004123-004124 / 2002,17-07-2002 (English)
S.No. 418,Case Number,C.A. No.-006100-006100 / 1998,02-05-2002 (English)
S.No. 419,Case Number,C.A. No.-002914-002914 / 2002,24-04-2002 (English)
S.No. 420,Case Number,Crl.A. No.-000078-000078 / 1999,15-01-2002 (English)
S.No. 421,Case Number,Crl.A. No.-000093-000093 / 2002,21-01-2002 (English)
S.No. 422,Case Number,C.A. No.-006643-006643 / 2002,09-10-2002 (English)
S.No. 423,Case Number,C.A. No.-005826-005826 / 1999,07-01-2002 (English)
S.No. 424,Case Number,C.A. No.-001778-001778 / 2002,01-03-2002 (English)
S.No. 425,Case Number,Crl.A. No.-000216-000216 / 2002,01-08-2002 (English)
S.No. 426,Case Number,Crl.A. No.-001291-001291 / 2001,14-12-2001 (English)
S.No. 427,Case Number,C.A. No.-005699-005699 / 1998,03-10-2002 (English)
S.No. 428,Case Number,C.A. No.-002822-002822 / 1999,25-01-2002 (English)
S.No. 429,Case Number,C.A. No.-000981-000993 / 2000,01-04-2002 (English)
S.No. 430,Case Number,C.A. No.-001398-001399 / 2002,21-02-2002 (English)
S.No. 431,Case Number,Crl.A. No.-000107-000109 / 2002,10-09-2002 (English)
S.No. 432,Case Number,Crl.A. No.-001246-001246 / 1997,"02-11-2001 (English)
02-11-2001 (English)"
S.No. 433,Case Number,C.A. No.-003285-003286 / 2002,03-05-2002 (English)
S.No. 434,Case Number,Crl.A. No.-000249-000249 / 2001,30-07-2002 (English)
S.No. 435,Case Number,C.A. No.-000496-000496 / 1998,18-04-2002 (English)
S.No. 436,Case Number,Crl.A. No.-001289-001289 / 1999,01-05-2002 (English)
S.No. 437,Case Number,Crl.A. No.-000234-000234 / 2001,26-07-2002 (English)
S.No. 438,Case Number,C.A. No.-001407-001407 / 2002,22-02-2002 (English)
S.No. 439,Case Number,Crl.A. No.-001123-001123 / 2000,30-10-2001 (English)
S.No. 440,Case Number,C.A. No.-002091-002091 / 2002,15-03-2002 (English)
S.No. 441,Case Number,C.A. No.-001771-001772 / 2002,28-02-2002 (English)
S.No. 442,Case Number,C.A. No.-000898-000899 / 2002,01-02-2002 (English)
S.No. 443,Case Number,Crl.A. No.-000253-000253 / 2001,25-07-2002 (English)
S.No. 444,Case Number,Crl.A. No.-000572-000572 / 2002,"01-05-2002 (English)
01-05-2002 (English)"
S.No. 445,Case Number,C.A. No.-006296-006296 / 1998,01-05-2002 (English)
S.No. 446,Case Number,C.A. No.-003100-003100 / 2000,19-10-2001 (English)
S.No. 447,Case Number,C.A. No.-006461-006461 / 1998,26-04-2002 (English)
S.No. 448,Case Number,W.P.(C) No.-000552-000552 / 2001,22-07-2002 (English)
S.No. 449,Case Number,C.A. No.-003158-003158 / 2002,29-04-2002 (English)
S.No. 450,Case Number,C.A. No.-000180-000180 / 2002,12-01-2002 (English)
S.No. 451,Case Number,W.P.(Crl.) No.-000218-000218 / 2001,"15-03-2002 (English)
15-03-2002 (English)"
S.No. 452,Case Number,Crl.A. No.-000797-000797 / 2002,12-08-2002 (English)
S.No. 453,Case Number,Crl.A. No.-001143-001143 / 2001,07-11-2001 (English)
S.No. 454,Case Number,C.A. No.-007432-007432 / 2000,07-11-2001 (English)
S.No. 455,Case Number,C.A. No.-002078-002078 / 2002,14-03-2002 (English)
S.No. 456,Case Number,C.A. No.-001791-001791 / 2002,01-03-2002 (English)
S.No. 457,Case Number,Crl.A. No.-000341-000341 / 2001,12-09-2002 (English)
S.No. 458,Case Number,Crl.A. No.-001178-001178 / 2001,24-04-2002 (English)
S.No. 459,Case Number,Crl.A. No.-000245-000245 / 2001,14-08-2002 (English)
S.No. 460,Case Number,Crl.A. No.-000334-000334 / 1999,23-07-2002 (English)
S.No. 461,Case Number,C.A. No.-006534-006536 / 1995,06-11-2001 (English)
S.No. 462,Case Number,Crl.A. No.-000199-000200 / 1998,18-07-2002 (English)
S.No. 463,Case Number,Crl.A. No.-000927-000928 / 2000,01-02-2002 (English)
S.No. 464,Case Number,C.A. No.-002359-002359 / 1999,02-05-2002 (English)
S.No. 465,Case Number,C.A. No.-002354-002354 / 1999,25-01-2002 (English)
S.No. 466,Case Number,C.A. No.-000667-000667 / 2002,24-01-2002 (English)
S.No. 467,Case Number,C.A. No.-002243-002243 / 1999,07-05-2002 (English)
S.No. 468,Case Number,C.A. No.-000543-000543 / 2002,18-01-2002 (English)
S.No. 469,Case Number,W.P.(C) No.-000609-000609 / 2000,20-02-2002 (English)
S.No. 470,Case Number,C.A. No.-000140-000140 / 2002,10-01-2002 (English)
S.No. 471,Case Number,C.A. No.-001673-001673 / 2002,26-02-2002 (English)
S.No. 472,Case Number,Crl.A. No.-001034-001035 / 2000,31-10-2001 (English)
S.No. 473,Case Number,C.A. No.-005839-005839 / 2002,13-09-2002 (English)
S.No. 474,Case Number,Crl.A. No.-000125-000125 / 2000,19-10-2001 (English)
S.No. 475,Case Number,C.A. No.-002339-002339 / 2002,22-03-2002 (English)
S.No. 476,Case Number,Crl.A. No.-001229-001229 / 2001,26-09-2002 (English)
S.No. 477,Case Number,C.A. No.-005106-005106 / 2002,19-08-2002 (English)
S.No. 478,Case Number,C.A. No.-001890-001890 / 2000,18-04-2002 (English)
S.No. 479,Case Number,C.A. No.-007953-007953 / 2001,22-11-2001 (English)
S.No. 480,Case Number,C.A. No.-000173-000173 / 1999,30-10-2001 (English)
S.No. 481,Case Number,C.A. No.-000736-000736 / 1995,18-09-2002 (English)
S.No. 482,Case Number,Crl.A. No.-000900-000900 / 1994,20-09-2002 (English)
S.No. 483,Case Number,Crl.A. No.-000059-000059 / 2002,07-08-2002 (English)
S.No. 484,Case Number,C.A. No.-005698-005698 / 2002,09-09-2002 (English)
S.No. 485,Case Number,C.A. No.-005072-005072 / 2002,16-08-2002 (English)
S.No. 486,Case Number,C.A. No.-002779-002779 / 2000,08-03-2002 (English)
S.No. 487,Case Number,C.A. No.-000582-000582 / 2000,17-04-2002 (English)
S.No. 488,Case Number,Crl.A. No.-001285-001285 / 1998,14-02-2002 (English)
S.No. 489,Case Number,C.A. No.-006888-006888 / 1999,08-05-2002 (English)
S.No. 490,Case Number,C.A. No.-003930-003930 / 2002,11-07-2002 (English)
S.No. 491,Case Number,C.A. No.-003655-003655 / 2002,08-07-2002 (English)
S.No. 492,Case Number,C.A. No.-003717-003717 / 2002,09-07-2002 (English)
S.No. 493,Case Number,Crl.A. No.-000194-000194 / 2000,17-01-2002 (English)
S.No. 494,Case Number,C.A. No.-000197-000198 / 2002,11-01-2002 (English)
S.No. 495,Case Number,C.A. No.-000767-000768 / 1995,06-11-2001 (English)
S.No. 496,Case Number,C.A. No.-002462-002463 / 2002,04-04-2002 (English)
S.No. 497,Case Number,Crl.A. No.-000574-000575 / 2000,13-08-2002 (English)
S.No. 498,Case Number,C.A. No.-006304-006304 / 1998,31-10-2001 (English)
S.No. 499,Case Number,C.A. No.-008213-008213 / 2001,01-10-2002 (English)
S.No. 500,Case Number,C.A. No.-002660-002660 / 2002,12-04-2002 (English)
S.No. 501,Case Number,Crl.A. No.-000497-000497 / 2000,"07-12-2001 (English)
07-12-2001 (English)"
S.No. 502,Case Number,C.A. No.-003221-003221 / 2000,11-03-2002 (English)
S.No. 503,Case Number,Crl.A. No.-000619-000619 / 2000,29-08-2002 (English)
S.No. 504,Case Number,Crl.A. No.-000271-000271 / 2002,19-02-2002 (English)
S.No. 505,Case Number,C.A. No.-007952-007952 / 2001,22-11-2001 (English)
S.No. 506,Case Number,C.A. No.-004468-004468 / 2002,31-07-2002 (English)
S.No. 507,Case Number,C.A. No.-007113-007113 / 2000,05-03-2002 (English)
S.No. 508,Case Number,C.A. No.-000378-000378 / 1999,07-01-2002 (English)
S.No. 509,Case Number,C.A. No.-002063-002063 / 1999,29-01-2002 (English)
S.No. 510,Case Number,Crl.A. No.-001282-001282 / 2001,10-10-2002 (English)
S.No. 511,Case Number,SLP(C) No.-022106-022106 / 2001,14-01-2002 (English)
S.No. 512,Case Number,C.A. No.-000133-000133 / 2001,26-08-2002 (English)
S.No. 513,Case Number,Crl.A. No.-000195-000195 / 2001,31-07-2002 (English)
S.No. 514,Case Number,C.A. No.-003406-003406 / 1998,09-11-2001 (English)
S.No. 515,Case Number,C.A. No.-006247-006250 / 2000,28-02-2002 (English)
S.No. 516,Case Number,Crl.A. No.-000148-000148 / 2002,09-09-2002 (English)
S.No. 517,Case Number,Crl.A. No.-000608-000608 / 2001,"27-08-2002 (English)
27-02-2002 (English)"
S.No. 518,Case Number,C.A. No.-007348-007348 / 2001,12-04-2002 (English)
S.No. 519,Case Number,C.A. No.-003661-003662 / 2002,09-07-2002 (English)
S.No. 520,Case Number,Crl.A. No.-000252-000253 / 2002,07-03-2002 (English)
S.No. 521,Case Number,C.A. No.-001515-001517 / 1999,02-05-2002 (English)
S.No. 522,Case Number,C.A. No.-007178-007178 / 2001,02-05-2002 (English)
S.No. 523,Case Number,C.A. No.-003644-003644 / 2002,08-07-2002 (English)
S.No. 524,Case Number,C.A. No.-005652-005653 / 1998,20-11-2001 (English)
S.No. 525,Case Number,W.P.(C) No.-000043-000043 / 1998,04-04-2002 (English)
S.No. 526,Case Number,C.A. No.-006489-006489 / 2002,03-10-2002 (English)
S.No. 527,Case Number,Crl.A. No.-000449-000449 / 2002,05-04-2002 (English)
S.No. 528,Case Number,Crl.A. No.-000155-000155 / 2002,03-10-2002 (English)
S.No. 529,Case Number,Crl.A. No.-000039-000039 / 2002,01-08-2002 (English)
S.No. 530,Case Number,Crl.A. No.-000809-000809 / 2002,13-08-2002 (English)
S.No. 531,Case Number,C.A. No.-003670-003670 / 2002,09-07-2002 (English)
S.No. 532,Case Number,Crl.A. No.-000997-000997 / 2002,23-09-2002 (English)
S.No. 533,Case Number,W.P.(C) No.-000334-000334 / 2001,05-02-2002 (English)
S.No. 534,Case Number,Crl.A. No.-001299-001300 / 2001,01-10-2002 (English)
S.No. 535,Case Number,W.P.(C) No.-001022-001022 / 1989,21-03-2002 (English)
S.No. 536,Case Number,C.A. No.-000349-000349 / 1991,29-07-2002 (English)
S.No. 537,Case Number,Crl.A. No.-000135-000135 / 2000,28-11-2001 (English)
S.No. 538,Case Number,C.A. No.-002862-002862 / 1998,23-08-2002 (English)
S.No. 539,Case Number,W.P.(C) No.-000042-000042 / 1985,"20-11-2001 (English)
20-11-2001 (English)"
S.No. 540,Case Number,C.A. No.-000238-000239 / 1997,16-07-2002 (English)
S.No. 541,Case Number,Crl.A. No.-000010-000010 / 1994,04-09-2002 (English)
S.No. 542,Case Number,W.P.(C) No.-000984-000984 / 1991,"22-11-2001 (English)
22-11-2001 (English)"
S.No. 543,Case Number,C.A. No.-001961-001961 / 1982,23-01-2002 (English)
S.No. 544,Case Number,C.A. No.-005062-005062 / 1997,20-02-2002 (English)
S.No. 545,Case Number,W.P.(C) No.-000002-000002 / 1993,07-02-2002 (English)
S.No. 546,Case Number,C.A. No.-007937-007937 / 1995,"12-12-2001 (English)
12-12-2001 (English)"
S.No. 547,Case Number,Crl.A. No.-000844-000844 / 1995,17-09-2002 (English)
S.No. 548,Case Number,C.A. No.-000737-000737 / 1995,19-09-2002 (English)
S.No. 549,Case Number,C.A. No.-000685-000685 / 1995,24-09-2002 (English)
S.No. 550,Case Number,C.A. No.-000652-000652 / 2002,23-01-2002 (English)
S.No. 551,Case Number,Crl.A. No.-000450-000450 / 2002,23-07-2002 (English)
S.No. 552,Case Number,C.A. No.-004359-004361 / 2002,29-07-2002 (English)
S.No. 553,Case Number,Crl.A. No.-000343-000343 / 2002,"12-08-2002 (English)
12-08-2002 (English)"
S.No. 554,Case Number,W.P.(C) No.-000098-000098 / 2002,"12-09-2002 (English)
12-09-2002 (English)
12-09-2002 (English)"
S.No. 555,Case Number,C.A. No.-006514-006515 / 2002,04-10-2002 (English)
S.No. 556,Case Number,Crl.A. No.-001051-001051 / 2002,09-10-2002 (English)
S.No. 557,Case Number,Crl.A. No.-001025-001025 / 2002,01-10-2002 (English)
S.No. 558,Case Number,W.P.(C) No.-013029-013029 / 1985,05-04-2002 (English)
S.No. 559,Case Number,Crl.A. No.-000170-000170 / 1996,08-05-2002 (English)
S.No. 560,Case Number,C.A. No.-000927-000927 / 1991,19-10-2001 (English)
S.No. 561,Case Number,C.A. No.-003663-003663 / 1984,06-11-2001 (English)
S.No. 562,Case Number,C.A. No.-006453-006453 / 2001,"24-01-2002 (English)
24-01-2002 (English)
24-01-2002 (English)
24-01-2002 (English)
24-01-2002 (English)
24-01-2002 (English)"
S.No. 563,Case Number,Crl.A. No.-000534-000535 / 1994,23-04-2002 (English)
S.No. 564,Case Number,C.A. No.-001341-001341 / 1990,14-01-2002 (English)
S.No. 565,Case Number,C.A. No.-000005-000005 / 1992,08-01-2002 (English)
S.No. 566,Case Number,C.A. No.-000992-000992 / 2002,"16-04-2002 (English)
16-04-2002 (English)
16-04-2002 (English)"
S.No. 567,Case Number,C.A. No.-000087-000088 / 1986,"17-01-2002 (English)
17-01-2002 (English)"
S.No. 568,Case Number,C.A. No.-001806-001806 / 1986,13-02-2002 (English)
S.No. 569,Case Number,C.A. No.-005674-005674 / 1994,02-04-2002 (English)
S.No. 570,Case Number,C.A. No.-003974-004051 / 1986,23-04-2002 (English)
S.No. 571,Case Number,Crl.A. No.-000390-000390 / 1994,04-09-2002 (English)
S.No. 572,Case Number,Crl.A. No.-000435-000435 / 1994,11-09-2002 (English)
S.No. 573,Case Number,C.A. No.-008723-008723 / 1994,19-03-2002 (English)
S.No. 574,Case Number,C.A. No.-004464-004464 / 1995,29-04-2002 (English)
S.No. 575,Case Number,C.A. No.-000574-000574 / 1988,"30-09-2002 (English)
10-05-2002 (English)
10-05-2002 (English)"
S.No. 576,Case Number,C.A. No.-000031-000031 / 1991,06-03-2002 (English)
S.No. 577,Case Number,C.A. No.-007677-007677 / 1994,14-12-2001 (English)
S.No. 578,Case Number,C.A. No.-000431-000446 / 1988,07-03-2002 (English)
S.No. 579,Case Number,C.A. No.-005560-005560 / 2002,03-09-2002 (English)
S.No. 580,Case Number,C.A. No.-004391-004391 / 1990,27-11-2001 (English)
S.No. 581,Case Number,C.A. No.-003112-003112 / 1990,"22-04-2002 (English)
22-04-2002 (English)"
S.No. 582,Case Number,C.A. No.-002091-002091 / 1990,09-05-2002 (English)
S.No. 583,Case Number,C.A. No.-000559-000559 / 1994,09-01-2002 (English)
S.No. 584,Case Number,C.A. No.-001468-001468 / 1995,29-04-2002 (English)
S.No. 585,Case Number,C.A. No.-001627-001627 / 1994,10-09-2002 (English)
S.No. 586,Case Number,C.A. No.-002305-002305 / 1994,17-09-2002 (English)
S.No. 587,Case Number,C.A. No.-007254-007255 / 1996,27-09-2002 (English)
S.No. 588,Case Number,Crl.A. No.-000792-000793 / 1994,01-10-2002 (English)
S.No. 589,Case Number,C.A. No.-002778-002778 / 1997,06-03-2002 (English)
S.No. 590,Case Number,C.A. No.-002706-002706 / 1991,22-01-2002 (English)
S.No. 591,Case Number,C.A. No.-009521-009522 / 1995,14-02-2002 (English)
S.No. 592,Case Number,C.A. No.-001798-001798 / 1991,02-08-2002 (English)
S.No. 593,Case Number,C.A. No.-002555-002555 / 1991,"25-09-2002 (English)
25-09-2002 (English)
25-09-2002 (English)
25-09-2002 (English)
25-09-2002 (English)"
S.No. 594,Case Number,C.A. No.-000537-000538 / 1994,10-09-2002 (English)
S.No. 595,Case Number,C.A. No.-015029-015033 / 1996,31-10-2001 (English)
S.No. 596,Case Number,C.A. No.-002373-002373 / 2000,07-11-2001 (English)
S.No. 597,Case Number,C.A. No.-000879-000879 / 1998,"07-01-2002 (English)
07-01-2002 (English)"
S.No. 598,Case Number,Crl.A. No.-000820-000822 / 1996,29-01-2002 (English)
S.No. 599,Case Number,Crl.A. No.-001913-001913 / 1996,29-01-2002 (English)
S.No. 600,Case Number,C.A. No.-010235-010241 / 1996,30-01-2002 (English)
S.No. 601,Case Number,C.A. No.-012788-012788 / 1996,"02-02-2002 (English)
01-02-2002 (English)"
S.No. 602,Case Number,C.A. No.-000661-000661 / 1997,05-02-2002 (English)
S.No. 603,Case Number,C.A. No.-001999-001999 / 1997,12-02-2002 (English)
S.No. 604,Case Number,Crl.A. No.-000287-000287 / 1997,14-02-2002 (English)
S.No. 605,Case Number,Crl.A. No.-001893-001893 / 1996,01-03-2002 (English)
S.No. 606,Case Number,C.A. No.-002226-002226 / 1997,"13-03-2002 (English)
13-03-2002 (English)"
S.No. 607,Case Number,C.A. No.-012515-012515 / 1996,19-03-2002 (English)
S.No. 608,Case Number,C.A. No.-007742-007742 / 1997,11-04-2002 (English)
S.No. 609,Case Number,Crl.A. No.-000619-000619 / 1997,16-04-2002 (English)
S.No. 610,Case Number,C.A. No.-005341-005341 / 1996,17-04-2002 (English)
S.No. 611,Case Number,Crl.A. No.-001975-001975 / 1996,03-05-2002 (English)
S.No. 612,Case Number,Crl.A. No.-002082-002082 / 1996,18-09-2002 (English)
S.No. 613,Case Number,Crl.A. No.-000871-000871 / 1996,16-09-2002 (English)
S.No. 614,Case Number,C.A. No.-006965-006965 / 1996,03-10-2002 (English)
S.No. 615,Case Number,C.A. No.-014198-014198 / 1996,13-03-2002 (English)
S.No. 616,Case Number,C.A. No.-009469-009469 / 1996,14-03-2002 (English)
S.No. 617,Case Number,W.P.(C) No.-000182-000182 / 1996,15-03-2002 (English)
S.No. 618,Case Number,C.A. No.-002957-002957 / 1997,24-04-2002 (English)
S.No. 619,Case Number,C.A. No.-005301-005301 / 1992,28-11-2001 (English)
S.No. 620,Case Number,C.A. No.-008483-008484 / 1995,06-02-2002 (English)
S.No. 621,Case Number,C.A. No.-002965-002965 / 1992,29-07-2002 (English)
S.No. 622,Case Number,C.A. No.-009453-009453 / 1996,07-02-2002 (English)
S.No. 623,Case Number,C.A. No.-006898-006898 / 1994,19-03-2002 (English)
S.No. 624,Case Number,Crl.A. No.-000057-000057 / 1996,24-04-2002 (English)
S.No. 625,Case Number,Crl.A. No.-000701-000701 / 1993,29-04-2002 (English)
S.No. 626,Case Number,C.A. No.-005845-005845 / 1994,08-07-2002 (English)
S.No. 627,Case Number,C.A. No.-005436-005436 / 1994,05-08-2002 (English)
S.No. 628,Case Number,C.A. No.-009802-009807 / 1995,20-08-2002 (English)
S.No. 629,Case Number,Crl.A. No.-000538-000538 / 1993,23-08-2002 (English)
S.No. 630,Case Number,Crl.A. No.-000418-000418 / 1994,27-08-2002 (English)
S.No. 631,Case Number,Crl.A. No.-000602-000602 / 1993,05-09-2002 (English)
S.No. 632,Case Number,C.A. No.-003287-003287 / 2002,03-05-2002 (English)
S.No. 633,Case Number,C.A. No.-004849-004854 / 1992,06-02-2002 (English)
S.No. 634,Case Number,Crl.A. No.-000685-000686 / 1992,08-04-2002 (English)
S.No. 635,Case Number,Crl.A. No.-000601-000601 / 1992,03-05-2002 (English)
S.No. 636,Case Number,C.A. No.-003880-003880 / 1993,03-09-2002 (English)
S.No. 637,Case Number,C.A. No.-000247-000251 / 1993,10-10-2002 (English)
