﻿Column-0,Column-1,Column-2,Column-3
S.No. 1,Case Number,Writ Petition (crl.) 19 of 2012,"11-10-2012 (English)
24-09-2012 (English)
10-09-2012 (English)
27-08-2012 (English)
24-08-2012 (English)
21-08-2012 (English)
17-08-2012 (English)
27-07-2012 (English)
27-07-2012 (English)
16-07-2012 (English)
09-07-2012 (English)"
S.No. 2,Case Number,Crl.A. No.-000851-000851 / 2010,10-05-2012 (English)
S.No. 3,Case Number,C.A. No.-009708-009708 / 2011,14-11-2011 (English)
S.No. 4,Case Number,C.A. No.-010434-010435 / 2011,"02-12-2011 (English)
02-12-2011 (English)"
S.No. 5,Case Number,C.A. No.-007125-007125 / 2012,28-09-2012 (English)
S.No. 6,Case Number,Crl.A. No.-002248-002248 / 2011,05-12-2011 (English)
S.No. 7,Case Number,C.A. No.-004368-004368 / 2012,09-05-2012 (English)
S.No. 8,Case Number,Crl.A. No.-000158-000158 / 2012,16-01-2012 (English)
S.No. 9,Case Number,C.A. No.-003575-003575 / 2012,16-04-2012 (English)
S.No. 10,Case Number,Crl.A. No.-000113-000114 / 2010,28-02-2012 (English)
S.No. 11,Case Number,C.A. No.-002699-002699 / 2012,02-03-2012 (English)
S.No. 12,Case Number,C.A. No.-005945-005945 / 2012,22-08-2012 (English)
S.No. 13,Case Number,C.A. No.-006372-006372 / 2012,07-09-2012 (English)
S.No. 14,Case Number,C.A. No.-000281-000282 / 2012,11-01-2012 (English)
S.No. 15,Case Number,R.P.(C) No.-000235-000578 / 2011,02-07-2012 (English)
S.No. 16,Case Number,Crl.A. No.-000011-000011 / 2006,31-01-2012 (English)
S.No. 17,Case Number,Crl.A. No.-000168-000168 / 2012,16-01-2012 (English)
S.No. 18,Case Number,C.A. No.-006645-006645 / 2003,27-04-2012 (English)
S.No. 19,Case Number,C.A. No.-005865-005865 / 2012,06-08-2012 (English)
S.No. 20,Case Number,W.P.(C) No.-000050-000050 / 1998,09-08-2012 (English)
S.No. 21,Case Number,Crl.A. No.-001323-001323 / 2008,20-09-2012 (English)
S.No. 22,Case Number,W.P.(C) No.-000031-000031 / 2004,11-01-2012 (English)
S.No. 23,Case Number,Crl.A. No.-000159-000159 / 2008,28-08-2012 (English)
S.No. 24,Case Number,C.A. No.-002843-002843 / 2008,26-07-2012 (English)
S.No. 25,Case Number,SLP(C) No.-000965-000967 / 2012,05-07-2012 (English)
S.No. 26,Case Number,C.A. No.-007221-007221 / 2012,04-10-2012 (English)
S.No. 27,Case Number,C.A. No.-007588-007588 / 2012,18-10-2012 (English)
S.No. 28,Case Number,C.A. No.-003432-003432 / 2012,09-04-2012 (English)
S.No. 29,Case Number,SLP(C) No.-003314-003314 / 2010,07-12-2011 (English)
S.No. 30,Case Number,C.A. No.-007008-007008 / 2012,26-09-2012 (English)
S.No. 31,Case Number,Crl.A. No.-000523-000527 / 2009,04-11-2011 (English)
S.No. 32,Case Number,C.A. No.-000992-000994 / 2010,20-04-2012 (English)
S.No. 33,Case Number,C.A. No.-005344-005344 / 2012,20-07-2012 (English)
S.No. 34,Case Number,C.A. No.-007593-007593 / 2012,18-10-2012 (English)
S.No. 35,Case Number,C.A. No.-003686-003686 / 2012,20-04-2012 (English)
S.No. 36,Case Number,W.P.(C) No.-000033-000033 / 2009,24-02-2012 (English)
S.No. 37,Case Number,Crl.A. No.-001351-001351 / 2012,04-09-2012 (English)
S.No. 38,Case Number,Crl.A. No.-001101-001101 / 2012,25-07-2012 (English)
S.No. 39,Case Number,C.A. No.-010209-010209 / 2011,28-11-2011 (English)
S.No. 40,Case Number,Crl.A. No.-000984-000984 / 2010,31-07-2012 (English)
S.No. 41,Case Number,Crl.A. No.-002232-002232 / 2011,01-12-2011 (English)
S.No. 42,Case Number,SLP(C) No.-006614-006615 / 2011,16-01-2012 (English)
S.No. 43,Case Number,C.A. No.-005790-005790 / 2012,08-08-2012 (English)
S.No. 44,Case Number,Crl.A. No.-002056-002059 / 2011,11-11-2011 (English)
S.No. 45,Case Number,C.A. No.-002307-002307 / 2011,15-11-2011 (English)
S.No. 46,Case Number,Crl.A. No.-001339-001339 / 2008,09-10-2012 (English)
S.No. 47,Case Number,W.P.(C) No.-000035-000035 / 2012,10-05-2012 (English)
S.No. 48,Case Number,C.A. No.-006755-006755 / 2012,21-09-2012 (English)
S.No. 49,Case Number,Crl.A. No.-001593-001593 / 2007,20-09-2012 (English)
S.No. 50,Case Number,C.A. No.-009630-009630 / 2011,08-11-2011 (English)
S.No. 51,Case Number,C.A. No.-000250-000250 / 2012,06-01-2012 (English)
S.No. 52,Case Number,Crl.A. No.-001405-001405 / 2008,08-05-2012 (English)
S.No. 53,Case Number,W.P.(C) No.-000202-000202 / 1995,13-02-2012 (English)
S.No. 54,Case Number,C.A. No.-011169-011169 / 2011,03-01-2012 (English)
S.No. 55,Case Number,C.A. No.-005164-005164 / 2007,12-10-2012 (English)
S.No. 56,Case Number,C.A. No.-004986-004989 / 2007,25-05-2012 (English)
S.No. 57,Case Number,C.A. No.-001648-001649 / 2004,"16-10-2012 (English)
29-08-2012 (English)"
S.No. 58,Case Number,C.A. No.-000654-000654 / 2012,18-01-2012 (English)
S.No. 59,Case Number,C.A. No.-007239-007239 / 2012,05-10-2012 (English)
S.No. 60,Case Number,Crl.A. No.-000106-000106 / 2010,10-07-2012 (English)
S.No. 61,Case Number,Crl.A. No.-000709-000709 / 2009,10-07-2012 (English)
S.No. 62,Case Number,C.A. No.-004432-004450 / 2012,10-05-2012 (English)
S.No. 63,Case Number,Crl.A. No.-000328-000328 / 2004,21-10-2011 (English)
S.No. 64,Case Number,Crl.A. No.-000254-000262 / 2012,01-02-2012 (English)
S.No. 65,Case Number,C.A. No.-003373-003373 / 2012,04-04-2012 (English)
S.No. 66,Case Number,C.A. No.-002467-002467 / 2005,19-01-2012 (English)
S.No. 67,Case Number,C.A. No.-007576-007576 / 2012,15-10-2012 (English)
S.No. 68,Case Number,C.A. No.-005887-005887 / 2012,16-08-2012 (English)
S.No. 69,Case Number,C.A. No.-002608-002608 / 2011,27-04-2012 (English)
S.No. 70,Case Number,C.A. No.-005224-005224 / 2012,16-07-2012 (English)
S.No. 71,Case Number,C.A. No.-007043-007043 / 2012,27-09-2012 (English)
S.No. 72,Case Number,Crl.A. No.-000984-000984 / 2007,15-03-2012 (English)
S.No. 73,Case Number,C.A. No.-005893-005893 / 2012,08-08-2012 (English)
S.No. 74,Case Number,C.A. No.-004055-004056 / 2009,13-01-2012 (English)
S.No. 75,Case Number,C.A. No.-004625-004626 / 2012,11-05-2012 (English)
S.No. 76,Case Number,C.A. No.-009933-009933 / 2011,18-11-2011 (English)
S.No. 77,Case Number,C.A. No.-007266-007266 / 2012,05-10-2012 (English)
S.No. 78,Case Number,SLP(C) No.-005757-005757 / 2012,13-07-2012 (English)
S.No. 79,Case Number,C.A. No.-004990-004990 / 2003,27-03-2012 (English)
S.No. 80,Case Number,C.A. No.-006634-006634 / 2012,13-09-2012 (English)
S.No. 81,Case Number,Crl.A. No.-000864-000864 / 2006,17-07-2012 (English)
S.No. 82,Case Number,C.A. No.-005669-005669 / 2012,31-07-2012 (English)
S.No. 83,Case Number,Crl.A. No.-000986-000987 / 2012,09-07-2012 (English)
S.No. 84,Case Number,Crl.A. No.-000234-000235 / 2012,30-01-2012 (English)
S.No. 85,Case Number,Crl.A. No.-001804-001805 / 2009,10-07-2012 (English)
S.No. 86,Case Number,C.A. No.-002150-002150 / 2006,29-03-2012 (English)
S.No. 87,Case Number,Crl.A. No.-001496-001496 / 2012,27-09-2012 (English)
S.No. 88,Case Number,C.A. No.-002474-002475 / 2012,24-02-2012 (English)
S.No. 89,Case Number,Crl.A. No.-000261-000264 / 2002,26-09-2012 (English)
S.No. 90,Case Number,C.A. No.-004523-004523 / 2006,23-11-2011 (English)
S.No. 91,Case Number,SLP(C) No.-008160-008160 / 2011,04-05-2012 (English)
S.No. 92,Case Number,C.A. No.-000041-000041 / 2012,04-01-2012 (English)
S.No. 93,Case Number,SLP(C) No.-008225-008225 / 2003,06-01-2012 (English)
S.No. 94,Case Number,Crl.A. No.-000562-000562 / 2012,23-03-2012 (English)
S.No. 95,Case Number,C.A. No.-002970-002971 / 2012,09-04-2012 (English)
S.No. 96,Case Number,Crl.A. No.-000557-000557 / 2008,03-11-2011 (English)
S.No. 97,Case Number,C.A. No.-009013-009013 / 2011,01-11-2011 (English)
S.No. 98,Case Number,C.A. No.-002606-002606 / 2006,11-05-2012 (English)
S.No. 99,Case Number,ARBIT.CASE(C) No.-000006-000006 / 2009,08-05-2012 (English)
S.No. 100,Case Number,C.A. No.-005992-005992 / 2012,23-08-2012 (English)
S.No. 101,Case Number,Crl.A. No.-002160-002160 / 2011,22-11-2011 (English)
S.No. 102,Case Number,Crl.A. No.-000998-000998 / 2012,13-07-2012 (English)
S.No. 103,Case Number,C.A. No.-002293-002293 / 2005,08-12-2011 (English)
S.No. 104,Case Number,C.A. No.-007170-007174 / 2005,31-01-2012 (English)
S.No. 105,Case Number,Crl.A. No.-000166-000166 / 2012,17-01-2012 (English)
S.No. 106,Case Number,Crl.A. No.-001331-001331 / 2012,31-08-2012 (English)
S.No. 107,Case Number,Crl.A. No.-000067-000067 / 2008,20-07-2012 (English)
S.No. 108,Case Number,C.A. No.-002348-002348 / 2003,10-07-2012 (English)
S.No. 109,Case Number,Crl.A. No.-000126-000126 / 2012,12-01-2012 (English)
S.No. 110,Case Number,Crl.A. No.-000356-000356 / 2007,03-05-2012 (English)
S.No. 111,Case Number,C.A. No.-000237-000237 / 2012,10-01-2012 (English)
S.No. 112,Case Number,C.A. No.-004510-004514 / 2011,25-01-2012 (English)
S.No. 113,Case Number,C.A. No.-003337-003337 / 2012,02-04-2012 (English)
S.No. 114,Case Number,C.A. No.-005055-005055 / 2012,10-07-2012 (English)
S.No. 115,Case Number,C.A. No.-003485-003485 / 2008,20-04-2012 (English)
S.No. 116,Case Number,Crl.A. No.-001072-001073 / 2012,20-07-2012 (English)
S.No. 117,Case Number,/,03-10-2012 (English)
S.No. 118,Case Number,Crl.A. No.-000434-000434 / 2006,07-09-2012 (English)
S.No. 119,Case Number,SLP(C) No.-006513-006513 / 2007,23-11-2011 (English)
S.No. 120,Case Number,Crl.A. No.-001322-001322 / 2012,29-08-2012 (English)
S.No. 121,Case Number,C.A. No.-002504-002505 / 2012,29-08-2012 (English)
S.No. 122,Case Number,Crl.A. No.-001601-001601 / 2012,05-10-2012 (English)
S.No. 123,Case Number,C.A. No.-004036-004040 / 2007,01-02-2012 (English)
S.No. 124,Case Number,Crl.A. No.-000651-000651 / 2012,13-04-2012 (English)
S.No. 125,Case Number,C.A. No.-007515-007515 / 2012,15-10-2012 (English)
S.No. 126,Case Number,C.A. No.-003692-003692 / 2006,20-10-2011 (English)
S.No. 127,Case Number,C.A. No.-006342-006343 / 2012,18-09-2012 (English)
S.No. 128,Case Number,C.A. No.-002883-002883 / 2012,04-04-2012 (English)
S.No. 129,Case Number,C.A. No.-010080-010081 / 2011,23-11-2011 (English)
S.No. 130,Case Number,C.A. No.-001735-001735 / 2006,01-11-2011 (English)
S.No. 131,Case Number,CONMT.PET.(C) No.-000146-000146 / 2012,09-07-2012 (English)
S.No. 132,Case Number,ARBIT.CASE(C) No.-000011-000011 / 2011,09-01-2012 (English)
S.No. 133,Case Number,W.P.(C) No.-000095-000095 / 2010,12-04-2012 (English)
S.No. 134,Case Number,Crl.A. No.-002126-002126 / 2011,16-11-2011 (English)
S.No. 135,Case Number,C.A. No.-006461-006461 / 2003,13-07-2012 (English)
S.No. 136,Case Number,C.A. No.-000245-000245 / 2012,09-01-2012 (English)
S.No. 137,Case Number,Crl.A. No.-001222-001222 / 2012,17-08-2012 (English)
S.No. 138,Case Number,C.A. No.-006304-006305 / 2012,05-09-2012 (English)
S.No. 139,Case Number,C.A. No.-005886-005886 / 2012,16-08-2012 (English)
S.No. 140,Case Number,Crl.A. No.-001007-001007 / 2008,26-09-2012 (English)
S.No. 141,Case Number,C.A. No.-006962-006962 / 2005,05-12-2011 (English)
S.No. 142,Case Number,Crl.A. No.-000802-000802 / 2012,10-05-2012 (English)
S.No. 143,Case Number,Crl.A. No.-001589-001589 / 2012,04-10-2012 (English)
S.No. 144,Case Number,C.A. No.-002790-002790 / 2012,14-03-2012 (English)
S.No. 145,Case Number,C.A. No.-003347-003348 / 2012,02-04-2012 (English)
S.No. 146,Case Number,C.A. No.-003401-003401 / 2003,"16-08-2012 (English)
20-07-2012 (English)
07-05-2012 (English)"
S.No. 147,Case Number,C.A. No.-002990-002991 / 2012,22-03-2012 (English)
S.No. 148,Case Number,Crl.A. No.-000309-000309 / 2012,03-02-2012 (English)
S.No. 149,Case Number,C.A. No.-004848-004848 / 2012,03-07-2012 (English)
S.No. 150,Case Number,C.A. No.-005475-005475 / 2007,01-11-2011 (English)
S.No. 151,Case Number,C.A. No.-009059-009059 / 2011,03-11-2011 (English)
S.No. 152,Case Number,C.A. No.-006261-006261 / 2012,04-09-2012 (English)
S.No. 153,Case Number,Crl.A. No.-001326-001326 / 2005,10-02-2012 (English)
S.No. 154,Case Number,C.A. No.-005043-005045 / 2003,09-11-2011 (English)
S.No. 155,Case Number,C.A. No.-002134-002134 / 2012,16-02-2012 (English)
S.No. 156,Case Number,C.A. No.-000776-000776 / 2012,20-01-2012 (English)
S.No. 157,Case Number,Crl.A. No.-001403-001403 / 2012,13-09-2012 (English)
S.No. 158,Case Number,C.A. No.-005091-005091 / 2012,09-07-2012 (English)
S.No. 159,Case Number,Crl.A. No.-001181-001181 / 2012,06-08-2012 (English)
S.No. 160,Case Number,C.A. No.-006647-006647 / 2012,19-09-2012 (English)
S.No. 161,Case Number,C.A. No.-000561-000561 / 2012,16-01-2012 (English)
S.No. 162,Case Number,SLP(C) No.-010845-010845 / 2009,24-11-2011 (English)
S.No. 163,Case Number,C.A. No.-000947-000947 / 2006,23-02-2012 (English)
S.No. 164,Case Number,C.A. No.-002982-002982 / 2012,21-03-2012 (English)
S.No. 165,Case Number,Crl.A. No.-000507-000507 / 2007,11-07-2012 (English)
S.No. 166,Case Number,Crl.A. No.-000840-000840 / 2012,17-05-2012 (English)
S.No. 167,Case Number,Crl.A. No.-001186-001186 / 2012,09-08-2012 (English)
S.No. 168,Case Number,C.A. No.-007134-007134 / 2012,28-09-2012 (English)
S.No. 169,Case Number,C.A. No.-003185-003185 / 2005,21-05-2012 (English)
S.No. 170,Case Number,ARBIT.CASE(C) No.-000005-000005 / 2010,14-11-2011 (English)
S.No. 171,Case Number,Crl.A. No.-002106-002106 / 2011,14-11-2011 (English)
S.No. 172,Case Number,Crl.A. No.-000522-000522 / 2006,13-01-2012 (English)
S.No. 173,Case Number,C.A. No.-010701-010702 / 2011,07-12-2011 (English)
S.No. 174,Case Number,Crl.A. No.-001393-001394 / 2012,11-09-2012 (English)
S.No. 175,Case Number,C.A. No.-010862-010862 / 2011,12-12-2011 (English)
S.No. 176,Case Number,Crl.A. No.-000866-000866 / 2008,12-10-2012 (English)
S.No. 177,Case Number,Crl.A. No.-000883-000883 / 2012,03-07-2012 (English)
S.No. 178,Case Number,Crl.A. No.-000068-000068 / 2012,06-01-2012 (English)
S.No. 179,Case Number,Crl.A. No.-000201-000201 / 2010,04-09-2012 (English)
S.No. 180,Case Number,Crl.A. No.-001649-001649 / 2012,12-10-2012 (English)
S.No. 181,Case Number,C.A. No.-002232-002233 / 2002,09-10-2012 (English)
S.No. 182,Case Number,Crl.A. No.-001146-001146 / 2012,30-07-2012 (English)
S.No. 183,Case Number,C.A. No.-003814-003814 / 2007,01-05-2012 (English)
S.No. 184,Case Number,Crl.A. No.-001439-001439 / 2012,18-09-2012 (English)
S.No. 185,Case Number,C.A. No.-002177-002177 / 2006,20-10-2011 (English)
S.No. 186,Case Number,C.A. No.-007543-007543 / 2004,16-01-2012 (English)
S.No. 187,Case Number,Crl.A. No.-002003-002003 / 2008,10-05-2012 (English)
S.No. 188,Case Number,C.A. No.-002014-002014 / 2006,19-01-2012 (English)
S.No. 189,Case Number,SLP(C) No.-016116-016117 / 2010,08-05-2012 (English)
S.No. 190,Case Number,Crl.A. No.-001857-001857 / 2009,16-10-2012 (English)
S.No. 191,Case Number,C.A. No.-003203-003203 / 2012,30-03-2012 (English)
S.No. 192,Case Number,Crl.A. No.-002310-002310 / 2011,13-12-2011 (English)
S.No. 193,Case Number,Crl.A. No.-000053-000053 / 2010,26-07-2012 (English)
S.No. 194,Case Number,C.A. No.-002006-002006 / 2003,16-07-2012 (English)
S.No. 195,Case Number,C.A. No.-003546-003546 / 2006,07-12-2011 (English)
S.No. 196,Case Number,Crl.A. No.-000121-000121 / 2012,12-01-2012 (English)
S.No. 197,Case Number,Crl.A. No.-001406-001406 / 2012,18-10-2012 (English)
S.No. 198,Case Number,C.A. No.-006734-006734 / 2012,20-09-2012 (English)
S.No. 199,Case Number,Crl.A. No.-000838-000838 / 2008,27-04-2012 (English)
S.No. 200,Case Number,C.A. No.-002960-002960 / 2006,03-11-2011 (English)
S.No. 201,Case Number,Crl.A. No.-000065-000065 / 2008,17-04-2012 (English)
S.No. 202,Case Number,Crl.A. No.-000180-000180 / 2007,12-10-2012 (English)
S.No. 203,Case Number,C.A. No.-004504-004504 / 2007,28-02-2012 (English)
S.No. 204,Case Number,C.A. No.-000434-000434 / 2012,13-01-2012 (English)
S.No. 205,Case Number,Crl.A. No.-000870-000870 / 2007,21-05-2012 (English)
S.No. 206,Case Number,C.A. No.-005787-005787 / 2012,08-08-2012 (English)
S.No. 207,Case Number,Crl.A. No.-002486-002486 / 2009,07-08-2012 (English)
S.No. 208,Case Number,C.A. No.-006340-006340 / 2004,08-11-2011 (English)
S.No. 209,Case Number,Crl.A. No.-000879-000879 / 2010,24-07-2012 (English)
S.No. 210,Case Number,C.A. No.-004263-004263 / 2003,08-11-2011 (English)
S.No. 211,Case Number,Crl.A. No.-000893-000893 / 2005,02-12-2011 (English)
S.No. 212,Case Number,C.A. No.-004360-004360 / 2006,29-03-2012 (English)
S.No. 213,Case Number,C.A. No.-011303-011303 / 2011,16-12-2011 (English)
S.No. 214,Case Number,Crl.A. No.-001221-001221 / 2005,14-11-2011 (English)
S.No. 215,Case Number,W.P.(C) No.-000260-000260 / 2005,10-05-2012 (English)
S.No. 216,Case Number,Crl.A. No.-001109-001109 / 2002,01-03-2012 (English)
S.No. 217,Case Number,C.A. No.-008297-008298 / 2004,30-03-2012 (English)
S.No. 218,Case Number,C.A. No.-002615-002615 / 2012,29-02-2012 (English)
S.No. 219,Case Number,Crl.A. No.-002168-002168 / 2009,23-07-2012 (English)
S.No. 220,Case Number,Crl.A. No.-000263-000263 / 2012,01-02-2012 (English)
S.No. 221,Case Number,C.A. No.-001830-001830 / 2008,18-11-2011 (English)
S.No. 222,Case Number,C.A. No.-004838-004840 / 2012,03-07-2012 (English)
S.No. 223,Case Number,C.A. No.-005225-005225 / 2012,16-07-2012 (English)
S.No. 224,Case Number,C.A. No.-009676-009676 / 2011,08-11-2011 (English)
S.No. 225,Case Number,Crl.A. No.-001712-001712 / 2009,16-08-2012 (English)
S.No. 226,Case Number,C.A. No.-002229-002229 / 2012,22-02-2012 (English)
S.No. 227,Case Number,Crl.A. No.-001406-001406 / 2008,14-09-2012 (English)
S.No. 228,Case Number,C.A. No.-005950-005950 / 2012,21-08-2012 (English)
S.No. 229,Case Number,C.A. No.-005920-005920 / 2012,21-08-2012 (English)
S.No. 230,Case Number,C.A. No.-004988-004988 / 2003,02-02-2012 (English)
S.No. 231,Case Number,Crl.A. No.-002472-002472 / 2009,24-07-2012 (English)
S.No. 232,Case Number,C.A. No.-004427-004427 / 2003,07-09-2012 (English)
S.No. 233,Case Number,C.A. No.-009893-009893 / 2011,17-11-2011 (English)
S.No. 234,Case Number,C.A. No.-006433-006433 / 2003,14-02-2012 (English)
S.No. 235,Case Number,Crl.A. No.-001089-001089 / 2010,17-08-2012 (English)
S.No. 236,Case Number,C.A. No.-004167-004167 / 2012,02-05-2012 (English)
S.No. 237,Case Number,C.A. No.-005322-005322 / 2005,29-02-2012 (English)
S.No. 238,Case Number,C.A. No.-005918-005918 / 2012,21-08-2012 (English)
S.No. 239,Case Number,C.A. No.-006262-006262 / 2012,04-09-2012 (English)
S.No. 240,Case Number,C.A. No.-007609-007609 / 2012,17-10-2012 (English)
S.No. 241,Case Number,C.A. No.-000663-000663 / 2012,09-01-2012 (English)
S.No. 242,Case Number,C.A. No.-007503-007537 / 2002,24-01-2012 (English)
S.No. 243,Case Number,Crl.A. No.-000954-000954 / 2005,05-10-2012 (English)
S.No. 244,Case Number,Crl.A. No.-001475-001475 / 2010,10-10-2012 (English)
S.No. 245,Case Number,Crl.A. No.-001648-001648 / 2012,15-10-2012 (English)
S.No. 246,Case Number,C.A. No.-006404-006404 / 2003,09-02-2012 (English)
S.No. 247,Case Number,Crl.A. No.-001323-001323 / 2007,31-07-2012 (English)
S.No. 248,Case Number,C.A. No.-006673-006674 / 2009,27-09-2012 (English)
S.No. 249,Case Number,C.A. No.-004825-004826 / 2009,30-07-2012 (English)
S.No. 250,Case Number,C.A. No.-003285-003285 / 2009,26-07-2012 (English)
S.No. 251,Case Number,C.A. No.-004307-004307 / 2012,08-05-2012 (English)
S.No. 252,Case Number,C.A. No.-010535-010535 / 2011,"13-09-2012 (English)
04-05-2012 (English)"
S.No. 253,Case Number,C.A. No.-004530-004532 / 2005,13-01-2012 (English)
S.No. 254,Case Number,SLP(Crl) No.-007019-007020 / 2011,29-08-2012 (English)
S.No. 255,Case Number,Crl.A. No.-001102-001103 / 2011,07-12-2011 (English)
S.No. 256,Case Number,C.A. No.-006514-006514 / 2003,14-02-2012 (English)
S.No. 257,Case Number,Crl.A. No.-001460-001460 / 2012,21-09-2012 (English)
S.No. 258,Case Number,Crl.A. No.-000598-000598 / 2012,02-04-2012 (English)
S.No. 259,Case Number,Crl.A. No.-001699-001699 / 2012,17-10-2012 (English)
S.No. 260,Case Number,Crl.A. No.-000316-000316 / 2005,23-03-2012 (English)
S.No. 261,Case Number,Crl.A. No.-000719-000719 / 2012,30-04-2012 (English)
S.No. 262,Case Number,Crl.A. No.-000269-000269 / 2008,25-07-2012 (English)
S.No. 263,Case Number,Crl.A. No.-001340-001340 / 2007,21-05-2012 (English)
S.No. 264,Case Number,Crl.A. No.-001502-001502 / 2008,27-09-2012 (English)
S.No. 265,Case Number,C.A. No.-007454-007459 / 2012,11-10-2012 (English)
S.No. 266,Case Number,W.P.(C) No.-000135-000135 / 2012,04-09-2012 (English)
S.No. 267,Case Number,C.A. No.-010301-010301 / 2011,29-11-2011 (English)
S.No. 268,Case Number,SLP(C) No.-013896-013897 / 2008,13-01-2012 (English)
S.No. 269,Case Number,C.A. No.-006071-006071 / 2012,27-08-2012 (English)
S.No. 270,Case Number,Crl.A. No.-001594-001594 / 2012,12-10-2012 (English)
S.No. 271,Case Number,C.A. No.-001143-001143 / 2011,17-02-2012 (English)
S.No. 272,Case Number,W.P.(C) No.-000657-000657 / 1995,"30-07-2012 (English)
06-07-2012 (English)"
S.No. 273,Case Number,C.A. No.-002288-002288 / 2012,23-02-2012 (English)
S.No. 274,Case Number,Crl.A. No.-002090-002093 / 2011,14-11-2011 (English)
S.No. 275,Case Number,Crl.A. No.-001502-001502 / 2005,01-12-2011 (English)
S.No. 276,Case Number,C.A. No.-009054-009054 / 2011,31-10-2011 (English)
S.No. 277,Case Number,C.A. No.-006497-006497 / 2002,24-11-2011 (English)
S.No. 278,Case Number,C.A. No.-006508-006508 / 2012,14-09-2012 (English)
S.No. 279,Case Number,C.A. No.-001651-001652 / 2012,07-02-2012 (English)
S.No. 280,Case Number,C.A. No.-010181-010181 / 2011,02-07-2012 (English)
S.No. 281,Case Number,C.A. No.-004308-004308 / 2012,08-05-2012 (English)
S.No. 282,Case Number,Crl.A. No.-001108-001108 / 2002,01-02-2012 (English)
S.No. 283,Case Number,C.A. No.-007005-007005 / 2012,25-09-2012 (English)
S.No. 284,Case Number,CONMT.PET.(C) No.-000286-000286 / 2012,27-08-2012 (English)
S.No. 285,Case Number,Crl.A. No.-001332-001332 / 2012,31-08-2012 (English)
S.No. 286,Case Number,W.P.(C) No.-000265-000265 / 2011,"03-08-2012 (English)
27-04-2012 (English)"
S.No. 287,Case Number,C.A. No.-006714-006715 / 2002,05-01-2012 (English)
S.No. 288,Case Number,C.A. No.-002511-002511 / 2012,27-02-2012 (English)
S.No. 289,Case Number,SLP(C) No.-010184-010184 / 2008,17-01-2012 (English)
S.No. 290,Case Number,C.A. No.-003501-003501 / 2003,16-10-2012 (English)
S.No. 291,Case Number,W.P.(C) No.-000210-000210 / 2012,13-09-2012 (English)
S.No. 292,Case Number,C.A. No.-004060-004060 / 2009,03-04-2012 (English)
S.No. 293,Case Number,Crl.A. No.-001456-001456 / 2012,20-09-2012 (English)
S.No. 294,Case Number,C.A. No.-008943-008943 / 2011,31-10-2011 (English)
S.No. 295,Case Number,Crl.A. No.-000925-000926 / 2012,05-07-2012 (English)
S.No. 296,Case Number,C.A. No.-001987-001987 / 2012,10-02-2012 (English)
S.No. 297,Case Number,ARBIT.CASE(C) No.-000018-000018 / 2011,25-07-2012 (English)
S.No. 298,Case Number,C.A. No.-007268-007268 / 2002,13-01-2012 (English)
S.No. 299,Case Number,C.A. No.-006567-006569 / 2010,17-11-2011 (English)
S.No. 300,Case Number,C.A. No.-005705-005706 / 2012,03-08-2012 (English)
S.No. 301,Case Number,Crl.A. No.-000874-000875 / 2012,02-07-2012 (English)
S.No. 302,Case Number,SPL.REF. No.-000001-000001 / 2012,27-09-2012 (English)
S.No. 303,Case Number,Crl.A. No.-000140-000140 / 2008,09-08-2012 (English)
S.No. 304,Case Number,C.A. No.-001192-001192 / 2012,31-01-2012 (English)
S.No. 305,Case Number,C.A. No.-006468-006468 / 2012,14-09-2012 (English)
S.No. 306,Case Number,C.A. No.-001191-001191 / 2012,31-01-2012 (English)
S.No. 307,Case Number,Crl.A. No.-002226-002226 / 2011,28-11-2011 (English)
S.No. 308,Case Number,C.A. No.-010086-010087 / 2011,23-11-2011 (English)
S.No. 309,Case Number,Crl.A. No.-000077-000077 / 2007,29-02-2012 (English)
S.No. 310,Case Number,C.A. No.-002870-002870 / 2012,16-03-2012 (English)
S.No. 311,Case Number,Crl.A. No.-000404-000404 / 2010,12-09-2012 (English)
S.No. 312,Case Number,SLP(Crl.)...CRLMP No.-011911-011911 / 2011,31-08-2012 (English)
S.No. 313,Case Number,Crl.A. No.-000546-000546 / 2012,19-03-2012 (English)
S.No. 314,Case Number,C.A. No.-000104-000104 / 2012,06-01-2012 (English)
S.No. 315,Case Number,C.A. No.-000400-000400 / 2012,12-01-2012 (English)
S.No. 316,Case Number,C.A. No.-007425-007426 / 2002,02-02-2012 (English)
S.No. 317,Case Number,Crl.A. No.-001050-001050 / 2005,20-10-2011 (English)
S.No. 318,Case Number,W.P.(C) No.-000318-000318 / 2006,07-02-2012 (English)
S.No. 319,Case Number,Crl.A. No.-001482-001482 / 2007,20-07-2012 (English)
S.No. 320,Case Number,C.A. No.-007548-007548 / 2002,31-10-2011 (English)
S.No. 321,Case Number,C.A. No.-006621-006621 / 2012,18-09-2012 (English)
S.No. 322,Case Number,Crl.A. No.-001453-001453 / 2005,28-11-2011 (English)
S.No. 323,Case Number,C.A. No.-000655-000655 / 2012,18-01-2012 (English)
S.No. 324,Case Number,Crl.A. No.-001117-001117 / 2006,24-04-2012 (English)
S.No. 325,Case Number,Crl.A. No.-000046-000046 / 2005,04-09-2012 (English)
S.No. 326,Case Number,C.A. No.-005085-005085 / 2012,09-07-2012 (English)
S.No. 327,Case Number,Crl.A. No.-001595-001596 / 2012,05-10-2012 (English)
S.No. 328,Case Number,C.A. No.-002368-002368 / 2007,23-02-2012 (English)
S.No. 329,Case Number,C.A. No.-009717-009717 / 2011,14-11-2011 (English)
S.No. 330,Case Number,C.A. No.-010554-010554 / 2011,01-12-2011 (English)
S.No. 331,Case Number,C.A. No.-004195-004195 / 2012,04-05-2012 (English)
S.No. 332,Case Number,C.A. No.-005179-005179 / 2012,05-07-2012 (English)
S.No. 333,Case Number,C.A. No.-004110-004110 / 2006,11-07-2012 (English)
S.No. 334,Case Number,C.A. No.-007040-007040 / 2012,27-09-2012 (English)
S.No. 335,Case Number,Crl.A. No.-000636-000636 / 2009,18-10-2012 (English)
S.No. 336,Case Number,C.A. No.-000244-000244 / 2012,09-01-2012 (English)
S.No. 337,Case Number,C.A. No.-008569-008570 / 2003,24-02-2012 (English)
S.No. 338,Case Number,C.A. No.-000423-000423 / 2008,12-10-2012 (English)
S.No. 339,Case Number,W.P.(C) No.-000512-000512 / 2002,27-02-2012 (English)
S.No. 340,Case Number,C.A. No.-005895-005895 / 2008,11-09-2012 (English)
S.No. 341,Case Number,C.A. No.-001915-001915 / 2012,08-02-2012 (English)
S.No. 342,Case Number,Crl.A. No.-001042-001042 / 2002,08-05-2012 (English)
S.No. 343,Case Number,C.A. No.-003984-003984 / 2012,28-05-2012 (English)
S.No. 344,Case Number,C.A. No.-002968-002968 / 2012,21-03-2012 (English)
S.No. 345,Case Number,C.A. No.-003905-003905 / 2012,25-04-2012 (English)
S.No. 346,Case Number,C.A. No.-000137-000137 / 2003,02-11-2011 (English)
S.No. 347,Case Number,C.A. No.-006105-006105 / 2012,28-08-2012 (English)
S.No. 348,Case Number,C.A. No.-009589-009589 / 2010,23-03-2012 (English)
S.No. 349,Case Number,C.A. No.-003396-003396 / 2007,28-02-2012 (English)
S.No. 350,Case Number,C.A. No.-001734-001734 / 2006,20-10-2011 (English)
S.No. 351,Case Number,Crl.A. No.-001491-001491 / 2012,26-09-2012 (English)
S.No. 352,Case Number,C.A. No.-002085-002085 / 2012,02-03-2012 (English)
S.No. 353,Case Number,C.A. No.-004905-004905 / 2012,04-07-2012 (English)
S.No. 354,Case Number,Crl.A. No.-001497-001497 / 2012,27-09-2012 (English)
S.No. 355,Case Number,Crl.A. No.-001333-001334 / 2010,23-02-2012 (English)
S.No. 356,Case Number,C.A. No.-002868-002868 / 2012,16-03-2012 (English)
S.No. 357,Case Number,C.A. No.-005399-005400 / 2012,23-08-2012 (English)
S.No. 358,Case Number,Crl.A. No.-000665-000665 / 2002,11-05-2012 (English)
S.No. 359,Case Number,C.A. No.-002122-002122 / 2012,15-02-2012 (English)
S.No. 360,Case Number,Crl.A. No.-000753-000755 / 2009,07-12-2011 (English)
S.No. 361,Case Number,C.A. No.-007222-007223 / 2012,04-10-2012 (English)
S.No. 362,Case Number,C.A. No.-008102-008102 / 2011,23-04-2012 (English)
S.No. 363,Case Number,C.A. No.-004211-004211 / 2004,12-12-2011 (English)
S.No. 364,Case Number,C.A. No.-000599-000599 / 2012,17-01-2012 (English)
S.No. 365,Case Number,C.A. No.-006823-006823 / 2010,21-10-2011 (English)
S.No. 366,Case Number,Crl.A. No.-000529-000529 / 2010,03-08-2012 (English)
S.No. 367,Case Number,Crl.A. No.-001965-001965 / 2008,04-10-2012 (English)
S.No. 368,Case Number,C.A. No.-005372-005372 / 2012,22-08-2012 (English)
S.No. 369,Case Number,C.A. No.-003397-003397 / 2012,04-04-2012 (English)
S.No. 370,Case Number,C.A. No.-004956-004956 / 2010,09-12-2011 (English)
S.No. 371,Case Number,C.A. No.-007587-007588 / 2004,13-03-2012 (English)
S.No. 372,Case Number,C.A. No.-003249-003249 / 2005,15-12-2011 (English)
S.No. 373,Case Number,Crl.A. No.-000294-000294 / 2010,04-10-2012 (English)
S.No. 374,Case Number,SLP(C) No.-019628-019629 / 2009,27-02-2012 (English)
S.No. 375,Case Number,C.A. No.-004473-004473 / 2000,17-04-2012 (English)
S.No. 376,Case Number,Crl.A. No.-001718-001718 / 2009,18-10-2012 (English)
S.No. 377,Case Number,C.A. No.-001476-001476 / 2006,23-03-2012 (English)
S.No. 378,Case Number,Crl.A. No.-001602-001602 / 2012,05-10-2012 (English)
S.No. 379,Case Number,C.A. No.-006964-006964 / 2004,01-12-2011 (English)
S.No. 380,Case Number,C.A. No.-000783-000803 / 2004,22-02-2012 (English)
S.No. 381,Case Number,Crl.A. No.-000507-000507 / 2008,14-09-2012 (English)
S.No. 382,Case Number,W.P.(C) No.-000510-000510 / 2005,"07-02-2012 (English)
08-12-2011 (English)"
S.No. 383,Case Number,C.A. No.-005946-005946 / 2012,22-08-2012 (English)
S.No. 384,Case Number,C.A. No.-002021-002021 / 2012,10-02-2012 (English)
S.No. 385,Case Number,C.A. No.-005712-005712 / 2002,19-07-2012 (English)
S.No. 386,Case Number,Crl.A. No.-001316-001316 / 2008,08-05-2012 (English)
S.No. 387,Case Number,C.A. No.-001743-001743 / 2006,22-11-2011 (English)
S.No. 388,Case Number,C.A. No.-006660-006660 / 2005,08-05-2012 (English)
S.No. 389,Case Number,SLP(C) No.-022377-022377 / 2004,22-11-2011 (English)
S.No. 390,Case Number,Crl.A. No.-000605-000605 / 2012,03-04-2012 (English)
S.No. 391,Case Number,Crl.A. No.-001157-001157 / 2007,19-01-2012 (English)
S.No. 392,Case Number,Crl.A. No.-001651-001651 / 2009,11-05-2012 (English)
S.No. 393,Case Number,C.A. No.-006451-006451 / 2012,11-09-2012 (English)
S.No. 394,Case Number,Crl.A. No.-000321-000321 / 2012,07-02-2012 (English)
S.No. 395,Case Number,Crl.A. No.-001290-001290 / 2007,20-09-2012 (English)
S.No. 396,Case Number,C.A. No.-007019-007019 / 2005,06-09-2012 (English)
S.No. 397,Case Number,C.A. No.-004993-004993 / 2012,06-07-2012 (English)
S.No. 398,Case Number,C.A. No.-007207-007207 / 2012,04-10-2012 (English)
S.No. 399,Case Number,C.A. No.-009748-009749 / 2011,02-11-2011 (English)
S.No. 400,Case Number,Crl.A. No.-001075-001076 / 2012,23-07-2012 (English)
S.No. 401,Case Number,Crl.A. No.-002001-002001 / 2008,05-10-2012 (English)
S.No. 402,Case Number,Crl.A. No.-001356-001356 / 2004,14-11-2011 (English)
S.No. 403,Case Number,C.A. No.-005947-005947 / 2012,22-08-2012 (English)
S.No. 404,Case Number,C.A. No.-002516-002517 / 2012,27-02-2012 (English)
S.No. 405,Case Number,C.A. No.-006539-006540 / 2010,13-02-2012 (English)
S.No. 406,Case Number,C.A. No.-009763-009763 / 2011,15-11-2011 (English)
S.No. 407,Case Number,Crl.A. No.-000438-000438 / 2009,04-09-2012 (English)
S.No. 408,Case Number,C.A. No.-000887-000887 / 2009,08-12-2011 (English)
S.No. 409,Case Number,Crl.A. No.-001688-001688 / 2012,17-10-2012 (English)
S.No. 410,Case Number,Crl.A. No.-002001-002001 / 2010,14-09-2012 (English)
S.No. 411,Case Number,W.P.(C) No.-000285-000285 / 2010,27-04-2012 (English)
S.No. 412,Case Number,Crl.A. No.-001195-001195 / 2006,22-03-2012 (English)
S.No. 413,Case Number,W.P.(C) No.-000631-000631 / 2004,03-10-2012 (English)
S.No. 414,Case Number,SLP(C) No.-022590-022590 / 2011,29-02-2012 (English)
S.No. 415,Case Number,Crl.A. No.-000133-000133 / 2007,03-07-2012 (English)
S.No. 416,Case Number,C.A. No.-009647-009650 / 2003,26-04-2012 (English)
S.No. 417,Case Number,Crl.A. No.-000828-000828 / 2008,26-09-2012 (English)
S.No. 418,Case Number,ARBIT.CASE(C) No.-000019-000019 / 2011,08-05-2012 (English)
S.No. 419,Case Number,C.A. No.-002755-002755 / 2007,23-11-2011 (English)
S.No. 420,Case Number,Crl.A. No.-001603-001603 / 2012,05-10-2012 (English)
S.No. 421,Case Number,C.A. No.-003297-003297 / 2012,"30-03-2012 (English)
30-03-2012 (English)"
S.No. 422,Case Number,C.A. No.-005218-005222 / 2012,16-07-2012 (English)
S.No. 423,Case Number,C.A. No.-001850-001850 / 2007,05-12-2011 (English)
S.No. 424,Case Number,C.A. No.-005696-005696 / 2012,01-08-2012 (English)
S.No. 425,Case Number,Crl.A. No.-000611-000611 / 2012,04-04-2012 (English)
S.No. 426,Case Number,C.A. No.-002850-002850 / 2012,15-03-2012 (English)
S.No. 427,Case Number,C.A. No.-006346-006346 / 2012,06-09-2012 (English)
S.No. 428,Case Number,Crl.A. No.-001159-001159 / 2012,03-08-2012 (English)
S.No. 429,Case Number,C.A. No.-002106-002106 / 2012,15-02-2012 (English)
S.No. 430,Case Number,Crl.A. No.-002178-002178 / 2011,23-11-2011 (English)
S.No. 431,Case Number,C.A. No.-003033-003033 / 2008,15-11-2011 (English)
S.No. 432,Case Number,Crl.A. No.-000824-000825 / 2011,03-07-2012 (English)
S.No. 433,Case Number,C.A. No.-000735-000735 / 2012,20-01-2012 (English)
S.No. 434,Case Number,C.A. No.-002708-002708 / 2012,02-03-2012 (English)
S.No. 435,Case Number,Crl.A. No.-000047-000048 / 2012,06-01-2012 (English)
S.No. 436,Case Number,C.A. No.-006479-006479 / 2012,12-09-2012 (English)
S.No. 437,Case Number,SLP(Crl) No.-001658-001658 / 2010,05-12-2011 (English)
S.No. 438,Case Number,Crl.A. No.-001882-001882 / 2010,10-05-2012 (English)
S.No. 439,Case Number,Crl.A. No.-001389-001389 / 2007,23-11-2011 (English)
S.No. 440,Case Number,C.A. No.-010178-010178 / 2011,30-11-2011 (English)
S.No. 441,Case Number,C.A. No.-007508-007508 / 2005,17-01-2012 (English)
S.No. 442,Case Number,C.A. No.-001614-001614 / 2012,06-02-2012 (English)
S.No. 443,Case Number,Crl.A. No.-001100-001100 / 2012,25-07-2012 (English)
S.No. 444,Case Number,C.A. No.-003723-003723 / 2012,23-04-2012 (English)
S.No. 445,Case Number,Crl.A. No.-001253-001253 / 2008,11-10-2012 (English)
S.No. 446,Case Number,C.A. No.-007152-007152 / 2004,13-01-2012 (English)
S.No. 447,Case Number,Crl.A. No.-002066-002067 / 2009,25-05-2012 (English)
S.No. 448,Case Number,Crl.A. No.-001982-001982 / 2011,31-10-2011 (English)
S.No. 449,Case Number,C.A. No.-005316-005318 / 2012,19-07-2012 (English)
S.No. 450,Case Number,C.A. No.-003813-003813 / 2007,21-03-2012 (English)
S.No. 451,Case Number,SLP(C) No.-024228-024229 / 2012,06-08-2012 (English)
S.No. 452,Case Number,Crl.A. No.-000523-000523 / 2010,07-05-2012 (English)
S.No. 453,Case Number,C.A. No.-009709-009709 / 2011,14-11-2011 (English)
S.No. 454,Case Number,Crl.A. No.-000082-000082 / 2008,29-05-2012 (English)
S.No. 455,Case Number,Crl.A. No.-001577-001577 / 2012,01-10-2012 (English)
S.No. 456,Case Number,C.A. No.-006493-006493 / 2003,14-02-2012 (English)
S.No. 457,Case Number,C.A. No.-000137-000137 / 2007,20-01-2012 (English)
S.No. 458,Case Number,C.A. No.-004005-004005 / 2012,27-04-2012 (English)
S.No. 459,Case Number,Crl.A. No.-001068-001068 / 2006,15-12-2011 (English)
S.No. 460,Case Number,Crl.A. No.-000878-000878 / 2010,22-05-2012 (English)
S.No. 461,Case Number,C.A. No.-003177-003177 / 2010,29-02-2012 (English)
S.No. 462,Case Number,C.A. No.-005879-005879 / 2012,16-10-2012 (English)
S.No. 463,Case Number,C.A. No.-005671-005671 / 2012,30-07-2012 (English)
S.No. 464,Case Number,W.P.(C) No.-000666-000666 / 2002,03-08-2012 (English)
S.No. 465,Case Number,C.A. No.-002689-002689 / 2012,02-03-2012 (English)
S.No. 466,Case Number,Crl.A. No.-000651-000651 / 2009,17-05-2012 (English)
S.No. 467,Case Number,C.A. No.-009353-009354 / 2011,04-11-2011 (English)
S.No. 468,Case Number,C.A. No.-006017-006017 / 2012,24-08-2012 (English)
S.No. 469,Case Number,C.A. No.-004446-004446 / 2006,13-01-2012 (English)
S.No. 470,Case Number,Crl.A. No.-002114-002114 / 2009,24-07-2012 (English)
S.No. 471,Case Number,C.A. No.-002942-002942 / 2012,19-03-2012 (English)
S.No. 472,Case Number,Crl.A. No.-000024-000024 / 2012,04-01-2012 (English)
S.No. 473,Case Number,SLP(C) No.-023860-023860 / 2010,21-09-2012 (English)
S.No. 474,Case Number,C.A. No.-000949-000949 / 2004,29-02-2012 (English)
S.No. 475,Case Number,Crl.A. No.-001705-001705 / 2008,04-10-2012 (English)
S.No. 476,Case Number,Crl.A. No.-001905-001905 / 2011,23-02-2012 (English)
S.No. 477,Case Number,C.A. No.-007356-007356 / 2012,08-10-2012 (English)
S.No. 478,Case Number,Crl.A. No.-000784-000784 / 2008,19-09-2012 (English)
S.No. 479,Case Number,C.A. No.-002484-002484 / 2012,24-02-2012 (English)
S.No. 480,Case Number,C.A. No.-007234-007234 / 2012,05-10-2012 (English)
S.No. 481,Case Number,C.A. No.-002751-002751 / 2012,12-03-2012 (English)
S.No. 482,Case Number,SLP(C) No.-023059-023059 / 2011,11-05-2012 (English)
S.No. 483,Case Number,Crl.A. No.-001091-001091 / 2006,"31-08-2012 (English)
11-01-2012 (English)"
S.No. 484,Case Number,C.A. No.-002144-002144 / 2012,16-02-2012 (English)
S.No. 485,Case Number,Crl.A. No.-000117-000117 / 2006,01-02-2012 (English)
S.No. 486,Case Number,SLP(C) No.-027734-027734 / 2012,03-10-2012 (English)
S.No. 487,Case Number,Crl.A. No.-001511-001511 / 2004,26-04-2012 (English)
S.No. 488,Case Number,Crl.A. No.-002306-002306 / 2011,12-12-2011 (English)
S.No. 489,Case Number,C.A. No.-010660-010660 / 2010,02-02-2012 (English)
S.No. 490,Case Number,C.A. No.-007202-007202 / 2012,01-10-2012 (English)
S.No. 491,Case Number,C.A. No.-001095-001095 / 2012,27-01-2012 (English)
S.No. 492,Case Number,C.A. No.-003630-003630 / 2012,19-04-2012 (English)
S.No. 493,Case Number,Crl.A. No.-001950-001950 / 2009,02-03-2012 (English)
S.No. 494,Case Number,C.A. No.-006186-006186 / 2012,30-08-2012 (English)
S.No. 495,Case Number,W.P.(C) No.-000376-000376 / 2012,17-09-2012 (English)
S.No. 496,Case Number,Crl.A. No.-000671-000671 / 2005,08-05-2012 (English)
S.No. 497,Case Number,Crl.A. No.-001467-001467 / 2007,17-08-2012 (English)
S.No. 498,Case Number,C.A. No.-002454-002454 / 2012,22-02-2012 (English)
S.No. 499,Case Number,Crl.A. No.-001349-001349 / 2012,04-09-2012 (English)
S.No. 500,Case Number,C.A. No.-005898-005898 / 2012,17-08-2012 (English)
S.No. 501,Case Number,Crl.A. No.-000104-000104 / 2012,10-01-2012 (English)
S.No. 502,Case Number,Crl.A. No.-000523-000523 / 2012,12-03-2012 (English)
S.No. 503,Case Number,ARBIT.CASE(C) No.-000025-000025 / 2011,07-09-2012 (English)
S.No. 504,Case Number,C.A. No.-006183-006183 / 2012,29-08-2012 (English)
S.No. 505,Case Number,C.A. No.-002613-002613 / 2012,29-02-2012 (English)
S.No. 506,Case Number,Crl.A. No.-000257-000257 / 2011,01-05-2012 (English)
S.No. 507,Case Number,ARBIT.CASE(C) No.-000018-000018 / 2010,25-11-2011 (English)
S.No. 508,Case Number,Crl.A. No.-002143-002143 / 2011,18-11-2011 (English)
S.No. 509,Case Number,C.A. No.-005820-005820 / 2012,09-08-2012 (English)
S.No. 510,Case Number,C.A. No.-000684-000684 / 2004,11-05-2012 (English)
S.No. 511,Case Number,Crl.A. No.-001517-001517 / 2008,19-09-2012 (English)
S.No. 512,Case Number,Crl.A. No.-000464-000464 / 2012,28-02-2012 (English)
S.No. 513,Case Number,Crl.A. No.-001187-001187 / 2012,09-08-2012 (English)
S.No. 514,Case Number,C.A. No.-000951-000951 / 2004,29-02-2012 (English)
S.No. 515,Case Number,Crl.A. No.-000181-000181 / 2012,20-01-2012 (English)
S.No. 516,Case Number,W.P.(C) No.-000505-000505 / 2006,18-10-2012 (English)
S.No. 517,Case Number,Crl.A. No.-002225-002225 / 2011,30-11-2011 (English)
S.No. 518,Case Number,C.A. No.-009930-009930 / 2011,18-11-2011 (English)
S.No. 519,Case Number,Crl.A. No.-000652-000652 / 2012,03-07-2012 (English)
S.No. 520,Case Number,Crl.A. No.-000750-000750 / 2012,04-05-2012 (English)
S.No. 521,Case Number,Crl.A. No.-001139-001140 / 2008,27-09-2012 (English)
S.No. 522,Case Number,C.A. No.-006072-006072 / 2012,22-08-2012 (English)
S.No. 523,Case Number,SLP(C) No.-024746-024746 / 2010,31-01-2012 (English)
S.No. 524,Case Number,R.P.(C) No.-000739-000739 / 2012,04-10-2012 (English)
S.No. 525,Case Number,Crl.A. No.-000079-000079 / 2010,24-07-2012 (English)
S.No. 526,Case Number,C.A. No.-003682-003682 / 2007,25-09-2012 (English)
S.No. 527,Case Number,C.A. No.-003590-003590 / 2012,02-07-2012 (English)
S.No. 528,Case Number,C.A. No.-001150-001150 / 2004,29-02-2012 (English)
S.No. 529,Case Number,C.A. No.-008142-008142 / 2011,30-08-2012 (English)
S.No. 530,Case Number,C.A. No.-002560-002560 / 2010,03-02-2012 (English)
S.No. 531,Case Number,Crl.A. No.-000404-000404 / 2012,15-02-2012 (English)
S.No. 532,Case Number,Crl.A. No.-002002-002002 / 2011,19-10-2011 (English)
S.No. 533,Case Number,Crl.A. No.-000636-000636 / 2012,09-04-2012 (English)
S.No. 534,Case Number,C.A. No.-002222-002222 / 2012,22-02-2012 (English)
S.No. 535,Case Number,Crl.A. No.-001193-001193 / 2006,10-10-2012 (English)
S.No. 536,Case Number,SLP(Crl) No.-006468-006468 / 2012,28-09-2012 (English)
S.No. 537,Case Number,C.A. No.-004495-004495 / 2006,05-01-2012 (English)
S.No. 538,Case Number,C.A. No.-006641-006641 / 2012,17-09-2012 (English)
S.No. 539,Case Number,Crl.A. No.-001318-001320 / 2007,12-01-2012 (English)
S.No. 540,Case Number,C.A. No.-006224-006224 / 2008,23-05-2012 (English)
S.No. 541,Case Number,C.A. No.-001458-001458 / 2012,01-02-2012 (English)
S.No. 542,Case Number,C.A. No.-006895-006895 / 2008,06-02-2012 (English)
S.No. 543,Case Number,C.A. No.-002524-002524 / 2012,27-02-2012 (English)
S.No. 544,Case Number,C.A. No.-025624-025624 / 2010,15-12-2011 (English)
S.No. 545,Case Number,C.A. No.-002430-002430 / 2006,16-01-2012 (English)
S.No. 546,Case Number,C.A. No.-010545-010545 / 2011,01-12-2011 (English)
S.No. 547,Case Number,C.A. No.-007449-007449 / 2012,11-10-2012 (English)
S.No. 548,Case Number,Crl.A. No.-001592-001592 / 2012,05-10-2012 (English)
S.No. 549,Case Number,Crl.A. No.-001334-001334 / 2012,31-08-2012 (English)
S.No. 550,Case Number,C.A. No.-007923-007923 / 2010,30-11-2011 (English)
S.No. 551,Case Number,C.A. No.-006463-006463 / 2012,14-09-2012 (English)
S.No. 552,Case Number,C.A. No.-001920-001920 / 2012,07-02-2012 (English)
S.No. 553,Case Number,C.A. No.-003580-003580 / 2009,25-09-2012 (English)
S.No. 554,Case Number,C.A. No.-009829-009829 / 2011,16-11-2011 (English)
S.No. 555,Case Number,Crl.A. No.-001870-001871 / 2010,14-11-2011 (English)
S.No. 556,Case Number,C.A. No.-000657-000657 / 2012,18-01-2012 (English)
S.No. 557,Case Number,Crl.A. No.-000876-000876 / 2012,02-07-2012 (English)
S.No. 558,Case Number,Crl.A. No.-001763-001763 / 2008,08-05-2012 (English)
S.No. 559,Case Number,Crl.A. No.-001159-001159 / 2013,08-08-2012 (English)
S.No. 560,Case Number,C.A. No.-001699-001699 / 2012,08-02-2012 (English)
S.No. 561,Case Number,C.A. No.-009711-009711 / 2011,14-11-2011 (English)
S.No. 562,Case Number,C.A. No.-001723-001723 / 2008,22-05-2012 (English)
S.No. 563,Case Number,Crl.A. No.-000831-000831 / 2010,21-10-2011 (English)
S.No. 564,Case Number,C.A. No.-000733-000733 / 2012,20-01-2012 (English)
S.No. 565,Case Number,C.A. No.-002497-002497 / 2012,22-02-2012 (English)
S.No. 566,Case Number,C.A. No.-004847-004847 / 2012,03-07-2012 (English)
S.No. 567,Case Number,C.A. No.-004196-004197 / 2012,03-05-2012 (English)
S.No. 568,Case Number,C.A. No.-001544-001544 / 2012,03-02-2012 (English)
S.No. 569,Case Number,C.A. No.-005821-005821 / 2012,09-08-2012 (English)
S.No. 570,Case Number,C.A. No.-002107-002107 / 2012,15-02-2012 (English)
S.No. 571,Case Number,Crl.A. No.-001591-001591 / 2007,31-07-2012 (English)
S.No. 572,Case Number,Crl.A. No.-001357-001357 / 2008,10-05-2012 (English)
S.No. 573,Case Number,C.A. No.-000274-000274 / 2012,11-01-2012 (English)
S.No. 574,Case Number,C.A. No.-003550-003550 / 2012,13-04-2012 (English)
S.No. 575,Case Number,C.A. No.-006912-006923 / 2012,16-10-2012 (English)
S.No. 576,Case Number,SLP(C) No.-029967-029967 / 2011,11-09-2012 (English)
S.No. 577,Case Number,Crl.A. No.-001315-001315 / 2009,08-05-2012 (English)
S.No. 578,Case Number,SLP(C) No.-012125-012125 / 2010,02-07-2012 (English)
S.No. 579,Case Number,Crl.A. No.-002030-002030 / 2008,18-10-2012 (English)
S.No. 580,Case Number,C.A. No.-001193-001193 / 2012,31-01-2012 (English)
S.No. 581,Case Number,C.A. No.-007591-007591 / 2012,18-10-2012 (English)
S.No. 582,Case Number,C.A. No.-004318-004318 / 2012,08-05-2012 (English)
S.No. 583,Case Number,Crl.A. No.-001856-001856 / 2009,13-09-2012 (English)
S.No. 584,Case Number,Crl.A. No.-001739-001739 / 2007,15-05-2012 (English)
S.No. 585,Case Number,C.A. No.-001015-001015 / 2012,25-01-2012 (English)
S.No. 586,Case Number,Crl.A. No.-001376-001376 / 2012,07-09-2012 (English)
S.No. 587,Case Number,C.A. No.-003295-003295 / 2012,"30-03-2012 (English)
30-03-2012 (English)"
S.No. 588,Case Number,Crl.A. No.-000407-000407 / 2008,12-09-2012 (English)
S.No. 589,Case Number,C.A. No.-010512-010512 / 2011,05-12-2011 (English)
S.No. 590,Case Number,C.A. No.-004444-004444 / 2010,04-10-2012 (English)
S.No. 591,Case Number,C.A. No.-009690-009690 / 2011,11-11-2011 (English)
S.No. 592,Case Number,C.A. No.-005734-005734 / 2012,06-08-2012 (English)
S.No. 593,Case Number,C.A. No.-010740-010740 / 2011,09-12-2011 (English)
S.No. 594,Case Number,C.A. No.-002473-002473 / 2012,24-02-2012 (English)
S.No. 595,Case Number,C.A. No.-006383-006383 / 2012,10-09-2012 (English)
S.No. 596,Case Number,Crl.A. No.-002012-002012 / 2011,04-11-2011 (English)
S.No. 597,Case Number,C.A. No.-007208-007208 / 2012,16-10-2012 (English)
S.No. 598,Case Number,C.A. No.-000814-000814 / 2012,17-01-2012 (English)
S.No. 599,Case Number,Crl.A. No.-002488-002488 / 2009,13-09-2012 (English)
S.No. 600,Case Number,C.A. No.-009857-009861 / 2011,17-11-2011 (English)
S.No. 601,Case Number,C.A. No.-004055-004055 / 2007,28-02-2012 (English)
S.No. 602,Case Number,C.A. No.-007232-007233 / 2012,"05-10-2012 (English)
16-12-2011 (English)"
S.No. 603,Case Number,C.A. No.-003300-003301 / 2012,28-03-2012 (English)
S.No. 604,Case Number,Crl.A. No.-000166-000167 / 2010,28-02-2012 (English)
S.No. 605,Case Number,Crl.A. No.-000501-000501 / 2012,12-03-2012 (English)
S.No. 606,Case Number,Crl.A. No.-000067-000067 / 2012,05-01-2012 (English)
S.No. 607,Case Number,Crl.A. No.-000159-000159 / 2012,16-01-2012 (English)
S.No. 608,Case Number,Crl.A. No.-002021-002021 / 2011,04-11-2011 (English)
S.No. 609,Case Number,Crl.A. No.-000592-000592 / 2012,30-03-2012 (English)
S.No. 610,Case Number,C.A. No.-001539-001539 / 2012,02-02-2012 (English)
S.No. 611,Case Number,C.A. No.-001175-001177 / 2012,"24-02-2012 (English)
30-01-2012 (English)"
S.No. 612,Case Number,Crl.A. No.-000174-000174 / 2012,19-01-2012 (English)
S.No. 613,Case Number,C.A. No.-009014-009014 / 2011,01-11-2011 (English)
S.No. 614,Case Number,Crl.A. No.-001325-001325 / 2012,29-08-2012 (English)
S.No. 615,Case Number,C.A. No.-000684-000684 / 2012,19-01-2012 (English)
S.No. 616,Case Number,C.A. No.-011215-011215 / 2011,16-12-2011 (English)
S.No. 617,Case Number,C.A. No.-010112-010112 / 2011,25-11-2011 (English)
S.No. 618,Case Number,C.A. No.-004841-004841 / 2012,03-07-2012 (English)
S.No. 619,Case Number,SLP(C) No.-028609-028609 / 2011,30-04-2012 (English)
S.No. 620,Case Number,Crl.A. No.-001158-001158 / 2012,20-07-2012 (English)
S.No. 621,Case Number,Crl.A. No.-000645-000645 / 2012,23-04-2012 (English)
S.No. 622,Case Number,W.P.(C) No.-000532-000532 / 2008,18-04-2012 (English)
S.No. 623,Case Number,Crl.A. No.-002136-002136 / 2011,17-11-2011 (English)
S.No. 624,Case Number,Crl.A. No.-000500-000500 / 2011,17-08-2012 (English)
S.No. 625,Case Number,Crl.A. No.-002025-002028 / 2011,"14-11-2011 (English)
14-11-2011 (हिन्दी)"
S.No. 626,Case Number,Crl.A. No.-000246-000246 / 2008,27-09-2012 (English)
S.No. 627,Case Number,C.A. No.-006741-006742 / 2012,20-09-2012 (English)
S.No. 628,Case Number,C.A. No.-004911-004911 / 2012,04-07-2012 (English)
S.No. 629,Case Number,Crl.A. No.-000870-000870 / 2012,25-05-2012 (English)
S.No. 630,Case Number,Crl.A. No.-000026-000026 / 2012,04-01-2012 (English)
S.No. 631,Case Number,Crl.A. No.-000223-000223 / 2008,17-02-2012 (English)
S.No. 632,Case Number,T.P.(C) No.-001301-001301 / 2011,02-07-2012 (English)
S.No. 633,Case Number,Crl.A. No.-000301-000301 / 2008,15-03-2012 (English)
S.No. 634,Case Number,C.A. No.-007204-007204 / 2012,01-10-2012 (English)
S.No. 635,Case Number,C.A. No.-005217-005217 / 2012,16-07-2012 (English)
S.No. 636,Case Number,Crl.A. No.-001887-001887 / 2008,18-05-2012 (English)
S.No. 637,Case Number,C.A. No.-003393-003393 / 2012,04-04-2012 (English)
S.No. 638,Case Number,C.A. No.-000246-000246 / 2012,09-01-2012 (English)
S.No. 639,Case Number,C.A. No.-009921-009922 / 2011,18-11-2011 (English)
S.No. 640,Case Number,C.A. No.-001914-001914 / 2012,08-02-2012 (English)
S.No. 641,Case Number,Crl.A. No.-001840-001840 / 2008,18-01-2012 (English)
S.No. 642,Case Number,C.A. No.-004189-004189 / 2012,03-05-2012 (English)
S.No. 643,Case Number,C.A. No.-004128-004128 / 2012,01-05-2012 (English)
S.No. 644,Case Number,Crl.A. No.-000405-000405 / 2008,22-03-2012 (English)
S.No. 645,Case Number,Crl.A. No.-001040-001040 / 2012,20-07-2012 (English)
S.No. 646,Case Number,C.A. No.-001211-001211 / 2012,01-02-2012 (English)
S.No. 647,Case Number,C.A. No.-005670-005670 / 2012,31-07-2012 (English)
S.No. 648,Case Number,C.A. No.-005899-005899 / 2012,17-08-2012 (English)
S.No. 649,Case Number,Crl.A. No.-002164-002165 / 2011,22-11-2011 (English)
S.No. 650,Case Number,C.A. No.-008658-008660 / 2012,18-09-2012 (English)
S.No. 651,Case Number,C.A. No.-006888-006888 / 2012,21-09-2012 (English)
S.No. 652,Case Number,Crl.A. No.-001662-001662 / 2012,16-10-2012 (English)
S.No. 653,Case Number,SLP(C) No.-031543-031543 / 2011,30-07-2012 (English)
S.No. 654,Case Number,SLP(C) No.-031288-031290 / 2011,11-05-2012 (English)
S.No. 655,Case Number,Crl.A. No.-001503-001503 / 2012,27-09-2012 (English)
S.No. 656,Case Number,Crl.A. No.-001838-001838 / 2009,16-08-2012 (English)
S.No. 657,Case Number,C.A. No.-003417-003417 / 2012,09-04-2012 (English)
S.No. 658,Case Number,C.A. No.-003356-003357 / 2012,03-04-2012 (English)
S.No. 659,Case Number,C.A. No.-004012-004013 / 2012,27-04-2012 (English)
S.No. 660,Case Number,C.A. No.-010787-010788 / 2011,12-12-2011 (English)
S.No. 661,Case Number,Crl.A. No.-001407-001407 / 2012,13-09-2012 (English)
S.No. 662,Case Number,C.A. No.-011200-011200 / 2011,16-12-2011 (English)
S.No. 663,Case Number,C.A. No.-005889-005889 / 2012,16-08-2012 (English)
S.No. 664,Case Number,C.A. No.-007188-007191 / 2012,03-10-2012 (English)
S.No. 665,Case Number,C.A. No.-005703-005703 / 2012,03-08-2012 (English)
S.No. 666,Case Number,Crl.A. No.-000612-000612 / 2012,04-04-2012 (English)
S.No. 667,Case Number,C.A. No.-009813-009813 / 2011,"11-09-2012 (English)
31-08-2012 (English)"
S.No. 668,Case Number,C.A. No.-003430-003430 / 2012,09-04-2012 (English)
S.No. 669,Case Number,C.A. No.-001094-001094 / 2012,27-01-2012 (English)
S.No. 670,Case Number,W.P.(C) No.-000562-000562 / 2009,"03-09-2012 (English)
11-05-2012 (English)"
S.No. 671,Case Number,Crl.A. No.-000801-000801 / 2012,10-05-2012 (English)
S.No. 672,Case Number,C.A. No.-004322-004322 / 2012,08-05-2012 (English)
S.No. 673,Case Number,C.A. No.-003153-003153 / 2012,27-03-2012 (English)
S.No. 674,Case Number,Crl.A. No.-000348-000348 / 2012,10-02-2012 (English)
S.No. 675,Case Number,C.A. No.-001374-001374 / 2008,17-07-2012 (English)
S.No. 676,Case Number,C.A. No.-006639-006639 / 2012,18-09-2012 (English)
S.No. 677,Case Number,Crl.A. No.-000304-000304 / 2012,01-02-2012 (English)
S.No. 678,Case Number,C.A. No.-009691-009691 / 2011,08-11-2011 (English)
S.No. 679,Case Number,Crl.A. No.-001436-001436 / 2010,07-02-2012 (English)
S.No. 680,Case Number,Crl.A. No.-000053-000053 / 2009,12-10-2012 (English)
S.No. 681,Case Number,C.A. No.-003107-003108 / 2012,26-03-2012 (English)
S.No. 682,Case Number,Crl.A. No.-000518-000518 / 2012,12-03-2012 (English)
S.No. 683,Case Number,C.A. No.-007934-007934 / 2012,29-02-2012 (English)
S.No. 684,Case Number,C.A. No.-003710-003710 / 2012,23-04-2012 (English)
S.No. 685,Case Number,C.A. No.-006911-006911 / 2012,19-09-2012 (English)
S.No. 686,Case Number,C.A. No.-008879-008880 / 2011,21-10-2011 (English)
S.No. 687,Case Number,C.A. No.-002020-002020 / 2012,10-02-2012 (English)
S.No. 688,Case Number,C.A. No.-006347-006347 / 2012,06-09-2012 (English)
S.No. 689,Case Number,SLP(C) No.-033448-033448 / 2011,21-02-2012 (English)
S.No. 690,Case Number,Crl.A. No.-000135-000135 / 2010,26-07-2012 (English)
S.No. 691,Case Number,C.A. No.-005584-005584 / 2012,22-08-2012 (English)
S.No. 692,Case Number,C.A. No.-004313-004314 / 2012,08-05-2012 (English)
S.No. 693,Case Number,Crl.A. No.-000097-000097 / 2012,29-05-2012 (English)
S.No. 694,Case Number,Crl.A. No.-000521-000521 / 2012,12-03-2012 (English)
S.No. 695,Case Number,Crl.A. No.-002033-002033 / 2011,08-11-2011 (English)
S.No. 696,Case Number,Crl.A. No.-001168-001168 / 2012,03-08-2012 (English)
S.No. 697,Case Number,Crl.A. No.-000564-000564 / 2012,23-03-2012 (English)
S.No. 698,Case Number,C.A. No.-010465-010465 / 2011,05-12-2011 (English)
S.No. 699,Case Number,Crl.A. No.-002094-002094 / 2011,14-11-2011 (English)
S.No. 700,Case Number,C.A. No.-007589-007589 / 2012,18-10-2012 (English)
S.No. 701,Case Number,W.P.(C) No.-000533-000533 / 2011,09-01-2012 (English)
S.No. 702,Case Number,Crl.A. No.-000145-000146 / 2011,29-02-2012 (English)
S.No. 703,Case Number,Crl.A. No.-000310-000310 / 2012,03-02-2012 (English)
S.No. 704,Case Number,C.A. No.-005822-005822 / 2012,08-08-2012 (English)
S.No. 705,Case Number,Crl.A. No.-001584-001584 / 2012,01-10-2012 (English)
S.No. 706,Case Number,C.A. No.-003617-003617 / 2012,18-04-2012 (English)
S.No. 707,Case Number,C.A. No.-006267-006267 / 2012,04-09-2012 (English)
S.No. 708,Case Number,C.A. No.-010262-010262 / 2010,27-04-2012 (English)
S.No. 709,Case Number,C.A. No.-006247-006247 / 2012,03-09-2012 (English)
S.No. 710,Case Number,Crl.A. No.-001674-001674 / 2012,17-10-2012 (English)
S.No. 711,Case Number,C.A. No.-010728-010728 / 2011,01-02-2012 (English)
S.No. 712,Case Number,C.A. No.-004553-004553 / 2012,11-05-2012 (English)
S.No. 713,Case Number,Crl.A. No.-002170-002171 / 2011,22-11-2011 (English)
S.No. 714,Case Number,Crl.A. No.-000525-000526 / 2012,14-03-2012 (English)
S.No. 715,Case Number,Crl.A. No.-001324-001324 / 2012,29-08-2012 (English)
S.No. 716,Case Number,C.A. No.-008859-008859 / 2011,20-10-2011 (English)
S.No. 717,Case Number,Crl.A. No.-002184-002184 / 2011,05-12-2011 (English)
S.No. 718,Case Number,Crl.A. No.-000711-000711 / 2012,27-04-2012 (English)
S.No. 719,Case Number,C.A. No.-009058-009058 / 2011,03-11-2011 (English)
S.No. 720,Case Number,Crl.A. No.-002203-002203 / 2011,25-11-2011 (English)
S.No. 721,Case Number,C.A. No.-000974-000974 / 2012,24-01-2012 (English)
S.No. 722,Case Number,C.A. No.-010878-010878 / 2011,13-12-2011 (English)
S.No. 723,Case Number,Crl.A. No.-001508-001508 / 2012,26-09-2012 (English)
S.No. 724,Case Number,Crl.A. No.-000417-000417 / 2012,21-02-2012 (English)
S.No. 725,Case Number,C.A. No.-010763-010763 / 2011,09-12-2011 (English)
S.No. 726,Case Number,C.A. No.-004832-004832 / 2012,02-07-2012 (English)
S.No. 727,Case Number,W.P.(C) No.-000423-000423 / 2010,02-02-2012 (English)
S.No. 728,Case Number,C.A. No.-005343-005343 / 2012,20-07-2012 (English)
S.No. 729,Case Number,Crl.A. No.-001340-001340 / 2008,03-11-2011 (English)
S.No. 730,Case Number,Crl.A. No.-001606-001606 / 2008,21-09-2012 (English)
S.No. 731,Case Number,Crl.A. No.-000482-000483 / 2002,26-09-2012 (English)
S.No. 732,Case Number,C.A. No.-005049-005049 / 2003,09-02-2012 (English)
S.No. 733,Case Number,W.P.(C) No.-003922-003922 / 1985,15-10-2012 (English)
S.No. 734,Case Number,C.A. No.-006924-006924 / 2012,25-09-2012 (English)
