﻿Column-0,Column-1,Column-2,Column-3
S.No. 1,Case Number,,"14-10-1999 (English)
14-10-1999 (English)
08-10-1999 (English)
30-09-1999 (English)
29-09-1999 (English)
27-09-1999 (English)
22-09-1999 (English)
21-09-1999 (English)
14-09-1999 (English)
14-09-1999 (English)
13-09-1999 (English)"
S.No. 2,Case Number,/,24-05-1999 (English)
S.No. 3,Case Number,/,31-03-1999 (English)
S.No. 4,Case Number,/,04-02-1999 (English)
S.No. 5,Case Number,/,16-02-1999 (English)
S.No. 6,Case Number,/,27-11-1998 (English)
S.No. 7,Case Number,/,18-02-1999 (English)
S.No. 8,Case Number,/,05-04-1999 (English)
S.No. 9,Case Number,/,06-10-1999 (English)
S.No. 10,Case Number,/,18-03-1999 (English)
S.No. 11,Case Number,/,26-04-1999 (English)
S.No. 12,Case Number,/,16-04-1999 (English)
S.No. 13,Case Number,/,16-07-1999 (English)
S.No. 14,Case Number,/,11-05-1999 (English)
S.No. 15,Case Number,Crl.A. No.-001059-001059 / 1999,08-10-1999 (English)
S.No. 16,Case Number,Crl.A. No.-000040-000040 / 1998,31-03-1999 (English)
S.No. 17,Case Number,Crl.A. No.-000276-000277 / 1997,12-01-1999 (English)
S.No. 18,Case Number,Crl.A. No.-000950-000950 / 1999,17-09-1999 (English)
S.No. 19,Case Number,C.A. No.-001906-001906 / 1999,30-03-1999 (English)
S.No. 20,Case Number,Crl.A. No.-000071-000072 / 1999,"24-03-1999 (English)
24-03-1999 (English)"
S.No. 21,Case Number,Crl.A. No.-000507-000507 / 1999,07-05-1999 (English)
S.No. 22,Case Number,C.A. No.-001272-001273 / 1999,24-08-1999 (English)
S.No. 23,Case Number,C.A. No.-001040-001040 / 1995,16-09-1999 (English)
S.No. 24,Case Number,Crl.A. No.-000288-000289 / 1999,10-03-1999 (English)
S.No. 25,Case Number,C.A. No.-004504-004504 / 1999,16-08-1999 (English)
S.No. 26,Case Number,Crl.A. No.-001056-001057 / 1999,07-10-1999 (English)
S.No. 27,Case Number,Crl.A. No.-000982-000983 / 1999,21-09-1999 (English)
S.No. 28,Case Number,Crl.A. No.-000073-000073 / 1997,06-11-1998 (English)
S.No. 29,Case Number,C.A. No.-004323-004323 / 1999,09-08-1999 (English)
S.No. 30,Case Number,C.A. No.-001905-001905 / 1997,23-09-1999 (English)
S.No. 31,Case Number,Crl.A. No.-000147-000147 / 1998,01-12-1998 (English)
S.No. 32,Case Number,C.A. No.-004379-004379 / 1996,18-11-1998 (English)
S.No. 33,Case Number,C.A. No.-002418-002418 / 1996,12-08-1999 (English)
S.No. 34,Case Number,W.P.(C) No.-000053-000053 / 1998,27-07-1999 (English)
S.No. 35,Case Number,Crl.A. No.-000435-000435 / 1999,13-04-1999 (English)
S.No. 36,Case Number,Crl.A. No.-000354-000354 / 1999,31-03-1999 (English)
S.No. 37,Case Number,C.A. No.-010756-010756 / 1996,07-09-1999 (English)
S.No. 38,Case Number,C.A. No.-002462-002462 / 1998,20-08-1999 (English)
S.No. 39,Case Number,C.A. No.-005995-005995 / 1998,01-12-1998 (English)
S.No. 40,Case Number,C.A. No.-001802-001802 / 1998,29-10-1998 (English)
S.No. 41,Case Number,Crl.A. No.-000866-000866 / 1999,30-08-1999 (English)
S.No. 42,Case Number,C.A. No.-001721-001725 / 1999,26-03-1999 (English)
S.No. 43,Case Number,9999 No.-000061-000061 / 1999,24-03-1999 (English)
S.No. 44,Case Number,Crl.A. No.-000554-000554 / 1999,12-05-1999 (English)
S.No. 45,Case Number,C.A. No.-004166-004166 / 1999,30-07-1999 (English)
S.No. 46,Case Number,Crl.A. No.-000632-000632 / 1999,14-07-1999 (English)
S.No. 47,Case Number,SLP(C) No.-002590-002590 / 1997,12-04-1999 (English)
S.No. 48,Case Number,Crl.A. No.-001175-001175 / 1998,13-09-1999 (English)
S.No. 49,Case Number,W.P.(C) No.-000306-000306 / 1998,22-02-1999 (English)
S.No. 50,Case Number,C.A. No.-000762-000762 / 1997,01-10-1999 (English)
S.No. 51,Case Number,Crl.A. No.-000488-000488 / 1999,03-05-1999 (English)
S.No. 52,Case Number,C.A. No.-003850-003850 / 1996,02-02-1999 (English)
S.No. 53,Case Number,C.A. No.-000364-000364 / 1999,27-01-1999 (English)
S.No. 54,Case Number,Crl.A. No.-000320-000320 / 1998,04-08-1999 (English)
S.No. 55,Case Number,C.A. No.-002425-002425 / 1999,12-03-1999 (English)
S.No. 56,Case Number,C.A. No.-001808-001808 / 1997,22-03-1999 (English)
S.No. 57,Case Number,Crl.A. No.-000368-000368 / 1999,31-03-1999 (English)
S.No. 58,Case Number,C.A. No.-002369-002369 / 1999,20-04-1999 (English)
S.No. 59,Case Number,Crl.A. No.-000345-000345 / 1997,13-10-1999 (English)
S.No. 60,Case Number,C.A. No.-005732-005733 / 1999,05-10-1999 (English)
S.No. 61,Case Number,C.A. No.-007643-007643 / 1995,11-11-1998 (English)
S.No. 62,Case Number,C.A. No.-005810-005810 / 1998,19-11-1998 (English)
S.No. 63,Case Number,Crl.A. No.-000721-000721 / 1998,02-02-1999 (English)
S.No. 64,Case Number,SLP(C) No.-003695-003695 / 1999,13-07-1999 (English)
S.No. 65,Case Number,Crl.A. No.-000637-000637 / 1998,27-01-1999 (English)
S.No. 66,Case Number,C.A. No.-004667-004667 / 1999,23-08-1999 (English)
S.No. 67,Case Number,C.A. No.-000198-000198 / 1995,06-05-1999 (English)
S.No. 68,Case Number,Crl.A. No.-000638-000638 / 1999,15-07-1999 (English)
S.No. 69,Case Number,C.A. No.-005074-005074 / 1999,15-09-1999 (English)
S.No. 70,Case Number,9999 No.-000287-000287 / 1998,"17-11-1998 (English)
17-11-1998 (English)"
S.No. 71,Case Number,C.A. No.-007314-007314 / 1997,13-07-1999 (English)
S.No. 72,Case Number,Crl.A. No.-000584-000584 / 1998,05-05-1999 (English)
S.No. 73,Case Number,C.A. No.-002198-002199 / 1999,09-04-1999 (English)
S.No. 74,Case Number,C.A. No.-005714-005714 / 1998,13-11-1998 (English)
S.No. 75,Case Number,C.A. No.-007593-007593 / 1995,24-08-1999 (English)
S.No. 76,Case Number,C.A. No.-001731-001731 / 1997,21-01-1999 (English)
S.No. 77,Case Number,Crl.A. No.-001031-001031 / 1999,05-10-1999 (English)
S.No. 78,Case Number,Crl.A. No.-000551-000551 / 1998,28-01-1999 (English)
S.No. 79,Case Number,C.A. No.-002008-002008 / 1998,06-05-1999 (English)
S.No. 80,Case Number,W.P.(Crl.) No.-000036-000036 / 1999,28-04-1999 (English)
S.No. 81,Case Number,C.A. No.-002101-002101 / 1999,31-03-1999 (English)
S.No. 82,Case Number,C.A. No.-000420-000420 / 1999,29-01-1999 (English)
S.No. 83,Case Number,C.A. No.-009725-009726 / 1995,24-03-1999 (English)
S.No. 84,Case Number,C.A. No.-002966-002966 / 1997,11-08-1999 (English)
S.No. 85,Case Number,Crl.A. No.-000688-000688 / 1999,23-07-1999 (English)
S.No. 86,Case Number,C.A. No.-006344-006344 / 1998,15-12-1998 (English)
S.No. 87,Case Number,R.P.(C) No.-000839-000839 / 1998,20-11-1998 (English)
S.No. 88,Case Number,C.A. No.-002329-002329 / 1999,16-04-1999 (English)
S.No. 89,Case Number,C.A. No.-003174-003174 / 1998,14-05-1999 (English)
S.No. 90,Case Number,Crl.A. No.-000698-000698 / 1998,15-04-1999 (English)
S.No. 91,Case Number,C.A. No.-002142-002142 / 1999,05-04-1999 (English)
S.No. 92,Case Number,C.A. No.-004062-004063 / 1998,29-07-1999 (English)
S.No. 93,Case Number,C.A. No.-005388-005389 / 1998,31-08-1999 (English)
S.No. 94,Case Number,Crl.A. No.-000622-000622 / 1998,10-12-1998 (English)
S.No. 95,Case Number,C.A. No.-005988-005989 / 1998,27-11-1998 (English)
S.No. 96,Case Number,C.A. No.-000502-000503 / 1999,03-02-1999 (English)
S.No. 97,Case Number,C.A. No.-004656-004656 / 1999,20-08-1999 (English)
S.No. 98,Case Number,C.A. No.-004006-004006 / 1995,13-05-1999 (English)
S.No. 99,Case Number,C.A. No.-001562-001562 / 1999,19-03-1999 (English)
S.No. 100,Case Number,C.A. No.-000943-000943 / 1999,19-02-1999 (English)
S.No. 101,Case Number,Crl.A. No.-000621-000621 / 1999,12-07-1999 (English)
S.No. 102,Case Number,C.A. No.-001504-001504 / 1999,16-03-1999 (English)
S.No. 103,Case Number,C.A. No.-005817-005817 / 1998,"20-11-1998 (English)
20-11-1998 (English)"
S.No. 104,Case Number,C.A. No.-001743-001743 / 1999,26-03-1999 (English)
S.No. 105,Case Number,C.A. No.-007054-007054 / 1995,27-07-1999 (English)
S.No. 106,Case Number,C.A. No.-006069-006073 / 1998,04-12-1998 (English)
S.No. 107,Case Number,Crl.A. No.-000552-000552 / 1995,06-04-1999 (English)
S.No. 108,Case Number,C.A. No.-005374-005374 / 1994,"01-09-1999 (English)
01-09-1999 (English)"
S.No. 109,Case Number,C.A. No.-002709-002709 / 1999,29-04-1999 (English)
S.No. 110,Case Number,C.A. No.-006254-006254 / 1995,20-04-1999 (English)
S.No. 111,Case Number,C.A. No.-003167-003167 / 1999,14-05-1999 (English)
S.No. 112,Case Number,C.A. No.-001525-001525 / 1999,16-03-1999 (English)
S.No. 113,Case Number,C.A. No.-005856-005856 / 1999,08-10-1999 (English)
S.No. 114,Case Number,C.A. No.-003826-003826 / 1999,19-07-1999 (English)
S.No. 115,Case Number,SLP(C) No.-015042-015042 / 1998,28-10-1998 (English)
S.No. 116,Case Number,C.A. No.-006081-006081 / 1998,04-12-1998 (English)
S.No. 117,Case Number,Crl.A. No.-001043-001043 / 1998,17-11-1998 (English)
S.No. 118,Case Number,C.A. No.-007253-007253 / 1997,10-09-1999 (English)
S.No. 119,Case Number,C.A. No.-005777-005777 / 1998,18-11-1998 (English)
S.No. 120,Case Number,Crl.A. No.-000758-000770 / 1999,09-08-1999 (English)
S.No. 121,Case Number,C.A. No.-003053-003054 / 1997,12-07-1999 (English)
S.No. 122,Case Number,C.A. No.-005069-005070 / 1999,"15-09-1999 (English)
15-09-1999 (English)"
S.No. 123,Case Number,Crl.A. No.-000735-000735 / 1999,04-08-1999 (English)
S.No. 124,Case Number,Crl.A. No.-000216-000216 / 1999,19-02-1999 (English)
S.No. 125,Case Number,SLP(C) No.-008368-008368 / 1998,"02-12-1998 (English)
02-12-1998 (English)"
S.No. 126,Case Number,Crl.A. No.-000618-000618 / 1999,28-06-1999 (English)
S.No. 127,Case Number,Crl.A. No.-000779-000779 / 1999,13-08-1999 (English)
S.No. 128,Case Number,Crl.A. No.-000552-000552 / 1998,03-11-1998 (English)
S.No. 129,Case Number,C.A. No.-004576-004576 / 1997,18-02-1999 (English)
S.No. 130,Case Number,C.A. No.-005914-005914 / 1998,24-11-1998 (English)
S.No. 131,Case Number,C.A. No.-002271-002271 / 1998,12-03-1999 (English)
S.No. 132,Case Number,Crl.A. No.-000232-000232 / 1998,04-08-1999 (English)
S.No. 133,Case Number,C.A. No.-003283-003283 / 1998,21-09-1999 (English)
S.No. 134,Case Number,C.A. No.-005582-005582 / 1998,09-11-1998 (English)
S.No. 135,Case Number,C.A. No.-002325-002325 / 1999,16-04-1999 (English)
S.No. 136,Case Number,Crl.A. No.-000922-000922 / 1999,09-09-1999 (English)
S.No. 137,Case Number,CONMT.PET.(C) No.-000301-000303 / 1998,02-02-1999 (English)
S.No. 138,Case Number,C.A. No.-002866-002866 / 1998,"16-09-1999 (English)
16-09-1999 (English)"
S.No. 139,Case Number,Crl.A. No.-001226-001226 / 1997,17-12-1998 (English)
S.No. 140,Case Number,C.A. No.-000921-000921 / 1995,08-12-1998 (English)
S.No. 141,Case Number,C.A. No.-006113-006113 / 1995,"28-09-1999 (English)
28-09-1999 (English)"
S.No. 142,Case Number,Crl.A. No.-000594-000594 / 1997,01-12-1998 (English)
S.No. 143,Case Number,C.A. No.-006067-006068 / 1998,04-12-1998 (English)
S.No. 144,Case Number,SLP(C) No.-006759-006759 / 1999,11-05-1999 (English)
S.No. 145,Case Number,Crl.A. No.-000700-000700 / 1998,14-05-1999 (English)
S.No. 146,Case Number,C.A. No.-003042-003043 / 1999,13-05-1999 (English)
S.No. 147,Case Number,C.A. No.-001657-001657 / 1999,16-03-1999 (English)
S.No. 148,Case Number,C.A. No.-005664-005664 / 1998,"11-11-1998 (English)
11-11-1998 (English)"
S.No. 149,Case Number,C.A. No.-005319-005320 / 1999,"16-09-1999 (English)
16-09-1999 (English)"
S.No. 150,Case Number,C.A. No.-007769-007769 / 1997,11-01-1999 (English)
S.No. 151,Case Number,C.A. No.-002620-002620 / 1998,18-08-1999 (English)
S.No. 152,Case Number,C.A. No.-005066-005066 / 1996,24-03-1999 (English)
S.No. 153,Case Number,C.A. No.-003177-003177 / 1999,13-05-1999 (English)
S.No. 154,Case Number,C.A. No.-000105-000105 / 1999,12-01-1999 (English)
S.No. 155,Case Number,Crl.A. No.-000604-000604 / 1997,17-09-1999 (English)
S.No. 156,Case Number,Crl.A. No.-000368-000368 / 1996,22-09-1999 (English)
S.No. 157,Case Number,C.A. No.-000213-000213 / 1996,04-05-1999 (English)
S.No. 158,Case Number,SLP(Crl) No.-001958-001958 / 1999,12-01-1999 (English)
S.No. 159,Case Number,C.A. No.-002157-002157 / 1999,08-04-1999 (English)
S.No. 160,Case Number,Crl.A. No.-000687-000687 / 1998,12-11-1998 (English)
S.No. 161,Case Number,C.A. No.-003210-003210 / 1996,"15-04-1999 (English)
05-04-1999 (English)"
S.No. 162,Case Number,C.A. No.-002747-002747 / 1999,07-05-1999 (English)
S.No. 163,Case Number,C.A. No.-011335-011359 / 1995,30-03-1999 (English)
S.No. 164,Case Number,C.A. No.-004012-004012 / 1999,27-07-1999 (English)
S.No. 165,Case Number,Crl.A. No.-001183-001183 / 1998,03-11-1998 (English)
S.No. 166,Case Number,C.A. No.-001390-001390 / 1999,11-03-1999 (English)
S.No. 167,Case Number,C.A. No.-005989-005989 / 1999,"13-10-1999 (English)
13-10-1999 (English)"
S.No. 168,Case Number,Crl.A. No.-000743-000743 / 1997,20-11-1998 (English)
S.No. 169,Case Number,C.A. No.-002685-002686 / 1999,04-05-1999 (English)
S.No. 170,Case Number,Crl.A. No.-000859-000859 / 1999,27-08-1999 (English)
S.No. 171,Case Number,Crl.A. No.-000627-000627 / 1998,10-02-1999 (English)
S.No. 172,Case Number,C.A. No.-004913-004913 / 1997,19-08-1999 (English)
S.No. 173,Case Number,C.A. No.-006080-006080 / 1998,04-12-1998 (English)
S.No. 174,Case Number,Crl.A. No.-000796-000796 / 1998,12-11-1998 (English)
S.No. 175,Case Number,C.A. No.-000368-000371 / 1999,27-01-1999 (English)
S.No. 176,Case Number,Crl.A. No.-000235-000235 / 1999,23-02-1999 (English)
S.No. 177,Case Number,W.P.(C) No.-000326-000326 / 1997,17-12-1998 (English)
S.No. 178,Case Number,C.A. No.-007541-007541 / 1997,31-05-1999 (English)
S.No. 179,Case Number,Crl.A. No.-000913-000913 / 1995,16-04-1999 (English)
S.No. 180,Case Number,C.A. No.-008010-008010 / 1995,16-09-1999 (English)
S.No. 181,Case Number,C.A. No.-005561-005561 / 1999,"23-09-1999 (English)
23-09-1999 (English)"
S.No. 182,Case Number,C.A. No.-004471-004471 / 1995,13-04-1999 (English)
S.No. 183,Case Number,C.A. No.-006060-006060 / 1998,02-12-1998 (English)
S.No. 184,Case Number,W.P.(C) No.-000290-000290 / 1997,"10-08-1999 (English)
10-08-1999 (English)
10-08-1999 (English)"
S.No. 185,Case Number,Crl.A. No.-000919-000919 / 1997,26-11-1998 (English)
S.No. 186,Case Number,C.A. No.-001904-001904 / 1999,30-03-1999 (English)
S.No. 187,Case Number,Crl.A. No.-000842-000842 / 1999,24-08-1999 (English)
S.No. 188,Case Number,C.A. No.-002158-002158 / 1999,08-04-1999 (English)
S.No. 189,Case Number,C.A. No.-002521-002521 / 1999,29-04-1999 (English)
S.No. 190,Case Number,Crl.A. No.-000817-000817 / 1998,16-09-1999 (English)
S.No. 191,Case Number,Crl.A. No.-000667-000667 / 1997,18-11-1998 (English)
S.No. 192,Case Number,C.A. No.-002230-002230 / 1999,12-04-1999 (English)
S.No. 193,Case Number,C.A. No.-005925-005925 / 1999,13-10-1999 (English)
S.No. 194,Case Number,C.A. No.-005213-005213 / 1998,27-10-1998 (English)
S.No. 195,Case Number,C.A. No.-006618-006618 / 1995,12-08-1999 (English)
S.No. 196,Case Number,Crl.A. No.-001082-001083 / 1999,14-10-1999 (English)
S.No. 197,Case Number,C.A. No.-003236-003236 / 1995,07-01-1999 (English)
S.No. 198,Case Number,C.A. No.-000237-000237 / 1999,31-08-1999 (English)
S.No. 199,Case Number,C.A. No.-008484-008484 / 1997,23-03-1999 (English)
S.No. 200,Case Number,Crl.A. No.-000687-000687 / 1999,22-07-1999 (English)
S.No. 201,Case Number,C.A. No.-003543-003543 / 1996,02-02-1999 (English)
S.No. 202,Case Number,C.A. No.-005725-005725 / 1999,05-10-1999 (English)
S.No. 203,Case Number,C.A. No.-005354-005354 / 1997,11-03-1999 (English)
S.No. 204,Case Number,W.P.(C) No.-000489-000489 / 1995,17-02-1999 (English)
S.No. 205,Case Number,C.A. No.-006974-006974 / 1994,24-02-1999 (English)
S.No. 206,Case Number,C.A. No.-005043-005043 / 1999,14-09-1999 (English)
S.No. 207,Case Number,Crl.A. No.-000009-000009 / 1998,"02-09-1999 (English)
02-09-1999 (English)"
S.No. 208,Case Number,C.A. No.-000141-000143 / 1999,13-01-1999 (English)
S.No. 209,Case Number,C.A. No.-007633-007633 / 1995,15-04-1999 (English)
S.No. 210,Case Number,Crl.A. No.-000759-000759 / 1998,19-08-1999 (English)
S.No. 211,Case Number,C.A. No.-004120-004120 / 1999,28-07-1999 (English)
S.No. 212,Case Number,C.A. No.-004403-004404 / 1996,13-04-1999 (English)
S.No. 213,Case Number,C.A. No.-003806-003806 / 1999,16-07-1999 (English)
S.No. 214,Case Number,Crl.A. No.-001289-001289 / 1998,"14-12-1998 (English)
14-12-1998 (English)"
S.No. 215,Case Number,C.A. No.-006297-006297 / 1998,"10-12-1998 (English)
10-12-1998 (English)"
S.No. 216,Case Number,Crl.A. No.-001092-001092 / 1999,15-10-1999 (English)
S.No. 217,Case Number,SLP(C) No.-010792-010792 / 1999,20-08-1999 (English)
S.No. 218,Case Number,Crl.A. No.-000145-000145 / 1998,12-11-1998 (English)
S.No. 219,Case Number,C.A. No.-007816-007817 / 1995,"22-03-1999 (English)
14-12-1998 (English)"
S.No. 220,Case Number,C.A. No.-000207-000207 / 1995,23-03-1999 (English)
S.No. 221,Case Number,C.A. No.-006043-006043 / 1998,"03-12-1998 (English)
03-12-1998 (English)"
S.No. 222,Case Number,C.A. No.-005640-005640 / 1997,28-10-1998 (English)
S.No. 223,Case Number,Crl.A. No.-001110-001110 / 1997,17-08-1999 (English)
S.No. 224,Case Number,C.A. No.-004999-004999 / 1999,10-09-1999 (English)
S.No. 225,Case Number,C.A. No.-006226-006226 / 1998,08-12-1998 (English)
S.No. 226,Case Number,C.A. No.-002489-002489 / 1999,28-04-1999 (English)
S.No. 227,Case Number,C.A. No.-000329-000329 / 1998,13-08-1999 (English)
S.No. 228,Case Number,C.A. No.-004540-004540 / 1999,18-08-1999 (English)
S.No. 229,Case Number,C.A. No.-004750-004752 / 1999,27-08-1999 (English)
S.No. 230,Case Number,C.A. No.-009170-009170 / 1994,"09-12-1998 (English)
09-12-1998 (English)"
S.No. 231,Case Number,C.A. No.-005994-005994 / 1998,"01-12-1998 (English)
01-12-1998 (English)"
S.No. 232,Case Number,C.A. No.-000226-000227 / 1999,20-01-1999 (English)
S.No. 233,Case Number,C.A. No.-004968-004968 / 1999,08-09-1999 (English)
S.No. 234,Case Number,C.A. No.-004490-004490 / 1996,02-09-1999 (English)
S.No. 235,Case Number,C.A. No.-001926-001926 / 1999,17-08-1999 (English)
S.No. 236,Case Number,C.A. No.-000897-000897 / 1999,17-02-1999 (English)
S.No. 237,Case Number,C.A. No.-004672-004674 / 1998,30-03-1999 (English)
S.No. 238,Case Number,SLP(C) No.-014668-014668 / 1998,25-01-1999 (English)
S.No. 239,Case Number,C.A. No.-004048-004048 / 1999,27-07-1999 (English)
S.No. 240,Case Number,Crl.A. No.-000930-000930 / 1998,27-09-1999 (English)
S.No. 241,Case Number,Crl.A. No.-000986-000986 / 1999,22-09-1999 (English)
S.No. 242,Case Number,C.A. No.-005517-005517 / 1998,"06-11-1998 (English)
06-11-1998 (English)"
S.No. 243,Case Number,C.A. No.-004853-004853 / 1999,31-08-1999 (English)
S.No. 244,Case Number,C.A. No.-004993-004993 / 1999,09-09-1999 (English)
S.No. 245,Case Number,C.A. No.-010232-010233 / 1995,14-10-1999 (English)
S.No. 246,Case Number,C.A. No.-006061-006061 / 1998,23-08-1999 (English)
S.No. 247,Case Number,Crl.A. No.-000798-000798 / 1997,11-08-1999 (English)
S.No. 248,Case Number,C.A. No.-004892-004892 / 1998,09-12-1998 (English)
S.No. 249,Case Number,C.A. No.-000750-000750 / 1999,10-02-1999 (English)
S.No. 250,Case Number,C.A. No.-004706-004706 / 1999,25-08-1999 (English)
S.No. 251,Case Number,C.A. No.-002457-002457 / 1999,31-03-1999 (English)
S.No. 252,Case Number,C.A. No.-002690-002690 / 1999,04-05-1999 (English)
S.No. 253,Case Number,Crl.A. No.-000295-000295 / 1999,12-03-1999 (English)
S.No. 254,Case Number,C.A. No.-002465-002465 / 1999,26-04-1999 (English)
S.No. 255,Case Number,C.A. No.-005776-005777 / 1997,15-09-1999 (English)
S.No. 256,Case Number,C.A. No.-007719-007719 / 1994,12-08-1999 (English)
S.No. 257,Case Number,C.A. No.-005950-005950 / 1997,24-08-1999 (English)
S.No. 258,Case Number,C.A. No.-005036-005036 / 1998,23-09-1999 (English)
S.No. 259,Case Number,C.A. No.-005500-005500 / 1998,06-11-1998 (English)
S.No. 260,Case Number,C.A. No.-004294-004294 / 1999,06-08-1999 (English)
S.No. 261,Case Number,C.A. No.-007418-007418 / 1994,10-03-1999 (English)
S.No. 262,Case Number,C.A. No.-000229-000229 / 1997,11-05-1999 (English)
S.No. 263,Case Number,C.A. No.-009323-009325 / 1994,26-07-1999 (English)
S.No. 264,Case Number,C.A. No.-004861-004861 / 1999,30-08-1999 (English)
S.No. 265,Case Number,Crl.A. No.-000917-000917 / 1996,22-09-1999 (English)
S.No. 266,Case Number,C.A. No.-000730-000730 / 1999,09-02-1999 (English)
S.No. 267,Case Number,Crl.A. No.-000947-000947 / 1999,16-09-1999 (English)
S.No. 268,Case Number,SLP(C) No.-014657-014657 / 1999,12-10-1999 (English)
S.No. 269,Case Number,Crl.A. No.-000824-000824 / 1999,19-08-1999 (English)
S.No. 270,Case Number,C.A. No.-000995-000995 / 1995,18-12-1998 (English)
S.No. 271,Case Number,C.A. No.-005710-005710 / 1998,"13-11-1998 (English)
13-11-1998 (English)"
S.No. 272,Case Number,C.A. No.-003329-003329 / 1998,24-08-1999 (English)
S.No. 273,Case Number,C.A. No.-006618-006618 / 1997,28-09-1999 (English)
S.No. 274,Case Number,C.A. No.-000999-001000 / 1998,03-08-1999 (English)
S.No. 275,Case Number,C.A. No.-000539-000539 / 1998,12-08-1999 (English)
S.No. 276,Case Number,SLP(C) No.-019359-019360 / 1998,01-12-1998 (English)
S.No. 277,Case Number,C.A. No.-002159-002159 / 1999,08-04-1999 (English)
S.No. 278,Case Number,Crl.A. No.-000070-000070 / 1999,25-01-1999 (English)
S.No. 279,Case Number,Crl.A. No.-000843-000843 / 1999,24-08-1999 (English)
S.No. 280,Case Number,C.A. No.-000787-000787 / 1999,12-02-1999 (English)
S.No. 281,Case Number,C.A. No.-001728-001728 / 1999,26-03-1999 (English)
S.No. 282,Case Number,C.A. No.-011366-011366 / 1995,31-03-1999 (English)
S.No. 283,Case Number,C.A. No.-006325-006325 / 1998,11-08-1999 (English)
S.No. 284,Case Number,C.A. No.-002161-002163 / 1999,08-04-1999 (English)
S.No. 285,Case Number,Crl.A. No.-000481-000481 / 1999,29-04-1999 (English)
S.No. 286,Case Number,C.A. No.-005726-005727 / 1999,05-10-1999 (English)
S.No. 287,Case Number,C.A. No.-005476-005483 / 1998,05-02-1999 (English)
S.No. 288,Case Number,C.A. No.-006036-006036 / 1998,07-10-1999 (English)
S.No. 289,Case Number,Crl.A. No.-000497-000498 / 1999,04-05-1999 (English)
S.No. 290,Case Number,Crl.A. No.-000743-000743 / 1999,06-08-1999 (English)
S.No. 291,Case Number,SLP(C) No.-021747-021747 / 1997,30-07-1999 (English)
S.No. 292,Case Number,W.P.(Crl.) No.-000194-000194 / 1998,14-05-1999 (English)
S.No. 293,Case Number,Crl.A. No.-000592-000592 / 1994,12-05-1999 (English)
S.No. 294,Case Number,W.P.(C) No.-000578-000578 / 1998,13-04-1999 (English)
S.No. 295,Case Number,C.A. No.-003115-003115 / 1999,14-05-1999 (English)
S.No. 296,Case Number,C.A. No.-001626-001626 / 1999,14-12-1998 (English)
S.No. 297,Case Number,W.P.(C) No.-000588-000588 / 1998,05-02-1999 (English)
S.No. 298,Case Number,Crl.A. No.-000224-000224 / 1999,22-02-1999 (English)
S.No. 299,Case Number,Crl.A. No.-000035-000035 / 1999,15-01-1999 (English)
S.No. 300,Case Number,R.P.(C) No.-001504-001506 / 1999,16-09-1999 (English)
S.No. 301,Case Number,Crl.A. No.-000587-000587 / 1996,"16-09-1999 (English)
16-09-1999 (English)"
S.No. 302,Case Number,C.A. No.-000028-000030 / 1996,17-11-1998 (English)
S.No. 303,Case Number,W.P.(C) No.-000771-000771 / 1995,22-03-1999 (English)
S.No. 304,Case Number,C.A. No.-000316-000317 / 1999,"16-09-1999 (English)
16-09-1999 (English)"
S.No. 305,Case Number,C.A. No.-003142-003143 / 1999,14-05-1999 (English)
S.No. 306,Case Number,C.A. No.-010658-010659 / 1996,18-03-1999 (English)
S.No. 307,Case Number,C.A. No.-000669-000669 / 1997,22-04-1999 (English)
S.No. 308,Case Number,C.A. No.-007395-007396 / 1997,15-09-1999 (English)
S.No. 309,Case Number,Crl.A. No.-000637-000637 / 1995,11-02-1999 (English)
S.No. 310,Case Number,C.A. No.-001854-001854 / 1998,"04-08-1999 (English)
08-04-1999 (English)"
S.No. 311,Case Number,C.A. No.-002912-002914 / 1999,11-05-1999 (English)
S.No. 312,Case Number,C.A. No.-008343-008343 / 1997,01-09-1999 (English)
S.No. 313,Case Number,C.A. No.-003232-003232 / 1999,14-05-1999 (English)
S.No. 314,Case Number,C.A. No.-005664-005664 / 1999,01-10-1999 (English)
S.No. 315,Case Number,C.A. No.-000942-000942 / 1999,19-02-1999 (English)
S.No. 316,Case Number,C.A. No.-011010-011010 / 1996,06-04-1999 (English)
S.No. 317,Case Number,C.A. No.-004446-004446 / 1999,13-08-1999 (English)
S.No. 318,Case Number,C.A. No.-014072-014072 / 1996,19-08-1999 (English)
S.No. 319,Case Number,C.A. No.-008600-008600 / 1997,10-11-1998 (English)
S.No. 320,Case Number,C.A. No.-002286-002286 / 1999,13-03-1999 (English)
S.No. 321,Case Number,C.A. No.-009156-009156 / 1996,06-04-1999 (English)
S.No. 322,Case Number,C.A. No.-012906-012907 / 1996,15-10-1999 (English)
S.No. 323,Case Number,Crl.A. No.-000061-000061 / 1999,21-09-1999 (English)
S.No. 324,Case Number,C.A. No.-000042-000042 / 1998,21-09-1999 (English)
S.No. 325,Case Number,C.A. No.-000793-000793 / 1999,12-02-1999 (English)
S.No. 326,Case Number,Crl.A. No.-000156-000156 / 1998,17-08-1999 (English)
S.No. 327,Case Number,C.A. No.-006359-006361 / 1998,"17-12-1998 (English)
17-12-1998 (English)"
S.No. 328,Case Number,C.A. No.-007789-007789 / 1997,"18-11-1998 (English)
18-11-1998 (English)"
S.No. 329,Case Number,Crl.A. No.-001817-001819 / 1996,13-10-1999 (English)
S.No. 330,Case Number,C.A. No.-007538-007538 / 1997,01-04-1999 (English)
S.No. 331,Case Number,C.A. No.-002612-002612 / 1996,03-04-1999 (English)
S.No. 332,Case Number,C.A. No.-005470-005470 / 1999,17-09-1999 (English)
S.No. 333,Case Number,C.A. No.-004678-004678 / 1999,23-08-1999 (English)
S.No. 334,Case Number,C.A. No.-006446-006446 / 1998,18-12-1998 (English)
S.No. 335,Case Number,C.A. No.-002197-002197 / 1999,09-04-1999 (English)
S.No. 336,Case Number,C.A. No.-005674-005674 / 1999,01-10-1999 (English)
S.No. 337,Case Number,C.A. No.-001328-001328 / 1995,03-12-1998 (English)
S.No. 338,Case Number,C.A. No.-004259-004259 / 1999,04-08-1999 (English)
S.No. 339,Case Number,C.A. No.-000445-000445 / 1998,"01-09-1999 (English)
01-09-1999 (English)"
S.No. 340,Case Number,C.A. No.-001279-001279 / 1999,26-02-1999 (English)
S.No. 341,Case Number,C.A. No.-000223-000223 / 1999,20-07-1999 (English)
S.No. 342,Case Number,C.A. No.-005406-005406 / 1997,09-12-1998 (English)
S.No. 343,Case Number,Crl.A. No.-001015-001015 / 1999,29-09-1999 (English)
S.No. 344,Case Number,C.A. No.-000522-000522 / 1998,25-02-1999 (English)
S.No. 345,Case Number,C.A. No.-002710-002710 / 1999,05-05-1999 (English)
S.No. 346,Case Number,C.A. No.-002648-002648 / 1998,21-09-1999 (English)
S.No. 347,Case Number,Crl.A. No.-000912-000913 / 1999,08-09-1999 (English)
S.No. 348,Case Number,C.A. No.-006343-006343 / 1998,15-12-1998 (English)
S.No. 349,Case Number,C.A. No.-006079-006079 / 1998,04-12-1998 (English)
S.No. 350,Case Number,C.A. No.-005343-005343 / 1999,17-09-1999 (English)
S.No. 351,Case Number,C.A. No.-004377-004377 / 1999,10-08-1999 (English)
S.No. 352,Case Number,Crl.A. No.-000570-000570 / 1999,13-05-1999 (English)
S.No. 353,Case Number,C.A. No.-003141-003141 / 1999,14-05-1999 (English)
S.No. 354,Case Number,Crl.A. No.-000046-000046 / 1999,18-03-1999 (English)
S.No. 355,Case Number,Crl.A. No.-000685-000685 / 1999,12-10-1999 (English)
S.No. 356,Case Number,W.P.(Crl.) No.-000001-000001 / 1999,04-05-1999 (English)
S.No. 357,Case Number,Crl.A. No.-000312-000312 / 1999,17-03-1999 (English)
S.No. 358,Case Number,C.A. No.-005956-005956 / 1998,"27-11-1998 (English)
27-11-1998 (English)"
S.No. 359,Case Number,C.A. No.-001571-001571 / 1999,16-03-1999 (English)
S.No. 360,Case Number,C.A. No.-006037-006037 / 1998,"02-12-1998 (English)
02-12-1998 (English)"
S.No. 361,Case Number,Crl.A. No.-000371-000371 / 1999,05-04-1999 (English)
S.No. 362,Case Number,C.A. No.-008695-008695 / 1997,09-02-1999 (English)
S.No. 363,Case Number,C.A. No.-005737-005738 / 1997,04-08-1999 (English)
S.No. 364,Case Number,SLP(C) No.-022942-022943 / 1997,12-01-1999 (English)
S.No. 365,Case Number,C.A. No.-000932-000932 / 1999,18-02-1999 (English)
S.No. 366,Case Number,C.A. No.-005502-005504 / 1998,06-11-1998 (English)
S.No. 367,Case Number,Crl.A. No.-000188-000192 / 1999,17-02-1999 (English)
S.No. 368,Case Number,/,"26-10-1998 (English)
26-10-1998 (English)"
S.No. 369,Case Number,C.A. No.-000622-000622 / 1998,13-05-1999 (English)
S.No. 370,Case Number,C.A. No.-000335-000335 / 1999,14-09-1999 (English)
S.No. 371,Case Number,C.A. No.-000021-000021 / 1992,13-08-1999 (English)
S.No. 372,Case Number,C.A. No.-000107-000107 / 1992,11-05-1999 (English)
S.No. 373,Case Number,C.A. No.-001218-001218 / 1976,24-11-1998 (English)
S.No. 374,Case Number,C.A. No.-001257-001257 / 1976,01-08-1999 (English)
S.No. 375,Case Number,C.A. No.-001344-001345 / 1976,14-09-1999 (English)
S.No. 376,Case Number,W.P.(C) No.-005308-005308 / 1983,21-07-1999 (English)
S.No. 377,Case Number,C.A. No.-000398-000398 / 1977,"10-08-1999 (English)
10-08-1999 (English)"
S.No. 378,Case Number,C.A. No.-002590-002590 / 1997,04-08-1999 (English)
S.No. 379,Case Number,Crl.A. No.-001048-001048 / 1998,30-08-1999 (English)
S.No. 380,Case Number,C.A. No.-000271-000271 / 1989,27-08-1999 (English)
S.No. 381,Case Number,Crl.A. No.-000064-000064 / 1994,03-02-1999 (English)
S.No. 382,Case Number,C.A. No.-002778-002778 / 1980,09-04-1999 (English)
S.No. 383,Case Number,C.A. No.-003012-003017 / 1980,26-04-1999 (English)
S.No. 384,Case Number,C.A. No.-001354-001354 / 1980,"11-05-1999 (English)
11-05-1999 (English)"
S.No. 385,Case Number,Crl.A. No.-000005-000005 / 1993,13-08-1999 (English)
S.No. 386,Case Number,W.P.(C) No.-000238-000238 / 1992,20-01-1999 (English)
S.No. 387,Case Number,C.A. No.-000788-000788 / 1981,22-09-1999 (English)
S.No. 388,Case Number,C.A. No.-001816-001816 / 1982,08-04-1999 (English)
S.No. 389,Case Number,C.A. No.-003093-003093 / 1982,22-04-1999 (English)
S.No. 390,Case Number,C.A. No.-000411-000411 / 1982,"05-05-1999 (English)
04-05-1999 (English)"
S.No. 391,Case Number,C.A. No.-003255-003255 / 1995,11-03-1999 (English)
S.No. 392,Case Number,C.A. No.-000138-000138 / 1986,28-04-1999 (English)
S.No. 393,Case Number,C.A. No.-001804-001806 / 1981,10-03-1999 (English)
S.No. 394,Case Number,W.P.(C) No.-013381-013381 / 1984,"31-08-1999 (English)
01-12-1998 (English)"
S.No. 395,Case Number,C.A. No.-001289-001290 / 1981,12-03-1999 (English)
S.No. 396,Case Number,C.A. No.-001660-001666 / 1981,10-02-1999 (English)
S.No. 397,Case Number,C.A. No.-001149-001163 / 1981,12-11-1998 (English)
S.No. 398,Case Number,C.A. No.-011660-011660 / 1995,24-08-1999 (English)
S.No. 399,Case Number,W.P.(C) No.-004677-004677 / 1985,"27-07-1999 (English)
27-07-1999 (English)
18-12-1998 (English)"
S.No. 400,Case Number,C.A. No.-000687-000687 / 1986,07-05-1999 (English)
S.No. 401,Case Number,C.A. No.-009737-009737 / 1996,12-10-1999 (English)
S.No. 402,Case Number,W.P.(C) No.-001103-001103 / 1989,28-10-1998 (English)
S.No. 403,Case Number,C.A. No.-002660-002660 / 1983,30-03-1999 (English)
S.No. 404,Case Number,C.A. No.-000142-000142 / 1983,"05-05-1999 (English)
05-05-1999 (English)"
S.No. 405,Case Number,C.A. No.-004234-004234 / 1983,"27-07-1999 (English)
27-07-1999 (English)"
S.No. 406,Case Number,C.A. No.-006185-006185 / 1983,30-07-1999 (English)
S.No. 407,Case Number,Crl.A. No.-000064-000064 / 1992,18-03-1999 (English)
S.No. 408,Case Number,C.A. No.-000932-000932 / 1991,23-04-1999 (English)
S.No. 409,Case Number,C.A. No.-004544-004544 / 1984,23-02-1999 (English)
S.No. 410,Case Number,C.A. No.-003286-003286 / 1984,08-04-1999 (English)
S.No. 411,Case Number,C.A. No.-000903-000903 / 1984,"28-04-1999 (English)
28-04-1999 (English)"
S.No. 412,Case Number,C.A. No.-004372-004372 / 1984,"28-04-1999 (English)
28-04-1999 (English)"
S.No. 413,Case Number,C.A. No.-004253-004253 / 1984,27-07-1999 (English)
S.No. 414,Case Number,C.A. No.-003663-003663 / 1984,31-03-1999 (English)
S.No. 415,Case Number,C.A. No.-000955-000955 / 1985,07-05-1999 (English)
S.No. 416,Case Number,C.A. No.-006799-006799 / 1983,14-12-1998 (English)
S.No. 417,Case Number,C.A. No.-006618-006618 / 1983,11-02-1999 (English)
S.No. 418,Case Number,/,20-08-1999 (English)
S.No. 419,Case Number,C.A. No.-000594-000596 / 1985,17-08-1999 (English)
S.No. 420,Case Number,C.A. No.-003555-003555 / 1986,30-03-1999 (English)
S.No. 421,Case Number,C.A. No.-000122-000122 / 1986,13-04-1999 (English)
S.No. 422,Case Number,C.A. No.-000473-000473 / 1986,13-04-1999 (English)
S.No. 423,Case Number,C.A. No.-000712-000712 / 1986,15-04-1999 (English)
S.No. 424,Case Number,C.A. No.-001719-001719 / 1986,26-04-1999 (English)
S.No. 425,Case Number,C.A. No.-000354-000355 / 1984,23-03-1999 (English)
S.No. 426,Case Number,W.P.(C) No.-011742-011744 / 1984,16-09-1999 (English)
S.No. 427,Case Number,C.A. No.-002064-002066 / 1984,"21-09-1999 (English)
21-09-1999 (English)"
S.No. 428,Case Number,C.A. No.-003744-003744 / 1988,26-03-1999 (English)
S.No. 429,Case Number,C.A. No.-004211-004211 / 1988,01-04-1999 (English)
S.No. 430,Case Number,C.A. No.-001612-001623 / 1988,"27-07-1999 (English)
29-04-1999 (English)"
S.No. 431,Case Number,C.A. No.-002110-002110 / 1988,02-08-1999 (English)
S.No. 432,Case Number,C.A. No.-003977-003977 / 1988,05-08-1999 (English)
S.No. 433,Case Number,C.A. No.-003304-003304 / 1988,"23-09-1999 (English)
23-09-1999 (English)"
S.No. 434,Case Number,C.A. No.-004010-004010 / 1987,24-03-1999 (English)
S.No. 435,Case Number,Crl.A. No.-000201-000201 / 1994,12-05-1999 (English)
S.No. 436,Case Number,C.A. No.-010361-010361 / 1996,12-05-1999 (English)
S.No. 437,Case Number,C.A. No.-002061-002061 / 1987,11-08-1999 (English)
S.No. 438,Case Number,C.A. No.-002473-002473 / 1987,31-08-1999 (English)
S.No. 439,Case Number,C.A. No.-000362-000362 / 1994,06-05-1999 (English)
S.No. 440,Case Number,Crl.A. No.-000263-000263 / 1994,05-10-1999 (English)
S.No. 441,Case Number,C.A. No.-004273-004273 / 1989,08-04-1999 (English)
S.No. 442,Case Number,C.A. No.-002194-002194 / 1989,05-08-1999 (English)
S.No. 443,Case Number,C.A. No.-003568-003568 / 1989,19-08-1999 (English)
S.No. 444,Case Number,C.A. No.-000841-000841 / 1988,05-10-1999 (English)
S.No. 445,Case Number,C.A. No.-011484-011484 / 1996,14-08-1999 (English)
S.No. 446,Case Number,C.A. No.-004196-004196 / 1989,"17-09-1999 (English)
17-09-1999 (English)"
S.No. 447,Case Number,C.A. No.-003792-003794 / 1989,16-09-1999 (English)
S.No. 448,Case Number,C.A. No.-002544-002545 / 1988,18-12-1998 (English)
S.No. 449,Case Number,C.A. No.-001257-001258 / 1987,22-07-1999 (English)
S.No. 450,Case Number,C.A. No.-004858-004859 / 1989,"07-09-1999 (English)
07-09-1999 (English)"
S.No. 451,Case Number,C.A. No.-002007-002007 / 1990,06-04-1999 (English)
S.No. 452,Case Number,C.A. No.-008746-008746 / 1995,27-07-1999 (English)
S.No. 453,Case Number,C.A. No.-005310-005310 / 1990,03-08-1999 (English)
S.No. 454,Case Number,W.P.(C) No.-001177-001177 / 1989,10-11-1998 (English)
S.No. 455,Case Number,C.A. No.-000063-000063 / 1990,17-08-1999 (English)
S.No. 456,Case Number,C.A. No.-004480-004480 / 1990,19-08-1999 (English)
S.No. 457,Case Number,C.A. No.-003391-003391 / 1990,20-08-1999 (English)
S.No. 458,Case Number,C.A. No.-005649-005649 / 1990,27-08-1999 (English)
S.No. 459,Case Number,C.A. No.-003551-003551 / 1990,27-08-1999 (English)
S.No. 460,Case Number,C.A. No.-002582-002583 / 1989,24-03-1999 (English)
S.No. 461,Case Number,C.A. No.-006036-006036 / 1990,14-09-1999 (English)
S.No. 462,Case Number,C.A. No.-004304-004304 / 1990,21-09-1999 (English)
S.No. 463,Case Number,C.A. No.-005451-005451 / 1995,07-10-1999 (English)
S.No. 464,Case Number,C.A. No.-006077-006080 / 1990,08-10-1999 (English)
S.No. 465,Case Number,C.A. No.-001416-001416 / 1990,12-10-1999 (English)
S.No. 466,Case Number,C.A. No.-000830-000830 / 1994,"03-12-1998 (English)
03-12-1998 (English)"
S.No. 467,Case Number,C.A. No.-006959-006959 / 1994,15-12-1998 (English)
S.No. 468,Case Number,C.A. No.-004975-004975 / 1994,17-03-1999 (English)
S.No. 469,Case Number,C.A. No.-002398-002398 / 1994,18-03-1999 (English)
S.No. 470,Case Number,C.A. No.-003763-003763 / 1995,31-03-1999 (English)
S.No. 471,Case Number,C.A. No.-001582-001583 / 1994,14-05-1999 (English)
S.No. 472,Case Number,C.A. No.-006972-006972 / 1994,09-12-1998 (English)
S.No. 473,Case Number,C.A. No.-016688-016688 / 1996,17-08-1999 (English)
S.No. 474,Case Number,C.A. No.-006635-006635 / 1994,29-09-1999 (English)
S.No. 475,Case Number,Crl.A. No.-000323-000323 / 1994,01-10-1999 (English)
S.No. 476,Case Number,Crl.A. No.-000360-000360 / 1993,03-05-1999 (English)
S.No. 477,Case Number,W.P.(C) No.-000860-000860 / 1991,01-12-1998 (English)
S.No. 478,Case Number,C.A. No.-001703-001703 / 1994,22-04-1999 (English)
S.No. 479,Case Number,C.A. No.-002250-002250 / 1991,28-10-1998 (English)
S.No. 480,Case Number,C.A. No.-008318-008318 / 1995,"23-11-1998 (English)
23-11-1998 (English)"
S.No. 481,Case Number,C.A. No.-004168-004168 / 1994,20-01-1999 (English)
S.No. 482,Case Number,C.A. No.-002546-002546 / 1992,16-02-1999 (English)
S.No. 483,Case Number,C.A. No.-000190-000190 / 1991,06-04-1999 (English)
S.No. 484,Case Number,C.A. No.-004109-004109 / 1991,19-04-1999 (English)
S.No. 485,Case Number,C.A. No.-003263-003263 / 1991,04-05-1999 (English)
S.No. 486,Case Number,C.A. No.-001802-001802 / 1991,12-08-1999 (English)
S.No. 487,Case Number,C.A. No.-000235-000235 / 1995,18-08-1999 (English)
S.No. 488,Case Number,C.A. No.-004751-004751 / 1992,16-09-1999 (English)
S.No. 489,Case Number,C.A. No.-002379-002379 / 1991,14-10-1999 (English)
S.No. 490,Case Number,SLP(C) No.-021959-021959 / 1996,26-04-1999 (English)
S.No. 491,Case Number,C.A. No.-000507-000507 / 1992,01-09-1999 (English)
S.No. 492,Case Number,C.A. No.-002502-002502 / 1994,13-09-1999 (English)
S.No. 493,Case Number,C.A. No.-003830-003834 / 1990,04-08-1999 (English)
S.No. 494,Case Number,C.A. No.-000823-000823 / 1992,11-08-1999 (English)
S.No. 495,Case Number,W.P.(C) No.-000821-000821 / 1990,03-08-1999 (English)
S.No. 496,Case Number,Crl.A. No.-000396-000396 / 1990,"21-07-1999 (English)
21-07-1999 (English)"
S.No. 497,Case Number,C.A. No.-002426-002426 / 1991,09-02-1999 (English)
S.No. 498,Case Number,C.A. No.-012518-012520 / 1996,"03-11-1998 (English)
03-11-1998 (English)"
S.No. 499,Case Number,C.A. No.-012556-012556 / 1996,18-11-1998 (English)
S.No. 500,Case Number,C.A. No.-003969-003970 / 1994,01-12-1998 (English)
S.No. 501,Case Number,C.A. No.-004112-004145 / 1994,"11-11-1998 (English)
11-11-1998 (English)"
S.No. 502,Case Number,C.A. No.-000760-000760 / 1997,11-03-1999 (English)
S.No. 503,Case Number,W.P.(C) No.-000319-000319 / 1994,15-10-1999 (English)
S.No. 504,Case Number,C.A. No.-014555-014555 / 1996,"15-04-1999 (English)
15-04-1999 (English)"
S.No. 505,Case Number,Crl.A. No.-000718-000718 / 1996,13-04-1999 (English)
S.No. 506,Case Number,Crl.A. No.-000798-000798 / 1996,05-05-1999 (English)
S.No. 507,Case Number,C.A. No.-013039-013039 / 1996,10-08-1999 (English)
S.No. 508,Case Number,C.A. No.-010176-010176 / 1996,11-08-1999 (English)
S.No. 509,Case Number,C.A. No.-002611-002613 / 1997,17-08-1999 (English)
S.No. 510,Case Number,C.A. No.-009127-009127 / 1996,07-09-1999 (English)
S.No. 511,Case Number,Crl.A. No.-000719-000722 / 1996,"09-09-1999 (English)
09-09-1999 (English)"
S.No. 512,Case Number,Crl.A. No.-000530-000530 / 1997,"13-09-1999 (English)
13-09-1999 (English)"
S.No. 513,Case Number,C.A. No.-013417-013417 / 1996,14-09-1999 (English)
S.No. 514,Case Number,C.A. No.-015479-015479 / 1996,16-09-1999 (English)
S.No. 515,Case Number,C.A. No.-012431-012431 / 1996,16-09-1999 (English)
S.No. 516,Case Number,C.A. No.-002704-002704 / 1997,21-09-1999 (English)
S.No. 517,Case Number,Crl.A. No.-001786-001786 / 1996,29-09-1999 (English)
S.No. 518,Case Number,Crl.A. No.-001985-001985 / 1996,01-10-1999 (English)
S.No. 519,Case Number,C.A. No.-003119-003119 / 1997,12-10-1999 (English)
S.No. 520,Case Number,C.A. No.-004441-004442 / 1990,12-11-1998 (English)
S.No. 521,Case Number,C.A. No.-001997-001998 / 1990,17-07-1999 (English)
S.No. 522,Case Number,C.A. No.-004191-004191 / 1991,20-04-1999 (English)
S.No. 523,Case Number,C.A. No.-003472-003472 / 1998,11-05-1999 (English)
S.No. 524,Case Number,C.A. No.-000810-000810 / 1998,28-09-1999 (English)
S.No. 525,Case Number,C.A. No.-003027-003027 / 1999,13-05-1999 (English)
S.No. 526,Case Number,C.A. No.-005324-005324 / 1999,"16-09-1999 (English)
16-09-1999 (English)"
S.No. 527,Case Number,C.A. No.-000522-000522 / 1992,09-04-1999 (English)
S.No. 528,Case Number,C.A. No.-001460-001460 / 1994,23-04-1999 (English)
S.No. 529,Case Number,Crl.A. No.-000288-000288 / 1993,18-03-1999 (English)
S.No. 530,Case Number,C.A. No.-001563-001563 / 1999,19-03-1999 (English)
S.No. 531,Case Number,C.A. No.-005005-005005 / 1999,"14-09-1999 (English)
10-09-1999 (English)"
S.No. 532,Case Number,Crl.A. No.-000788-000788 / 1996,01-10-1999 (English)
S.No. 533,Case Number,C.A. No.-011440-011440 / 1996,"23-09-1999 (English)
23-09-1999 (English)"
S.No. 534,Case Number,Crl.A. No.-000431-000431 / 1991,19-03-1999 (English)
S.No. 535,Case Number,Crl.A. No.-000230-000230 / 1991,10-05-1999 (English)
S.No. 536,Case Number,Crl.A. No.-000263-000263 / 1991,15-03-1999 (English)
S.No. 537,Case Number,C.A. No.-001655-001655 / 1996,28-01-1999 (English)
S.No. 538,Case Number,C.A. No.-002344-002344 / 1992,04-02-1999 (English)
S.No. 539,Case Number,C.A. No.-007346-007346 / 1997,16-08-1999 (English)
S.No. 540,Case Number,Crl.A. No.-000323-000323 / 1993,06-04-1999 (English)
S.No. 541,Case Number,Crl.A. No.-000334-000334 / 1993,08-04-1999 (English)
S.No. 542,Case Number,C.A. No.-002390-002391 / 1996,15-04-1999 (English)
S.No. 543,Case Number,C.A. No.-007693-007693 / 1996,24-08-1999 (English)
S.No. 544,Case Number,C.A. No.-001202-001202 / 1992,20-09-1999 (English)
S.No. 545,Case Number,C.A. No.-000054-000054 / 1997,24-05-1999 (English)
S.No. 546,Case Number,C.A. No.-003341-003341 / 1997,01-09-1999 (English)
S.No. 547,Case Number,Crl.A. No.-000312-000312 / 1991,22-03-1999 (English)
S.No. 548,Case Number,C.A. No.-006436-006436 / 1998,18-12-1998 (English)
S.No. 549,Case Number,C.A. No.-001439-001440 / 1999,12-03-1999 (English)
S.No. 550,Case Number,C.A. No.-001534-001534 / 1999,17-03-1999 (English)
S.No. 551,Case Number,C.A. No.-004739-004739 / 1999,25-08-1999 (English)
S.No. 552,Case Number,Crl.A. No.-001053-001053 / 1999,07-10-1999 (English)
S.No. 553,Case Number,C.A. No.-003766-003767 / 1999,15-07-1999 (English)
S.No. 554,Case Number,W.P.(C) No.-000398-000398 / 1996,15-03-1999 (English)
S.No. 555,Case Number,C.A. No.-007321-007327 / 1995,"29-10-1998 (English)
29-10-1998 (English)"
S.No. 556,Case Number,C.A. No.-007690-007690 / 1994,30-10-1998 (English)
S.No. 557,Case Number,C.A. No.-007699-007699 / 1994,03-11-1998 (English)
S.No. 558,Case Number,C.A. No.-005282-005282 / 1996,09-12-1998 (English)
S.No. 559,Case Number,C.A. No.-008253-008253 / 1995,09-02-1999 (English)
S.No. 560,Case Number,C.A. No.-002033-002033 / 1996,11-02-1999 (English)
S.No. 561,Case Number,Crl.A. No.-000772-000772 / 1993,19-02-1999 (English)
S.No. 562,Case Number,C.A. No.-007451-007451 / 1993,24-02-1999 (English)
S.No. 563,Case Number,Crl.A. No.-000990-000990 / 1995,"26-02-1999 (English)
26-02-1999 (English)"
S.No. 564,Case Number,C.A. No.-009495-009495 / 1995,31-03-1999 (English)
S.No. 565,Case Number,Crl.A. No.-000587-000587 / 1994,"13-04-1999 (English)
13-04-1999 (English)"
S.No. 566,Case Number,Crl.A. No.-000761-000761 / 1993,04-05-1999 (English)
S.No. 567,Case Number,C.A. No.-000235-000235 / 1996,13-05-1999 (English)
S.No. 568,Case Number,Crl.A. No.-000354-000354 / 1994,20-07-1999 (English)
S.No. 569,Case Number,C.A. No.-000535-000535 / 1994,12-08-1999 (English)
S.No. 570,Case Number,C.A. No.-007410-007410 / 1994,01-09-1999 (English)
S.No. 571,Case Number,C.A. No.-006986-006987 / 1994,14-09-1999 (English)
S.No. 572,Case Number,C.A. No.-011888-011888 / 1995,29-09-1999 (English)
S.No. 573,Case Number,C.A. No.-006466-006476 / 1995,06-10-1999 (English)
S.No. 574,Case Number,C.A. No.-003484-003484 / 1992,27-01-1999 (English)
S.No. 575,Case Number,C.A. No.-003106-003106 / 1997,03-02-1999 (English)
S.No. 576,Case Number,C.A. No.-000393-000394 / 1992,23-03-1999 (English)
S.No. 577,Case Number,Crl.A. No.-000234-000234 / 1992,12-05-1999 (English)
S.No. 578,Case Number,C.A. No.-004875-004876 / 1992,24-03-1999 (English)
S.No. 579,Case Number,C.A. No.-000526-000528 / 1992,09-03-1999 (English)
S.No. 580,Case Number,C.A. No.-004913-004926 / 1992,05-02-1999 (English)
S.No. 581,Case Number,Crl.A. No.-000393-000393 / 1992,08-09-1999 (English)
S.No. 582,Case Number,C.A. No.-005642-005642 / 1994,27-08-1999 (English)
S.No. 583,Case Number,C.A. No.-001763-001763 / 1993,18-03-1999 (English)
S.No. 584,Case Number,C.A. No.-005585-005585 / 1993,"11-11-1998 (English)
11-11-1998 (English)"
S.No. 585,Case Number,C.A. No.-000336-000336 / 1993,"14-05-1999 (English)
14-05-1999 (English)"
S.No. 586,Case Number,C.A. No.-000711-000711 / 1993,14-05-1999 (English)
