﻿Column-0,Column-1,Column-2,Column-3
S.No. 1,Case Number,Crl.A. No.-000469-000470 / 2019,"12-03-2019 (English)
12-03-2019 (हिन्दी)"
S.No. 2,Case Number,C.A. No.-002388-002389 / 2019,28-02-2019 (English)
S.No. 3,Case Number,C.A. No.-003588-003588 / 2019,09-04-2019 (English)
S.No. 4,Case Number,W.P.(C) No.-000004 / 2019,04-02-2019 (English)
S.No. 5,Case Number,R.P.(Crl.) No.-000046 / 2019,10-04-2019 (English)
S.No. 6,Case Number,C.A. No.-001694-001694 / 2019,15-02-2019 (English)
S.No. 7,Case Number,C.A. No.-003137-003137 / 2019,15-03-2019 (English)
S.No. 8,Case Number,Crl.A. No.-002267-002268 / 2009,"14-08-2019 (English)
14-08-2019 (हिन्दी)"
S.No. 9,Case Number,C.A. No.-001313-001313 / 2019,30-01-2019 (English)
S.No. 10,Case Number,Crl.A. No.-000538-000539 / 2019,"27-03-2019 (English)
27-03-2019 (हिन्दी)"
S.No. 11,Case Number,C.A. No.-000786-000786 / 2008,25-10-2018 (English)
S.No. 12,Case Number,Crl.A. No.-001398-001398 / 2011,14-03-2019 (English)
S.No. 13,Case Number,C.A. No.-002284-002284 / 2019,"26-02-2019 (English)
26-02-2019 (தமிழ்)"
S.No. 14,Case Number,C.A. No.-007802-007802 / 2019,04-10-2019 (English)
S.No. 15,Case Number,Crl.A. No.-000503-000503 / 2010,19-08-2019 (English)
S.No. 16,Case Number,SLP(C) No.-004272-004272 / 2015,16-09-2019 (English)
S.No. 17,Case Number,C.A. No.-000293-000294 / 2009,18-09-2019 (English)
S.No. 18,Case Number,Crl.A. No.-001980-001980 / 2008,"14-01-2019 (English)
14-01-2019 (हिन्दी)"
S.No. 19,Case Number,Crl.A. No.-001586-001586 / 2018,14-12-2018 (English)
S.No. 20,Case Number,Crl.A. No.-000645-000645 / 2019,"10-04-2019 (English)
10-04-2019 (हिन्दी)"
S.No. 21,Case Number,C.A. No.-010920-010920 / 2018,12-11-2018 (English)
S.No. 22,Case Number,C.A. No.-007951-007951 / 2019,18-10-2019 (English)
S.No. 23,Case Number,C.A. No.-000818 / 2018,22-01-2019 (English)
S.No. 24,Case Number,Crl.A. No.-001143-001143 / 2019,"30-07-2019 (English)
30-07-2019 (हिन्दी)"
S.No. 25,Case Number,SLP(C) No.-000618 / 2018,26-02-2019 (English)
S.No. 26,Case Number,C.A. No.-002858-002858 / 2007,25-09-2019 (English)
S.No. 27,Case Number,C.A. No.-005534-005534 / 2019,15-07-2019 (English)
S.No. 28,Case Number,C.A. No.-003336-003336 / 2019,12-09-2019 (English)
S.No. 29,Case Number,Crl.A. No.-001115-001115 / 2010,"19-02-2019 (English)
19-02-2019 (हिन्दी)"
S.No. 30,Case Number,C.A. No.-006588-006591 / 2019,22-08-2019 (English)
S.No. 31,Case Number,C.A. No.-008103-008103 / 2011,09-05-2019 (English)
S.No. 32,Case Number,C.A. No.-004103-004103 / 2008,07-05-2019 (English)
S.No. 33,Case Number,C.A. No.-002713-002713 / 2019,11-03-2019 (English)
S.No. 34,Case Number,C.A. No.-004515-004524 / 2019,01-05-2019 (English)
S.No. 35,Case Number,C.A. No.-003972-003972 / 2019,16-04-2019 (English)
S.No. 36,Case Number,C.A. No.-001500-001500 / 2019,05-02-2019 (English)
S.No. 37,Case Number,C.A. No.-002539-002539 / 2010,"29-04-2019 (English)
29-04-2019 (हिन्दी)"
S.No. 38,Case Number,C.A. No.-005299-005304 / 2003,"14-12-2018 (English)
14-12-2018 (हिन्दी)"
S.No. 39,Case Number,W.P.(C) No.-000043 / 2019,09-08-2019 (English)
S.No. 40,Case Number,Crl.A. No.-001029-001029 / 2014,03-09-2019 (English)
S.No. 41,Case Number,Crl.A. No.-000656-000657 / 2019,"11-04-2019 (English)
11-04-2019 (हिन्दी)"
S.No. 42,Case Number,C.A. No.-001099-001099 / 2008,09-04-2019 (English)
S.No. 43,Case Number,C.A. No.-000611-000611 / 2008,09-04-2019 (English)
S.No. 44,Case Number,C.A. No.-001090-001090 / 2010,17-10-2019 (English)
S.No. 45,Case Number,C.A. No.-003182-003182 / 2019,25-03-2019 (English)
S.No. 46,Case Number,C.A. No.-005158-005158 / 2013,22-01-2019 (English)
S.No. 47,Case Number,Crl.A. No.-001234-001234 / 2019,"14-08-2019 (English)
14-08-2019 (हिन्दी)"
S.No. 48,Case Number,C.A. No.-007317-007317 / 2019,17-09-2019 (English)
S.No. 49,Case Number,C.A. No.-000415-000415 / 2007,02-05-2019 (English)
S.No. 50,Case Number,CONMT.PET.(C) No.-000817 / 2018,04-01-2019 (English)
S.No. 51,Case Number,W.P.(C) No.-000054 / 2019,19-02-2019 (English)
S.No. 52,Case Number,C.A. No.-006798-006798 / 2019,"02-09-2019 (English)
02-09-2019 (हिन्दी)"
S.No. 53,Case Number,Crl.A. No.-001208-001208 / 2019,20-08-2019 (English)
S.No. 54,Case Number,C.A. No.-007159-007159 / 2014,26-02-2019 (English)
S.No. 55,Case Number,C.A. No.-009684-009684 / 2011,27-11-2018 (English)
S.No. 56,Case Number,C.A. No.-008442-008443 / 2016,"23-01-2019 (English)
23-01-2019 (অসমীয়া)"
S.No. 57,Case Number,C.A. No.-001644-001645 / 2019,"12-02-2019 (English)
12-02-2019 (मराठी)"
S.No. 58,Case Number,Crl.A. No.-001890-001890 / 2011,12-07-2019 (English)
S.No. 59,Case Number,R.P.(Crl.) No.-000122 / 2019,10-04-2019 (English)
S.No. 60,Case Number,Crl.A. No.-000614-000614 / 2019,08-04-2019 (हिन्दी)
S.No. 61,Case Number,C.A. No.-002614-002614 / 2019,26-03-2019 (English)
S.No. 62,Case Number,C.A. No.-005140-005140 / 2019,02-07-2019 (English)
S.No. 63,Case Number,C.A. No.-010192-010192 / 2010,14-12-2018 (English)
S.No. 64,Case Number,C.A. No.-000641-000641 / 2017,03-09-2019 (English)
S.No. 65,Case Number,C.A. No.-002425-002425 / 2019,"01-03-2019 (English)
01-03-2019 (தமிழ்)"
S.No. 66,Case Number,C.A. No.-006030-006030 / 2019,05-08-2019 (English)
S.No. 67,Case Number,Crl.A. No.-000813-000813 / 2019,01-05-2019 (English)
S.No. 68,Case Number,C.A. No.-010563-010563 / 2014,22-01-2019 (English)
S.No. 69,Case Number,C.A. No.-006221-006221 / 2011,28-02-2019 (English)
S.No. 70,Case Number,C.A. No.-005632-005632 / 2019,29-07-2019 (English)
S.No. 71,Case Number,Crl.A. No.-001432-001432 / 2012,31-05-2019 (English)
S.No. 72,Case Number,C.A. No.-007779-007779 / 2012,"15-03-2019 (English)
15-03-2019 (தமிழ்)"
S.No. 73,Case Number,C.A. No.-002047-002048 / 2011,23-08-2019 (English)
S.No. 74,Case Number,C.A. No.-000932-000932 / 2019,22-01-2019 (English)
S.No. 75,Case Number,C.A. No.-000118-000119 / 2019,07-01-2019 (English)
S.No. 76,Case Number,C.A. No.-006111-006111 / 2009,"26-09-2019 (English)
08-08-2019 (English)"
S.No. 77,Case Number,C.A. No.-006605-006605 / 2019,23-08-2019 (English)
S.No. 78,Case Number,C.A. No.-005588-005588 / 2010,01-08-2019 (English)
S.No. 79,Case Number,C.A. No.-007243-007243 / 2019,13-09-2019 (English)
S.No. 80,Case Number,W.P.(C) No.-000071 / 2019,14-02-2019 (English)
S.No. 81,Case Number,Crl.A. No.-000799-000799 / 2010,"31-01-2019 (English)
31-01-2019 (मराठी)"
S.No. 82,Case Number,C.A. No.-007879-007879 / 2019,17-10-2019 (English)
S.No. 83,Case Number,C.A. No.-004590-004590 / 2018,27-08-2019 (English)
S.No. 84,Case Number,C.A. No.-007448-007448 / 2008,23-04-2019 (English)
S.No. 85,Case Number,Crl.A. No.-001277-001277 / 2010,14-12-2018 (English)
S.No. 86,Case Number,C.A. No.-005679-005680 / 2019,19-07-2019 (English)
S.No. 87,Case Number,Crl.A. No.-000853-000853 / 2019,07-05-2019 (English)
S.No. 88,Case Number,C.A. No.-004537-004538 / 2017,09-05-2019 (English)
S.No. 89,Case Number,Crl.A. No.-001327-001327 / 2019,"03-09-2019 (English)
03-09-2019 (हिन्दी)"
S.No. 90,Case Number,C.A. No.-005295 / 2019,10-05-2019 (English)
S.No. 91,Case Number,Crl.A. No.-000134-000134 / 2019,24-01-2019 (English)
S.No. 92,Case Number,C.A. No.-004894-004894 / 2019,"10-05-2019 (English)
10-05-2019 (मराठी)"
S.No. 93,Case Number,Crl.A. No.-001510-001510 / 2010,"01-05-2019 (English)
01-05-2019 (हिन्दी)"
S.No. 94,Case Number,Crl.A. No.-000664-000664 / 2012,"19-09-2019 (English)
19-09-2019 (ಕನ್ನಡ)"
S.No. 95,Case Number,C.A. No.-007418-007418 / 2009,01-07-2019 (English)
S.No. 96,Case Number,C.A. No.-005775-005775 / 2019,22-07-2019 (English)
S.No. 97,Case Number,C.A. No.-001300-001301 / 2008,"27-09-2019 (English)
27-09-2019 (ಕನ್ನಡ)"
S.No. 98,Case Number,C.A. No.-001052-001052 / 2019,06-02-2019 (English)
S.No. 99,Case Number,C.A. No.-004910-004941 / 2019,10-05-2019 (English)
S.No. 100,Case Number,C.A. No.-017486-017486 / 2017,09-08-2019 (English)
S.No. 101,Case Number,Crl.A. No.-001234-001234 / 2010,"24-07-2019 (English)
24-07-2019 (தமிழ்)"
S.No. 102,Case Number,Crl.A. No.-000148-000148 / 2019,25-01-2019 (English)
S.No. 103,Case Number,C.A. No.-004794-004794 / 2019,08-05-2019 (हिन्दी)
S.No. 104,Case Number,C.A. No.-003461-003505 / 2019,08-04-2019 (English)
S.No. 105,Case Number,Crl.A. No.-000719-000719 / 2019,"22-04-2019 (English)
22-04-2019 ( नेपाली)"
S.No. 106,Case Number,C.A. No.-003138 / 2018,22-04-2019 (English)
S.No. 107,Case Number,C.A. No.-000931-000931 / 2019,"22-01-2019 (English)
22-01-2019 (हिन्दी)"
S.No. 108,Case Number,Crl.A. No.-001150-001150 / 2019,"29-07-2019 (English)
29-07-2019 (हिन्दी)"
S.No. 109,Case Number,C.A. No.-005969-005970 / 2009,01-05-2019 (English)
S.No. 110,Case Number,C.A. No.-010217-010250 / 2011,17-07-2019 (English)
S.No. 111,Case Number,C.A. No.-008113-008113 / 2009,23-10-2018 (English)
S.No. 112,Case Number,Crl.A. No.-000880-000880 / 2009,23-04-2019 (English)
S.No. 113,Case Number,C.A. No.-001714-001714 / 2019,15-02-2019 (English)
S.No. 114,Case Number,C.A. No.-003305-003305 / 2019,29-03-2019 (English)
S.No. 115,Case Number,C.A. No.-001399-001399 / 2010,04-10-2019 (English)
S.No. 116,Case Number,C.A. No.-011774-011774 / 2018,"18-09-2019 (English)
14-12-2018 (English)"
S.No. 117,Case Number,C.A. No.-005709-005709 / 2019,19-07-2019 (English)
S.No. 118,Case Number,C.A. No.-002289-002289 / 2010,"01-04-2019 (English)
01-04-2019 (தமிழ்)"
S.No. 119,Case Number,C.A. No.-005217-005217 / 2010,01-02-2019 (English)
S.No. 120,Case Number,Crl.A. No.-001404-001404 / 2018,16-11-2018 (English)
S.No. 121,Case Number,C.A. No.-003148-003148 / 2019,15-03-2019 (English)
S.No. 122,Case Number,Crl.A. No.-000601-000601 / 2009,"11-12-2018 (English)
11-12-2018 (हिन्दी)"
S.No. 123,Case Number,C.A. No.-009586-009586 / 2010,"01-08-2019 (English)
01-08-2019 (മലയാളം)"
S.No. 124,Case Number,W.P.(C) No.-000114-000114 / 2014,12-11-2018 (English)
S.No. 125,Case Number,Crl.A. No.-000524-000524 / 2019,"26-03-2019 (English)
26-03-2019 (हिन्दी)"
S.No. 126,Case Number,C.A. No.-006377-006378 / 2019,19-08-2019 (English)
S.No. 127,Case Number,C.A. No.-006226-006226 / 2019,09-08-2019 (English)
S.No. 128,Case Number,C.A. No.-002498 / 2018,27-09-2019 (English)
S.No. 129,Case Number,Crl.A. No.-001070-001070 / 2017,22-07-2019 (English)
S.No. 130,Case Number,C.A. No.-003303-003303 / 2019,29-03-2019 (English)
S.No. 131,Case Number,C.A. No.-003306-003306 / 2019,29-03-2019 (English)
S.No. 132,Case Number,C.A. No.-007005-007005 / 2019,04-09-2019 (English)
S.No. 133,Case Number,C.A. No.-004020-004022 / 2019,22-04-2019 (English)
S.No. 134,Case Number,C.A. No.-004476-004476 / 2019,30-04-2019 (English)
S.No. 135,Case Number,C.A. No.-005654-005654 / 2007,15-02-2019 (English)
S.No. 136,Case Number,Crl.A. No.-000949-000949 / 2019,"01-07-2019 (English)
01-07-2019 (ಕನ್ನಡ)"
S.No. 137,Case Number,C.A. No.-007047-007049 / 2019,06-09-2019 (English)
S.No. 138,Case Number,Crl.A. No.-001105-001105 / 2019,23-07-2019 (English)
S.No. 139,Case Number,Crl.A. No.-001411-001411 / 2013,"31-05-2019 (English)
27-05-2019 (हिन्दी)"
S.No. 140,Case Number,C.A. No.-008066-008066 / 2015,20-11-2018 (English)
S.No. 141,Case Number,C.A. No.-006567-006567 / 2014,13-03-2019 (English)
S.No. 142,Case Number,C.A. No.-003936-003937 / 2019,15-04-2019 (English)
S.No. 143,Case Number,C.A. No.-001822-001822 / 2007,05-02-2019 (English)
S.No. 144,Case Number,W.P.(C) No.-000099 / 2018,25-01-2019 (English)
S.No. 145,Case Number,C.A. No.-007764-007764 / 2014,07-08-2019 (English)
S.No. 146,Case Number,Crl.A. No.-000751-000751 / 2010,22-08-2019 (English)
S.No. 147,Case Number,Crl.A. No.-001475-001475 / 2009,23-07-2019 (English)
S.No. 148,Case Number,C.A. No.-003962-003962 / 2019,16-04-2019 (English)
S.No. 149,Case Number,C.A. No.-011035-011038 / 2018,16-11-2018 (English)
S.No. 150,Case Number,C.A. No.-003307-003307 / 2019,29-03-2019 (English)
S.No. 151,Case Number,C.A. No.-007092-007092 / 2010,"23-01-2019 (English)
23-01-2019 (ಕನ್ನಡ)"
S.No. 152,Case Number,Crl.A. No.-001246-001246 / 2019,19-08-2019 (English)
S.No. 153,Case Number,Crl.A. No.-001905-001905 / 2009,26-08-2019 (English)
S.No. 154,Case Number,C.A. No.-005979-005979 / 2019,"31-07-2019 (English)
31-07-2019 (हिन्दी)"
S.No. 155,Case Number,C.A. No.-004873-004873 / 2019,"10-05-2019 (English)
10-05-2019 (मराठी)"
S.No. 156,Case Number,SLP(C) No.-030404-030442 / 2017,"08-08-2019 (English)
08-08-2019 (हिन्दी)"
S.No. 157,Case Number,C.A. No.-007470-007470 / 2009,02-11-2018 (English)
S.No. 158,Case Number,C.A. No.-005139-005139 / 2019,"02-07-2019 (English)
02-07-2019 (हिन्दी)"
S.No. 159,Case Number,C.A. No.-003967-003967 / 2019,16-04-2019 (English)
S.No. 160,Case Number,Crl.A. No.-000084-000085 / 2019,"17-01-2019 (English)
17-01-2019 (हिन्दी)"
S.No. 161,Case Number,C.A. No.-003944-003944 / 2019,15-04-2019 (English)
S.No. 162,Case Number,C.A. No.-005314-005315 / 2019,09-07-2019 (English)
S.No. 163,Case Number,C.A. No.-011760-011760 / 2018,03-12-2018 (English)
S.No. 164,Case Number,C.A. No.-008114-008114 / 2019,17-10-2019 (English)
S.No. 165,Case Number,C.A. No.-011969-011969 / 2018,14-12-2018 (English)
S.No. 166,Case Number,Crl.A. No.-000299-000299 / 2010,06-08-2019 (English)
S.No. 167,Case Number,Crl.A. No.-001396-001397 / 2012,"15-11-2018 (English)
15-11-2018 (हिन्दी)"
S.No. 168,Case Number,Crl.A. No.-000883-000883 / 2019,"10-05-2019 (English)
10-05-2019 (हिन्दी)"
S.No. 169,Case Number,C.A. No.-004616-004617 / 2009,13-02-2019 (English)
S.No. 170,Case Number,C.A. No.-003138-003141 / 2019,15-03-2019 (English)
S.No. 171,Case Number,C.A. No.-003217-003218 / 2010,20-02-2019 (English)
S.No. 172,Case Number,C.A. No.-012088-012089 / 2018,14-12-2018 (English)
S.No. 173,Case Number,C.A. No.-003308-003308 / 2019,29-03-2019 (English)
S.No. 174,Case Number,SLP(C) No.-007734-007734 / 1997,11-04-2019 (English)
S.No. 175,Case Number,C.A. No.-004529-004529 / 2019,01-05-2019 (English)
S.No. 176,Case Number,C.A. No.-000106-000106 / 2011,"25-09-2019 (English)
25-09-2019 (తెలుగు)"
S.No. 177,Case Number,Crl.A. No.-000508-000508 / 2019,15-03-2019 (English)
S.No. 178,Case Number,SLP(Crl) No.-001832 / 2019,29-03-2019 (English)
S.No. 179,Case Number,C.A. No.-004815-004815 / 2019,"30-09-2019 (English)
30-09-2019 (हिन्दी)"
S.No. 180,Case Number,Crl.A. No.-001487-001487 / 2018,28-11-2018 (English)
S.No. 181,Case Number,C.A. No.-001929 / 2019,08-03-2019 (English)
S.No. 182,Case Number,C.A. No.-006396-006396 / 2012,08-05-2019 (English)
S.No. 183,Case Number,C.A. No.-010501-010502 / 2014,21-08-2019 (English)
S.No. 184,Case Number,C.A. No.-000880-000880 / 2019,"21-01-2019 (English)
21-01-2019 (हिन्दी)"
S.No. 185,Case Number,C.A. No.-010194-010194 / 2013,14-10-2019 (English)
S.No. 186,Case Number,Crl.A. No.-001990-001990 / 2012,26-04-2019 (English)
S.No. 187,Case Number,Crl.A. No.-000838-000838 / 2019,06-05-2019 (English)
S.No. 188,Case Number,MA-000403 / 2019,10-04-2019 (English)
S.No. 189,Case Number,C.A. No.-007804-007813 / 2019,"04-10-2019 (English)
04-10-2019 (മലയാളം)"
S.No. 190,Case Number,C.A. No.-007800-007800 / 2014,"13-09-2019 (English)
13-09-2019 (தமிழ்)"
S.No. 191,Case Number,Crl.A. No.-000539-000540 / 2008,26-04-2019 (English)
S.No. 192,Case Number,CONMT.PET.(C) No.-000408-000409 / 2019,13-08-2019 (English)
S.No. 193,Case Number,Crl.A. No.-000751-000752 / 2019,26-04-2019 (English)
S.No. 194,Case Number,C.A. No.-000193-000193 / 2019,08-01-2019 (English)
S.No. 195,Case Number,Crl.A. No.-001102-001102 / 2019,23-07-2019 (English)
S.No. 196,Case Number,C.A. No.-012242-012242 / 2018,07-12-2018 (English)
S.No. 197,Case Number,C.A. No.-006126 / 2019,24-07-2019 (English)
S.No. 198,Case Number,Crl.A. No.-001465-001465 / 2009,17-01-2019 (English)
S.No. 199,Case Number,C.A. No.-000219-000222 / 2019,09-01-2019 (English)
S.No. 200,Case Number,C.A. No.-004631-004631 / 2019,06-05-2019 (English)
S.No. 201,Case Number,C.A. No.-000087-000088 / 2019,09-01-2019 (English)
S.No. 202,Case Number,C.A. No.-007939-007939 / 2019,04-10-2019 (English)
S.No. 203,Case Number,C.A. No.-000988-000988 / 2019,16-01-2019 (English)
S.No. 204,Case Number,C.A. No.-002096-002096 / 2007,06-02-2019 (অসমীয়া)
S.No. 205,Case Number,C.A. No.-002922-002922 / 2019,12-03-2019 (English)
S.No. 206,Case Number,W.P.(C) No.-000193-000193 / 2016,13-12-2018 (English)
S.No. 207,Case Number,C.A. No.-004676-004676 / 2012,"13-02-2019 (English)
13-02-2019 (മലയാളം)"
S.No. 208,Case Number,C.A. No.-003310-003310 / 2019,29-03-2019 (English)
S.No. 209,Case Number,C.A. No.-003311-003311 / 2019,29-03-2019 (English)
S.No. 210,Case Number,C.A. No.-003309-003309 / 2019,29-03-2019 (English)
S.No. 211,Case Number,C.A. No.-003312-003312 / 2019,29-03-2019 (English)
S.No. 212,Case Number,Crl.A. No.-000385-000385 / 2010,07-08-2019 (English)
S.No. 213,Case Number,Crl.A. No.-000646-000646 / 2010,06-02-2019 (English)
S.No. 214,Case Number,SLP(C) No.-006070-006070 / 2014,08-08-2019 (English)
S.No. 215,Case Number,MA-000712 / 2019,18-10-2019 (English)
S.No. 216,Case Number,C.A. No.-007436-007437 / 2010,09-04-2019 (English)
S.No. 217,Case Number,C.A. No.-008199-008199 / 2009,15-02-2019 (English)
S.No. 218,Case Number,C.A. No.-006642-006642 / 2019,27-08-2019 (English)
S.No. 219,Case Number,C.A. No.-004571-004571 / 2009,09-04-2019 (English)
S.No. 220,Case Number,C.A. No.-001332-001332 / 2008,03-04-2019 (English)
S.No. 221,Case Number,Crl.A. No.-001330-001330 / 2018,"31-10-2018 (English)
31-10-2018 (অসমীয়া)"
S.No. 222,Case Number,C.A. No.-012561-012562 / 2017,29-01-2019 (English)
S.No. 223,Case Number,C.A. No.-001330-001330 / 2019,31-01-2019 (English)
S.No. 224,Case Number,C.A. No.-004834-004834 / 2007,14-11-2018 (English)
S.No. 225,Case Number,C.A. No.-002987-002987 / 2019,13-03-2019 (English)
S.No. 226,Case Number,C.A. No.-010873-010873 / 2018,01-11-2018 (English)
S.No. 227,Case Number,C.A. No.-002926-002926 / 2009,17-09-2019 (English)
S.No. 228,Case Number,C.A. No.-003340-003340 / 2019,01-04-2019 (English)
S.No. 229,Case Number,C.A. No.-004593-004593 / 2019,03-05-2019 (English)
S.No. 230,Case Number,Crl.A. No.-000546-000546 / 2010,"30-07-2019 (English)
30-07-2019 (हिन्दी)"
S.No. 231,Case Number,C.A. No.-007556-007556 / 2019,23-09-2019 (English)
S.No. 232,Case Number,Crl.A. No.-001042-001042 / 2012,"07-08-2019 (English)
07-08-2019 (हिन्दी)"
S.No. 233,Case Number,C.A. No.-011856-011856 / 2018,05-12-2018 (English)
S.No. 234,Case Number,C.A. No.-008042-008042 / 2019,16-10-2019 (English)
S.No. 235,Case Number,C.A. No.-010806-010806 / 2018,29-10-2018 (English)
S.No. 236,Case Number,C.A. No.-014739-014739 / 2015,"15-03-2019 (English)
15-03-2019 (हिन्दी)
15-03-2019 (తెలుగు)"
S.No. 237,Case Number,C.A. No.-006419-006419 / 2019,"19-08-2019 (English)
19-08-2019 (हिन्दी)"
S.No. 238,Case Number,C.A. No.-006144-006144 / 2019,13-08-2019 (English)
S.No. 239,Case Number,C.A. No.-001574-001574 / 2019,"08-02-2019 (English)
08-02-2019 (ಕನ್ನಡ)"
S.No. 240,Case Number,C.A. No.-000124-000125 / 2019,"07-01-2019 (English)
07-01-2019 (हिन्दी)"
S.No. 241,Case Number,Crl.A. No.-001416-001417 / 2017,03-10-2019 (English)
S.No. 242,Case Number,C.A. No.-006261-006262 / 2019,13-08-2019 (English)
S.No. 243,Case Number,C.A. No.-002176-002176 / 2007,09-04-2019 (English)
S.No. 244,Case Number,C.A. No.-006995-006995 / 2019,17-09-2019 (English)
S.No. 245,Case Number,C.A. No.-003529-003529 / 2008,29-01-2019 (English)
S.No. 246,Case Number,C.A. No.-008285-008285 / 2009,04-02-2019 (English)
S.No. 247,Case Number,Crl.A. No.-002133-002133 / 2017,25-10-2018 (English)
S.No. 248,Case Number,C.A. No.-006006-006006 / 2009,29-08-2019 (English)
S.No. 249,Case Number,C.A. No.-001474-001474 / 2019,"05-02-2019 (English)
05-02-2019 (हिन्दी)"
S.No. 250,Case Number,Crl.A. No.-001157-001157 / 2019,"30-07-2019 (English)
30-07-2019 (हिन्दी)"
S.No. 251,Case Number,Crl.A. No.-000296-000296 / 2014,04-09-2019 (English)
S.No. 252,Case Number,Crl.A. No.-001266-001266 / 2010,21-02-2019 (English)
S.No. 253,Case Number,C.A. No.-006977-006978 / 2019,02-09-2019 (English)
S.No. 254,Case Number,Crl.A. No.-001523-001524 / 2019,03-10-2019 (English)
S.No. 255,Case Number,C.A. No.-004666-004666 / 2019,07-05-2019 (English)
S.No. 256,Case Number,C.A. No.-001291-001291 / 2019,29-01-2019 (English)
S.No. 257,Case Number,R.P.(Crl.) No.-000324-000324 / 2015,01-11-2018 (English)
S.No. 258,Case Number,C.A. No.-003814-003814 / 2019,"23-04-2019 (English)
23-04-2019 (हिन्दी)"
S.No. 259,Case Number,C.A. No.-007699-007700 / 2019,"30-09-2019 (English)
30-09-2019 (മലയാളം)"
S.No. 260,Case Number,C.A. No.-001539-001539 / 2019,07-02-2019 (English)
S.No. 261,Case Number,C.A. No.-002049-002158 / 2019,25-02-2019 (English)
S.No. 262,Case Number,C.A. No.-010482-010482 / 2013,29-04-2019 (English)
S.No. 263,Case Number,W.P.(C) No.-000306 / 2019,11-04-2019 (English)
S.No. 264,Case Number,Crl.A. No.-001217-001217 / 2019,07-08-2019 (English)
S.No. 265,Case Number,C.A. No.-008109-008109 / 2010,26-04-2019 (English)
S.No. 266,Case Number,C.A. No.-004806-004806 / 2019,09-05-2019 (English)
S.No. 267,Case Number,C.A. No.-010781-010781 / 2018,26-10-2018 (English)
S.No. 268,Case Number,Crl.A. No.-001104-001104 / 2011,12-02-2019 (English)
S.No. 269,Case Number,Crl.A. No.-001193-001193 / 2011,12-02-2019 (English)
S.No. 270,Case Number,C.A. No.-008649-008649 / 2018,30-11-2018 (English)
S.No. 271,Case Number,C.A. No.-004676-004676 / 2010,"03-09-2019 (English)
03-09-2019 (தமிழ்)"
S.No. 272,Case Number,C.A. No.-006231-006232 / 2019,09-08-2019 (English)
S.No. 273,Case Number,C.A. No.-008015-008016 / 2019,16-10-2019 (English)
S.No. 274,Case Number,C.A. No.-006600-006600 / 2015,"09-04-2019 (English)
09-04-2019 (తెలుగు)"
S.No. 275,Case Number,C.A. No.-005041-005041 / 2009,22-07-2019 (English)
S.No. 276,Case Number,C.A. No.-000235-000236 / 2019,22-01-2019 (English)
S.No. 277,Case Number,C.A. No.-007064-007064 / 2019,"19-09-2019 (English)
03-09-2019 (English)"
S.No. 278,Case Number,C.A. No.-005432-005432 / 2019,12-07-2019 (English)
S.No. 279,Case Number,C.A. No.-006996-006996 / 2019,04-09-2019 (English)
S.No. 280,Case Number,Crl.A. No.-000283-000285 / 2019,15-02-2019 (English)
S.No. 281,Case Number,C.A. No.-001638-001638 / 2019,12-02-2019 (English)
S.No. 282,Case Number,C.A. No.-003319-003319 / 2019,29-03-2019 (English)
S.No. 283,Case Number,C.A. No.-003313-003313 / 2019,29-03-2019 (English)
S.No. 284,Case Number,C.A. No.-003314-003314 / 2019,29-03-2019 (English)
S.No. 285,Case Number,C.A. No.-003315-003315 / 2019,29-03-2019 (English)
S.No. 286,Case Number,Crl.A. No.-001768-001768 / 2010,04-12-2018 (English)
S.No. 287,Case Number,C.A. No.-003960-003960 / 2011,12-09-2019 (English)
S.No. 288,Case Number,R.P.(C) No.-000719 / 2019,10-04-2019 (English)
S.No. 289,Case Number,C.A. No.-007358-007358 / 2019,18-09-2019 (English)
S.No. 290,Case Number,C.A. No.-001299-001299 / 2009,"15-04-2019 (English)
15-04-2019 (हिन्दी)"
S.No. 291,Case Number,CONMT.PET.(C) No.-000847-000848 / 2017,23-09-2019 (English)
S.No. 292,Case Number,C.A. No.-003861-003861 / 2014,09-05-2019 (English)
S.No. 293,Case Number,Crl.A. No.-001388-001389 / 2019,13-09-2019 (English)
S.No. 294,Case Number,C.A. No.-005821-005821 / 2019,24-07-2019 (English)
S.No. 295,Case Number,Crl.A. No.-001593-001593 / 2018,11-12-2018 (English)
S.No. 296,Case Number,Crl.A. No.-001961-001961 / 2009,24-01-2019 (मराठी)
S.No. 297,Case Number,C.A. No.-005820-005820 / 2019,"24-07-2019 (English)
24-07-2019 (हिन्दी)"
S.No. 298,Case Number,C.A. No.-001464-001464 / 2019,05-02-2019 (English)
S.No. 299,Case Number,C.A. No.-002976-002983 / 2019,30-04-2019 (English)
S.No. 300,Case Number,C.A. No.-006661-006661 / 2019,27-08-2019 (English)
S.No. 301,Case Number,C.A. No.-004776-004776 / 2019,08-05-2019 (English)
S.No. 302,Case Number,Crl.A. No.-001165-001165 / 2019,21-08-2019 (English)
S.No. 303,Case Number,C.A. No.-007005 / 2017,22-07-2019 (English)
S.No. 304,Case Number,C.A. No.-001090-001090 / 2008,01-10-2019 (English)
S.No. 305,Case Number,C.A. No.-004642-004642 / 2019,"06-05-2019 (English)
06-05-2019 (हिन्दी)"
S.No. 306,Case Number,Crl.A. No.-001477-001479 / 2011,27-11-2018 (English)
S.No. 307,Case Number,Crl.A. No.-000387-000387 / 2019,26-02-2019 (English)
S.No. 308,Case Number,C.A. No.-006524-006524 / 2009,03-10-2019 (English)
S.No. 309,Case Number,C.A. No.-010812-010812 / 2018,29-10-2018 (English)
S.No. 310,Case Number,C.A. No.-005850-005850 / 2019,25-07-2019 (English)
S.No. 311,Case Number,C.A. No.-010596-010596 / 2010,20-08-2019 (English)
S.No. 312,Case Number,C.A. No.-006057-006057 / 2012,03-12-2018 (English)
S.No. 313,Case Number,C.A. No.-008121 / 2019,04-10-2019 (English)
S.No. 314,Case Number,Crl.A. No.-001144-001144 / 2009,12-02-2019 (English)
S.No. 315,Case Number,C.A. No.-003198-003198 / 2019,26-03-2019 (English)
S.No. 316,Case Number,C.A. No.-002582-002583 / 2011,01-02-2019 (English)
S.No. 317,Case Number,Crl.A. No.-001448-001448 / 2018,26-11-2018 (English)
S.No. 318,Case Number,C.A. No.-001577-001577 / 2019,13-02-2019 (English)
S.No. 319,Case Number,C.A. No.-000009-000011 / 2014,15-11-2018 (English)
S.No. 320,Case Number,Crl.A. No.-001261-001261 / 2008,"07-01-2019 (English)
07-01-2019 (ಕನ್ನಡ)"
S.No. 321,Case Number,C.A. No.-004767 / 2019,10-05-2019 (English)
S.No. 322,Case Number,C.A. No.-001862-001862 / 2014,18-02-2019 (English)
S.No. 323,Case Number,C.A. No.-002896-002896 / 2009,"11-09-2019 (English)
11-09-2019 (हिन्दी)"
S.No. 324,Case Number,C.A. No.-000856-000856 / 2012,"30-10-2018 (English)
30-10-2018 (हिन्दी)"
S.No. 325,Case Number,C.A. No.-006178-006185 / 2019,21-08-2019 (English)
S.No. 326,Case Number,Crl.A. No.-000727-000727 / 2015,06-08-2019 (English)
S.No. 327,Case Number,Crl.A. No.-001238 / 2019,14-08-2019 (English)
S.No. 328,Case Number,Crl.A. No.-000680-000681 / 2009,"29-03-2019 (English)
29-03-2019 (தமிழ்)"
S.No. 329,Case Number,Crl.A. No.-000277-000277 / 2019,15-02-2019 (English)
S.No. 330,Case Number,W.P.(C) No.-000376 / 2018,19-08-2019 (English)
S.No. 331,Case Number,Crl.A. No.-000473-000474 / 2019,"12-03-2019 (English)
12-03-2019 (हिन्दी)"
S.No. 332,Case Number,C.A. No.-004453-004453 / 2009,"07-01-2019 (English)
07-01-2019 (हिन्दी)"
S.No. 333,Case Number,C.A. No.-003149-003149 / 2019,"15-03-2019 (English)
15-03-2019 (मराठी)"
S.No. 334,Case Number,C.A. No.-002452-002452 / 2010,17-09-2019 (English)
S.No. 335,Case Number,Crl.A. No.-002007-002007 / 2008,15-02-2019 (English)
S.No. 336,Case Number,Crl.A. No.-001160-001160 / 2019,30-07-2019 (English)
S.No. 337,Case Number,CONMT.PET.(C) No.-001045-001055 / 2018,07-03-2019 (English)
S.No. 338,Case Number,C.A. No.-004582-004582 / 2019,03-05-2019 (English)
S.No. 339,Case Number,C.A. No.-005153 / 2019,15-10-2019 (English)
S.No. 340,Case Number,C.A. No.-003505-003505 / 2009,07-01-2019 (English)
S.No. 341,Case Number,C.A. No.-004483-004483 / 2019,30-04-2019 (English)
S.No. 342,Case Number,C.A. No.-007279-007279 / 2019,16-09-2019 (English)
S.No. 343,Case Number,Crl.A. No.-000118-000119 / 2019,"22-01-2019 (English)
22-01-2019 (मराठी)"
S.No. 344,Case Number,C.A. No.-003316-003316 / 2019,29-03-2019 (English)
S.No. 345,Case Number,C.A. No.-003317-003317 / 2019,29-03-2019 (English)
S.No. 346,Case Number,C.A. No.-003318-003318 / 2019,29-03-2019 (English)
S.No. 347,Case Number,Crl.A. No.-001175-001175 / 2014,22-02-2019 (English)
S.No. 348,Case Number,C.A. No.-005177-005177 / 2009,28-01-2019 (English)
S.No. 349,Case Number,C.A. No.-006202-006205 / 2019,08-08-2019 (English)
S.No. 350,Case Number,Crl.A. No.-001046-001046 / 2010,19-09-2019 (English)
S.No. 351,Case Number,C.A. No.-004025-004025 / 2010,26-09-2019 (English)
S.No. 352,Case Number,Crl.A. No.-000069-000070 / 2019,14-01-2019 (English)
S.No. 353,Case Number,C.A. No.-010807-010807 / 2018,29-10-2018 (English)
S.No. 354,Case Number,C.A. No.-002530-002530 / 2012,"07-03-2019 (English)
07-03-2019 (हिन्दी)
07-01-2019 (English)"
S.No. 355,Case Number,Crl.A. No.-001893-001893 / 2010,"27-09-2019 (English)
27-09-2019 (தமிழ்)"
S.No. 356,Case Number,C.A. No.-011887-011887 / 2018,06-12-2018 (English)
S.No. 357,Case Number,C.A. No.-003793-003793 / 2016,05-08-2019 (English)
S.No. 358,Case Number,C.A. No.-005810-005810 / 2009,07-01-2019 (English)
S.No. 359,Case Number,Crl.A. No.-001669-001669 / 2009,"28-02-2019 (English)
28-02-2019 (हिन्दी)"
S.No. 360,Case Number,C.A. No.-007023-007023 / 2019,05-09-2019 (English)
S.No. 361,Case Number,C.A. No.-002420-002420 / 2018,"10-07-2019 (English)
10-07-2019 (தமிழ்)"
S.No. 362,Case Number,C.A. No.-006673-006673 / 2019,28-08-2019 (English)
S.No. 363,Case Number,C.A. No.-009218-009219 / 2018,25-07-2019 (English)
S.No. 364,Case Number,C.A. No.-004981-004981 / 2012,20-09-2019 (English)
S.No. 365,Case Number,Crl.A. No.-001620-001620 / 2018,13-12-2018 (English)
S.No. 366,Case Number,Crl.A. No.-000820-000821 / 2009,"29-03-2019 (English)
29-03-2019 (தமிழ்)"
S.No. 367,Case Number,C.A. No.-003747 / 2019,04-06-2019 (English)
S.No. 368,Case Number,C.A. No.-001537-001538 / 2019,07-02-2019 (English)
S.No. 369,Case Number,C.A. No.-005753-005754 / 2011,31-01-2019 (English)
S.No. 370,Case Number,C.A. No.-003571 / 2019,16-04-2019 (English)
S.No. 371,Case Number,C.A. No.-004487-004487 / 2009,11-12-2018 (English)
S.No. 372,Case Number,C.A. No.-007224-007225 / 2012,07-01-2019 (English)
S.No. 373,Case Number,C.A. No.-010811-010811 / 2018,"29-10-2018 (English)
29-10-2018 (हिन्दी)"
S.No. 374,Case Number,C.A. No.-003086-003086 / 2016,22-04-2019 (English)
S.No. 375,Case Number,C.A. No.-010947-010947 / 2018,13-11-2018 (English)
S.No. 376,Case Number,Crl.A. No.-000834-000834 / 2017,08-08-2019 (English)
S.No. 377,Case Number,C.A. No.-011370-011370 / 2018,27-11-2018 (English)
S.No. 378,Case Number,C.A. No.-007390-007391 / 2009,31-01-2019 (English)
S.No. 379,Case Number,C.A. No.-000092-000092 / 2019,07-02-2019 (English)
S.No. 380,Case Number,Crl.A. No.-001162-001163 / 2019,30-07-2019 (English)
S.No. 381,Case Number,C.A. No.-002336-002336 / 2019,26-02-2019 (English)
S.No. 382,Case Number,C.A. No.-005302-005302 / 2019,09-07-2019 (English)
S.No. 383,Case Number,C.A. No.-006038-006038 / 2003,18-02-2019 (English)
S.No. 384,Case Number,C.A. No.-010208-010208 / 2010,"18-07-2019 (English)
18-07-2019 (हिन्दी)"
S.No. 385,Case Number,C.A. No.-008628-008629 / 2009,"16-07-2019 (English)
16-07-2019 (தமிழ்)"
S.No. 386,Case Number,Crl.A. No.-001481-001481 / 2018,28-11-2018 (English)
S.No. 387,Case Number,Crl.A. No.-000170-000170 / 2009,13-12-2018 (English)
S.No. 388,Case Number,Crl.A. No.-001211-001211 / 2014,"16-07-2019 (English)
16-07-2019 (हिन्दी)"
S.No. 389,Case Number,C.A. No.-002468-002470 / 2019,"05-03-2019 (English)
05-03-2019 (मराठी)"
S.No. 390,Case Number,C.A. No.-001690-001690 / 2010,24-01-2019 (English)
S.No. 391,Case Number,C.A. No.-001524-001525 / 2019,"20-08-2019 (English)
20-08-2019 (हिन्दी)"
S.No. 392,Case Number,R.P.(Crl.) No.-000228 / 2018,01-10-2019 (English)
S.No. 393,Case Number,C.A. No.-006016-006017 / 2019,20-08-2019 (English)
S.No. 394,Case Number,C.A. No.-005978-005978 / 2019,31-07-2019 (English)
S.No. 395,Case Number,C.A. No.-001163-001163 / 2007,24-01-2019 (हिन्दी)
S.No. 396,Case Number,C.A. No.-011047-011061 / 2018,16-11-2018 (English)
S.No. 397,Case Number,C.A. No.-006438-006438 / 2019,"20-08-2019 (English)
20-08-2019 (हिन्दी)"
S.No. 398,Case Number,C.A. No.-006183-006183 / 2010,11-07-2019 (English)
S.No. 399,Case Number,W.P.(C) No.-000333 / 2018,11-02-2019 (English)
S.No. 400,Case Number,Crl.A. No.-001660-001660 / 2010,"05-09-2019 (English)
05-09-2019 (हिन्दी)"
S.No. 401,Case Number,C.A. No.-010677-010678 / 2018,24-10-2018 (English)
S.No. 402,Case Number,C.A. No.-011365-011365 / 2018,27-11-2018 (English)
S.No. 403,Case Number,Crl.A. No.-001682-001682 / 2012,04-07-2019 (English)
S.No. 404,Case Number,C.A. No.-008366-008367 / 2010,27-02-2019 (English)
S.No. 405,Case Number,C.A. No.-003631-003631 / 2019,10-04-2019 (English)
S.No. 406,Case Number,Crl.A. No.-001545-001545 / 2019,17-10-2019 (English)
S.No. 407,Case Number,C.A. No.-001429-001429 / 2011,"19-09-2019 (English)
19-09-2019 (മലയാളം)"
S.No. 408,Case Number,C.A. No.-005528-005528 / 2019,15-07-2019 (English)
S.No. 409,Case Number,W.P.(C) No.-000455 / 2019,25-09-2019 (English)
S.No. 410,Case Number,SLP(Crl) No.-004158 / 2019,27-08-2019 (English)
S.No. 411,Case Number,Crl.A. No.-001079-001079 / 2011,"03-09-2019 (English)
03-09-2019 (ਪੰਜਾਬੀ)"
S.No. 412,Case Number,Crl.A. No.-000448-000448 / 2019,07-03-2019 (English)
S.No. 413,Case Number,Crl.A. No.-000888-000888 / 2019,10-05-2019 (English)
S.No. 414,Case Number,Crl.A. No.-001931-001931 / 2009,"04-01-2019 (English)
04-01-2019 (हिन्दी)"
S.No. 415,Case Number,C.A. No.-001555-001555 / 2019,08-02-2019 (English)
S.No. 416,Case Number,Crl.A. No.-001167-001167 / 2019,"31-07-2019 (English)
31-07-2019 (हिन्दी)"
S.No. 417,Case Number,C.A. No.-002562-002562 / 2019,"26-02-2019 (English)
26-02-2019 (हिन्दी)"
S.No. 418,Case Number,Crl.A. No.-001804-001804 / 2011,28-02-2019 (English)
S.No. 419,Case Number,C.A. No.-009576-009576 / 2010,"17-09-2019 (English)
17-09-2019 (ଓଡ଼ିଆ)"
S.No. 420,Case Number,Crl.A. No.-000445-000446 / 2019,"07-03-2019 (English)
07-03-2019 (தமிழ்)"
S.No. 421,Case Number,C.A. No.-007843-007843 / 2019,04-10-2019 (English)
S.No. 422,Case Number,Crl.A. No.-001424-001424 / 2018,"20-11-2018 (English)
20-11-2018 (हिन्दी)"
S.No. 423,Case Number,C.A. No.-001339-001339 / 2019,29-01-2019 (অসমীয়া)
S.No. 424,Case Number,Crl.A. No.-000014-000014 / 2019,"04-01-2019 (English)
04-01-2019 (हिन्दी)"
S.No. 425,Case Number,C.A. No.-007577-007577 / 2019,"26-09-2019 (English)
26-09-2019 (ଓଡ଼ିଆ)"
S.No. 426,Case Number,Crl.A. No.-000111-000111 / 2011,14-12-2018 (English)
S.No. 427,Case Number,Crl.A. No.-001517-001517 / 2019,17-10-2019 (English)
S.No. 428,Case Number,C.A. No.-009023-009023 / 2018,27-05-2019 (English)
S.No. 429,Case Number,C.A. No.-007545-007546 / 2009,"12-03-2019 (English)
12-03-2019 (हिन्दी)"
S.No. 430,Case Number,C.A. No.-005739-005739 / 2019,22-07-2019 (English)
S.No. 431,Case Number,C.A. No.-007546-007547 / 2019,"23-09-2019 (English)
23-09-2019 (தமிழ்)"
S.No. 432,Case Number,C.A. No.-005282-005282 / 2005,09-04-2019 (English)
S.No. 433,Case Number,C.A. No.-011495-011495 / 2018,30-11-2018 (English)
S.No. 434,Case Number,C.A. No.-003168-003168 / 2010,03-12-2018 (English)
S.No. 435,Case Number,C.A. No.-001462-001462 / 2019,"05-02-2019 (English)
05-02-2019 (हिन्दी)"
S.No. 436,Case Number,C.A. No.-006403-006403 / 2009,"12-03-2019 (English)
12-03-2019 (हिन्दी)"
S.No. 437,Case Number,C.A. No.-007798-007798 / 2019,04-10-2019 (English)
S.No. 438,Case Number,C.A. No.-004380-004382 / 2016,28-11-2018 (English)
S.No. 439,Case Number,Crl.A. No.-000698-000698 / 2010,20-02-2019 (English)
S.No. 440,Case Number,C.A. No.-011822-011822 / 2018,04-12-2018 (English)
S.No. 441,Case Number,C.A. No.-000294-000294 / 2007,01-03-2019 (English)
S.No. 442,Case Number,C.A. No.-007130-007130 / 2010,30-08-2019 (English)
S.No. 443,Case Number,Crl.A. No.-002100-002100 / 2008,"15-02-2019 (English)
15-02-2019 (हिन्दी)"
S.No. 444,Case Number,C.A. No.-002837-002837 / 2011,"04-10-2019 (English)
04-10-2019 (ਪੰਜਾਬੀ)"
S.No. 445,Case Number,C.A. No.-000230-000230 / 2019,09-01-2019 (English)
S.No. 446,Case Number,C.A. No.-002491-002492 / 2019,05-03-2019 (English)
S.No. 447,Case Number,C.A. No.-011866-011866 / 2018,05-12-2018 (English)
S.No. 448,Case Number,C.A. No.-014214-014214 / 2016,08-01-2019 (English)
S.No. 449,Case Number,CONMT.PET.(Crl.) No.-000002-000002 / 2012,22-01-2019 (English)
S.No. 450,Case Number,C.A. No.-007843-007843 / 2009,"10-12-2018 (English)
10-12-2018 (తెలుగు)"
S.No. 451,Case Number,C.A. No.-004601-004601 / 2009,25-10-2018 (English)
S.No. 452,Case Number,Crl.A. No.-000622-000622 / 2019,09-04-2019 (English)
S.No. 453,Case Number,W.P.(C) No.-000096-000096 / 2011,16-04-2019 (English)
S.No. 454,Case Number,C.A. No.-006384-006384 / 2010,16-11-2018 (English)
S.No. 455,Case Number,Crl.A. No.-001482-001483 / 2018,28-11-2018 (English)
S.No. 456,Case Number,C.A. No.-010521-010521 / 2013,04-10-2019 (English)
S.No. 457,Case Number,C.A. No.-008320-008320 / 2011,04-12-2018 (English)
S.No. 458,Case Number,C.A. No.-005802 / 2018,07-12-2018 (English)
S.No. 459,Case Number,C.A. No.-003152-003152 / 2019,15-03-2019 (English)
S.No. 460,Case Number,C.A. No.-011863-011864 / 2018,05-12-2018 (English)
S.No. 461,Case Number,C.A. No.-004261-004261 / 2019,24-04-2019 (English)
S.No. 462,Case Number,C.A. No.-005051-005052 / 2009,12-03-2019 (English)
S.No. 463,Case Number,C.A. No.-011907-011907 / 2018,06-12-2018 (English)
S.No. 464,Case Number,C.A. No.-007426-007426 / 2011,15-03-2019 (English)
S.No. 465,Case Number,Crl.A. No.-001941-001941 / 2010,22-01-2019 (English)
S.No. 466,Case Number,C.A. No.-007703-007704 / 2009,26-03-2019 (English)
S.No. 467,Case Number,C.A. No.-010670-010670 / 2018,23-10-2018 (English)
S.No. 468,Case Number,C.A. No.-010442-010442 / 2011,24-10-2018 (English)
S.No. 469,Case Number,C.A. No.-007001-007001 / 2019,04-09-2019 (English)
S.No. 470,Case Number,Crl.A. No.-000725-000725 / 2012,09-04-2019 (English)
S.No. 471,Case Number,C.A. No.-012011-012011 / 2018,07-12-2018 (తెలుగు)
S.No. 472,Case Number,C.A. No.-003046-003046 / 2019,14-03-2019 (English)
S.No. 473,Case Number,C.A. No.-007768-007768 / 2011,26-04-2019 (English)
S.No. 474,Case Number,C.A. No.-010003-010003 / 2010,09-07-2019 (English)
S.No. 475,Case Number,W.P.(C) No.-000300-000300 / 2016,06-09-2019 (English)
S.No. 476,Case Number,C.A. No.-000879-000879 / 2019,21-01-2019 (English)
S.No. 477,Case Number,C.A. No.-011338-011338 / 2018,26-11-2018 (English)
S.No. 478,Case Number,Crl.A. No.-001395-001395 / 2018,"15-11-2018 (English)
15-11-2018 (हिन्दी)"
S.No. 479,Case Number,C.A. No.-007363-007363 / 2000,14-08-2019 (English)
S.No. 480,Case Number,Crl.A. No.-000759-000759 / 2019,"26-04-2019 (English)
26-04-2019 (हिन्दी)"
S.No. 481,Case Number,C.A. No.-001416-001416 / 2019,04-02-2019 (English)
S.No. 482,Case Number,CONMT.PET.(C) No.-001041 / 2018,13-11-2018 (English)
S.No. 483,Case Number,C.A. No.-005898-005898 / 2019,31-07-2019 (English)
S.No. 484,Case Number,C.A. No.-006784-006785 / 2018,27-11-2018 (English)
S.No. 485,Case Number,C.A. No.-011355-011355 / 2018,20-11-2018 (English)
S.No. 486,Case Number,Crl.A. No.-002103-002103 / 2008,28-03-2019 (English)
S.No. 487,Case Number,C.A. No.-002021-002021 / 2010,21-08-2019 (English)
S.No. 488,Case Number,MA-001151 / 2018,10-05-2019 (English)
S.No. 489,Case Number,C.A. No.-007532-007533 / 2019,04-10-2019 (English)
S.No. 490,Case Number,C.A. No.-000117-000117 / 2019,07-01-2019 (English)
S.No. 491,Case Number,Crl.A. No.-002122-002122 / 2010,05-04-2019 (English)
S.No. 492,Case Number,C.A. No.-002784-002785 / 2009,"12-02-2019 (English)
12-02-2019 (हिन्दी)"
S.No. 493,Case Number,Crl.A. No.-000056-000056 / 2010,"09-08-2019 (English)
09-08-2019 (தமிழ்)"
S.No. 494,Case Number,MA-000883-000884 / 2019,09-07-2019 (English)
S.No. 495,Case Number,C.A. No.-002544-002545 / 2019,"06-03-2019 (English)
06-03-2019 (हिन्दी)"
S.No. 496,Case Number,C.A. No.-008069-008069 / 2019,"17-10-2019 (English)
17-10-2019 (தமிழ்)"
S.No. 497,Case Number,W.P.(C) No.-000436 / 2018,15-02-2019 (English)
S.No. 498,Case Number,C.A. No.-011857-011859 / 2018,05-12-2018 (English)
S.No. 499,Case Number,C.A. No.-001751-001763 / 2019,19-02-2019 (English)
S.No. 500,Case Number,Crl.A. No.-000557-000557 / 2010,"17-09-2019 (English)
17-09-2019 (தமிழ்)"
S.No. 501,Case Number,C.A. No.-004616-004617 / 2018,08-01-2019 (English)
S.No. 502,Case Number,Crl.A. No.-001827-001827 / 2009,25-02-2019 (English)
S.No. 503,Case Number,W.P.(C) No.-000274-000274 / 2009,13-08-2019 (English)
S.No. 504,Case Number,C.A. No.-011042-011042 / 2018,"16-11-2018 (English)
16-11-2018 (हिन्दी)"
S.No. 505,Case Number,Crl.A. No.-000875-000875 / 2019,09-05-2019 (English)
S.No. 506,Case Number,C.A. No.-003873-003873 / 2010,30-04-2019 (English)
S.No. 507,Case Number,Crl.A. No.-000379-000379 / 2010,07-02-2019 (English)
S.No. 508,Case Number,C.A. No.-006190-006201 / 2019,"08-08-2019 (English)
08-08-2019 (தமிழ்)"
S.No. 509,Case Number,Crl.A. No.-001321-001321 / 2018,30-10-2018 (English)
S.No. 510,Case Number,C.A. No.-011356-011356 / 2018,26-11-2018 (English)
S.No. 511,Case Number,Crl.A. No.-000324-000324 / 2019,"21-02-2019 (English)
21-02-2019 (ಕನ್ನಡ)"
S.No. 512,Case Number,C.A. No.-004282-004282 / 2019,"25-04-2019 (English)
25-04-2019 (मराठी)"
S.No. 513,Case Number,Crl.A. No.-000230-000231 / 2019,06-02-2019 (English)
S.No. 514,Case Number,Crl.A. No.-000903 / 2018,30-04-2019 (English)
S.No. 515,Case Number,Crl.A. No.-001540-001540 / 2018,03-12-2018 (English)
S.No. 516,Case Number,Crl.A. No.-001723-001723 / 2009,"05-02-2019 (English)
05-02-2019 (हिन्दी)"
S.No. 517,Case Number,C.A. No.-008071-008071 / 2010,"12-09-2019 (English)
12-09-2019 (ଓଡ଼ିଆ)"
S.No. 518,Case Number,Crl.A. No.-000211-000211 / 2019,04-02-2019 (English)
S.No. 519,Case Number,C.A. No.-002723-002723 / 2015,01-10-2019 (English)
S.No. 520,Case Number,C.A. No.-004451-004451 / 2009,23-10-2018 (English)
S.No. 521,Case Number,C.A. No.-011086-011086 / 2018,16-04-2019 (English)
S.No. 522,Case Number,C.A. No.-006102-006102 / 2019,06-08-2019 (English)
S.No. 523,Case Number,Crl.A. No.-000623-000623 / 2019,09-04-2019 (English)
S.No. 524,Case Number,C.A. No.-005842-005842 / 2019,25-07-2019 (English)
S.No. 525,Case Number,Crl.A. No.-001989-001989 / 2010,"26-09-2019 (English)
26-09-2019 (हिन्दी)"
S.No. 526,Case Number,C.A. No.-005016-005016 / 2016,05-03-2019 (English)
S.No. 527,Case Number,Crl.A. No.-002298-002298 / 2009,30-10-2018 (English)
S.No. 528,Case Number,Crl.A. No.-000088-000089 / 2019,"17-01-2019 (English)
17-01-2019 (मराठी)"
S.No. 529,Case Number,C.A. No.-004852-004852 / 2011,28-08-2019 (English)
S.No. 530,Case Number,C.A. No.-002736-002736 / 2019,11-03-2019 (English)
S.No. 531,Case Number,Crl.A. No.-001656-001656 / 2013,"10-04-2019 (English)
10-04-2019 (ಕನ್ನಡ)"
S.No. 532,Case Number,Crl.A. No.-001558-001559 / 2018,05-12-2018 (English)
S.No. 533,Case Number,C.A. No.-004037-004037 / 2019,"22-04-2019 (English)
22-04-2019 (हिन्दी)"
S.No. 534,Case Number,Crl.A. No.-001283-001283 / 2019,27-08-2019 (English)
S.No. 535,Case Number,C.A. No.-000007-000007 / 2019,02-01-2019 (English)
S.No. 536,Case Number,C.A. No.-008321-008324 / 2011,24-07-2019 (English)
S.No. 537,Case Number,Crl.A. No.-000971-000971 / 2012,15-02-2019 (English)
S.No. 538,Case Number,C.A. No.-014967-014967 / 2017,02-04-2019 (English)
S.No. 539,Case Number,C.A. No.-010853-010853 / 2018,31-10-2018 (English)
S.No. 540,Case Number,Crl.A. No.-000428-000430 / 2019,05-03-2019 (English)
S.No. 541,Case Number,C.A. No.-003146-003146 / 2019,15-03-2019 (English)
S.No. 542,Case Number,C.A. No.-007603 / 2019,25-09-2019 (English)
S.No. 543,Case Number,Crl.A. No.-000009-000009 / 2019,03-01-2019 (English)
S.No. 544,Case Number,Crl.A. No.-001411-001411 / 2018,20-02-2019 (English)
S.No. 545,Case Number,MA-000910-000924 / 2019,01-10-2019 (English)
S.No. 546,Case Number,Crl.A. No.-001492-001492 / 2009,"08-04-2019 (English)
08-04-2019 (हिन्दी)"
S.No. 547,Case Number,C.A. No.-007991-007991 / 2019,14-10-2019 (English)
S.No. 548,Case Number,C.A. No.-004763-004764 / 2013,18-02-2019 (English)
S.No. 549,Case Number,Crl.A. No.-000395-000395 / 2019,"27-02-2019 (English)
27-02-2019 (हिन्दी)"
S.No. 550,Case Number,C.A. No.-004665-004665 / 2019,"07-05-2019 (English)
07-05-2019 (मराठी)"
S.No. 551,Case Number,C.A. No.-001057-001057 / 2019,24-01-2019 (English)
S.No. 552,Case Number,C.A. No.-007011-007011 / 2009,"26-04-2019 (English)
26-04-2019 (தமிழ்)"
S.No. 553,Case Number,C.A. No.-008718-008718 / 2012,06-02-2019 (English)
S.No. 554,Case Number,C.A. No.-004563-004563 / 2019,"02-05-2019 (English)
02-05-2019 (اُردُو)"
S.No. 555,Case Number,C.A. No.-004056-004056 / 2019,22-04-2019 (English)
S.No. 556,Case Number,Crl.A. No.-000233-000233 / 2010,"25-07-2019 (English)
25-07-2019 (हिन्दी)"
S.No. 557,Case Number,C.A. No.-005050-005050 / 2009,29-11-2018 (English)
S.No. 558,Case Number,C.A. No.-006188-006188 / 2019,21-08-2019 (English)
S.No. 559,Case Number,Crl.A. No.-001417-001417 / 2018,19-11-2018 (English)
S.No. 560,Case Number,C.A. No.-001264-001264 / 2019,"06-02-2019 (English)
06-02-2019 (অসমীয়া)"
S.No. 561,Case Number,C.A. No.-004952 / 2019,18-09-2019 (English)
S.No. 562,Case Number,Crl.A. No.-001112-001112 / 2015,"05-02-2019 (English)
05-02-2019 (हिन्दी)"
S.No. 563,Case Number,C.A. No.-005708-005708 / 2019,19-07-2019 (English)
S.No. 564,Case Number,C.A. No.-010869-010869 / 2018,"29-10-2018 (English)
29-10-2018 (हिन्दी)"
S.No. 565,Case Number,C.A. No.-002607-002607 / 2013,18-09-2019 (English)
S.No. 566,Case Number,C.A. No.-002383-002383 / 2019,26-02-2019 (English)
S.No. 567,Case Number,C.A. No.-004992-004992 / 2012,20-02-2019 (English)
S.No. 568,Case Number,C.A. No.-004826-004826 / 2012,20-02-2019 (English)
S.No. 569,Case Number,C.A. No.-005185-005185 / 2019,04-07-2019 (English)
S.No. 570,Case Number,SLP(C) No.-013117 / 2019,18-10-2019 (English)
S.No. 571,Case Number,Crl.A. No.-001835-001835 / 2010,03-10-2019 (English)
S.No. 572,Case Number,SLP(C) No.-014078 / 2019,17-07-2019 (English)
S.No. 573,Case Number,C.A. No.-003539-003539 / 2009,23-04-2019 (English)
S.No. 574,Case Number,C.A. No.-004696-004696 / 2013,"04-10-2019 (English)
04-10-2019 (తెలుగు)"
S.No. 575,Case Number,Crl.A. No.-001013-001013 / 2019,"09-07-2019 (English)
09-07-2019 (தமிழ்)"
S.No. 576,Case Number,Crl.A. No.-001512-001512 / 2018,03-12-2018 (English)
S.No. 577,Case Number,C.A. No.-001809-001809 / 2006,25-10-2018 (English)
S.No. 578,Case Number,C.A. No.-001581-001582 / 2005,01-03-2019 (English)
S.No. 579,Case Number,Crl.A. No.-001392-001392 / 2008,31-07-2019 (English)
S.No. 580,Case Number,C.A. No.-011902-011902 / 2018,06-12-2018 (English)
S.No. 581,Case Number,Crl.A. No.-001963-001963 / 2010,24-09-2019 (English)
S.No. 582,Case Number,C.A. No.-006696-006696 / 2019,29-08-2019 (English)
S.No. 583,Case Number,C.A. No.-001269-001270 / 2019,29-01-2019 (English)
S.No. 584,Case Number,Crl.A. No.-001932-001932 / 2010,23-01-2019 (English)
S.No. 585,Case Number,C.A. No.-006300-006300 / 2009,27-08-2019 (English)
S.No. 586,Case Number,Crl.A. No.-000556-000556 / 2009,"31-07-2019 (English)
31-07-2019 (ਪੰਜਾਬੀ)"
S.No. 587,Case Number,C.A. No.-005699-005699 / 2019,19-07-2019 (English)
S.No. 588,Case Number,C.A. No.-002478-002479 / 2019,05-03-2019 (English)
S.No. 589,Case Number,C.A. No.-004881-004881 / 2010,03-12-2018 (English)
S.No. 590,Case Number,W.P.(C) No.-000406-000406 / 2013,13-12-2018 (English)
S.No. 591,Case Number,Crl.A. No.-000148-000148 / 2010,08-01-2019 (English)
S.No. 592,Case Number,C.A. No.-002960-002960 / 2019,13-03-2019 (English)
S.No. 593,Case Number,C.A. No.-005276-005276 / 2008,23-10-2018 (English)
S.No. 594,Case Number,Crl.A. No.-001415-001415 / 2018,"19-11-2018 (English)
19-11-2018 (ಕನ್ನಡ)"
S.No. 595,Case Number,C.A. No.-005388-005389 / 2019,11-07-2019 (English)
S.No. 596,Case Number,Crl.A. No.-001702-001706 / 2014,10-12-2018 (English)
S.No. 597,Case Number,C.A. No.-004003-004003 / 2019,01-05-2019 (English)
S.No. 598,Case Number,Crl.A. No.-001433-001434 / 2014,05-03-2019 (English)
S.No. 599,Case Number,C.A. No.-003239-003239 / 2019,27-03-2019 (English)
S.No. 600,Case Number,C.A. No.-008626-008626 / 2009,"01-07-2019 (English)
01-07-2019 (தமிழ்)"
S.No. 601,Case Number,Crl.A. No.-001475-001475 / 2017,24-05-2019 (English)
S.No. 602,Case Number,Crl.A. No.-000042-000042 / 2010,03-09-2019 (English)
S.No. 603,Case Number,R.P.(Crl.) No.-000308-000308 / 2011,14-02-2019 (English)
S.No. 604,Case Number,C.A. No.-006022-006022 / 2019,01-08-2019 (English)
S.No. 605,Case Number,C.A. No.-005397-005397 / 2010,20-08-2019 (English)
S.No. 606,Case Number,C.A. No.-004455-004455 / 2019,29-04-2019 (English)
S.No. 607,Case Number,SLP(C) No.-037375-037375 / 2016,27-02-2019 (English)
S.No. 608,Case Number,Crl.A. No.-001563-001563 / 2019,"15-10-2019 (English)
15-10-2019 (हिन्दी)"
S.No. 609,Case Number,C.A. No.-003135-003136 / 2019,15-03-2019 (English)
S.No. 610,Case Number,Crl.A. No.-000022-000022 / 2019,07-01-2019 (English)
S.No. 611,Case Number,C.A. No.-004779-004779 / 2019,08-05-2019 (English)
S.No. 612,Case Number,Crl.A. No.-001839-001839 / 2010,19-02-2019 (English)
S.No. 613,Case Number,C.A. No.-004478-004478 / 2007,03-07-2019 (English)
S.No. 614,Case Number,C.A. No.-002554-002555 / 2019,07-03-2019 (English)
S.No. 615,Case Number,Crl.A. No.-000905-000905 / 2010,04-10-2019 (English)
S.No. 616,Case Number,Crl.A. No.-000917-000944 / 2019,29-05-2019 (English)
S.No. 617,Case Number,C.A. No.-003740-003740 / 2019,"10-04-2019 (English)
10-04-2019 (हिन्दी)"
S.No. 618,Case Number,Crl.A. No.-001123-001123 / 2010,07-05-2019 (English)
S.No. 619,Case Number,C.A. No.-012040-012040 / 2018,"03-01-2019 (English)
03-01-2019 (हिन्दी)
03-01-2019 (ಕನ್ನಡ)"
S.No. 620,Case Number,C.A. No.-003282-003283 / 2019,"28-03-2019 (English)
28-03-2019 (हिन्दी)"
S.No. 621,Case Number,C.A. No.-007184-007185 / 2013,30-10-2018 (English)
S.No. 622,Case Number,C.A. No.-001381-001381 / 2019,01-02-2019 (English)
S.No. 623,Case Number,C.A. No.-006638-006638 / 2010,17-10-2019 (English)
S.No. 624,Case Number,C.A. No.-004610-004610 / 2014,12-09-2019 (English)
S.No. 625,Case Number,C.A. No.-004489-004489 / 2019,"30-04-2019 (English)
30-04-2019 (हिन्दी)"
S.No. 626,Case Number,C.A. No.-011331-011331 / 2018,26-11-2018 (English)
S.No. 627,Case Number,C.A. No.-018300-018305 / 2017,"10-12-2018 (English)
10-12-2018 (हिन्दी)"
S.No. 628,Case Number,R.P.(Crl.) No.-000245-000245 / 2010,12-12-2018 (English)
S.No. 629,Case Number,Crl.A. No.-001697-001697 / 2009,12-02-2019 (English)
S.No. 630,Case Number,C.A. No.-005823-005823 / 2019,24-07-2019 (English)
S.No. 631,Case Number,C.A. No.-002362-002362 / 2019,27-02-2019 (English)
S.No. 632,Case Number,Crl.A. No.-000483-000483 / 2019,"13-03-2019 (English)
13-03-2019 (हिन्दी)"
S.No. 633,Case Number,R.P.(Crl.) No.-000388-000388 / 2015,01-11-2018 (English)
S.No. 634,Case Number,R.P.(Crl.) No.-000401-000402 / 2012,01-10-2019 (English)
S.No. 635,Case Number,Crl.A. No.-000951-000951 / 2019,01-07-2019 (English)
S.No. 636,Case Number,Crl.A. No.-000183-000183 / 2013,26-10-2018 (English)
S.No. 637,Case Number,C.A. No.-007433-007433 / 2019,"19-09-2019 (English)
19-09-2019 (हिन्दी)"
S.No. 638,Case Number,CONMT.PET.(C) No.-001505-001506 / 2017,08-05-2019 (English)
S.No. 639,Case Number,C.A. No.-004875-004884 / 2019,10-05-2019 (English)
S.No. 640,Case Number,C.A. No.-000083-000083 / 2019,22-01-2019 (English)
S.No. 641,Case Number,C.A. No.-005040-005040 / 2008,"08-03-2019 (English)
08-03-2019 (हिन्दी)"
S.No. 642,Case Number,C.A. No.-001424-001424 / 2016,"24-04-2019 (English)
24-04-2019 (മലയാളം)"
S.No. 643,Case Number,C.A. No.-002961-002961 / 2019,"13-03-2019 (English)
13-03-2019 (मराठी)"
S.No. 644,Case Number,Crl.A. No.-001258-001258 / 2019,"22-08-2019 (English)
22-08-2019 (ಕನ್ನಡ)"
S.No. 645,Case Number,CONMT.PET.(C) No.-001624 / 2017,04-01-2019 (English)
S.No. 646,Case Number,Crl.A. No.-001174-001175 / 2019,"01-08-2019 (English)
01-08-2019 (தமிழ்)"
S.No. 647,Case Number,Crl.A. No.-000015-000015 / 2019,04-01-2019 (English)
S.No. 648,Case Number,Crl.A. No.-001008-001009 / 2007,"05-03-2019 (English)
05-03-2019 (मराठी)"
S.No. 649,Case Number,W.P.(C) No.-000747 / 2019,21-06-2019 (English)
S.No. 650,Case Number,C.A. No.-006038-006038 / 2015,15-03-2019 (English)
S.No. 651,Case Number,W.P.(C) No.-000745 / 2018,25-10-2018 (English)
S.No. 652,Case Number,C.A. No.-003197-003197 / 2019,26-03-2019 (English)
S.No. 653,Case Number,C.A. No.-008898-008898 / 2011,02-07-2019 (English)
S.No. 654,Case Number,Crl.A. No.-001014-001014 / 2019,"09-07-2019 (English)
09-07-2019 (हिन्दी)"
S.No. 655,Case Number,C.A. No.-005574-005574 / 2009,15-03-2019 (English)
S.No. 656,Case Number,C.A. No.-011034-011034 / 2018,16-11-2018 (English)
S.No. 657,Case Number,C.A. No.-002390-002390 / 2011,27-08-2019 (English)
S.No. 658,Case Number,C.A. No.-011070-011070 / 2018,16-11-2018 (English)
S.No. 659,Case Number,C.A. No.-005136-005136 / 2019,01-07-2019 (English)
S.No. 660,Case Number,SLP(C) No.-013802-013805 / 2019,21-06-2019 (English)
S.No. 661,Case Number,C.A. No.-005855-005855 / 2019,05-08-2019 (English)
S.No. 662,Case Number,C.A. No.-001299-001299 / 2019,30-01-2019 (English)
S.No. 663,Case Number,C.A. No.-001669-001669 / 2019,14-02-2019 (English)
S.No. 664,Case Number,C.A. No.-006565-006565 / 2019,"22-08-2019 (English)
22-08-2019 (தமிழ்)"
S.No. 665,Case Number,C.A. No.-006296-006296 / 2019,14-08-2019 (English)
S.No. 666,Case Number,Crl.A. No.-000540-000540 / 2019,"01-04-2019 (English)
01-04-2019 (മലയാളം)"
S.No. 667,Case Number,W.P.(Crl.) No.-000142 / 2018,25-01-2019 (English)
S.No. 668,Case Number,Crl.A. No.-000714-000714 / 2019,24-04-2019 (English)
S.No. 669,Case Number,C.A. No.-003827-003827 / 2014,14-12-2018 (English)
S.No. 670,Case Number,Crl.A. No.-000619-000619 / 2019,09-04-2019 (English)
S.No. 671,Case Number,C.A. No.-007141-007141 / 2008,01-07-2019 (English)
S.No. 672,Case Number,C.A. No.-004837-004837 / 2019,"09-05-2019 (English)
09-05-2019 (हिन्दी)"
S.No. 673,Case Number,Crl.A. No.-000602-000602 / 2019,"05-04-2019 (English)
05-04-2019 (हिन्दी)"
S.No. 674,Case Number,C.A. No.-005296-005297 / 2019,09-07-2019 (English)
S.No. 675,Case Number,C.A. No.-005125-005125 / 2019,01-07-2019 (English)
S.No. 676,Case Number,C.A. No.-006618-006618 / 2019,26-08-2019 (English)
S.No. 677,Case Number,C.A. No.-000807-000807 / 2006,20-02-2019 (English)
S.No. 678,Case Number,C.A. No.-002633-002633 / 2012,"16-07-2019 (English)
16-07-2019 (ਪੰਜਾਬੀ)"
S.No. 679,Case Number,SLP(Crl) No.-005462 / 2019,21-06-2019 (English)
S.No. 680,Case Number,C.A. No.-007784-007787 / 2019,18-10-2019 (English)
S.No. 681,Case Number,C.A. No.-002763-002763 / 2009,11-02-2019 (English)
S.No. 682,Case Number,C.A. No.-006206-006206 / 2019,"08-08-2019 (English)
08-08-2019 (മലയാളം)"
S.No. 683,Case Number,C.A. No.-006547-006547 / 2019,21-08-2019 (English)
S.No. 684,Case Number,C.A. No.-006669-006669 / 2019,28-08-2019 (English)
S.No. 685,Case Number,Crl.A. No.-001541-001541 / 2019,04-10-2019 (English)
S.No. 686,Case Number,C.A. No.-006649-006650 / 2018,23-10-2018 (English)
S.No. 687,Case Number,C.A. No.-005604-005604 / 2019,16-07-2019 (English)
S.No. 688,Case Number,C.A. No.-005865 / 2018,25-02-2019 (English)
S.No. 689,Case Number,C.A. No.-003346-003346 / 2019,01-04-2019 (English)
S.No. 690,Case Number,Crl.A. No.-000255-000255 / 2019,"12-02-2019 (English)
12-02-2019 (मराठी)"
S.No. 691,Case Number,C.A. No.-000264-000270 / 2019,11-01-2019 (English)
S.No. 692,Case Number,Crl.A. No.-001359-001361 / 2007,27-02-2019 (English)
S.No. 693,Case Number,W.P.(C) No.-000705 / 2018,21-08-2019 (English)
S.No. 694,Case Number,C.A. No.-007593-007593 / 2019,24-09-2019 (English)
S.No. 695,Case Number,C.A. No.-001653-001653 / 2019,"13-02-2019 (English)
13-02-2019 (தமிழ்)"
S.No. 696,Case Number,C.A. No.-001782-001782 / 2019,"25-02-2019 (English)
25-02-2019 (தமிழ்)"
S.No. 697,Case Number,C.A. No.-005120 / 2019,04-10-2019 (English)
S.No. 698,Case Number,Crl.A. No.-000567-000567 / 2010,31-10-2018 (English)
S.No. 699,Case Number,C.A. No.-007757-007757 / 2019,01-10-2019 (English)
S.No. 700,Case Number,C.A. No.-007115-007116 / 2019,06-09-2019 (English)
S.No. 701,Case Number,Crl.A. No.-001064-001064 / 2019,18-07-2019 (English)
S.No. 702,Case Number,C.A. No.-000883-000883 / 2019,21-01-2019 (English)
S.No. 703,Case Number,Crl.A. No.-001573-001575 / 2019,17-10-2019 (English)
S.No. 704,Case Number,W.P.(C) No.-000576-000576 / 2016,17-01-2019 (English)
S.No. 705,Case Number,Crl.A. No.-000948-000948 / 2019,01-07-2019 (English)
S.No. 706,Case Number,C.A. No.-005998-005998 / 2019,31-07-2019 (English)
S.No. 707,Case Number,C.A. No.-000159-000170 / 2010,"27-03-2019 (English)
27-03-2019 (తెలుగు)"
S.No. 708,Case Number,Crl.A. No.-000505-000505 / 2019,"15-03-2019 (English)
15-03-2019 (हिन्दी)"
S.No. 709,Case Number,C.A. No.-004474-004474 / 2010,12-09-2019 (English)
S.No. 710,Case Number,C.A. No.-004837-004837 / 2011,28-03-2019 (English)
S.No. 711,Case Number,Crl.A. No.-000224-000224 / 2019,05-02-2019 (English)
S.No. 712,Case Number,C.A. No.-007459-007460 / 2010,23-09-2019 (English)
S.No. 713,Case Number,C.A. No.-003311-003311 / 2015,18-10-2019 (English)
S.No. 714,Case Number,Crl.A. No.-001186-001186 / 2019,05-08-2019 (English)
S.No. 715,Case Number,C.A. No.-000884-000884 / 2019,30-01-2019 (English)
S.No. 716,Case Number,Crl.A. No.-000349-000349 / 2019,"05-03-2019 (English)
05-03-2019 (हिन्दी)"
S.No. 717,Case Number,Crl.A. No.-000967-000967 / 2015,"04-09-2019 (English)
04-09-2019 (हिन्दी)"
S.No. 718,Case Number,C.A. No.-003399-003399 / 2019,"04-04-2019 (English)
04-04-2019 (हिन्दी)"
S.No. 719,Case Number,Crl.A. No.-002393-002393 / 2010,12-02-2019 (English)
S.No. 720,Case Number,C.A. No.-001973-001973 / 2019,"22-02-2019 (English)
22-02-2019 (मराठी)"
S.No. 721,Case Number,C.A. No.-005919-005919 / 2011,16-10-2019 (English)
S.No. 722,Case Number,C.A. No.-007625-007625 / 2005,20-02-2019 (English)
S.No. 723,Case Number,Crl.A. No.-001493-001493 / 2018,30-11-2018 (English)
S.No. 724,Case Number,C.A. No.-007315-007315 / 2016,25-03-2019 (English)
S.No. 725,Case Number,Crl.A. No.-000583-000583 / 2019,02-04-2019 (English)
S.No. 726,Case Number,C.A. No.-000217-000217 / 2019,09-01-2019 (English)
S.No. 727,Case Number,C.A. No.-005687-005687 / 2019,19-07-2019 (English)
S.No. 728,Case Number,C.A. No.-007424-007425 / 2011,"11-09-2019 (English)
11-09-2019 (ਪੰਜਾਬੀ)"
S.No. 729,Case Number,C.A. No.-010857-010857 / 2016,11-07-2019 (English)
S.No. 730,Case Number,C.A. No.-007282-007282 / 2009,26-09-2019 (English)
S.No. 731,Case Number,Crl.A. No.-002368-002369 / 2009,24-10-2018 (English)
S.No. 732,Case Number,C.A. No.-005043-005043 / 2009,27-02-2019 (English)
S.No. 733,Case Number,W.P.(C) No.-000612-000612 / 2016,28-01-2019 (English)
S.No. 734,Case Number,Crl.A. No.-001391-001393 / 2018,14-11-2018 (English)
S.No. 735,Case Number,C.A. No.-003122-003122 / 2019,14-03-2019 (English)
S.No. 736,Case Number,C.A. No.-004805-004805 / 2019,09-05-2019 (English)
S.No. 737,Case Number,Crl.A. No.-001489-001490 / 2019,25-09-2019 (English)
S.No. 738,Case Number,C.A. No.-004628-004628 / 2019,06-05-2019 (English)
S.No. 739,Case Number,CONMT.PET.(C) No.-001721 / 2017,02-07-2019 (English)
S.No. 740,Case Number,Crl.A. No.-001794-001796 / 2017,14-11-2018 (English)
S.No. 741,Case Number,C.A. No.-005360-005360 / 2010,14-02-2019 (English)
S.No. 742,Case Number,Crl.A. No.-001016-001016 / 2010,24-01-2019 (English)
S.No. 743,Case Number,C.A. No.-005395-005398 / 2019,27-08-2019 (English)
S.No. 744,Case Number,C.A. No.-011360-011363 / 2018,27-11-2018 (English)
S.No. 745,Case Number,Crl.A. No.-000753-000753 / 2010,15-03-2019 (English)
S.No. 746,Case Number,W.P.(C) No.-000581-000581 / 2016,21-06-2019 (English)
S.No. 747,Case Number,C.A. No.-002628-002628 / 2017,"02-04-2019 (English)
02-04-2019 (हिन्दी)"
S.No. 748,Case Number,Crl.A. No.-001949-001949 / 2009,"03-10-2019 (English)
03-10-2019 (தமிழ்)"
S.No. 749,Case Number,C.A. No.-000195-000198 / 2019,08-01-2019 (English)
S.No. 750,Case Number,C.A. No.-006878 / 2018,07-03-2019 (English)
S.No. 751,Case Number,C.A. No.-010075-010076 / 2014,22-01-2019 (English)
S.No. 752,Case Number,C.A. No.-008110-008110 / 2010,26-04-2019 (English)
S.No. 753,Case Number,C.A. No.-011930-011930 / 2018,07-12-2018 (English)
S.No. 754,Case Number,Crl.A. No.-002059-002059 / 2013,16-07-2019 (English)
S.No. 755,Case Number,Crl.A. No.-002107-002125 / 2011,18-02-2019 (English)
S.No. 756,Case Number,C.A. No.-010953-010953 / 2014,29-01-2019 (English)
S.No. 757,Case Number,C.A. No.-001039-001039 / 2019,23-01-2019 (English)
S.No. 758,Case Number,C.A. No.-002534-002534 / 2019,"06-03-2019 (English)
06-03-2019 (मराठी)"
S.No. 759,Case Number,W.P.(C) No.-000885 / 2019,04-10-2019 (English)
S.No. 760,Case Number,C.A. No.-007471-007471 / 2008,16-11-2018 (English)
S.No. 761,Case Number,C.A. No.-000073-000074 / 2019,"25-01-2019 (English)
25-01-2019 (తెలుగు)"
S.No. 762,Case Number,C.A. No.-001784-001784 / 2019,20-02-2019 (English)
S.No. 763,Case Number,Crl.A. No.-001110-001111 / 2015,21-02-2019 (English)
S.No. 764,Case Number,Crl.A. No.-001223-001223 / 2015,10-05-2019 (English)
S.No. 765,Case Number,Crl.A. No.-000026-000027 / 2019,08-01-2019 (English)
S.No. 766,Case Number,C.A. No.-007326-007327 / 2018,30-10-2018 (English)
S.No. 767,Case Number,C.A. No.-012023-012023 / 2018,12-12-2018 (English)
S.No. 768,Case Number,Crl.A. No.-001692-001692 / 2009,16-10-2019 (English)
S.No. 769,Case Number,C.A. No.-001261-001261 / 2019,29-01-2019 (English)
S.No. 770,Case Number,C.A. No.-000027-000027 / 2019,03-01-2019 (English)
S.No. 771,Case Number,C.A. No.-001232 / 2019,11-02-2019 (English)
S.No. 772,Case Number,ARBIT.CASE(C) No.-000065-000065 / 2016,01-07-2019 (English)
S.No. 773,Case Number,C.A. No.-009800-009801 / 2010,29-07-2019 (English)
S.No. 774,Case Number,C.A. No.-003559-003559 / 2010,08-08-2019 (English)
S.No. 775,Case Number,C.A. No.-003413-003413 / 2019,24-04-2019 (English)
S.No. 776,Case Number,Crl.A. No.-000763-000763 / 2019,"30-04-2019 (English)
30-04-2019 (हिन्दी)"
S.No. 777,Case Number,C.A. No.-005399-005399 / 2019,11-07-2019 (English)
S.No. 778,Case Number,Crl.A. No.-000094-000094 / 2019,"18-01-2019 (English)
18-01-2019 (हिन्दी)"
S.No. 779,Case Number,C.A. No.-008896-008897 / 2012,16-10-2019 (English)
S.No. 780,Case Number,C.A. No.-000977-000977 / 2019,17-01-2019 (English)
S.No. 781,Case Number,C.A. No.-001382-001382 / 2019,01-02-2019 (English)
S.No. 782,Case Number,Crl.A. No.-000526-000526 / 2019,26-03-2019 (English)
S.No. 783,Case Number,C.A. No.-009646-009646 / 2013,07-03-2019 (English)
S.No. 784,Case Number,R.P.(Crl.) No.-000591-000591 / 2014,"21-02-2019 (English)
21-02-2019 (हिन्दी)"
S.No. 785,Case Number,C.A. No.-001206-001207 / 2015,02-11-2018 (English)
S.No. 786,Case Number,C.A. No.-001316-001316 / 2019,30-01-2019 (English)
S.No. 787,Case Number,C.A. No.-000021-000021 / 2019,"03-01-2019 (English)
03-01-2019 (हिन्दी)"
S.No. 788,Case Number,C.A. No.-008003-008003 / 2019,14-10-2019 (English)
S.No. 789,Case Number,C.A. No.-003408-003408 / 2019,05-04-2019 (English)
S.No. 790,Case Number,C.A. No.-005570-005570 / 2014,01-03-2019 (English)
S.No. 791,Case Number,C.A. No.-001746-001746 / 2010,24-01-2019 (English)
S.No. 792,Case Number,C.A. No.-011249-011249 / 2018,22-11-2018 (English)
S.No. 793,Case Number,Crl.A. No.-000743-000743 / 2012,09-04-2019 (English)
S.No. 794,Case Number,C.A. No.-010064-010075 / 2010,25-09-2019 (English)
S.No. 795,Case Number,MA-002367 / 2018,"13-08-2019 (English)
13-08-2019 (ਪੰਜਾਬੀ)"
S.No. 796,Case Number,C.A. No.-011230-011230 / 2018,22-11-2018 (English)
S.No. 797,Case Number,C.A. No.-000226-000226 / 2010,04-04-2019 (English)
S.No. 798,Case Number,Crl.A. No.-001314-001314 / 2013,"28-01-2019 (English)
28-01-2019 (हिन्दी)"
S.No. 799,Case Number,C.A. No.-007576-007576 / 2019,24-09-2019 (English)
S.No. 800,Case Number,Crl.A. No.-001583-001584 / 2018,"10-12-2018 (English)
10-12-2018 (ಕನ್ನಡ)"
S.No. 801,Case Number,W.P.(C) No.-000845 / 2018,20-02-2019 (English)
S.No. 802,Case Number,Crl.A. No.-001382-001384 / 2014,16-04-2019 (English)
S.No. 803,Case Number,C.A. No.-007818-007819 / 2009,27-08-2019 (English)
S.No. 804,Case Number,Crl.A. No.-000770-000770 / 2019,29-04-2019 (English)
S.No. 805,Case Number,R.P.(Crl.) No.-000306-000307 / 2013,12-12-2018 (English)
S.No. 806,Case Number,Crl.A. No.-000208-000208 / 2019,08-02-2019 (English)
S.No. 807,Case Number,Crl.A. No.-000319-000319 / 2019,"20-02-2019 (English)
20-02-2019 (हिन्दी)"
S.No. 808,Case Number,Crl.A. No.-000805-000805 / 2019,30-04-2019 (English)
S.No. 809,Case Number,C.A. No.-010786-010787 / 2018,26-10-2018 (English)
S.No. 810,Case Number,C.A. No.-001545-001545 / 2019,07-02-2019 (English)
S.No. 811,Case Number,Crl.A. No.-000506-000506 / 2019,15-03-2019 (English)
S.No. 812,Case Number,Crl.A. No.-000312-000312 / 2010,19-02-2019 (English)
S.No. 813,Case Number,C.A. No.-010770-010772 / 2013,24-07-2019 (English)
S.No. 814,Case Number,Crl.A. No.-000873-000873 / 2019,"09-05-2019 (English)
09-05-2019 (മലയാളം)"
S.No. 815,Case Number,Crl.A. No.-001591-001592 / 2018,11-12-2018 (English)
S.No. 816,Case Number,Crl.A. No.-000331-000331 / 2011,05-09-2019 (English)
S.No. 817,Case Number,C.A. No.-005754-005754 / 2019,"22-07-2019 (English)
22-07-2019 (हिन्दी)"
S.No. 818,Case Number,Crl.A. No.-001466-001467 / 2008,15-04-2019 (English)
S.No. 819,Case Number,C.A. No.-007698-007698 / 2009,26-03-2019 (English)
S.No. 820,Case Number,C.A. No.-001265-001265 / 2007,09-07-2019 (English)
S.No. 821,Case Number,C.A. No.-000903-000930 / 2019,22-01-2019 (English)
S.No. 822,Case Number,C.A. No.-004563-004563 / 2014,24-09-2019 (English)
S.No. 823,Case Number,C.A. No.-004658-004658 / 2008,03-05-2019 (English)
S.No. 824,Case Number,Crl.A. No.-001443-001443 / 2018,22-11-2018 (English)
S.No. 825,Case Number,Crl.A. No.-002301-002301 / 2009,23-10-2018 (English)
S.No. 826,Case Number,C.A. No.-007461-007461 / 2009,"14-03-2019 (English)
14-03-2019 (తెలుగు)"
S.No. 827,Case Number,R.P.(C) No.-002629-002630 / 2018,10-12-2018 (English)
S.No. 828,Case Number,C.A. No.-011326-011326 / 2011,16-07-2019 (English)
S.No. 829,Case Number,Crl.A. No.-001408-001408 / 2018,16-11-2018 (English)
S.No. 830,Case Number,C.A. No.-002402-002402 / 2019,28-02-2019 (English)
S.No. 831,Case Number,C.A. No.-002476-002477 / 2019,"05-03-2019 (English)
05-03-2019 (हिन्दी)"
S.No. 832,Case Number,C.A. No.-003894-003894 / 2019,12-04-2019 (English)
S.No. 833,Case Number,C.A. No.-005123-005123 / 2019,"01-07-2019 (English)
01-07-2019 (हिन्दी)"
S.No. 834,Case Number,C.A. No.-004541-004541 / 2019,"01-05-2019 (English)
01-05-2019 (हिन्दी)"
S.No. 835,Case Number,C.A. No.-004269-004278 / 2019,"24-04-2019 (English)
24-04-2019 (ਪੰਜਾਬੀ)"
S.No. 836,Case Number,Crl.A. No.-000767-000767 / 2012,07-01-2019 (English)
S.No. 837,Case Number,C.A. No.-011932-011932 / 2018,"14-12-2018 (English)
14-12-2018 (ಕನ್ನಡ)"
S.No. 838,Case Number,Crl.A. No.-000868-000868 / 2019,08-05-2019 (English)
S.No. 839,Case Number,Crl.A. No.-001409-001409 / 2018,16-11-2018 (English)
S.No. 840,Case Number,C.A. No.-006667-006668 / 2019,"28-08-2019 (English)
28-08-2019 (हिन्दी)"
S.No. 841,Case Number,Crl.A. No.-001572-001572 / 2019,"17-10-2019 (English)
17-10-2019 (हिन्दी)"
S.No. 842,Case Number,C.A. No.-010686 / 2018,24-10-2018 (English)
S.No. 843,Case Number,C.A. No.-003934-003934 / 2017,10-05-2019 (English)
S.No. 844,Case Number,Crl.A. No.-000025-000025 / 2009,03-05-2019 (English)
S.No. 845,Case Number,Crl.A. No.-001190-001190 / 2009,"19-02-2019 (English)
19-02-2019 (हिन्दी)"
S.No. 846,Case Number,Crl.A. No.-000580-000580 / 2010,28-11-2018 (English)
S.No. 847,Case Number,C.A. No.-001958-001958 / 2019,22-02-2019 (English)
S.No. 848,Case Number,C.A. No.-003959-003959 / 2019,"16-04-2019 (English)
16-04-2019 (हिन्दी)"
S.No. 849,Case Number,Crl.A. No.-002003-002003 / 2012,"02-08-2019 (English)
02-08-2019 (हिन्दी)"
S.No. 850,Case Number,C.A. No.-009740-009741 / 2018,28-02-2019 (English)
S.No. 851,Case Number,C.A. No.-004605-004606 / 2019,03-07-2019 (English)
S.No. 852,Case Number,C.A. No.-004076-004077 / 2019,23-04-2019 (English)
S.No. 853,Case Number,C.A. No.-005012-005012 / 2019,17-05-2019 (English)
S.No. 854,Case Number,Crl.A. No.-000442-000442 / 2019,06-03-2019 (English)
S.No. 855,Case Number,C.A. No.-000227-000228 / 2019,09-01-2019 (English)
S.No. 856,Case Number,C.A. No.-009533-009533 / 2018,12-02-2019 (English)
S.No. 857,Case Number,C.A. No.-008793-008794 / 2013,04-04-2019 (English)
S.No. 858,Case Number,C.A. No.-003284-003284 / 2019,28-03-2019 (English)
S.No. 859,Case Number,C.A. No.-001681-001681 / 2019,08-03-2019 (English)
S.No. 860,Case Number,C.A. No.-010800-010801 / 2018,29-10-2018 (English)
S.No. 861,Case Number,Crl.A. No.-001013-001014 / 2008,09-04-2019 (English)
S.No. 862,Case Number,C.A. No.-007218-007218 / 2019,12-09-2019 (English)
S.No. 863,Case Number,C.A. No.-008439-008440 / 2011,20-02-2019 (English)
S.No. 864,Case Number,SLP(Crl) No.-007016 / 2019,21-08-2019 (English)
S.No. 865,Case Number,Crl.A. No.-001066-001066 / 2009,"08-08-2019 (English)
08-08-2019 (తెలుగు)"
S.No. 866,Case Number,C.A. No.-001463-001463 / 2019,"05-02-2019 (English)
05-02-2019 (ಕನ್ನಡ)"
S.No. 867,Case Number,C.A. No.-006753-006753 / 2019,02-09-2019 (English)
S.No. 868,Case Number,C.A. No.-011934-011934 / 2018,04-01-2019 (English)
S.No. 869,Case Number,Crl.A. No.-001349-001349 / 2018,13-11-2018 (English)
S.No. 870,Case Number,C.A. No.-007672 / 2019,03-10-2019 (English)
S.No. 871,Case Number,C.A. No.-008172-008173 / 2018,02-11-2018 (English)
S.No. 872,Case Number,Crl.A. No.-000146-000146 / 2019,25-01-2019 (English)
S.No. 873,Case Number,C.A. No.-005976-005976 / 2019,30-07-2019 (English)
S.No. 874,Case Number,Crl.A. No.-002448-002448 / 2009,"21-08-2019 (English)
21-08-2019 (हिन्दी)"
S.No. 875,Case Number,C.A. No.-011470-011470 / 2018,28-11-2018 (English)
S.No. 876,Case Number,C.A. No.-010611-010611 / 2013,12-04-2019 (English)
S.No. 877,Case Number,C.A. No.-004536-004537 / 2019,"01-05-2019 (English)
01-05-2019 (தமிழ்)"
S.No. 878,Case Number,C.A. No.-001533-001533 / 2019,12-02-2019 (English)
S.No. 879,Case Number,Crl.A. No.-000976-000976 / 2011,"07-08-2019 (English)
07-08-2019 (हिन्दी)"
S.No. 880,Case Number,Crl.A. No.-000937-000937 / 2011,04-10-2019 (English)
S.No. 881,Case Number,Crl.A. No.-000061-000062 / 2011,21-08-2019 (English)
S.No. 882,Case Number,C.A. No.-002276-002276 / 2019,26-02-2019 (English)
S.No. 883,Case Number,C.A. No.-007148-007148 / 2019,02-09-2019 (English)
S.No. 884,Case Number,R.P.(Crl.) No.-000301-000301 / 2008,12-04-2019 (English)
S.No. 885,Case Number,Crl.A. No.-001006-001006 / 2010,"06-08-2019 (English)
06-08-2019 (ಕನ್ನಡ)"
S.No. 886,Case Number,Crl.A. No.-001090-001090 / 2019,"22-07-2019 (English)
22-07-2019 (ਪੰਜਾਬੀ)"
S.No. 887,Case Number,Crl.A. No.-000093-000093 / 2019,18-01-2019 (English)
S.No. 888,Case Number,C.A. No.-006227-006228 / 2019,"09-08-2019 (English)
09-08-2019 (ଓଡ଼ିଆ)"
S.No. 889,Case Number,C.A. No.-007025-007026 / 2019,05-09-2019 (English)
S.No. 890,Case Number,Crl.A. No.-000746-000746 / 2012,09-04-2019 (English)
S.No. 891,Case Number,Crl.A. No.-000744-000744 / 2012,09-04-2019 (English)
S.No. 892,Case Number,C.A. No.-007125-007126 / 2019,06-09-2019 (English)
S.No. 893,Case Number,C.A. No.-010771-010771 / 2018,26-10-2018 (English)
S.No. 894,Case Number,SLP(Crl) No.-006568 / 2018,02-11-2018 (English)
S.No. 895,Case Number,Crl.A. No.-000620-000620 / 2019,09-04-2019 (English)
S.No. 896,Case Number,C.A. No.-005822-005822 / 2019,"24-07-2019 (English)
24-07-2019 (हिन्दी)"
S.No. 897,Case Number,C.A. No.-002357-002357 / 2017,14-02-2019 (English)
S.No. 898,Case Number,Crl.A. No.-001381-001381 / 2019,"12-09-2019 (English)
12-09-2019 (हिन्दी)"
S.No. 899,Case Number,C.A. No.-009668-009668 / 2014,01-05-2019 (English)
S.No. 900,Case Number,C.A. No.-010824-010824 / 2018,30-10-2018 (English)
S.No. 901,Case Number,C.A. No.-010662-010662 / 2018,23-10-2018 (English)
S.No. 902,Case Number,C.A. No.-004771-004771 / 2019,01-05-2019 (English)
S.No. 903,Case Number,Crl.A. No.-001617-001617 / 2014,09-05-2019 (English)
S.No. 904,Case Number,Crl.A. No.-000621-000621 / 2019,09-04-2019 (English)
S.No. 905,Case Number,Crl.A. No.-001055-001055 / 2019,"16-07-2019 (English)
16-07-2019 (ଓଡ଼ିଆ)"
S.No. 906,Case Number,C.A. No.-007652-007653 / 2019,27-09-2019 (English)
S.No. 907,Case Number,C.A. No.-007137-007137 / 2010,17-09-2019 (English)
S.No. 908,Case Number,Crl.A. No.-000935-000935 / 2011,12-09-2019 (English)
S.No. 909,Case Number,Crl.A. No.-000005-000005 / 2009,"07-03-2019 (English)
07-03-2019 (தமிழ்)"
S.No. 910,Case Number,Crl.A. No.-000510-000510 / 2019,15-03-2019 (English)
S.No. 911,Case Number,Crl.A. No.-002181-002181 / 2009,18-10-2019 (English)
S.No. 912,Case Number,C.A. No.-004260-004260 / 2019,24-04-2019 (English)
S.No. 913,Case Number,C.A. No.-010880-010880 / 2018,01-11-2018 (English)
S.No. 914,Case Number,C.A. No.-006258-006259 / 2019,"13-08-2019 (English)
13-08-2019 (தமிழ்)"
S.No. 915,Case Number,Crl.A. No.-001864-001864 / 2009,"06-08-2019 (English)
06-08-2019 (हिन्दी)"
S.No. 916,Case Number,C.A. No.-009786-009799 / 2018,26-11-2018 (English)
S.No. 917,Case Number,C.A. No.-003591-003591 / 2019,09-04-2019 (English)
S.No. 918,Case Number,Crl.A. No.-002499-002499 / 2009,31-10-2018 (English)
S.No. 919,Case Number,C.A. No.-007295-007295 / 2019,"16-09-2019 (English)
16-09-2019 (ଓଡ଼ିଆ)"
S.No. 920,Case Number,Crl.A. No.-001340-001340 / 2019,"05-09-2019 (English)
05-09-2019 (हिन्दी)"
S.No. 921,Case Number,W.P.(C) No.-000980 / 2018,29-10-2018 (English)
S.No. 922,Case Number,C.A. No.-012070-012071 / 2018,14-12-2018 (English)
S.No. 923,Case Number,W.P.(C) No.-000940 / 2017,23-07-2019 (English)
S.No. 924,Case Number,C.A. No.-008097-008098 / 2009,20-08-2019 (English)
S.No. 925,Case Number,C.A. No.-002013-002013 / 2019,25-02-2019 (English)
S.No. 926,Case Number,C.A. No.-011017-011018 / 2018,15-11-2018 (English)
S.No. 927,Case Number,C.A. No.-005134-005134 / 2013,28-08-2019 (English)
S.No. 928,Case Number,Crl.A. No.-001036-001036 / 2011,29-03-2019 (English)
S.No. 929,Case Number,C.A. No.-006308-006308 / 2019,14-08-2019 (English)
S.No. 930,Case Number,C.A. No.-004675-004676 / 2019,07-05-2019 (English)
S.No. 931,Case Number,Crl.A. No.-000407-000408 / 2009,04-12-2018 (English)
S.No. 932,Case Number,Crl.A. No.-000478-000479 / 2019,15-03-2019 (English)
S.No. 933,Case Number,C.A. No.-008179-008179 / 2016,17-09-2019 (English)
S.No. 934,Case Number,C.A. No.-008890-008890 / 2012,05-03-2019 (English)
S.No. 935,Case Number,W.P.(Crl.) No.-000205 / 2018,12-11-2018 (English)
S.No. 936,Case Number,Crl.A. No.-001515-001516 / 2019,01-10-2019 (English)
S.No. 937,Case Number,Crl.A. No.-000138-000138 / 2010,31-01-2019 (English)
S.No. 938,Case Number,C.A. No.-007207-007208 / 2008,02-07-2019 (English)
S.No. 939,Case Number,C.A. No.-003416-003445 / 2010,19-02-2019 (English)
S.No. 940,Case Number,C.A. No.-003968-003968 / 2019,16-04-2019 (English)
S.No. 941,Case Number,Crl.A. No.-001441-001441 / 2013,13-12-2018 (English)
S.No. 942,Case Number,C.A. No.-011149-011149 / 2018,22-11-2018 (English)
S.No. 943,Case Number,C.A. No.-004495-004496 / 2019,30-04-2019 (English)
S.No. 944,Case Number,C.A. No.-003450-003450 / 2019,08-04-2019 (English)
S.No. 945,Case Number,C.A. No.-004430-004430 / 2009,30-07-2019 (English)
S.No. 946,Case Number,C.A. No.-006960-006960 / 2011,24-07-2019 (English)
S.No. 947,Case Number,C.A. No.-011829-011829 / 2018,04-12-2018 (English)
S.No. 948,Case Number,Crl.A. No.-001617-001617 / 2011,24-10-2018 (English)
S.No. 949,Case Number,C.A. No.-002557-002557 / 2019,07-03-2019 (English)
S.No. 950,Case Number,C.A. No.-001331-001331 / 2019,31-01-2019 (English)
S.No. 951,Case Number,C.A. No.-008430 / 2018,31-01-2019 (English)
S.No. 952,Case Number,C.A. No.-001572-001572 / 2019,08-02-2019 (English)
S.No. 953,Case Number,Crl.A. No.-001383-001383 / 2018,13-11-2018 (English)
S.No. 954,Case Number,C.A. No.-000516-000516 / 2009,05-02-2019 (English)
S.No. 955,Case Number,Crl.A. No.-000467-000467 / 2019,11-03-2019 (English)
S.No. 956,Case Number,C.A. No.-005824-005824 / 2019,24-07-2019 (English)
S.No. 957,Case Number,C.A. No.-005382-005382 / 2007,13-08-2019 (English)
S.No. 958,Case Number,C.A. No.-012367-012367 / 2017,12-02-2019 (English)
S.No. 959,Case Number,C.A. No.-004511-004511 / 2019,30-04-2019 (English)
S.No. 960,Case Number,Crl.A. No.-002450-002451 / 2010,11-02-2019 (English)
S.No. 961,Case Number,Crl.A. No.-000855-000855 / 2019,07-05-2019 (English)
S.No. 962,Case Number,C.A. No.-001509-001509 / 2019,"06-02-2019 (English)
06-02-2019 (मराठी)"
S.No. 963,Case Number,C.A. No.-003990-003990 / 2009,14-08-2019 (English)
S.No. 964,Case Number,Crl.A. No.-001497-001497 / 2019,"27-09-2019 (English)
27-09-2019 (हिन्दी)"
S.No. 965,Case Number,Crl.A. No.-000986-000987 / 2019,05-07-2019 (English)
S.No. 966,Case Number,C.A. No.-004669-004669 / 2019,07-05-2019 (English)
S.No. 967,Case Number,Crl.A. No.-001100-001100 / 2009,27-11-2018 (English)
S.No. 968,Case Number,Crl.A. No.-000723-000723 / 2019,23-04-2019 (English)
S.No. 969,Case Number,C.A. No.-001468-001469 / 2019,05-02-2019 (English)
S.No. 970,Case Number,Crl.A. No.-001263-001263 / 2019,"23-08-2019 (English)
23-08-2019 (हिन्दी)"
S.No. 971,Case Number,Crl.A. No.-001791-001795 / 2014,24-05-2019 (English)
S.No. 972,Case Number,C.A. No.-005522-005523 / 2019,17-07-2019 (English)
S.No. 973,Case Number,Crl.A. No.-000336-000336 / 2019,"22-02-2019 (English)
22-02-2019 (हिन्दी)"
S.No. 974,Case Number,C.A. No.-009885-009885 / 2011,02-07-2019 (English)
S.No. 975,Case Number,C.A. No.-004597-004597 / 2019,"03-05-2019 (English)
03-05-2019 (मराठी)"
S.No. 976,Case Number,SLP(C) No.-031982-031983 / 2013,04-10-2019 (English)
S.No. 977,Case Number,Crl.A. No.-000056-000056 / 2019,11-01-2019 (English)
S.No. 978,Case Number,C.A. No.-004527-004527 / 2009,29-01-2019 (English)
S.No. 979,Case Number,C.A. No.-009693-009694 / 2011,20-02-2019 (English)
S.No. 980,Case Number,C.A. No.-010629-010631 / 2014,26-02-2019 (English)
S.No. 981,Case Number,C.A. No.-011766-011767 / 2018,03-12-2018 (English)
S.No. 982,Case Number,C.A. No.-006067-006067 / 2010,"18-09-2019 (English)
18-09-2019 (हिन्दी)"
S.No. 983,Case Number,C.A. No.-005205-005205 / 2019,18-07-2019 (English)
S.No. 984,Case Number,Crl.A. No.-001842-001842 / 2012,11-02-2019 (English)
S.No. 985,Case Number,C.A. No.-003963-003965 / 2019,16-04-2019 (English)
S.No. 986,Case Number,W.P.(C) No.-001001 / 2017,17-01-2019 (English)
S.No. 987,Case Number,C.A. No.-001695-001695 / 2019,15-02-2019 (English)
S.No. 988,Case Number,C.A. No.-006958-006959 / 2009,27-08-2019 (English)
S.No. 989,Case Number,C.A. No.-011345-011346 / 2018,26-11-2018 (English)
S.No. 990,Case Number,C.A. No.-003910-003910 / 2013,21-02-2019 (English)
S.No. 991,Case Number,C.A. No.-012015-012015 / 2018,11-12-2018 (English)
S.No. 992,Case Number,C.A. No.-010083-010083 / 2011,05-09-2019 (English)
S.No. 993,Case Number,C.A. No.-003415-003415 / 2019,15-04-2019 (English)
S.No. 994,Case Number,C.A. No.-007306-007306 / 2019,16-09-2019 (English)
S.No. 995,Case Number,Crl.A. No.-001560-001560 / 2013,04-12-2018 (English)
S.No. 996,Case Number,Crl.A. No.-001560-001560 / 2019,17-10-2019 (English)
S.No. 997,Case Number,W.P.(C) No.-000728-000728 / 2015,23-10-2018 (English)
S.No. 998,Case Number,C.A. No.-007432-007432 / 2019,19-09-2019 (English)
S.No. 999,Case Number,C.A. No.-011029-011030 / 2018,16-11-2018 (English)
S.No. 1000,Case Number,C.A. No.-000784-000784 / 2010,01-05-2019 (English)
S.No. 1001,Case Number,C.A. No.-001928-001928 / 2019,21-02-2019 (English)
S.No. 1002,Case Number,Crl.A. No.-001568-001568 / 2015,31-10-2018 (English)
S.No. 1003,Case Number,C.A. No.-007378-007378 / 2010,13-09-2019 (English)
S.No. 1004,Case Number,C.A. No.-010372-010372 / 2018,29-10-2018 (English)
S.No. 1005,Case Number,W.P.(Crl.) No.-000225 / 2018,14-12-2018 (English)
S.No. 1006,Case Number,C.A. No.-002560-002560 / 2019,"08-03-2019 (English)
08-03-2019 (తెలుగు)"
S.No. 1007,Case Number,Crl.A. No.-000174-000174 / 2019,27-02-2019 (English)
S.No. 1008,Case Number,W.P.(Crl.) No.-000188-000188 / 2015,20-02-2019 (English)
S.No. 1009,Case Number,C.A. No.-001510-001510 / 2019,06-02-2019 (English)
S.No. 1010,Case Number,C.A. No.-003019-003019 / 2017,03-10-2019 (English)
S.No. 1011,Case Number,C.A. No.-003456-003456 / 2019,08-04-2019 (English)
S.No. 1012,Case Number,C.A. No.-007292-007292 / 2009,"06-03-2019 (English)
06-03-2019 (தமிழ்)"
S.No. 1013,Case Number,C.A. No.-010775-010775 / 2018,26-10-2018 (English)
S.No. 1014,Case Number,C.A. No.-005814-005814 / 2011,26-09-2019 (English)
S.No. 1015,Case Number,C.A. No.-003095-003095 / 2017,11-03-2019 (English)
S.No. 1016,Case Number,C.A. No.-008950-008950 / 2011,26-09-2019 (English)
S.No. 1017,Case Number,C.A. No.-001977-001977 / 2010,02-11-2018 (English)
S.No. 1018,Case Number,C.A. No.-005360-005360 / 2019,23-07-2019 (English)
S.No. 1019,Case Number,C.A. No.-001237-001238 / 2019,28-01-2019 (English)
S.No. 1020,Case Number,Crl.A. No.-000594-000594 / 2019,"30-04-2019 (English)
30-04-2019 (हिन्दी)"
S.No. 1021,Case Number,C.A. No.-001727-001732 / 2019,18-02-2019 (English)
S.No. 1022,Case Number,C.A. No.-007630-007631 / 2019,26-09-2019 (English)
S.No. 1023,Case Number,MA-002364 / 2018,25-10-2018 (English)
S.No. 1024,Case Number,C.A. No.-005943-005945 / 2019,"30-07-2019 (English)
30-07-2019 (മലയാളം)"
S.No. 1025,Case Number,C.A. No.-010904-010904 / 2016,15-03-2019 (English)
S.No. 1026,Case Number,C.A. No.-003276-003281 / 2019,28-03-2019 (English)
S.No. 1027,Case Number,SLP(C) No.-030335 / 2017,08-02-2019 (English)
S.No. 1028,Case Number,C.A. No.-005277-005277 / 2010,17-09-2019 (English)
S.No. 1029,Case Number,Crl.A. No.-000232-000233 / 2015,19-09-2019 (English)
S.No. 1030,Case Number,C.A. No.-005642-005643 / 2019,"29-07-2019 (English)
29-07-2019 (தமிழ்)"
S.No. 1031,Case Number,Crl.A. No.-001085-001085 / 2019,"22-07-2019 (English)
22-07-2019 (हिन्दी)"
S.No. 1032,Case Number,C.A. No.-001265-001266 / 2019,29-01-2019 (English)
S.No. 1033,Case Number,C.A. No.-006291-006291 / 2019,14-08-2019 (English)
S.No. 1034,Case Number,Crl.A. No.-001801-001801 / 2013,"13-06-2019 (English)
13-06-2019 (हिन्दी)"
S.No. 1035,Case Number,C.A. No.-011369-011369 / 2018,14-12-2018 (English)
S.No. 1036,Case Number,C.A. No.-004045-004045 / 2010,26-09-2019 (English)
S.No. 1037,Case Number,C.A. No.-006411-006412 / 2019,19-08-2019 (English)
S.No. 1038,Case Number,C.A. No.-001857 / 2018,02-09-2019 (English)
S.No. 1039,Case Number,C.A. No.-012025-012026 / 2018,12-12-2018 (English)
S.No. 1040,Case Number,C.A. No.-011761-011762 / 2018,03-12-2018 (English)
S.No. 1041,Case Number,C.A. No.-006640-006640 / 2019,27-08-2019 (English)
S.No. 1042,Case Number,C.A. No.-007215-007215 / 2019,12-09-2019 (English)
S.No. 1043,Case Number,C.A. No.-010778-010778 / 2018,26-10-2018 (English)
S.No. 1044,Case Number,C.A. No.-000175-000176 / 2019,08-01-2019 (English)
S.No. 1045,Case Number,C.A. No.-001961-001961 / 2019,"22-02-2019 (English)
22-02-2019 (हिन्दी)"
S.No. 1046,Case Number,C.A. No.-006295-006295 / 2019,"14-08-2019 (English)
14-08-2019 (हिन्दी)"
S.No. 1047,Case Number,C.A. No.-000119-000120 / 2011,25-10-2018 (English)
S.No. 1048,Case Number,C.A. No.-000967-000967 / 2010,03-09-2019 (English)
S.No. 1049,Case Number,C.A. No.-000684-000684 / 2007,09-05-2019 (English)
S.No. 1050,Case Number,C.A. No.-008094-008094 / 2011,05-07-2019 (English)
S.No. 1051,Case Number,Crl.A. No.-001333-001333 / 2011,25-10-2018 (English)
S.No. 1052,Case Number,C.A. No.-010776-010776 / 2018,26-10-2018 (English)
S.No. 1053,Case Number,C.A. No.-000116-000116 / 2019,07-01-2019 (English)
S.No. 1054,Case Number,C.A. No.-002629-002629 / 2017,02-04-2019 (English)
S.No. 1055,Case Number,C.A. No.-010777-010777 / 2018,26-10-2018 (English)
S.No. 1056,Case Number,C.A. No.-000888-000888 / 2019,21-01-2019 (English)
S.No. 1057,Case Number,W.P.(Crl.) No.-000156-000156 / 2016,05-12-2018 (English)
S.No. 1058,Case Number,C.A. No.-002024-002024 / 2019,25-02-2019 (English)
S.No. 1059,Case Number,C.A. No.-011349-011349 / 2018,26-11-2018 (English)
S.No. 1060,Case Number,C.A. No.-006255-006255 / 2019,14-08-2019 (English)
S.No. 1061,Case Number,C.A. No.-002150-002150 / 2012,08-05-2019 (English)
S.No. 1062,Case Number,MA-002560 / 2018,05-09-2019 (English)
S.No. 1063,Case Number,C.A. No.-000251-000256 / 2015,"12-03-2019 (English)
12-03-2019 (தமிழ்)"
S.No. 1064,Case Number,Crl.A. No.-001576-001576 / 2018,07-12-2018 (English)
S.No. 1065,Case Number,Crl.A. No.-000171-000171 / 2019,29-01-2019 (English)
S.No. 1066,Case Number,C.A. No.-003506-003506 / 2010,16-07-2019 (English)
S.No. 1067,Case Number,C.A. No.-003895-003896 / 2019,12-04-2019 (English)
S.No. 1068,Case Number,Crl.A. No.-000819-000819 / 2019,"01-05-2019 (English)
01-05-2019 (ಕನ್ನಡ)"
S.No. 1069,Case Number,Crl.A. No.-000578-000578 / 2019,02-04-2019 (English)
S.No. 1070,Case Number,C.A. No.-005919-005920 / 2019,29-07-2019 (English)
S.No. 1071,Case Number,Crl.A. No.-000567-000567 / 2019,07-05-2019 (English)
S.No. 1072,Case Number,Crl.A. No.-001161-001161 / 2019,30-07-2019 (English)
S.No. 1073,Case Number,C.A. No.-008168-008168 / 2010,"16-08-2019 (English)
16-08-2019 (മലയാളം)"
S.No. 1074,Case Number,Crl.A. No.-000519-000519 / 2019,25-03-2019 (English)
S.No. 1075,Case Number,C.A. No.-003603-003607 / 2019,09-04-2019 (English)
S.No. 1076,Case Number,C.A. No.-007789-007789 / 2011,16-11-2018 (English)
S.No. 1077,Case Number,C.A. No.-010684-010685 / 2018,24-10-2018 (English)
S.No. 1078,Case Number,C.A. No.-002411-002411 / 2019,01-03-2019 (English)
S.No. 1079,Case Number,C.A. No.-009597 / 2018,23-10-2018 (English)
S.No. 1080,Case Number,C.A. No.-003912-003912 / 2019,12-04-2019 (English)
S.No. 1081,Case Number,C.A. No.-011759-011759 / 2018,03-12-2018 (English)
S.No. 1082,Case Number,C.A. No.-004023-004025 / 2019,"22-04-2019 (English)
22-04-2019 (தமிழ்)"
S.No. 1083,Case Number,C.A. No.-001799-001800 / 2019,20-02-2019 (English)
S.No. 1084,Case Number,C.A. No.-005557-005559 / 2019,16-07-2019 (English)
S.No. 1085,Case Number,C.A. No.-005609-005609 / 2019,16-07-2019 (English)
S.No. 1086,Case Number,C.A. No.-006564-006564 / 2019,22-08-2019 (English)
S.No. 1087,Case Number,Crl.A. No.-000267-000267 / 2019,14-02-2019 (English)
S.No. 1088,Case Number,Crl.A. No.-001371-001371 / 2019,11-09-2019 (English)
S.No. 1089,Case Number,C.A. No.-010999-011000 / 2018,15-11-2018 (English)
S.No. 1090,Case Number,C.A. No.-001007-001007 / 2013,14-12-2018 (English)
S.No. 1091,Case Number,Crl.A. No.-000688-000688 / 2019,"16-04-2019 (English)
16-04-2019 (हिन्दी)"
S.No. 1092,Case Number,C.A. No.-010936-010945 / 2018,13-11-2018 (English)
S.No. 1093,Case Number,C.A. No.-007211-007212 / 2019,17-09-2019 (English)
S.No. 1094,Case Number,C.A. No.-011133-011133 / 2011,02-07-2019 (English)
S.No. 1095,Case Number,C.A. No.-007673 / 2019,30-09-2019 (English)
S.No. 1096,Case Number,C.A. No.-003803-003803 / 2019,11-04-2019 (English)
S.No. 1097,Case Number,C.A. No.-002394-002394 / 2019,"28-02-2019 (English)
28-02-2019 (অসমীয়া)"
S.No. 1098,Case Number,C.A. No.-011763-011763 / 2018,03-12-2018 (English)
S.No. 1099,Case Number,C.A. No.-001467-001467 / 2019,"05-02-2019 (English)
05-02-2019 (हिन्दी)"
S.No. 1100,Case Number,C.A. No.-003448-003449 / 2019,"08-04-2019 (English)
08-04-2019 (हिन्दी)"
S.No. 1101,Case Number,Crl.A. No.-001422-001422 / 2018,20-11-2018 (English)
S.No. 1102,Case Number,C.A. No.-007764-007764 / 2019,"03-10-2019 (English)
03-10-2019 (தமிழ்)"
S.No. 1103,Case Number,Crl.A. No.-000807-000807 / 2019,30-04-2019 (English)
S.No. 1104,Case Number,Crl.A. No.-000478-000479 / 2017,16-10-2019 (English)
S.No. 1105,Case Number,C.A. No.-003048-003048 / 2019,14-03-2019 (English)
S.No. 1106,Case Number,C.A. No.-000898-000900 / 2019,22-01-2019 (English)
S.No. 1107,Case Number,Crl.A. No.-000389-000389 / 2019,26-02-2019 (English)
S.No. 1108,Case Number,C.A. No.-003030-003044 / 2019,"14-03-2019 (English)
14-03-2019 (ଓଡ଼ିଆ)"
S.No. 1109,Case Number,C.A. No.-003256-003256 / 2019,"22-04-2019 (English)
22-04-2019 (हिन्दी)"
S.No. 1110,Case Number,C.A. No.-005138-005138 / 2019,02-07-2019 (English)
S.No. 1111,Case Number,Crl.A. No.-000712-000712 / 2009,29-03-2019 (English)
