﻿Column-0,Column-1,Column-2,Column-3
S.No. 1,Case Number,Appeal Civil 1021 of 1976,"17-10-1985 (English)
15-10-1985 (English)
11-10-1985 (English)
10-10-1985 (English)
10-10-1985 (English)
09-10-1985 (English)
08-10-1985 (English)
08-10-1985 (English)
08-10-1985 (English)
08-10-1985 (English)
07-10-1985 (English)"
S.No. 2,Case Number,Crl.A. No.-000632-000632 / 1999,17-12-1984 (English)
S.No. 3,Case Number,C.A. No.-001441-001441 / 1971,19-03-1985 (English)
S.No. 4,Case Number,C.A. No.-000650-000650 / 1975,09-10-1985 (English)
S.No. 5,Case Number,W.P.(C) No.-005447-005546 / 1985,19-08-1985 (English)
S.No. 6,Case Number,C.A. No.-002630-002630 / 1980,06-05-1985 (English)
S.No. 7,Case Number,W.P.(C) No.-008353-008353 / 1981,01-07-1985 (English)
S.No. 8,Case Number,C.A. No.-001055-001055 / 1981,28-02-1985 (English)
S.No. 9,Case Number,W.P.(C) No.-013508-013508 / 1983,01-03-1985 (English)
S.No. 10,Case Number,C.A. No.-002183-002183 / 1984,23-04-1985 (English)
S.No. 11,Case Number,C.A. No.-000400-000400 / 1984,24-04-1985 (English)
S.No. 12,Case Number,Crl.A. No.-000730-000730 / 1996,02-08-1985 (English)
S.No. 13,Case Number,C.A. No.-016983-016983 / 1996,29-08-1985 (English)
