﻿Column-0,Column-1,Column-2,Column-3
S.No. 1,Case Number,Special Leave Petition (crl.) 5496 of 2007,"16-10-2008 (English)
13-10-2008 (English)
13-10-2008 (English)
13-10-2008 (English)
03-10-2008 (English)
03-10-2008 (English)
26-09-2008 (English)
26-09-2008 (English)
25-09-2008 (English)
25-09-2008 (English)
24-09-2008 (English)"
S.No. 2,Case Number,C.A. No.-000563-000563 / 2008,21-01-2008 (English)
S.No. 3,Case Number,C.A. No.-005803-005803 / 2008,23-09-2008 (English)
S.No. 4,Case Number,C.A. No.-002339-002339 / 2008,01-04-2008 (English)
S.No. 5,Case Number,C.A. No.-001250-001250 / 2001,03-12-2007 (English)
S.No. 6,Case Number,Crl.A. No.-000816-000816 / 2005,18-09-2008 (English)
S.No. 7,Case Number,C.A. No.-005242-005242 / 2008,26-08-2008 (English)
S.No. 8,Case Number,C.A. No.-005304-005304 / 2008,29-08-2008 (English)
S.No. 9,Case Number,C.A. No.-006088-006088 / 2002,23-04-2008 (English)
S.No. 10,Case Number,C.A. No.-001950-001950 / 2006,15-11-2007 (English)
S.No. 11,Case Number,C.A. No.-000522-000522 / 2008,18-01-2008 (English)
S.No. 12,Case Number,C.A. No.-002997-002997 / 2008,28-04-2008 (English)
S.No. 13,Case Number,Crl.A. No.-000335-000335 / 2007,14-02-2008 (English)
S.No. 14,Case Number,Crl.A. No.-000567-000567 / 2008,31-03-2008 (English)
S.No. 15,Case Number,Crl.A. No.-000292-000292 / 2006,20-08-2008 (English)
S.No. 16,Case Number,Crl.A. No.-001366-001366 / 2008,29-08-2008 (English)
S.No. 17,Case Number,C.A. No.-005976-005976 / 2001,06-12-2007 (English)
S.No. 18,Case Number,C.A. No.-002224-002224 / 2008,28-03-2008 (English)
S.No. 19,Case Number,C.A. No.-003939-003941 / 2002,26-03-2008 (English)
S.No. 20,Case Number,C.A. No.-001897-001897 / 2003,16-04-2008 (English)
S.No. 21,Case Number,C.A. No.-000703-000703 / 2008,22-01-2008 (English)
S.No. 22,Case Number,C.A. No.-007727-007727 / 2002,14-07-2008 (English)
S.No. 23,Case Number,C.A. No.-003635-003635 / 2008,16-05-2008 (English)
S.No. 24,Case Number,C.A. No.-002098-002098 / 2007,08-07-2008 (English)
S.No. 25,Case Number,C.A. No.-000967-000967 / 2008,04-02-2008 (English)
S.No. 26,Case Number,C.A. No.-005671-005671 / 2007,06-12-2007 (English)
S.No. 27,Case Number,C.A. No.-001396-001397 / 2002,20-02-2008 (English)
S.No. 28,Case Number,C.A. No.-005209-005209 / 2007,14-11-2007 (English)
S.No. 29,Case Number,C.A. No.-007732-007733 / 2004,26-08-2008 (English)
S.No. 30,Case Number,Crl.A. No.-000554-000555 / 2002,18-09-2008 (English)
S.No. 31,Case Number,Crl.A. No.-000257-000257 / 2008,04-02-2008 (English)
S.No. 32,Case Number,Crl.A. No.-000111-000111 / 2003,16-07-2008 (English)
S.No. 33,Case Number,C.A. No.-001949-001949 / 2004,16-01-2008 (English)
S.No. 34,Case Number,C.A. No.-004951-004951 / 2001,12-02-2008 (English)
S.No. 35,Case Number,Crl.A. No.-000216-000216 / 2005,28-08-2008 (English)
S.No. 36,Case Number,C.A. No.-006142-006142 / 2008,17-10-2008 (English)
S.No. 37,Case Number,C.A. No.-005950-005950 / 2008,01-10-2008 (English)
S.No. 38,Case Number,C.A. No.-000471-000471 / 2008,17-01-2008 (English)
S.No. 39,Case Number,C.A. No.-000140-000140 / 2007,14-03-2008 (English)
S.No. 40,Case Number,C.A. No.-003470-003470 / 2008,09-05-2008 (English)
S.No. 41,Case Number,C.A. No.-005547-005547 / 2007,30-11-2007 (English)
S.No. 42,Case Number,Crl.A. No.-000030-000030 / 2005,02-11-2007 (English)
S.No. 43,Case Number,C.A. No.-001367-001369 / 2002,29-11-2007 (English)
S.No. 44,Case Number,C.A. No.-001971-001973 / 2000,18-01-2008 (English)
S.No. 45,Case Number,T.P.(C) No.-000025-000025 / 2008,16-10-2008 (English)
S.No. 46,Case Number,Crl.A. No.-000545-000545 / 2008,25-03-2008 (English)
S.No. 47,Case Number,C.A. No.-000576-000576 / 2008,22-01-2008 (English)
S.No. 48,Case Number,Crl.A. No.-000427-000427 / 2008,03-03-2008 (English)
S.No. 49,Case Number,Crl.A. No.-001066-001066 / 2008,11-07-2008 (English)
S.No. 50,Case Number,C.A. No.-001713-001713 / 2007,24-04-2008 (English)
S.No. 51,Case Number,C.A. No.-005086-005086 / 2007,01-11-2007 (English)
S.No. 52,Case Number,C.A. No.-001330-001332 / 2003,08-07-2008 (English)
S.No. 53,Case Number,C.A. No.-005380-005389 / 2005,18-08-2008 (English)
S.No. 54,Case Number,Crl.A. No.-000481-000481 / 2008,13-03-2008 (English)
S.No. 55,Case Number,SLP(C) No.-001380-001380 / 2002,04-03-2008 (English)
S.No. 56,Case Number,C.A. No.-005165-005165 / 2002,01-05-2008 (English)
S.No. 57,Case Number,C.A. No.-006539-006539 / 2003,16-05-2008 (English)
S.No. 58,Case Number,C.A. No.-002258-002258 / 2008,31-03-2008 (English)
S.No. 59,Case Number,C.A. No.-004520-004520 / 2008,18-07-2008 (English)
S.No. 60,Case Number,C.A. No.-003957-003958 / 2002,08-02-2008 (English)
S.No. 61,Case Number,C.A. No.-001692-001692 / 2008,29-02-2008 (English)
S.No. 62,Case Number,C.A. No.-002943-002943 / 2008,24-04-2008 (English)
S.No. 63,Case Number,C.A. No.-005858-005858 / 2008,26-09-2008 (English)
S.No. 64,Case Number,C.A. No.-000648-000648 / 2002,15-01-2008 (English)
S.No. 65,Case Number,C.A. No.-004210-004212 / 2003,12-08-2008 (English)
S.No. 66,Case Number,T.P.(C) No.-000030-000031 / 2008,25-01-2008 (English)
S.No. 67,Case Number,C.A. No.-004439-004439 / 2008,14-07-2008 (English)
S.No. 68,Case Number,C.A. No.-001389-001392 / 2002,22-11-2007 (English)
S.No. 69,Case Number,C.A. No.-001584-001584 / 2008,25-02-2008 (English)
S.No. 70,Case Number,C.A. No.-004028-004029 / 2007,28-08-2008 (English)
S.No. 71,Case Number,Crl.A. No.-001053-001053 / 2003,08-07-2008 (English)
S.No. 72,Case Number,Crl.A. No.-001058-001058 / 2003,24-04-2008 (English)
S.No. 73,Case Number,C.A. No.-005509-005509 / 2008,05-09-2008 (English)
S.No. 74,Case Number,C.A. No.-001271-001271 / 2008,14-02-2008 (English)
S.No. 75,Case Number,T.P.(C) No.-000023-000023 / 2003,21-02-2008 (English)
S.No. 76,Case Number,C.A. No.-006879-006879 / 2003,27-11-2007 (English)
S.No. 77,Case Number,C.A. No.-005905-005905 / 2008,29-09-2008 (English)
S.No. 78,Case Number,T.P.(C) No.-000034-000034 / 2008,07-04-2008 (English)
S.No. 79,Case Number,C.A. No.-001921-001921 / 2006,14-10-2008 (English)
S.No. 80,Case Number,C.A. No.-001585-001587 / 2008,25-02-2008 (English)
S.No. 81,Case Number,C.A. No.-004065-004065 / 2002,28-02-2008 (English)
S.No. 82,Case Number,C.A. No.-001071-001071 / 2002,04-02-2008 (English)
S.No. 83,Case Number,C.A. No.-005622-005622 / 2002,15-07-2008 (English)
S.No. 84,Case Number,C.A. No.-003573-003573 / 2008,14-05-2008 (English)
S.No. 85,Case Number,C.A. No.-001709-001709 / 2001,12-05-2008 (English)
S.No. 86,Case Number,C.A. No.-005875-005875 / 2007,13-12-2007 (English)
S.No. 87,Case Number,C.A. No.-005322-005322 / 2008,29-08-2008 (English)
S.No. 88,Case Number,C.A. No.-005373-005373 / 2007,23-11-2007 (English)
S.No. 89,Case Number,C.A. No.-005944-005944 / 2007,14-12-2007 (English)
S.No. 90,Case Number,C.A. No.-004018-004018 / 2002,12-03-2008 (English)
S.No. 91,Case Number,C.A. No.-008340-008340 / 2004,23-01-2008 (English)
S.No. 92,Case Number,C.A. No.-001386-001386 / 2008,07-02-2008 (English)
S.No. 93,Case Number,Crl.A. No.-000129-000129 / 2006,31-03-2008 (English)
S.No. 94,Case Number,Crl.A. No.-000556-000556 / 2008,26-03-2008 (English)
S.No. 95,Case Number,C.A. No.-005567-005567 / 2008,09-09-2008 (English)
S.No. 96,Case Number,Crl.A. No.-000639-000639 / 2001,03-10-2008 (English)
S.No. 97,Case Number,Crl.A. No.-000544-000544 / 2001,04-08-2008 (English)
S.No. 98,Case Number,C.A. No.-004384-004384 / 2008,15-07-2008 (English)
S.No. 99,Case Number,C.A. No.-002429-002430 / 2008,24-03-2008 (English)
S.No. 100,Case Number,C.A. No.-003203-003203 / 2008,02-05-2008 (English)
S.No. 101,Case Number,C.A. No.-001266-001266 / 2008,11-02-2008 (English)
S.No. 102,Case Number,C.A. No.-002624-002624 / 2002,"26-02-2008 (English)
26-02-2008 (English)"
S.No. 103,Case Number,C.A. No.-002335-002335 / 2006,11-01-2008 (English)
S.No. 104,Case Number,C.A. No.-000340-000340 / 2008,11-01-2008 (English)
S.No. 105,Case Number,C.A. No.-001785-001785 / 2001,04-12-2007 (English)
S.No. 106,Case Number,C.A. No.-001797-001797 / 2008,04-03-2008 (English)
S.No. 107,Case Number,C.A. No.-001771-001771 / 2008,05-03-2008 (English)
S.No. 108,Case Number,C.A. No.-000342-000342 / 2008,11-01-2008 (English)
S.No. 109,Case Number,C.A. No.-002283-002283 / 2008,31-03-2008 (English)
S.No. 110,Case Number,Crl.A. No.-001705-001705 / 2007,12-12-2007 (English)
S.No. 111,Case Number,C.A. No.-001824-001824 / 2002,22-11-2007 (English)
S.No. 112,Case Number,C.A. No.-002385-002385 / 2008,02-04-2008 (English)
S.No. 113,Case Number,C.A. No.-000511-000511 / 2008,17-01-2008 (English)
S.No. 114,Case Number,C.A. No.-001758-001759 / 2002,29-08-2008 (English)
S.No. 115,Case Number,Crl.A. No.-000668-000668 / 2007,13-02-2008 (English)
S.No. 116,Case Number,Crl.A. No.-001135-001135 / 2008,22-07-2008 (English)
S.No. 117,Case Number,Crl.A. No.-000874-000874 / 2008,13-05-2008 (English)
S.No. 118,Case Number,C.A. No.-005820-005820 / 2008,24-09-2008 (English)
S.No. 119,Case Number,C.A. No.-005877-005877 / 2008,26-09-2008 (English)
S.No. 120,Case Number,W.P.(C) No.-000068-000068 / 1999,29-08-2008 (English)
S.No. 121,Case Number,C.A. No.-001196-001196 / 2007,23-09-2008 (English)
S.No. 122,Case Number,W.P.(C) No.-000035-000035 / 2006,30-07-2008 (English)
S.No. 123,Case Number,C.A. No.-004223-004223 / 2008,08-07-2008 (English)
S.No. 124,Case Number,C.A. No.-005481-005481 / 2002,25-01-2008 (English)
S.No. 125,Case Number,C.A. No.-002638-002638 / 2008,02-04-2008 (English)
S.No. 126,Case Number,Crl.A. No.-000488-000488 / 2008,14-03-2008 (English)
S.No. 127,Case Number,C.A. No.-002668-002668 / 2002,07-02-2008 (English)
S.No. 128,Case Number,C.A. No.-003373-003373 / 2008,05-05-2008 (English)
S.No. 129,Case Number,C.A. No.-004960-004960 / 2008,08-08-2008 (English)
S.No. 130,Case Number,C.A. No.-000644-000644 / 2002,07-04-2008 (English)
S.No. 131,Case Number,C.A. No.-005288-005288 / 2008,27-08-2008 (English)
S.No. 132,Case Number,T.P.(C) No.-000040-000040 / 2007,18-02-2008 (English)
S.No. 133,Case Number,C.A. No.-004066-004067 / 2003,23-04-2008 (English)
S.No. 134,Case Number,C.A. No.-003194-003194 / 2008,29-04-2008 (English)
S.No. 135,Case Number,C.A. No.-003572-003572 / 2008,14-05-2008 (English)
S.No. 136,Case Number,Crl.A. No.-001420-001420 / 2008,08-09-2008 (English)
S.No. 137,Case Number,Crl.A. No.-000579-000579 / 2008,01-04-2008 (English)
S.No. 138,Case Number,C.A. No.-001849-001849 / 2002,12-02-2008 (English)
S.No. 139,Case Number,C.A. No.-001511-001511 / 2008,22-02-2008 (English)
S.No. 140,Case Number,C.A. No.-000019-000019 / 2007,15-02-2008 (English)
S.No. 141,Case Number,Crl.A. No.-000901-000901 / 2008,15-05-2008 (English)
S.No. 142,Case Number,C.A. No.-004592-004592 / 2008,21-07-2008 (English)
S.No. 143,Case Number,Crl.A. No.-000334-000334 / 2008,18-02-2008 (English)
S.No. 144,Case Number,C.A. No.-005366-005366 / 2007,23-11-2007 (English)
S.No. 145,Case Number,C.A. No.-002204-002205 / 2002,20-02-2008 (English)
S.No. 146,Case Number,Crl.A. No.-000827-000827 / 2005,15-05-2008 (English)
S.No. 147,Case Number,Crl.A. No.-000340-000340 / 2008,19-02-2008 (English)
S.No. 148,Case Number,C.A. No.-002898-002898 / 2008,22-04-2008 (English)
S.No. 149,Case Number,C.A. No.-004755-004755 / 2001,16-05-2008 (English)
S.No. 150,Case Number,C.A. No.-001019-001019 / 2006,12-11-2007 (English)
S.No. 151,Case Number,T.P.(C) No.-000041-000041 / 2007,08-01-2008 (English)
S.No. 152,Case Number,Crl.A. No.-000184-000184 / 2008,28-01-2008 (English)
S.No. 153,Case Number,C.A. No.-004912-004912 / 2008,06-08-2008 (English)
S.No. 154,Case Number,C.A. No.-002215-002215 / 2002,07-02-2008 (English)
S.No. 155,Case Number,C.A. No.-005883-005883 / 2008,26-09-2008 (English)
S.No. 156,Case Number,C.A. No.-007260-007260 / 2002,07-05-2008 (English)
S.No. 157,Case Number,C.A. No.-005882-005882 / 2008,26-09-2008 (English)
S.No. 158,Case Number,Crl.A. No.-001053-001053 / 2002,25-09-2008 (English)
S.No. 159,Case Number,C.A. No.-001431-001431 / 2001,12-03-2008 (English)
S.No. 160,Case Number,C.A. No.-002976-002976 / 2008,22-04-2008 (English)
S.No. 161,Case Number,C.A. No.-002088-002088 / 2008,25-03-2008 (English)
S.No. 162,Case Number,C.A. No.-001774-001774 / 2008,05-03-2008 (English)
S.No. 163,Case Number,Crl.A. No.-001190-001190 / 2008,01-08-2008 (English)
S.No. 164,Case Number,C.A. No.-002435-002435 / 2006,18-01-2008 (English)
S.No. 165,Case Number,Crl.A. No.-000122-000122 / 2008,18-01-2008 (English)
S.No. 166,Case Number,C.A. No.-005187-005188 / 2002,21-08-2008 (English)
S.No. 167,Case Number,C.A. No.-001139-001139 / 2002,09-04-2008 (English)
S.No. 168,Case Number,C.A. No.-005694-005694 / 2008,16-09-2008 (English)
S.No. 169,Case Number,C.A. No.-001997-001997 / 2008,14-03-2008 (English)
S.No. 170,Case Number,C.A. No.-004414-004416 / 2002,23-07-2008 (English)
S.No. 171,Case Number,Crl.A. No.-000683-000683 / 2007,06-05-2008 (English)
S.No. 172,Case Number,Crl.A. No.-000330-000330 / 2008,"11-04-2008 (English)
18-02-2008 (English)"
S.No. 173,Case Number,C.A. No.-007119-007120 / 2000,14-03-2008 (English)
S.No. 174,Case Number,C.A. No.-004440-004440 / 2008,11-07-2008 (English)
S.No. 175,Case Number,C.A. No.-001289-001289 / 2007,12-02-2008 (English)
S.No. 176,Case Number,C.A. No.-004742-004742 / 2008,31-07-2008 (English)
S.No. 177,Case Number,C.A. No.-001940-001940 / 2008,13-03-2008 (English)
S.No. 178,Case Number,C.A. No.-006410-006410 / 2000,14-03-2008 (English)
S.No. 179,Case Number,CONMT.PET.(C) No.-000012-000013 / 2006,"18-08-2008 (English)
21-07-2008 (English)"
S.No. 180,Case Number,C.A. No.-000490-000490 / 2008,18-01-2008 (English)
S.No. 181,Case Number,C.A. No.-003638-003638 / 2008,16-05-2008 (English)
S.No. 182,Case Number,C.A. No.-004798-004798 / 2008,04-08-2008 (English)
S.No. 183,Case Number,C.A. No.-005607-005607 / 2007,04-12-2007 (English)
S.No. 184,Case Number,C.A. No.-005188-005188 / 2008,21-08-2008 (English)
S.No. 185,Case Number,C.A. No.-002418-002418 / 2006,29-04-2008 (English)
S.No. 186,Case Number,Crl.A. No.-000245-000245 / 2008,01-02-2008 (English)
S.No. 187,Case Number,C.A. No.-000713-000713 / 2008,25-01-2008 (English)
S.No. 188,Case Number,Crl.A. No.-000573-000573 / 2007,05-08-2008 (English)
S.No. 189,Case Number,C.A. No.-007080-007080 / 2001,27-11-2007 (English)
S.No. 190,Case Number,C.A. No.-005321-005321 / 2007,20-11-2007 (English)
S.No. 191,Case Number,C.A. No.-001695-001695 / 2008,29-02-2008 (English)
S.No. 192,Case Number,C.A. No.-003505-003505 / 2008,12-05-2008 (English)
S.No. 193,Case Number,C.A. No.-004293-004293 / 2008,10-07-2008 (English)
S.No. 194,Case Number,C.A. No.-005252-005252 / 2007,15-11-2007 (English)
S.No. 195,Case Number,C.A. No.-001618-001618 / 2005,18-08-2008 (English)
S.No. 196,Case Number,C.A. No.-005130-005130 / 2008,"19-08-2008 (English)
19-08-2008 (English)"
S.No. 197,Case Number,Crl.A. No.-000504-000504 / 2001,28-08-2008 (English)
S.No. 198,Case Number,C.A. No.-003857-003857 / 2003,19-02-2008 (English)
S.No. 199,Case Number,Crl.A. No.-000174-000174 / 2008,25-01-2008 (English)
S.No. 200,Case Number,T.P.(C) No.-000065-000065 / 2007,12-03-2008 (English)
S.No. 201,Case Number,C.A. No.-005832-005832 / 2007,12-12-2007 (English)
S.No. 202,Case Number,Crl.A. No.-000288-000288 / 2001,18-07-2008 (English)
S.No. 203,Case Number,Crl.A. No.-001598-001598 / 2008,13-10-2008 (English)
S.No. 204,Case Number,C.A. No.-001760-001760 / 2008,03-03-2008 (English)
S.No. 205,Case Number,C.A. No.-001645-001647 / 2001,13-12-2007 (English)
S.No. 206,Case Number,C.A. No.-000157-000157 / 2001,19-08-2008 (English)
S.No. 207,Case Number,C.A. No.-002965-002965 / 2008,24-04-2008 (English)
S.No. 208,Case Number,C.A. No.-006622-006622 / 2001,12-02-2008 (English)
S.No. 209,Case Number,C.A. No.-000084-000084 / 2008,08-01-2008 (English)
S.No. 210,Case Number,C.A. No.-000582-000582 / 2008,22-01-2008 (English)
S.No. 211,Case Number,C.A. No.-004531-004531 / 2007,"13-08-2008 (English)
13-08-2008 (English)"
S.No. 212,Case Number,C.A. No.-006103-006103 / 2008,14-10-2008 (English)
S.No. 213,Case Number,C.A. No.-003413-003414 / 2001,15-07-2008 (English)
S.No. 214,Case Number,Crl.A. No.-000321-000321 / 2006,21-01-2008 (English)
S.No. 215,Case Number,C.A. No.-004976-004987 / 2002,19-02-2008 (English)
S.No. 216,Case Number,Crl.A. No.-000313-000313 / 2001,16-05-2008 (English)
S.No. 217,Case Number,Crl.A. No.-000399-000399 / 2008,27-02-2008 (English)
S.No. 218,Case Number,SLP(C) No.-002770-002770 / 2006,11-09-2008 (English)
S.No. 219,Case Number,Crl.A. No.-000687-000687 / 2001,25-08-2008 (English)
S.No. 220,Case Number,Crl.A. No.-000465-000465 / 2006,14-12-2007 (English)
S.No. 221,Case Number,C.A. No.-003406-003406 / 2008,08-05-2008 (English)
S.No. 222,Case Number,Crl.A. No.-000473-000473 / 2001,08-08-2008 (English)
S.No. 223,Case Number,C.A. No.-002711-002711 / 2001,13-12-2007 (English)
S.No. 224,Case Number,C.A. No.-002699-002699 / 2008,09-04-2008 (English)
S.No. 225,Case Number,C.A. No.-005630-005630 / 2008,"05-09-2008 (English)
20-05-2008 (English)"
S.No. 226,Case Number,Crl.A. No.-001276-001276 / 2005,04-12-2007 (English)
S.No. 227,Case Number,Crl.A. No.-001289-001289 / 2008,18-08-2008 (English)
S.No. 228,Case Number,Crl.A. No.-001250-001250 / 2005,11-03-2008 (English)
S.No. 229,Case Number,Crl.A. No.-000416-000416 / 2008,03-03-2008 (English)
S.No. 230,Case Number,C.A. No.-001609-001609 / 2008,27-02-2008 (English)
S.No. 231,Case Number,C.A. No.-007066-007066 / 2001,31-01-2008 (English)
S.No. 232,Case Number,C.A. No.-000341-000341 / 2008,11-01-2008 (English)
S.No. 233,Case Number,C.A. No.-006619-006619 / 2000,29-04-2008 (English)
S.No. 234,Case Number,Crl.A. No.-001449-001449 / 2008,10-09-2008 (English)
S.No. 235,Case Number,C.A. No.-001727-001727 / 2008,04-03-2008 (English)
S.No. 236,Case Number,W.P.(C) No.-000202-000202 / 1995,"08-08-2008 (English)
09-05-2008 (English)
28-03-2008 (English)
21-02-2008 (English)
23-11-2007 (English)"
S.No. 237,Case Number,Crl.A. No.-000839-000839 / 2008,08-05-2008 (English)
S.No. 238,Case Number,C.A. No.-003365-003365 / 2008,07-05-2008 (English)
S.No. 239,Case Number,C.A. No.-007875-007876 / 2001,03-01-2008 (English)
S.No. 240,Case Number,C.A. No.-003469-003469 / 2008,02-05-2008 (English)
S.No. 241,Case Number,C.A. No.-000936-000936 / 2006,30-04-2008 (English)
S.No. 242,Case Number,C.A. No.-001924-001924 / 2008,12-03-2008 (English)
S.No. 243,Case Number,C.A. No.-001832-001832 / 2004,12-03-2008 (English)
S.No. 244,Case Number,C.A. No.-000587-000587 / 2005,13-12-2007 (English)
S.No. 245,Case Number,C.A. No.-001838-001838 / 2008,07-03-2008 (English)
S.No. 246,Case Number,Crl.A. No.-000318-000318 / 2008,15-02-2008 (English)
S.No. 247,Case Number,C.A. No.-000579-000579 / 2008,22-01-2008 (English)
S.No. 248,Case Number,Crl.A. No.-000038-000038 / 2008,08-01-2008 (English)
S.No. 249,Case Number,C.A. No.-000598-000598 / 2007,26-02-2008 (English)
S.No. 250,Case Number,C.A. No.-004770-004770 / 2008,01-08-2008 (English)
S.No. 251,Case Number,C.A. No.-001730-001730 / 2008,04-03-2008 (English)
S.No. 252,Case Number,Crl.A. No.-001026-001026 / 2001,16-10-2008 (English)
S.No. 253,Case Number,C.A. No.-002277-002277 / 2008,31-03-2008 (English)
S.No. 254,Case Number,Crl.A. No.-000403-000403 / 2000,12-06-2008 (English)
S.No. 255,Case Number,C.A. No.-001816-001816 / 2008,"07-03-2008 (English)
07-03-2008 (English)"
S.No. 256,Case Number,C.A. No.-005067-005067 / 2007,31-10-2007 (English)
S.No. 257,Case Number,C.A. No.-003201-003201 / 2008,02-05-2008 (English)
S.No. 258,Case Number,C.A. No.-004946-004947 / 2007,23-10-2007 (English)
S.No. 259,Case Number,C.A. No.-001101-001101 / 2002,14-02-2008 (English)
S.No. 260,Case Number,C.A. No.-002322-002322 / 2006,14-12-2007 (English)
S.No. 261,Case Number,C.A. No.-001604-001604 / 2008,"22-02-2008 (English)
22-02-2008 (English)"
S.No. 262,Case Number,Crl.A. No.-000740-000740 / 2008,28-04-2008 (English)
S.No. 263,Case Number,C.A. No.-002388-002388 / 2008,01-04-2008 (English)
S.No. 264,Case Number,CONMT.PET.(C) No.-000034-000034 / 2007,28-07-2008 (English)
S.No. 265,Case Number,C.A. No.-004456-004456 / 2008,16-07-2008 (English)
S.No. 266,Case Number,C.A. No.-005943-005943 / 2007,14-12-2007 (English)
S.No. 267,Case Number,Crl.A. No.-000179-000179 / 2007,12-05-2008 (English)
S.No. 268,Case Number,Crl.A. No.-000871-000871 / 2008,13-05-2008 (English)
S.No. 269,Case Number,C.A. No.-002573-002573 / 2008,09-04-2008 (English)
S.No. 270,Case Number,C.A. No.-001495-001495 / 2008,22-02-2008 (English)
S.No. 271,Case Number,C.A. No.-001818-001818 / 2008,05-03-2008 (English)
S.No. 272,Case Number,C.A. No.-004128-004128 / 2008,16-05-2008 (English)
S.No. 273,Case Number,C.A. No.-000086-000086 / 2008,08-01-2008 (English)
S.No. 274,Case Number,C.A. No.-001094-001094 / 2006,12-02-2008 (English)
S.No. 275,Case Number,C.A. No.-007894-007894 / 2002,08-05-2008 (English)
S.No. 276,Case Number,Crl.A. No.-000512-000512 / 2001,22-09-2008 (English)
S.No. 277,Case Number,C.A. No.-006126-006126 / 2008,15-10-2008 (English)
S.No. 278,Case Number,Crl.A. No.-000739-000739 / 2008,28-04-2008 (English)
S.No. 279,Case Number,C.A. No.-005414-005414 / 2008,01-09-2008 (English)
S.No. 280,Case Number,Crl.A. No.-000895-000895 / 2003,24-07-2008 (English)
S.No. 281,Case Number,C.A. No.-004926-004926 / 2008,07-08-2008 (English)
S.No. 282,Case Number,C.A. No.-002200-002201 / 2001,16-04-2008 (English)
S.No. 283,Case Number,C.A. No.-004243-004244 / 2004,02-05-2008 (English)
S.No. 284,Case Number,C.A. No.-001559-001559 / 2008,25-02-2008 (English)
S.No. 285,Case Number,C.A. No.-001660-001660 / 2008,28-02-2008 (English)
S.No. 286,Case Number,C.A. No.-001957-001957 / 2008,13-03-2008 (English)
S.No. 287,Case Number,C.A. No.-006456-006456 / 2001,24-01-2008 (English)
S.No. 288,Case Number,C.A. No.-004247-004248 / 2001,30-10-2007 (English)
S.No. 289,Case Number,C.A. No.-001667-001667 / 2008,"29-02-2008 (English)
29-02-2008 (English)"
S.No. 290,Case Number,C.A. No.-005087-005087 / 2007,01-11-2007 (English)
S.No. 291,Case Number,C.A. No.-003040-003040 / 2008,29-04-2008 (English)
S.No. 292,Case Number,C.A. No.-004301-004301 / 2008,10-07-2008 (English)
S.No. 293,Case Number,C.A. No.-007567-007567 / 2004,10-07-2008 (English)
S.No. 294,Case Number,CONMT.PET.(C) No.-000051-000051 / 2008,05-09-2008 (English)
S.No. 295,Case Number,Crl.A. No.-000579-000579 / 2005,16-01-2008 (English)
S.No. 296,Case Number,C.A. No.-005412-005412 / 2007,26-11-2007 (English)
S.No. 297,Case Number,C.A. No.-001910-001910 / 2002,03-03-2008 (English)
S.No. 298,Case Number,C.A. No.-002982-002982 / 2001,23-09-2008 (English)
S.No. 299,Case Number,Crl.A. No.-000473-000473 / 1998,13-06-2008 (English)
S.No. 300,Case Number,C.A. No.-002461-002465 / 2000,08-05-2008 (English)
S.No. 301,Case Number,C.A. No.-003325-003325 / 2008,06-05-2008 (English)
S.No. 302,Case Number,C.A. No.-001606-001606 / 2008,22-02-2008 (English)
S.No. 303,Case Number,C.A. No.-001528-001528 / 2005,"13-03-2008 (English)
13-03-2008 (English)"
S.No. 304,Case Number,Crl.A. No.-000343-000343 / 2008,18-02-2008 (English)
S.No. 305,Case Number,C.A. No.-004943-004943 / 2008,"08-08-2008 (English)
08-08-2008 (English)"
S.No. 306,Case Number,C.A. No.-005683-005683 / 2008,16-09-2008 (English)
S.No. 307,Case Number,C.A. No.-005550-005550 / 2008,08-09-2008 (English)
S.No. 308,Case Number,C.A. No.-002461-002461 / 2006,29-09-2008 (English)
S.No. 309,Case Number,Crl.A. No.-000884-000884 / 2001,04-01-2008 (English)
S.No. 310,Case Number,C.A. No.-005590-005590 / 2008,10-09-2008 (English)
S.No. 311,Case Number,C.A. No.-002611-002612 / 2003,26-10-2007 (English)
S.No. 312,Case Number,T.P.(C) No.-000108-000108 / 2007,07-01-2008 (English)
S.No. 313,Case Number,C.A. No.-006761-006761 / 2001,14-02-2008 (English)
S.No. 314,Case Number,C.A. No.-004817-004851 / 2002,"29-08-2008 (English)
29-08-2008 (English)"
S.No. 315,Case Number,Crl.A. No.-001106-001106 / 2008,16-07-2008 (English)
S.No. 316,Case Number,C.A. No.-004625-004626 / 2005,02-07-2008 (English)
S.No. 317,Case Number,C.A. No.-000469-000469 / 2008,17-01-2008 (English)
S.No. 318,Case Number,Crl.A. No.-001295-001295 / 2006,07-04-2008 (English)
S.No. 319,Case Number,C.A. No.-001336-001336 / 2006,26-03-2008 (English)
S.No. 320,Case Number,C.A. No.-004583-004583 / 2008,21-07-2008 (English)
S.No. 321,Case Number,C.A. No.-001664-001664 / 2008,29-02-2008 (English)
S.No. 322,Case Number,Crl.A. No.-000437-000437 / 2006,10-01-2008 (English)
S.No. 323,Case Number,C.A. No.-001009-001010 / 2001,17-07-2008 (English)
S.No. 324,Case Number,C.A. No.-003277-003277 / 2008,05-05-2008 (English)
S.No. 325,Case Number,Crl.A. No.-000525-000525 / 2005,02-11-2007 (English)
S.No. 326,Case Number,T.P.(C) No.-000291-000291 / 2005,"09-07-2008 (English)
25-10-2007 (English)"
S.No. 327,Case Number,C.A. No.-004337-004337 / 2008,11-07-2008 (English)
S.No. 328,Case Number,C.A. No.-006447-006447 / 2001,22-04-2008 (English)
S.No. 329,Case Number,C.A. No.-006497-006497 / 2001,07-03-2008 (English)
S.No. 330,Case Number,Crl.A. No.-001064-001064 / 2008,11-07-2008 (English)
S.No. 331,Case Number,Crl.A. No.-001227-001228 / 2003,26-03-2008 (English)
S.No. 332,Case Number,C.A. No.-002567-002567 / 2006,04-04-2008 (English)
S.No. 333,Case Number,C.A. No.-004747-004747 / 2008,01-08-2008 (English)
S.No. 334,Case Number,Crl.A. No.-000742-000742 / 2008,28-04-2008 (English)
S.No. 335,Case Number,C.A. No.-001993-001993 / 2008,14-03-2008 (English)
S.No. 336,Case Number,Crl.A. No.-000904-000905 / 2008,15-05-2008 (English)
S.No. 337,Case Number,C.A. No.-002945-002945 / 2008,24-04-2008 (English)
S.No. 338,Case Number,C.A. No.-005539-005539 / 2001,09-05-2008 (English)
S.No. 339,Case Number,C.A. No.-001328-001328 / 2008,"15-02-2008 (English)
15-02-2008 (English)"
S.No. 340,Case Number,Crl.A. No.-000923-000923 / 2008,16-05-2008 (English)
S.No. 341,Case Number,C.A. No.-004683-004685 / 2008,25-07-2008 (English)
S.No. 342,Case Number,C.A. No.-005268-005268 / 2008,27-08-2008 (English)
S.No. 343,Case Number,C.A. No.-000085-000086 / 2002,21-02-2008 (English)
S.No. 344,Case Number,C.A. No.-003496-003496 / 2008,12-05-2008 (English)
S.No. 345,Case Number,C.A. No.-005645-005645 / 2008,15-09-2008 (English)
S.No. 346,Case Number,C.A. No.-005287-005287 / 2007,07-08-2008 (English)
S.No. 347,Case Number,Crl.A. No.-000967-000967 / 2008,27-05-2008 (English)
S.No. 348,Case Number,C.A. No.-001087-001088 / 2008,07-02-2008 (English)
S.No. 349,Case Number,C.A. No.-005212-005212 / 2008,22-08-2008 (English)
S.No. 350,Case Number,C.A. No.-000968-000968 / 2008,04-02-2008 (English)
S.No. 351,Case Number,Crl.A. No.-000327-000327 / 2006,06-02-2008 (English)
S.No. 352,Case Number,C.A. No.-001244-001244 / 2008,12-02-2008 (English)
S.No. 353,Case Number,C.A. No.-005194-005194 / 2001,10-03-2008 (English)
S.No. 354,Case Number,Crl.A. No.-000568-000569 / 2004,05-03-2008 (English)
S.No. 355,Case Number,Crl.A. No.-000580-000580 / 2001,03-10-2008 (English)
S.No. 356,Case Number,Crl.A. No.-000549-000549 / 2008,25-03-2008 (English)
S.No. 357,Case Number,SLP(C) No.-008146-008146 / 2007,"06-02-2008 (English)
06-02-2008 (English)
06-02-2008 (English)"
S.No. 358,Case Number,C.A. No.-002930-002930 / 2006,29-01-2008 (English)
S.No. 359,Case Number,C.A. No.-001796-001796 / 2008,03-03-2008 (English)
S.No. 360,Case Number,C.A. No.-001263-001263 / 2001,01-02-2008 (English)
S.No. 361,Case Number,C.A. No.-002356-002356 / 2008,28-03-2008 (English)
S.No. 362,Case Number,C.A. No.-002597-002597 / 2005,14-03-2008 (English)
S.No. 363,Case Number,C.A. No.-002549-002549 / 2001,01-11-2007 (English)
S.No. 364,Case Number,C.A. No.-003160-003160 / 2008,30-04-2008 (English)
S.No. 365,Case Number,C.A. No.-002893-002893 / 2008,22-04-2008 (English)
S.No. 366,Case Number,Crl.A. No.-000969-000972 / 2008,14-05-2008 (English)
S.No. 367,Case Number,C.A. No.-003267-003267 / 2001,24-01-2008 (English)
S.No. 368,Case Number,C.A. No.-002108-002194 / 2003,04-12-2007 (English)
S.No. 369,Case Number,C.A. No.-009432-009432 / 2003,27-11-2007 (English)
S.No. 370,Case Number,C.A. No.-008127-008127 / 2002,30-09-2008 (English)
S.No. 371,Case Number,Crl.A. No.-001287-001287 / 2008,18-08-2008 (English)
S.No. 372,Case Number,C.A. No.-000959-000959 / 2008,04-02-2008 (English)
S.No. 373,Case Number,C.A. No.-000090-000090 / 2008,08-01-2008 (English)
S.No. 374,Case Number,C.A. No.-001609-001610 / 2001,31-01-2008 (English)
S.No. 375,Case Number,C.A. No.-000677-000677 / 2008,23-01-2008 (English)
S.No. 376,Case Number,C.A. No.-001384-001384 / 2008,19-02-2008 (English)
S.No. 377,Case Number,C.A. No.-003193-003193 / 2008,29-04-2008 (English)
S.No. 378,Case Number,C.A. No.-004222-004222 / 2008,08-07-2008 (English)
S.No. 379,Case Number,C.A. No.-003499-003499 / 2008,12-05-2008 (English)
S.No. 380,Case Number,C.A. No.-003269-003269 / 2003,30-09-2008 (English)
S.No. 381,Case Number,C.A. No.-005787-005787 / 2000,22-11-2007 (English)
S.No. 382,Case Number,C.A. No.-001759-001759 / 2008,03-03-2008 (English)
S.No. 383,Case Number,C.A. No.-001373-001373 / 2006,02-09-2008 (English)
S.No. 384,Case Number,C.A. No.-005306-005306 / 2008,29-08-2008 (English)
S.No. 385,Case Number,Crl.A. No.-001255-001255 / 2003,26-06-2008 (English)
S.No. 386,Case Number,C.A. No.-004741-004741 / 2008,31-07-2008 (English)
S.No. 387,Case Number,C.A. No.-002038-002041 / 2008,12-03-2008 (English)
S.No. 388,Case Number,C.A. No.-005401-005401 / 2007,26-11-2007 (English)
S.No. 389,Case Number,C.A. No.-005717-005717 / 2001,03-04-2008 (English)
S.No. 390,Case Number,C.A. No.-005539-005539 / 2007,30-11-2007 (English)
S.No. 391,Case Number,C.A. No.-007218-007219 / 2002,06-05-2008 (English)
S.No. 392,Case Number,Crl.A. No.-000831-000831 / 2001,29-09-2008 (English)
S.No. 393,Case Number,C.A. No.-002106-002106 / 2008,26-03-2008 (English)
S.No. 394,Case Number,C.A. No.-006469-006470 / 2002,29-04-2008 (English)
S.No. 395,Case Number,C.A. No.-002411-002411 / 2002,05-03-2008 (English)
S.No. 396,Case Number,C.A. No.-001633-001633 / 2008,27-02-2008 (English)
S.No. 397,Case Number,C.A. No.-002402-002402 / 2002,14-02-2008 (English)
S.No. 398,Case Number,C.A. No.-002849-002849 / 2001,05-02-2008 (English)
S.No. 399,Case Number,C.A. No.-001354-001354 / 2008,18-02-2008 (English)
S.No. 400,Case Number,Crl.A. No.-000132-000132 / 2008,21-01-2008 (English)
S.No. 401,Case Number,C.A. No.-005019-005019 / 2008,13-08-2008 (English)
S.No. 402,Case Number,C.A. No.-003407-003407 / 2008,08-05-2008 (English)
S.No. 403,Case Number,C.A. No.-008432-008432 / 2001,07-07-2008 (English)
S.No. 404,Case Number,C.A. No.-001042-001042 / 2008,05-02-2008 (English)
S.No. 405,Case Number,C.A. No.-005597-005597 / 2001,16-05-2008 (English)
S.No. 406,Case Number,C.A. No.-006769-006769 / 2001,10-12-2007 (English)
S.No. 407,Case Number,C.A. No.-007098-007098 / 2001,24-01-2008 (English)
S.No. 408,Case Number,C.A. No.-000018-000018 / 2007,16-04-2008 (English)
S.No. 409,Case Number,Crl.A. No.-000472-000472 / 2008,11-03-2008 (English)
S.No. 410,Case Number,C.A. No.-003489-003489 / 2008,09-05-2008 (English)
S.No. 411,Case Number,C.A. No.-002564-002564 / 2005,18-01-2008 (English)
S.No. 412,Case Number,C.A. No.-005949-005949 / 2007,14-12-2007 (English)
S.No. 413,Case Number,C.A. No.-001425-001425 / 2001,19-02-2008 (English)
S.No. 414,Case Number,C.A. No.-002873-002873 / 2002,12-12-2007 (English)
S.No. 415,Case Number,C.A. No.-005748-005748 / 2008,19-09-2008 (English)
S.No. 416,Case Number,Crl.A. No.-001343-001343 / 2008,25-08-2008 (English)
S.No. 417,Case Number,Crl.A. No.-000868-000868 / 2007,14-07-2008 (English)
S.No. 418,Case Number,C.A. No.-001360-001363 / 2001,12-02-2008 (English)
S.No. 419,Case Number,C.A. No.-000769-000769 / 2008,29-01-2008 (English)
S.No. 420,Case Number,C.A. No.-001694-001694 / 2006,16-06-2008 (English)
S.No. 421,Case Number,C.A. No.-003375-003375 / 2008,05-05-2008 (English)
S.No. 422,Case Number,C.A. No.-004620-004620 / 2008,17-07-2008 (English)
S.No. 423,Case Number,C.A. No.-003748-003748 / 2002,28-02-2008 (English)
S.No. 424,Case Number,Crl.A. No.-001575-001575 / 2008,03-10-2008 (English)
S.No. 425,Case Number,C.A. No.-003621-003625 / 2002,28-03-2008 (English)
S.No. 426,Case Number,C.A. No.-000782-000782 / 2006,31-01-2008 (English)
S.No. 427,Case Number,C.A. No.-004581-004581 / 2008,21-07-2008 (English)
S.No. 428,Case Number,Crl.A. No.-000999-000999 / 2008,07-07-2008 (English)
S.No. 429,Case Number,C.A. No.-002042-002042 / 2008,12-03-2008 (English)
S.No. 430,Case Number,C.A. No.-001980-001980 / 2008,"02-04-2008 (English)
13-03-2008 (English)"
S.No. 431,Case Number,Crl.A. No.-001532-001532 / 2008,26-09-2008 (English)
S.No. 432,Case Number,C.A. No.-005707-005707 / 2002,10-04-2008 (English)
S.No. 433,Case Number,C.A. No.-004649-004650 / 2004,28-11-2007 (English)
S.No. 434,Case Number,C.A. No.-001251-001251 / 2008,11-02-2008 (English)
S.No. 435,Case Number,C.A. No.-000319-000319 / 2002,09-04-2008 (English)
S.No. 436,Case Number,C.A. No.-008335-008336 / 2002,30-04-2008 (English)
S.No. 437,Case Number,C.A. No.-004460-004460 / 2008,16-07-2008 (English)
S.No. 438,Case Number,C.A. No.-008017-008017 / 2003,15-09-2008 (English)
S.No. 439,Case Number,C.A. No.-005605-005605 / 2008,"11-09-2008 (English)
11-09-2008 (English)"
S.No. 440,Case Number,Crl.A. No.-001298-001298 / 2002,28-08-2008 (English)
S.No. 441,Case Number,C.A. No.-005344-005344 / 2005,05-12-2007 (English)
S.No. 442,Case Number,Crl.A. No.-000803-000803 / 2001,09-09-2008 (English)
S.No. 443,Case Number,Crl.A. No.-000491-000491 / 2008,14-03-2008 (English)
S.No. 444,Case Number,T.P.(C) No.-000211-000211 / 2008,29-09-2008 (English)
S.No. 445,Case Number,C.A. No.-004448-004448 / 2005,11-09-2008 (English)
S.No. 446,Case Number,C.A. No.-003879-003879 / 2001,13-03-2008 (English)
S.No. 447,Case Number,C.A. No.-004113-004115 / 2008,16-05-2008 (English)
S.No. 448,Case Number,C.A. No.-001383-001383 / 2008,18-02-2008 (English)
S.No. 449,Case Number,C.A. No.-000803-000803 / 2008,30-01-2008 (English)
S.No. 450,Case Number,C.A. No.-000312-000312 / 2002,11-04-2008 (English)
S.No. 451,Case Number,C.A. No.-000768-000768 / 2008,29-01-2008 (English)
S.No. 452,Case Number,C.A. No.-003468-003468 / 2008,09-05-2008 (English)
S.No. 453,Case Number,C.A. No.-007337-007337 / 2002,07-05-2008 (English)
S.No. 454,Case Number,C.A. No.-005855-005855 / 2008,23-09-2008 (English)
S.No. 455,Case Number,Crl.A. No.-001463-001463 / 2007,24-10-2007 (English)
S.No. 456,Case Number,Crl.A. No.-000322-000322 / 2007,08-05-2008 (English)
S.No. 457,Case Number,T.P.(C) No.-000167-000167 / 2006,"22-01-2008 (English)
22-01-2008 (English)
22-01-2008 (English)"
S.No. 458,Case Number,Crl.A. No.-001549-001549 / 2008,29-09-2008 (English)
S.No. 459,Case Number,C.A. No.-004189-004189 / 2001,19-08-2008 (English)
S.No. 460,Case Number,Crl.A. No.-000754-000754 / 2008,29-04-2008 (English)
S.No. 461,Case Number,C.A. No.-006125-006125 / 2008,16-10-2008 (English)
S.No. 462,Case Number,Crl.A. No.-001145-001145 / 2001,14-07-2008 (English)
S.No. 463,Case Number,C.A. No.-001151-001152 / 2001,08-05-2008 (English)
S.No. 464,Case Number,Crl.A. No.-000872-000872 / 2008,13-05-2008 (English)
S.No. 465,Case Number,C.A. No.-002786-002786 / 2008,11-04-2008 (English)
S.No. 466,Case Number,C.A. No.-007965-007966 / 2004,08-02-2008 (English)
S.No. 467,Case Number,C.A. No.-005455-005455 / 2007,28-11-2007 (English)
S.No. 468,Case Number,C.A. No.-006050-006050 / 2006,27-11-2007 (English)
S.No. 469,Case Number,C.A. No.-003501-003501 / 2004,16-09-2008 (English)
S.No. 470,Case Number,C.A. No.-007056-007065 / 2001,05-03-2008 (English)
S.No. 471,Case Number,C.A. No.-003867-003867 / 2001,19-02-2008 (English)
S.No. 472,Case Number,C.A. No.-001299-001299 / 2002,24-03-2008 (English)
S.No. 473,Case Number,T.P.(C) No.-000221-000221 / 2008,22-07-2008 (English)
S.No. 474,Case Number,C.A. No.-005225-005225 / 2008,25-08-2008 (English)
S.No. 475,Case Number,C.A. No.-004445-004445 / 2008,14-07-2008 (English)
S.No. 476,Case Number,C.A. No.-006616-006616 / 2000,31-10-2007 (English)
S.No. 477,Case Number,Crl.A. No.-000509-000509 / 2006,17-10-2008 (English)
S.No. 478,Case Number,C.A. No.-004386-004386 / 2002,18-09-2008 (English)
S.No. 479,Case Number,C.A. No.-001468-001468 / 2008,21-02-2008 (English)
S.No. 480,Case Number,C.A. No.-008698-008698 / 2002,24-04-2008 (English)
S.No. 481,Case Number,C.A. No.-007160-007160 / 2005,28-03-2008 (English)
S.No. 482,Case Number,C.A. No.-002464-002464 / 2008,03-04-2008 (English)
S.No. 483,Case Number,C.A. No.-002946-002956 / 2008,24-04-2008 (English)
S.No. 484,Case Number,C.A. No.-004306-004307 / 2003,13-06-2008 (English)
S.No. 485,Case Number,C.A. No.-007349-007349 / 2001,19-02-2008 (English)
S.No. 486,Case Number,Crl.A. No.-000572-000572 / 2001,01-08-2008 (English)
S.No. 487,Case Number,C.A. No.-002046-002047 / 2008,12-03-2008 (English)
S.No. 488,Case Number,C.A. No.-005210-005216 / 2002,21-07-2008 (English)
S.No. 489,Case Number,C.A. No.-005798-005799 / 2008,23-09-2008 (English)
S.No. 490,Case Number,C.A. No.-001805-001805 / 2007,02-09-2008 (English)
S.No. 491,Case Number,Crl.A. No.-000099-000099 / 2008,15-01-2008 (English)
S.No. 492,Case Number,Crl.A. No.-000349-000349 / 2008,15-02-2008 (English)
S.No. 493,Case Number,C.A. No.-001839-001840 / 2004,22-02-2008 (English)
S.No. 494,Case Number,C.A. No.-004576-004576 / 2008,21-07-2008 (English)
S.No. 495,Case Number,C.A. No.-001186-001186 / 2008,08-02-2008 (English)
S.No. 496,Case Number,C.A. No.-001378-001378 / 2008,19-02-2008 (English)
S.No. 497,Case Number,C.A. No.-005638-005638 / 2007,05-12-2007 (English)
S.No. 498,Case Number,C.A. No.-002134-002134 / 2006,14-02-2008 (English)
S.No. 499,Case Number,C.A. No.-005642-005642 / 2008,15-09-2008 (English)
S.No. 500,Case Number,C.A. No.-001736-001736 / 2008,04-03-2008 (English)
S.No. 501,Case Number,C.A. No.-001398-001398 / 2006,30-01-2008 (English)
S.No. 502,Case Number,C.A. No.-005232-005232 / 2008,25-08-2008 (English)
S.No. 503,Case Number,C.A. No.-001340-001340 / 2008,15-02-2008 (English)
S.No. 504,Case Number,C.A. No.-001729-001729 / 2008,04-03-2008 (English)
S.No. 505,Case Number,C.A. No.-001243-001243 / 2008,12-02-2008 (English)
S.No. 506,Case Number,C.A. No.-005801-005801 / 2008,23-09-2008 (English)
S.No. 507,Case Number,Crl.A. No.-001572-001572 / 2008,03-10-2008 (English)
S.No. 508,Case Number,/,08-01-2008 (English)
S.No. 509,Case Number,Crl.A. No.-000003-000003 / 2001,29-07-2008 (English)
S.No. 510,Case Number,C.A. No.-003083-003083 / 2008,29-04-2008 (English)
S.No. 511,Case Number,Crl.A. No.-000070-000070 / 2002,01-10-2008 (English)
S.No. 512,Case Number,C.A. No.-000984-000986 / 2005,06-12-2007 (English)
S.No. 513,Case Number,C.A. No.-005812-005812 / 2008,18-09-2008 (English)
S.No. 514,Case Number,C.A. No.-003245-003245 / 2008,01-05-2008 (English)
S.No. 515,Case Number,C.A. No.-003623-003626 / 2008,"16-05-2008 (English)
28-04-2008 (English)"
S.No. 516,Case Number,C.A. No.-002553-002554 / 2004,20-06-2008 (English)
S.No. 517,Case Number,C.A. No.-005621-005621 / 2008,11-09-2008 (English)
S.No. 518,Case Number,C.A. No.-002945-002945 / 2001,08-01-2008 (English)
S.No. 519,Case Number,Crl.A. No.-000426-000426 / 2008,03-03-2008 (English)
S.No. 520,Case Number,Crl.A. No.-000776-000776 / 2008,01-05-2008 (English)
S.No. 521,Case Number,C.A. No.-008481-008482 / 2003,01-08-2008 (English)
S.No. 522,Case Number,Crl.A. No.-000112-000112 / 2008,16-01-2008 (English)
S.No. 523,Case Number,C.A. No.-003472-003472 / 2008,09-05-2008 (English)
S.No. 524,Case Number,C.A. No.-005558-005558 / 2008,06-09-2008 (English)
S.No. 525,Case Number,W.P.(C) No.-000196-000196 / 2001,20-11-2007 (English)
S.No. 526,Case Number,C.A. No.-001272-001272 / 2008,14-02-2008 (English)
S.No. 527,Case Number,C.A. No.-003620-003620 / 2008,16-05-2008 (English)
S.No. 528,Case Number,C.A. No.-001036-001036 / 2002,03-03-2008 (English)
S.No. 529,Case Number,C.A. No.-003324-003324 / 2008,06-05-2008 (English)
S.No. 530,Case Number,C.A. No.-003332-003333 / 2008,05-05-2008 (English)
S.No. 531,Case Number,C.A. No.-002594-002594 / 2006,08-02-2008 (English)
S.No. 532,Case Number,C.A. No.-005354-005354 / 2002,21-04-2008 (English)
S.No. 533,Case Number,C.A. No.-003539-003539 / 2006,30-01-2008 (English)
S.No. 534,Case Number,C.A. No.-003736-003736 / 2001,27-02-2008 (English)
S.No. 535,Case Number,C.A. No.-000666-000666 / 2002,18-01-2008 (English)
S.No. 536,Case Number,C.A. No.-005213-005213 / 2006,"21-02-2008 (English)
21-02-2008 (English)"
S.No. 537,Case Number,C.A. No.-001666-001666 / 2008,29-02-2008 (English)
S.No. 538,Case Number,C.A. No.-002690-002690 / 2006,13-10-2008 (English)
S.No. 539,Case Number,Crl.A. No.-000022-000022 / 2007,05-09-2008 (English)
S.No. 540,Case Number,C.A. No.-001269-001269 / 2008,14-02-2008 (English)
S.No. 541,Case Number,C.A. No.-005881-005881 / 2008,26-09-2008 (English)
S.No. 542,Case Number,C.A. No.-002005-002005 / 2008,14-03-2008 (English)
S.No. 543,Case Number,C.A. No.-000575-000575 / 2008,22-01-2008 (English)
S.No. 544,Case Number,C.A. No.-004232-004232 / 2008,08-07-2008 (English)
S.No. 545,Case Number,C.A. No.-006039-006039 / 2008,01-10-2008 (English)
S.No. 546,Case Number,Crl.A. No.-001514-001514 / 2008,17-09-2008 (English)
S.No. 547,Case Number,SLP(C) No.-007903-007903 / 2007,05-03-2008 (English)
S.No. 548,Case Number,C.A. No.-002551-002551 / 2001,20-02-2008 (English)
S.No. 549,Case Number,C.A. No.-001350-001350 / 2008,15-02-2008 (English)
S.No. 550,Case Number,Crl.A. No.-001307-001307 / 2005,20-06-2008 (English)
S.No. 551,Case Number,C.A. No.-001669-001669 / 2002,05-02-2008 (English)
S.No. 552,Case Number,C.A. No.-005846-005846 / 2008,25-09-2008 (English)
S.No. 553,Case Number,C.A. No.-005885-005885 / 2008,26-09-2008 (English)
S.No. 554,Case Number,C.A. No.-004188-004188 / 2001,12-02-2008 (English)
S.No. 555,Case Number,C.A. No.-006467-006468 / 2000,02-11-2007 (English)
S.No. 556,Case Number,Crl.A. No.-001676-001676 / 2008,17-10-2008 (English)
S.No. 557,Case Number,C.A. No.-005237-005237 / 2007,12-11-2007 (English)
S.No. 558,Case Number,Crl.A. No.-000463-000463 / 2001,04-01-2008 (English)
S.No. 559,Case Number,C.A. No.-005542-005544 / 2002,08-05-2008 (English)
S.No. 560,Case Number,C.A. No.-003073-003073 / 2008,29-04-2008 (English)
S.No. 561,Case Number,C.A. No.-005468-005468 / 2008,03-09-2008 (English)
S.No. 562,Case Number,C.A. No.-001250-001250 / 2007,20-02-2008 (English)
S.No. 563,Case Number,C.A. No.-001282-001282 / 2008,14-02-2008 (English)
S.No. 564,Case Number,Crl.A. No.-001510-001510 / 2004,16-10-2008 (English)
S.No. 565,Case Number,C.A. No.-002225-002225 / 2008,28-03-2008 (English)
S.No. 566,Case Number,T.P.(C) No.-000209-000209 / 2007,08-01-2008 (English)
S.No. 567,Case Number,C.A. No.-004524-004524 / 2006,20-02-2008 (English)
S.No. 568,Case Number,C.A. No.-005948-005948 / 2008,01-10-2008 (English)
S.No. 569,Case Number,C.A. No.-001467-001467 / 2008,21-02-2008 (English)
S.No. 570,Case Number,C.A. No.-004330-004330 / 2008,11-07-2008 (English)
S.No. 571,Case Number,C.A. No.-001506-001506 / 2008,22-02-2008 (English)
S.No. 572,Case Number,Crl.A. No.-000599-000599 / 2004,08-04-2008 (English)
S.No. 573,Case Number,C.A. No.-003321-003321 / 2008,06-05-2008 (English)
S.No. 574,Case Number,Crl.A. No.-000061-000061 / 2002,30-09-2008 (English)
S.No. 575,Case Number,C.A. No.-004190-004190 / 2000,21-04-2008 (English)
S.No. 576,Case Number,Crl.A. No.-000969-000969 / 2000,01-04-2008 (English)
S.No. 577,Case Number,C.A. No.-008197-008197 / 2001,05-03-2008 (English)
S.No. 578,Case Number,C.A. No.-003936-003936 / 2001,30-01-2008 (English)
S.No. 579,Case Number,C.A. No.-008058-008058 / 2001,31-03-2008 (English)
S.No. 580,Case Number,SLP(C) No.-007251-007251 / 2005,19-11-2007 (English)
S.No. 581,Case Number,C.A. No.-003639-003639 / 2008,16-05-2008 (English)
S.No. 582,Case Number,C.A. No.-005831-005831 / 2002,09-05-2008 (English)
S.No. 583,Case Number,C.A. No.-003347-003347 / 2008,06-05-2008 (English)
S.No. 584,Case Number,C.A. No.-006421-006421 / 2003,22-02-2008 (English)
S.No. 585,Case Number,C.A. No.-000472-000472 / 2007,30-07-2008 (English)
S.No. 586,Case Number,Crl.A. No.-001592-001592 / 2007,20-11-2007 (English)
S.No. 587,Case Number,C.A. No.-005795-005795 / 2007,11-12-2007 (English)
S.No. 588,Case Number,C.A. No.-004125-004125 / 2001,14-03-2008 (English)
S.No. 589,Case Number,Crl.A. No.-000293-000293 / 2008,12-02-2008 (English)
S.No. 590,Case Number,Crl.A. No.-000967-000967 / 2001,13-10-2008 (English)
S.No. 591,Case Number,C.A. No.-005607-005607 / 2008,11-09-2008 (English)
S.No. 592,Case Number,R.P.(C) No.-000285-000285 / 2007,31-03-2008 (English)
S.No. 593,Case Number,Crl.A. No.-000869-000869 / 2008,13-05-2008 (English)
S.No. 594,Case Number,C.A. No.-005195-005195 / 2001,09-05-2008 (English)
S.No. 595,Case Number,C.A. No.-005348-005348 / 2008,29-08-2008 (English)
S.No. 596,Case Number,Crl.A. No.-001217-001217 / 2008,04-08-2008 (English)
S.No. 597,Case Number,Crl.A. No.-000997-000997 / 2008,07-07-2008 (English)
S.No. 598,Case Number,C.A. No.-005136-005136 / 2008,20-08-2008 (English)
S.No. 599,Case Number,C.A. No.-003187-003187 / 2008,25-04-2008 (English)
S.No. 600,Case Number,C.A. No.-001726-001726 / 2008,04-03-2008 (English)
S.No. 601,Case Number,C.A. No.-000370-000370 / 2008,11-01-2008 (English)
S.No. 602,Case Number,C.A. No.-004752-004752 / 2008,01-08-2008 (English)
S.No. 603,Case Number,C.A. No.-004934-004934 / 2006,08-04-2008 (English)
S.No. 604,Case Number,C.A. No.-004331-004331 / 2008,11-07-2008 (English)
S.No. 605,Case Number,Crl.A. No.-001534-001534 / 2007,13-11-2007 (English)
S.No. 606,Case Number,Crl.A. No.-000230-000230 / 2008,01-02-2008 (English)
S.No. 607,Case Number,C.A. No.-006898-006898 / 2002,05-05-2008 (English)
S.No. 608,Case Number,C.A. No.-005239-005239 / 2008,26-08-2008 (English)
S.No. 609,Case Number,C.A. No.-005892-005892 / 2002,17-10-2008 (English)
S.No. 610,Case Number,C.A. No.-003342-003342 / 2008,06-05-2008 (English)
S.No. 611,Case Number,Crl.A. No.-000378-000378 / 2008,25-02-2008 (English)
S.No. 612,Case Number,C.A. No.-006559-006559 / 2002,01-05-2008 (English)
S.No. 613,Case Number,C.A. No.-002006-002006 / 2008,14-03-2008 (English)
S.No. 614,Case Number,Crl.A. No.-001206-001206 / 2006,23-07-2008 (English)
S.No. 615,Case Number,C.A. No.-005656-005656 / 2007,05-12-2007 (English)
S.No. 616,Case Number,C.A. No.-005091-005091 / 2004,09-04-2008 (English)
S.No. 617,Case Number,Crl.A. No.-000668-000668 / 2002,16-09-2008 (English)
S.No. 618,Case Number,C.A. No.-005322-005322 / 2007,20-11-2007 (English)
S.No. 619,Case Number,SLP(C) No.-009423-009432 / 2000,24-03-2008 (English)
S.No. 620,Case Number,Crl.A. No.-000259-000259 / 2008,04-02-2008 (English)
S.No. 621,Case Number,Crl.A. No.-001080-001080 / 2008,14-07-2008 (English)
S.No. 622,Case Number,Crl.A. No.-001167-001167 / 2001,16-05-2008 (English)
S.No. 623,Case Number,C.A. No.-001218-001218 / 2001,13-05-2008 (English)
S.No. 624,Case Number,C.A. No.-008108-008109 / 2001,13-02-2008 (English)
S.No. 625,Case Number,W.P.(C) No.-000290-000290 / 2001,19-02-2008 (English)
S.No. 626,Case Number,C.A. No.-002789-002789 / 2008,11-04-2008 (English)
S.No. 627,Case Number,C.A. No.-004681-004681 / 2008,28-07-2008 (English)
S.No. 628,Case Number,C.A. No.-001351-001351 / 2008,18-02-2008 (English)
S.No. 629,Case Number,C.A. No.-005728-005728 / 2008,17-09-2008 (English)
S.No. 630,Case Number,C.A. No.-005269-005269 / 2008,26-08-2008 (English)
S.No. 631,Case Number,C.A. No.-003497-003497 / 2008,12-05-2008 (English)
S.No. 632,Case Number,C.A. No.-005657-005657 / 2007,06-12-2007 (English)
S.No. 633,Case Number,Crl.A. No.-000471-000471 / 2008,11-03-2008 (English)
S.No. 634,Case Number,C.A. No.-003952-003955 / 2002,08-02-2008 (English)
S.No. 635,Case Number,C.A. No.-002438-002438 / 2008,03-04-2008 (English)
S.No. 636,Case Number,C.A. No.-008505-008505 / 2001,26-02-2008 (English)
S.No. 637,Case Number,C.A. No.-002092-002092 / 2002,01-04-2008 (English)
S.No. 638,Case Number,C.A. No.-000115-000116 / 2001,29-09-2008 (English)
S.No. 639,Case Number,C.A. No.-003329-003329 / 2008,06-05-2008 (English)
S.No. 640,Case Number,C.A. No.-005766-005766 / 2008,22-09-2008 (English)
S.No. 641,Case Number,Crl.A. No.-000410-000410 / 2007,08-05-2008 (English)
S.No. 642,Case Number,SLP(C) No.-006006-006006 / 2006,22-01-2008 (English)
S.No. 643,Case Number,C.A. No.-005834-005835 / 2007,12-12-2007 (English)
S.No. 644,Case Number,T.P.(C) No.-000364-000364 / 2005,15-01-2008 (English)
S.No. 645,Case Number,Crl.A. No.-000843-000843 / 2008,08-05-2008 (English)
S.No. 646,Case Number,C.A. No.-006831-006833 / 2001,30-01-2008 (English)
S.No. 647,Case Number,Crl.A. No.-000138-000138 / 2008,18-01-2008 (English)
S.No. 648,Case Number,Crl.A. No.-000165-000165 / 2008,24-01-2008 (English)
S.No. 649,Case Number,Crl.A. No.-000845-000846 / 2008,08-05-2008 (English)
S.No. 650,Case Number,C.A. No.-003088-003088 / 2008,28-04-2008 (English)
S.No. 651,Case Number,Crl.A. No.-000732-000732 / 2002,28-01-2008 (English)
S.No. 652,Case Number,Crl.A. No.-001021-001021 / 2002,13-12-2007 (English)
S.No. 653,Case Number,C.A. No.-003380-003380 / 2008,30-04-2008 (English)
S.No. 654,Case Number,C.A. No.-007201-007201 / 2005,07-07-2008 (English)
S.No. 655,Case Number,C.A. No.-000827-000827 / 2002,"23-01-2008 (English)
12-12-2007 (English)"
S.No. 656,Case Number,C.A. No.-002757-002757 / 2006,21-02-2008 (English)
S.No. 657,Case Number,C.A. No.-006147-006147 / 2008,17-10-2008 (English)
S.No. 658,Case Number,C.A. No.-005516-005516 / 2008,05-09-2008 (English)
S.No. 659,Case Number,C.A. No.-004325-004325 / 2008,11-07-2008 (English)
S.No. 660,Case Number,C.A. No.-002816-002816 / 2008,16-04-2008 (English)
S.No. 661,Case Number,Crl.A. No.-000612-000612 / 2002,01-10-2008 (English)
S.No. 662,Case Number,C.A. No.-004420-004420 / 2004,05-02-2008 (English)
S.No. 663,Case Number,C.A. No.-006312-006312 / 2001,14-02-2008 (English)
S.No. 664,Case Number,C.A. No.-000573-000573 / 2008,22-01-2008 (English)
S.No. 665,Case Number,C.A. No.-003192-003192 / 2002,23-07-2008 (English)
S.No. 666,Case Number,C.A. No.-004436-004436 / 2008,16-07-2008 (English)
S.No. 667,Case Number,Crl.A. No.-001050-001050 / 2008,10-07-2008 (English)
S.No. 668,Case Number,C.A. No.-005745-005755 / 2002,13-03-2008 (English)
S.No. 669,Case Number,C.A. No.-004473-004474 / 2002,25-08-2008 (English)
S.No. 670,Case Number,C.A. No.-001398-001398 / 2008,18-02-2008 (English)
S.No. 671,Case Number,C.A. No.-003302-003302 / 2005,10-07-2008 (English)
S.No. 672,Case Number,C.A. No.-004582-004582 / 2008,21-07-2008 (English)
S.No. 673,Case Number,C.A. No.-003964-003964 / 2002,03-03-2008 (English)
S.No. 674,Case Number,Crl.A. No.-000004-000004 / 2005,"01-05-2008 (English)
29-04-2008 (English)"
S.No. 675,Case Number,Crl.A. No.-001439-001439 / 2008,09-09-2008 (English)
S.No. 676,Case Number,C.A. No.-007285-007285 / 2001,07-12-2007 (English)
S.No. 677,Case Number,C.A. No.-004258-004258 / 2001,19-02-2008 (English)
S.No. 678,Case Number,C.A. No.-001728-001728 / 2008,04-03-2008 (English)
S.No. 679,Case Number,C.A. No.-005094-005094 / 2008,13-08-2008 (English)
S.No. 680,Case Number,Crl.A. No.-000361-000361 / 2008,22-02-2008 (English)
S.No. 681,Case Number,C.A. No.-004729-004730 / 2008,28-07-2008 (English)
S.No. 682,Case Number,Crl.A. No.-008725-008725 / 2004,24-07-2008 (English)
S.No. 683,Case Number,Crl.A. No.-000351-000351 / 2008,21-02-2008 (English)
S.No. 684,Case Number,C.A. No.-004992-004992 / 2008,12-08-2008 (English)
S.No. 685,Case Number,SLP(C) No.-008709-008709 / 2004,01-09-2008 (English)
S.No. 686,Case Number,C.A. No.-000424-000424 / 2008,15-01-2008 (English)
S.No. 687,Case Number,C.A. No.-001893-001893 / 2008,11-03-2008 (English)
S.No. 688,Case Number,C.A. No.-005693-005693 / 2008,16-09-2008 (English)
S.No. 689,Case Number,C.A. No.-001582-001582 / 2008,25-02-2008 (English)
S.No. 690,Case Number,SLP(C) No.-010516-010516 / 2004,10-07-2008 (English)
S.No. 691,Case Number,C.A. No.-004022-004022 / 1999,14-10-2008 (English)
S.No. 692,Case Number,Crl.A. No.-000645-000645 / 2006,15-04-2008 (English)
S.No. 693,Case Number,C.A. No.-003574-003574 / 2008,14-05-2008 (English)
S.No. 694,Case Number,Crl.A. No.-000443-000443 / 2006,08-01-2008 (English)
S.No. 695,Case Number,Crl.A. No.-000790-000790 / 2008,02-05-2008 (English)
S.No. 696,Case Number,C.A. No.-001001-001001 / 2002,11-02-2008 (English)
S.No. 697,Case Number,Crl.A. No.-000477-000477 / 2007,27-05-2008 (English)
S.No. 698,Case Number,Crl.A. No.-000277-000277 / 2008,07-02-2008 (English)
S.No. 699,Case Number,W.P.(C) No.-000197-000197 / 2005,10-07-2008 (English)
S.No. 700,Case Number,C.A. No.-002833-002833 / 2006,04-03-2008 (English)
S.No. 701,Case Number,C.A. No.-001242-001242 / 2008,12-02-2008 (English)
S.No. 702,Case Number,C.A. No.-002461-002461 / 2008,"03-04-2008 (English)
03-04-2008 (English)"
S.No. 703,Case Number,Crl.A. No.-000315-000315 / 2005,15-07-2008 (English)
S.No. 704,Case Number,C.A. No.-001318-001318 / 2008,15-02-2008 (English)
S.No. 705,Case Number,Crl.A. No.-000609-000609 / 2006,29-04-2008 (English)
S.No. 706,Case Number,Crl.A. No.-000288-000288 / 2008,08-02-2008 (English)
S.No. 707,Case Number,C.A. No.-000504-000508 / 2008,17-01-2008 (English)
S.No. 708,Case Number,C.A. No.-008205-008205 / 2001,20-02-2008 (English)
S.No. 709,Case Number,Crl.A. No.-000921-000921 / 2008,16-05-2008 (English)
S.No. 710,Case Number,C.A. No.-005469-005469 / 2008,03-09-2008 (English)
S.No. 711,Case Number,C.A. No.-000761-000761 / 2008,28-01-2008 (English)
S.No. 712,Case Number,T.P.(C) No.-000310-000310 / 2008,08-09-2008 (English)
S.No. 713,Case Number,C.A. No.-003652-003652 / 2008,16-05-2008 (English)
S.No. 714,Case Number,C.A. No.-008284-008285 / 2002,09-05-2008 (English)
S.No. 715,Case Number,CONMT.PET.(C) No.-000066-000066 / 2008,22-09-2008 (English)
S.No. 716,Case Number,C.A. No.-005735-005735 / 2005,01-05-2008 (English)
S.No. 717,Case Number,C.A. No.-003803-003808 / 2005,12-12-2007 (English)
S.No. 718,Case Number,C.A. No.-006682-006682 / 2002,30-04-2008 (English)
S.No. 719,Case Number,C.A. No.-004020-004020 / 2002,28-02-2008 (English)
S.No. 720,Case Number,C.A. No.-000647-000647 / 2008,24-01-2008 (English)
S.No. 721,Case Number,Crl.A. No.-000380-000380 / 2008,25-02-2008 (English)
S.No. 722,Case Number,C.A. No.-000391-000391 / 2008,15-01-2008 (English)
S.No. 723,Case Number,C.A. No.-004104-004104 / 2004,05-06-2008 (English)
S.No. 724,Case Number,C.A. No.-005829-005829 / 2007,12-12-2007 (English)
S.No. 725,Case Number,C.A. No.-001360-001360 / 2008,18-02-2008 (English)
S.No. 726,Case Number,C.A. No.-002869-002876 / 2005,10-03-2008 (English)
S.No. 727,Case Number,C.A. No.-000056-000056 / 2008,07-01-2008 (English)
S.No. 728,Case Number,C.A. No.-003534-003535 / 2001,13-03-2008 (English)
S.No. 729,Case Number,Crl.A. No.-000206-000206 / 2008,"21-02-2008 (English)
29-01-2008 (English)"
S.No. 730,Case Number,C.A. No.-001086-001086 / 2008,07-02-2008 (English)
S.No. 731,Case Number,C.A. No.-001180-001180 / 2008,08-02-2008 (English)
S.No. 732,Case Number,C.A. No.-004636-004636 / 2008,25-07-2008 (English)
S.No. 733,Case Number,C.A. No.-003319-003319 / 2008,06-05-2008 (English)
S.No. 734,Case Number,C.A. No.-001089-001089 / 2008,07-02-2008 (English)
S.No. 735,Case Number,Crl.A. No.-000211-000211 / 2001,31-07-2008 (English)
S.No. 736,Case Number,C.A. No.-005308-005308 / 2008,29-08-2008 (English)
S.No. 737,Case Number,C.A. No.-002957-002957 / 2008,24-04-2008 (English)
S.No. 738,Case Number,Crl.A. No.-001557-001557 / 2008,22-02-2008 (English)
S.No. 739,Case Number,C.A. No.-007116-007116 / 2004,14-12-2007 (English)
S.No. 740,Case Number,C.A. No.-005813-005813 / 2008,18-09-2008 (English)
S.No. 741,Case Number,C.A. No.-001576-001576 / 2008,18-02-2008 (English)
S.No. 742,Case Number,C.A. No.-006124-006124 / 2008,"16-10-2008 (English)
16-10-2008 (English)"
S.No. 743,Case Number,C.A. No.-001625-001625 / 2008,27-02-2008 (English)
S.No. 744,Case Number,C.A. No.-002350-002350 / 2008,01-04-2008 (English)
S.No. 745,Case Number,C.A. No.-004480-004481 / 2002,05-08-2008 (English)
S.No. 746,Case Number,C.A. No.-005566-005566 / 2008,09-09-2008 (English)
S.No. 747,Case Number,C.A. No.-005161-005161 / 2007,12-11-2007 (English)
S.No. 748,Case Number,C.A. No.-007357-007372 / 2001,08-09-2008 (English)
S.No. 749,Case Number,Crl.A. No.-000222-000222 / 2008,30-01-2008 (English)
S.No. 750,Case Number,C.A. No.-006112-006112 / 2008,15-10-2008 (English)
S.No. 751,Case Number,C.A. No.-008448-008448 / 2001,30-09-2008 (English)
S.No. 752,Case Number,C.A. No.-006187-006187 / 2009,10-09-2008 (English)
S.No. 753,Case Number,C.A. No.-001233-001233 / 2008,12-02-2008 (English)
S.No. 754,Case Number,Crl.A. No.-001625-001625 / 2008,17-10-2008 (English)
S.No. 755,Case Number,C.A. No.-005368-005368 / 2007,23-11-2007 (English)
S.No. 756,Case Number,C.A. No.-004743-004744 / 2001,"13-02-2008 (English)
05-02-2008 (English)"
S.No. 757,Case Number,C.A. No.-006171-006171 / 2001,20-11-2007 (English)
S.No. 758,Case Number,Crl.A. No.-000113-000113 / 2008,15-01-2008 (English)
S.No. 759,Case Number,Crl.A. No.-000345-000345 / 2008,19-02-2008 (English)
S.No. 760,Case Number,C.A. No.-004159-004159 / 2003,06-05-2008 (English)
S.No. 761,Case Number,C.A. No.-002000-002000 / 2008,14-03-2008 (English)
S.No. 762,Case Number,C.A. No.-005394-005394 / 2002,07-08-2008 (English)
S.No. 763,Case Number,C.A. No.-003124-003124 / 2008,30-04-2008 (English)
S.No. 764,Case Number,C.A. No.-007703-007703 / 2002,07-05-2008 (English)
S.No. 765,Case Number,Crl.A. No.-000674-000674 / 2008,16-04-2008 (English)
S.No. 766,Case Number,C.A. No.-005103-005103 / 2002,23-09-2008 (English)
S.No. 767,Case Number,C.A. No.-001982-001982 / 2008,"12-03-2008 (English)
12-03-2008 (English)"
S.No. 768,Case Number,C.A. No.-005771-005771 / 2007,07-12-2007 (English)
S.No. 769,Case Number,Crl.A. No.-001070-001070 / 2008,11-07-2008 (English)
S.No. 770,Case Number,T.P.(C) No.-000262-000262 / 2006,07-02-2008 (English)
S.No. 771,Case Number,C.A. No.-005806-005806 / 2000,16-07-2008 (English)
S.No. 772,Case Number,C.A. No.-005147-005147 / 2002,01-05-2008 (English)
S.No. 773,Case Number,C.A. No.-000991-000991 / 2002,27-02-2008 (English)
S.No. 774,Case Number,Crl.A. No.-001128-001128 / 2008,21-07-2008 (English)
S.No. 775,Case Number,Crl.A. No.-001127-001127 / 2008,21-07-2008 (English)
S.No. 776,Case Number,T.P.(C) No.-000234-000234 / 2007,25-01-2008 (English)
S.No. 777,Case Number,C.A. No.-005475-005475 / 2008,03-09-2008 (English)
S.No. 778,Case Number,C.A. No.-005543-005543 / 2007,30-11-2007 (English)
S.No. 779,Case Number,C.A. No.-006759-006759 / 2001,14-02-2008 (English)
S.No. 780,Case Number,C.A. No.-002892-002892 / 2008,22-04-2008 (English)
S.No. 781,Case Number,Crl.A. No.-000356-000356 / 2008,21-02-2008 (English)
S.No. 782,Case Number,C.A. No.-002147-002147 / 2008,24-03-2008 (English)
S.No. 783,Case Number,C.A. No.-000252-000252 / 2008,09-01-2008 (English)
S.No. 784,Case Number,C.A. No.-002790-002790 / 2006,28-11-2007 (English)
S.No. 785,Case Number,C.A. No.-002764-002764 / 2007,01-04-2008 (English)
S.No. 786,Case Number,C.A. No.-004145-004145 / 2001,11-02-2008 (English)
S.No. 787,Case Number,Crl.A. No.-000215-000215 / 2008,30-01-2008 (English)
S.No. 788,Case Number,Crl.A. No.-001328-001328 / 2003,26-06-2008 (English)
S.No. 789,Case Number,Crl.A. No.-001453-001453 / 2007,22-10-2007 (English)
S.No. 790,Case Number,Crl.A. No.-000207-000207 / 2002,29-04-2008 (English)
S.No. 791,Case Number,C.A. No.-005186-005186 / 2008,21-08-2008 (English)
S.No. 792,Case Number,C.A. No.-000648-000648 / 2008,24-01-2008 (English)
S.No. 793,Case Number,C.A. No.-000685-000685 / 2008,25-01-2008 (English)
S.No. 794,Case Number,Crl.A. No.-000876-000876 / 2006,31-01-2008 (English)
S.No. 795,Case Number,Crl.A. No.-000177-000177 / 2008,25-01-2008 (English)
S.No. 796,Case Number,C.A. No.-005630-005630 / 2002,05-08-2008 (English)
S.No. 797,Case Number,C.A. No.-006191-006191 / 2001,25-03-2008 (English)
S.No. 798,Case Number,C.A. No.-004032-004032 / 2002,29-04-2008 (English)
S.No. 799,Case Number,CONMT.PET.(C) No.-000091-000091 / 2006,24-07-2008 (English)
S.No. 800,Case Number,C.A. No.-000854-000854 / 2001,04-04-2008 (English)
S.No. 801,Case Number,C.A. No.-007770-007770 / 2001,09-05-2008 (English)
S.No. 802,Case Number,C.A. No.-005680-005680 / 2007,07-12-2007 (English)
S.No. 803,Case Number,C.A. No.-007211-007211 / 2005,16-05-2008 (English)
S.No. 804,Case Number,Crl.A. No.-000300-000300 / 2007,16-05-2008 (English)
S.No. 805,Case Number,C.A. No.-001055-001055 / 2002,21-04-2008 (English)
S.No. 806,Case Number,C.A. No.-002871-002871 / 2008,21-04-2008 (English)
S.No. 807,Case Number,C.A. No.-004055-004055 / 2002,07-03-2008 (English)
S.No. 808,Case Number,Crl.A. No.-001472-001472 / 2007,25-10-2007 (English)
S.No. 809,Case Number,C.A. No.-002340-002340 / 2007,09-05-2008 (English)
S.No. 810,Case Number,C.A. No.-001536-001536 / 2008,14-02-2008 (English)
S.No. 811,Case Number,C.A. No.-001094-001094 / 2001,30-11-2007 (English)
S.No. 812,Case Number,C.A. No.-003950-003950 / 2002,25-09-2008 (English)
S.No. 813,Case Number,C.A. No.-005230-005230 / 2008,25-08-2008 (English)
S.No. 814,Case Number,Crl.A. No.-000548-000548 / 2007,04-12-2007 (English)
S.No. 815,Case Number,Crl.A. No.-000210-000210 / 2007,03-03-2008 (English)
S.No. 816,Case Number,C.A. No.-005771-005772 / 2002,03-09-2008 (English)
S.No. 817,Case Number,Crl.A. No.-000758-000758 / 2006,26-02-2008 (English)
S.No. 818,Case Number,C.A. No.-000250-000250 / 2008,09-01-2008 (English)
S.No. 819,Case Number,C.A. No.-005945-005945 / 2000,17-07-2008 (English)
S.No. 820,Case Number,C.A. No.-004174-004174 / 2008,27-05-2008 (English)
S.No. 821,Case Number,C.A. No.-005165-005167 / 2007,13-11-2007 (English)
S.No. 822,Case Number,C.A. No.-000006-000006 / 2008,03-01-2008 (English)
S.No. 823,Case Number,Crl.A. No.-000062-000062 / 2008,09-01-2008 (English)
S.No. 824,Case Number,Crl.A. No.-000545-000545 / 2007,10-04-2008 (English)
S.No. 825,Case Number,C.A. No.-003537-003537 / 2001,29-08-2008 (English)
S.No. 826,Case Number,C.A. No.-004633-004633 / 2008,21-07-2008 (English)
S.No. 827,Case Number,Crl.A. No.-000838-000838 / 2008,08-05-2008 (English)
S.No. 828,Case Number,Crl.A. No.-000095-000095 / 2008,15-01-2008 (English)
S.No. 829,Case Number,C.A. No.-000454-000455 / 2002,21-01-2008 (English)
S.No. 830,Case Number,C.A. No.-001498-001498 / 2005,11-06-2008 (English)
S.No. 831,Case Number,C.A. No.-004468-004468 / 2005,23-11-2007 (English)
S.No. 832,Case Number,C.A. No.-001078-001078 / 2001,17-01-2008 (English)
S.No. 833,Case Number,C.A. No.-004068-004068 / 2002,26-03-2008 (English)
S.No. 834,Case Number,C.A. No.-001349-001349 / 2001,24-01-2008 (English)
S.No. 835,Case Number,C.A. No.-007231-007231 / 2002,24-04-2008 (English)
S.No. 836,Case Number,Crl.A. No.-001643-001643 / 2007,29-11-2007 (English)
S.No. 837,Case Number,Crl.A. No.-001133-001133 / 2000,04-01-2008 (English)
S.No. 838,Case Number,C.A. No.-005494-005505 / 2005,11-08-2008 (English)
S.No. 839,Case Number,C.A. No.-001754-001754 / 2002,21-02-2008 (English)
S.No. 840,Case Number,C.A. No.-003450-003450 / 2008,30-04-2008 (English)
S.No. 841,Case Number,C.A. No.-001904-001904 / 2008,11-03-2008 (English)
S.No. 842,Case Number,C.A. No.-005112-005112 / 2007,02-11-2007 (English)
S.No. 843,Case Number,C.A. No.-007287-007287 / 2001,24-01-2008 (English)
S.No. 844,Case Number,C.A. No.-008034-008034 / 2001,12-02-2008 (English)
S.No. 845,Case Number,Crl.A. No.-000209-000209 / 2001,25-08-2008 (English)
S.No. 846,Case Number,C.A. No.-006677-006677 / 2002,30-04-2008 (English)
S.No. 847,Case Number,C.A. No.-000401-000401 / 2008,11-01-2008 (English)
S.No. 848,Case Number,C.A. No.-004772-004772 / 2008,01-08-2008 (English)
S.No. 849,Case Number,C.A. No.-003356-003356 / 2008,05-05-2008 (English)
S.No. 850,Case Number,Crl.A. No.-000788-000788 / 2005,09-01-2008 (English)
S.No. 851,Case Number,C.A. No.-004988-004991 / 2000,01-08-2008 (English)
S.No. 852,Case Number,C.A. No.-002235-002235 / 2008,21-02-2008 (English)
S.No. 853,Case Number,Crl.A. No.-000546-000546 / 2008,25-03-2008 (English)
S.No. 854,Case Number,C.A. No.-002732-002732 / 2001,10-09-2008 (English)
S.No. 855,Case Number,SLP(C) No.-007756-007756 / 2006,25-02-2008 (English)
S.No. 856,Case Number,C.A. No.-000683-000683 / 2008,25-01-2008 (English)
S.No. 857,Case Number,C.A. No.-005773-005773 / 2007,07-12-2007 (English)
S.No. 858,Case Number,Crl.A. No.-001310-001311 / 2002,28-08-2008 (English)
S.No. 859,Case Number,C.A. No.-007964-007964 / 2001,14-02-2008 (English)
S.No. 860,Case Number,C.A. No.-007093-007093 / 2001,23-01-2008 (English)
S.No. 861,Case Number,C.A. No.-000911-000911 / 2008,28-01-2008 (English)
S.No. 862,Case Number,C.A. No.-003640-003640 / 2002,26-03-2008 (English)
S.No. 863,Case Number,C.A. No.-005095-005095 / 2008,13-08-2008 (English)
S.No. 864,Case Number,C.A. No.-003430-003430 / 2002,16-05-2008 (English)
S.No. 865,Case Number,Crl.A. No.-000607-000607 / 2008,27-03-2008 (English)
S.No. 866,Case Number,C.A. No.-000452-000452 / 2002,14-12-2007 (English)
S.No. 867,Case Number,C.A. No.-005503-005503 / 2003,08-01-2008 (English)
S.No. 868,Case Number,C.A. No.-008060-008060 / 2001,15-02-2008 (English)
S.No. 869,Case Number,C.A. No.-005196-005196 / 2001,09-01-2008 (English)
S.No. 870,Case Number,Crl.A. No.-001133-001133 / 2008,22-07-2008 (English)
S.No. 871,Case Number,C.A. No.-005879-005879 / 2008,26-09-2008 (English)
S.No. 872,Case Number,C.A. No.-005514-005514 / 2001,"10-04-2008 (English)
10-04-2008 (English)"
S.No. 873,Case Number,C.A. No.-005228-005229 / 2008,25-08-2008 (English)
S.No. 874,Case Number,ARBIT.CASE(C) No.-000010-000010 / 2006,25-08-2008 (English)
S.No. 875,Case Number,Crl.A. No.-001443-001443 / 2008,10-09-2008 (English)
S.No. 876,Case Number,Crl.A. No.-001464-001464 / 2007,07-04-2008 (English)
S.No. 877,Case Number,C.A. No.-003178-003178 / 2008,30-04-2008 (English)
S.No. 878,Case Number,C.A. No.-002349-002349 / 2008,31-03-2008 (English)
S.No. 879,Case Number,C.A. No.-001215-001216 / 2001,10-12-2007 (English)
S.No. 880,Case Number,Crl.A. No.-000181-000181 / 2001,22-08-2008 (English)
S.No. 881,Case Number,W.P.(C) No.-000206-000206 / 2007,04-09-2008 (English)
S.No. 882,Case Number,C.A. No.-002079-002079 / 2008,07-03-2008 (English)
S.No. 883,Case Number,C.A. No.-005880-005880 / 2008,26-09-2008 (English)
S.No. 884,Case Number,Crl.A. No.-000442-000442 / 2008,05-03-2008 (English)
S.No. 885,Case Number,C.A. No.-005315-005315 / 2007,20-11-2007 (English)
S.No. 886,Case Number,Crl.A. No.-001219-001220 / 2002,30-01-2008 (English)
S.No. 887,Case Number,C.A. No.-003044-003044 / 2008,29-04-2008 (English)
S.No. 888,Case Number,C.A. No.-002514-002514 / 2002,21-02-2008 (English)
S.No. 889,Case Number,C.A. No.-006104-006104 / 2008,14-10-2008 (English)
S.No. 890,Case Number,C.A. No.-001123-001123 / 2006,22-01-2008 (English)
S.No. 891,Case Number,C.A. No.-001231-001231 / 2008,12-02-2008 (English)
S.No. 892,Case Number,C.A. No.-011467-011467 / 2006,13-12-2007 (English)
S.No. 893,Case Number,C.A. No.-004982-004982 / 2008,11-08-2008 (English)
S.No. 894,Case Number,C.A. No.-005640-005641 / 2008,15-09-2008 (English)
S.No. 895,Case Number,C.A. No.-004435-004435 / 2008,16-07-2008 (English)
S.No. 896,Case Number,C.A. No.-004704-004704 / 2008,25-07-2008 (English)
S.No. 897,Case Number,Crl.A. No.-000756-000756 / 2008,29-04-2008 (English)
S.No. 898,Case Number,Crl.A. No.-000936-000936 / 2003,08-08-2008 (English)
S.No. 899,Case Number,Crl.A. No.-000885-000885 / 2005,05-08-2008 (English)
S.No. 900,Case Number,C.A. No.-004993-004993 / 2008,12-08-2008 (English)
S.No. 901,Case Number,C.A. No.-000902-000902 / 2008,01-02-2008 (English)
S.No. 902,Case Number,C.A. No.-005377-005377 / 2003,14-10-2008 (English)
S.No. 903,Case Number,C.A. No.-004637-004637 / 2008,25-07-2008 (English)
S.No. 904,Case Number,T.P.(C) No.-000489-000489 / 2005,11-02-2008 (English)
S.No. 905,Case Number,Crl.A. No.-000862-000863 / 2001,15-10-2008 (English)
S.No. 906,Case Number,T.P.(C) No.-000271-000271 / 2007,15-01-2008 (English)
S.No. 907,Case Number,C.A. No.-000802-000802 / 2008,30-01-2008 (English)
S.No. 908,Case Number,C.A. No.-007750-007750 / 2002,06-05-2008 (English)
S.No. 909,Case Number,T.P.(C) No.-000269-000269 / 2007,24-03-2008 (English)
S.No. 910,Case Number,C.A. No.-005292-005292 / 2008,28-08-2008 (English)
S.No. 911,Case Number,C.A. No.-005365-005365 / 2001,28-02-2008 (English)
S.No. 912,Case Number,C.A. No.-008371-008371 / 2002,16-07-2008 (English)
S.No. 913,Case Number,C.A. No.-005771-005771 / 2008,22-09-2008 (English)
S.No. 914,Case Number,C.A. No.-004246-004246 / 2002,28-02-2008 (English)
S.No. 915,Case Number,C.A. No.-001406-001406 / 2008,18-02-2008 (English)
S.No. 916,Case Number,C.A. No.-006286-006286 / 2008,17-10-2008 (English)
S.No. 917,Case Number,Crl.A. No.-001172-001172 / 2006,30-11-2007 (English)
S.No. 918,Case Number,C.A. No.-000309-000309 / 2008,10-01-2008 (English)
S.No. 919,Case Number,C.A. No.-005272-005272 / 2007,16-11-2007 (English)
S.No. 920,Case Number,Crl.A. No.-000506-000506 / 2008,14-03-2008 (English)
S.No. 921,Case Number,C.A. No.-002815-002815 / 2008,16-04-2008 (English)
S.No. 922,Case Number,C.A. No.-004327-004327 / 2003,14-02-2008 (English)
S.No. 923,Case Number,C.A. No.-000101-000101 / 2007,16-05-2008 (English)
S.No. 924,Case Number,C.A. No.-000922-000922 / 2002,25-01-2008 (English)
S.No. 925,Case Number,Crl.A. No.-000680-000680 / 2007,16-05-2008 (English)
S.No. 926,Case Number,C.A. No.-005427-005427 / 2008,02-09-2008 (English)
S.No. 927,Case Number,C.A. No.-005647-005648 / 1997,05-03-2008 (English)
S.No. 928,Case Number,C.A. No.-003542-003542 / 2008,13-05-2008 (English)
S.No. 929,Case Number,Crl.A. No.-001665-001665 / 2005,14-10-2008 (English)
S.No. 930,Case Number,C.A. No.-005857-005857 / 2008,26-09-2008 (English)
S.No. 931,Case Number,C.A. No.-001925-001925 / 2002,23-01-2008 (English)
S.No. 932,Case Number,C.A. No.-000682-000682 / 2008,25-01-2008 (English)
S.No. 933,Case Number,C.A. No.-008491-008491 / 2001,03-04-2008 (English)
S.No. 934,Case Number,C.A. No.-006529-006529 / 2002,23-04-2008 (English)
S.No. 935,Case Number,Crl.A. No.-001263-001263 / 2005,15-10-2008 (English)
S.No. 936,Case Number,C.A. No.-005263-005263 / 2008,25-08-2008 (English)
S.No. 937,Case Number,C.A. No.-005096-005097 / 2008,13-08-2008 (English)
S.No. 938,Case Number,C.A. No.-001602-001602 / 2008,26-02-2008 (English)
S.No. 939,Case Number,C.A. No.-004272-004272 / 2008,09-07-2008 (English)
S.No. 940,Case Number,C.A. No.-003243-003243 / 2008,02-05-2008 (English)
S.No. 941,Case Number,C.A. No.-004270-004270 / 2002,05-03-2008 (English)
S.No. 942,Case Number,C.A. No.-004291-004291 / 2002,11-04-2008 (English)
S.No. 943,Case Number,T.P.(C) No.-000457-000457 / 2006,08-02-2008 (English)
S.No. 944,Case Number,Crl.A. No.-000595-000595 / 2008,03-04-2008 (English)
S.No. 945,Case Number,C.A. No.-005369-005369 / 2007,23-11-2007 (English)
S.No. 946,Case Number,C.A. No.-005220-005221 / 2008,19-08-2008 (English)
S.No. 947,Case Number,C.A. No.-004931-004931 / 2004,06-05-2008 (English)
S.No. 948,Case Number,C.A. No.-003885-003885 / 2007,09-05-2008 (English)
S.No. 949,Case Number,C.A. No.-006176-006176 / 2008,17-10-2008 (English)
S.No. 950,Case Number,C.A. No.-003473-003473 / 2008,09-05-2008 (English)
S.No. 951,Case Number,T.P.(C) No.-000355-000355 / 2007,29-02-2008 (English)
S.No. 952,Case Number,C.A. No.-003538-003538 / 2008,13-05-2008 (English)
S.No. 953,Case Number,T.P.(C) No.-000375-000375 / 2006,15-04-2008 (English)
S.No. 954,Case Number,C.A. No.-006143-006143 / 2008,17-10-2008 (English)
S.No. 955,Case Number,C.A. No.-005108-005108 / 2007,02-11-2007 (English)
S.No. 956,Case Number,SLP(C) No.-008854-008854 / 2007,15-01-2008 (English)
S.No. 957,Case Number,Crl.A. No.-001716-001716 / 2007,14-12-2007 (English)
S.No. 958,Case Number,C.A. No.-006168-006168 / 2001,31-10-2007 (English)
S.No. 959,Case Number,C.A. No.-005428-005428 / 2008,02-09-2008 (English)
S.No. 960,Case Number,W.P.(C) No.-000437-000437 / 2000,15-05-2008 (English)
S.No. 961,Case Number,C.A. No.-002837-002837 / 2008,16-04-2008 (English)
S.No. 962,Case Number,Crl.A. No.-001704-001704 / 2007,12-12-2007 (English)
S.No. 963,Case Number,C.A. No.-008156-008156 / 2001,26-02-2008 (English)
S.No. 964,Case Number,C.A. No.-002351-002351 / 2008,01-04-2008 (English)
S.No. 965,Case Number,C.A. No.-005204-005204 / 2001,04-01-2008 (English)
S.No. 966,Case Number,Crl.A. No.-001097-001097 / 2005,17-01-2008 (English)
S.No. 967,Case Number,C.A. No.-001880-001880 / 2008,10-03-2008 (English)
S.No. 968,Case Number,C.A. No.-004622-004622 / 2002,01-10-2008 (English)
S.No. 969,Case Number,Crl.A. No.-001696-001696 / 2007,11-12-2007 (English)
S.No. 970,Case Number,C.A. No.-004446-004446 / 2008,15-07-2008 (English)
S.No. 971,Case Number,Crl.A. No.-000896-000897 / 2005,17-09-2008 (English)
S.No. 972,Case Number,C.A. No.-000905-000906 / 2008,01-02-2008 (English)
S.No. 973,Case Number,C.A. No.-001478-001478 / 2008,19-02-2008 (English)
S.No. 974,Case Number,C.A. No.-004630-004630 / 2008,24-07-2008 (English)
S.No. 975,Case Number,Crl.A. No.-000234-000234 / 2008,01-02-2008 (English)
S.No. 976,Case Number,C.A. No.-004263-004263 / 2008,07-07-2008 (English)
S.No. 977,Case Number,C.A. No.-002325-002325 / 2004,04-02-2008 (English)
S.No. 978,Case Number,Crl.A. No.-000465-000465 / 2001,09-07-2008 (English)
S.No. 979,Case Number,C.A. No.-005725-005726 / 2008,17-09-2008 (English)
S.No. 980,Case Number,Crl.A. No.-000932-000932 / 2007,11-04-2008 (English)
S.No. 981,Case Number,C.A. No.-000994-000994 / 2008,04-02-2008 (English)
S.No. 982,Case Number,Crl.A. No.-000548-000548 / 2008,25-03-2008 (English)
S.No. 983,Case Number,C.A. No.-006934-006946 / 2005,29-07-2008 (English)
S.No. 984,Case Number,C.A. No.-005950-005952 / 2007,14-12-2007 (English)
S.No. 985,Case Number,C.A. No.-006607-006607 / 2005,08-02-2008 (English)
S.No. 986,Case Number,T.P.(C) No.-000294-000294 / 2007,16-07-2008 (English)
S.No. 987,Case Number,C.A. No.-001496-001496 / 2008,22-02-2008 (English)
S.No. 988,Case Number,C.A. No.-005398-005398 / 2002,04-01-2008 (English)
S.No. 989,Case Number,C.A. No.-006692-006723 / 2003,01-10-2008 (English)
S.No. 990,Case Number,C.A. No.-004769-004769 / 2008,01-08-2008 (English)
S.No. 991,Case Number,C.A. No.-002536-002536 / 2001,26-03-2008 (English)
S.No. 992,Case Number,C.A. No.-002976-002976 / 2004,05-02-2008 (English)
S.No. 993,Case Number,C.A. No.-004975-004975 / 2002,12-11-2007 (English)
S.No. 994,Case Number,Crl.A. No.-000038-000038 / 2003,07-07-2008 (English)
S.No. 995,Case Number,Crl.A. No.-000413-000413 / 2000,24-04-2008 (English)
S.No. 996,Case Number,C.A. No.-001103-001103 / 2008,08-02-2008 (English)
S.No. 997,Case Number,C.A. No.-005689-005689 / 2000,18-02-2008 (English)
S.No. 998,Case Number,C.A. No.-001507-001507 / 2008,22-02-2008 (English)
S.No. 999,Case Number,SLP(C) No.-008263-008263 / 2007,26-02-2008 (English)
S.No. 1000,Case Number,Crl.A. No.-000179-000179 / 2008,24-01-2008 (English)
S.No. 1001,Case Number,C.A. No.-007655-007655 / 2002,08-05-2008 (English)
S.No. 1002,Case Number,C.A. No.-000969-000969 / 2008,04-02-2008 (English)
S.No. 1003,Case Number,C.A. No.-004680-004680 / 2008,28-07-2008 (English)
S.No. 1004,Case Number,C.A. No.-004491-004491 / 2002,12-03-2008 (English)
S.No. 1005,Case Number,Crl.A. No.-001049-001049 / 2008,10-07-2008 (English)
S.No. 1006,Case Number,Crl.A. No.-000834-000834 / 2001,12-08-2008 (English)
S.No. 1007,Case Number,Crl.A. No.-001508-001508 / 2007,02-11-2007 (English)
S.No. 1008,Case Number,C.A. No.-004305-004306 / 2002,04-03-2008 (English)
S.No. 1009,Case Number,C.A. No.-006590-006590 / 2005,14-05-2008 (English)
S.No. 1010,Case Number,C.A. No.-000151-000151 / 2007,25-10-2007 (English)
S.No. 1011,Case Number,Crl.A. No.-000054-000054 / 2001,12-11-2007 (English)
S.No. 1012,Case Number,C.A. No.-000399-000399 / 2008,11-01-2008 (English)
S.No. 1013,Case Number,C.A. No.-005114-005114 / 2005,16-05-2008 (English)
S.No. 1014,Case Number,C.A. No.-002274-002274 / 2002,03-10-2008 (English)
S.No. 1015,Case Number,Crl.A. No.-001494-001494 / 2004,30-07-2008 (English)
S.No. 1016,Case Number,C.A. No.-005471-005471 / 2000,02-04-2008 (English)
S.No. 1017,Case Number,T.P.(C) No.-000314-000314 / 2007,09-01-2008 (English)
S.No. 1018,Case Number,C.A. No.-005779-005779 / 2005,14-05-2008 (English)
S.No. 1019,Case Number,C.A. No.-004751-004751 / 2008,01-08-2008 (English)
S.No. 1020,Case Number,C.A. No.-005347-005347 / 2007,21-11-2007 (English)
S.No. 1021,Case Number,C.A. No.-004759-004759 / 2008,01-08-2008 (English)
S.No. 1022,Case Number,Crl.A. No.-000493-000493 / 2001,16-07-2008 (English)
S.No. 1023,Case Number,SLP(C) No.-008439-008439 / 2007,09-04-2008 (English)
S.No. 1024,Case Number,C.A. No.-002472-002472 / 2008,04-04-2008 (English)
S.No. 1025,Case Number,C.A. No.-002374-002374 / 2007,23-01-2008 (English)
S.No. 1026,Case Number,C.A. No.-002899-002899 / 2007,24-07-2008 (English)
S.No. 1027,Case Number,C.A. No.-007039-007039 / 2001,14-12-2007 (English)
S.No. 1028,Case Number,SLP(C) No.-008501-008501 / 2007,10-07-2008 (English)
S.No. 1029,Case Number,C.A. No.-006514-006514 / 2001,27-02-2008 (English)
S.No. 1030,Case Number,C.A. No.-004558-004558 / 2008,16-07-2008 (English)
S.No. 1031,Case Number,C.A. No.-001363-001363 / 2007,04-04-2008 (English)
S.No. 1032,Case Number,SLP(C) No.-000222-000222 / 2007,08-08-2008 (English)
S.No. 1033,Case Number,C.A. No.-003051-003052 / 2008,29-04-2008 (English)
S.No. 1034,Case Number,Crl.A. No.-000136-000136 / 2008,21-01-2008 (English)
S.No. 1035,Case Number,Crl.A. No.-000921-000921 / 2003,25-06-2008 (English)
S.No. 1036,Case Number,C.A. No.-006341-006342 / 2003,14-05-2008 (English)
S.No. 1037,Case Number,C.A. No.-000620-000620 / 2008,23-01-2008 (English)
S.No. 1038,Case Number,Crl.A. No.-000221-000221 / 2008,30-01-2008 (English)
S.No. 1039,Case Number,C.A. No.-000619-000619 / 2008,23-01-2008 (English)
S.No. 1040,Case Number,C.A. No.-008094-008094 / 2002,16-05-2008 (English)
S.No. 1041,Case Number,C.A. No.-003649-003649 / 2008,16-05-2008 (English)
S.No. 1042,Case Number,W.P.(C) No.-000265-000265 / 2006,"10-04-2008 (English)
10-04-2008 (English)
10-04-2008 (English)
10-04-2008 (English)
10-04-2008 (English)
10-04-2008 (English)"
S.No. 1043,Case Number,C.A. No.-006086-006086 / 2008,13-10-2008 (English)
S.No. 1044,Case Number,C.A. No.-004911-004911 / 2008,06-08-2008 (English)
S.No. 1045,Case Number,C.A. No.-002560-002560 / 2008,04-04-2008 (English)
S.No. 1046,Case Number,Crl.A. No.-000097-000097 / 2004,29-04-2008 (English)
S.No. 1047,Case Number,Crl.A. No.-000928-000928 / 2008,16-05-2008 (English)
S.No. 1048,Case Number,C.A. No.-006589-006598 / 2002,30-04-2008 (English)
S.No. 1049,Case Number,C.A. No.-004564-004564 / 2002,11-02-2008 (English)
S.No. 1050,Case Number,C.A. No.-005681-005681 / 2008,16-09-2008 (English)
S.No. 1051,Case Number,C.A. No.-004308-004308 / 2008,10-07-2008 (English)
S.No. 1052,Case Number,C.A. No.-001082-001082 / 2008,01-02-2008 (English)
S.No. 1053,Case Number,Crl.A. No.-001044-001044 / 2006,13-12-2007 (English)
S.No. 1054,Case Number,C.A. No.-005621-005621 / 2002,20-07-2008 (English)
S.No. 1055,Case Number,C.A. No.-000054-000054 / 2005,06-12-2007 (English)
S.No. 1056,Case Number,C.A. No.-004981-004981 / 2008,11-08-2008 (English)
S.No. 1057,Case Number,C.A. No.-000009-000009 / 2008,04-01-2008 (English)
S.No. 1058,Case Number,C.A. No.-002460-002460 / 2008,03-04-2008 (English)
S.No. 1059,Case Number,C.A. No.-001709-001709 / 2008,03-03-2008 (English)
S.No. 1060,Case Number,C.A. No.-001768-001768 / 2008,05-03-2008 (English)
S.No. 1061,Case Number,Crl.A. No.-000311-000311 / 2008,14-02-2008 (English)
S.No. 1062,Case Number,Crl.A. No.-000449-000449 / 2008,03-03-2008 (English)
S.No. 1063,Case Number,C.A. No.-008315-008315 / 2001,13-11-2007 (English)
S.No. 1064,Case Number,C.A. No.-001232-001232 / 2008,"12-02-2008 (English)
12-02-2008 (English)"
S.No. 1065,Case Number,C.A. No.-005648-005648 / 2008,15-09-2008 (English)
S.No. 1066,Case Number,C.A. No.-005224-005224 / 2008,25-08-2008 (English)
S.No. 1067,Case Number,Crl.A. No.-000706-000706 / 2007,22-02-2008 (English)
S.No. 1068,Case Number,Crl.A. No.-000346-000346 / 2008,20-02-2008 (English)
S.No. 1069,Case Number,C.A. No.-003246-003246 / 2008,01-05-2008 (English)
S.No. 1070,Case Number,C.A. No.-013723-013723 / 2007,21-07-2008 (English)
S.No. 1071,Case Number,C.A. No.-004518-004518 / 2008,17-07-2008 (English)
S.No. 1072,Case Number,Crl.A. No.-001067-001067 / 2008,11-07-2008 (English)
S.No. 1073,Case Number,C.A. No.-001359-001359 / 2008,18-02-2008 (English)
S.No. 1074,Case Number,C.A. No.-002320-002320 / 2002,22-04-2008 (English)
S.No. 1075,Case Number,C.A. No.-000621-000621 / 2008,23-01-2008 (English)
S.No. 1076,Case Number,C.A. No.-007284-007284 / 2005,31-10-2007 (English)
S.No. 1077,Case Number,Crl.A. No.-000906-000906 / 1998,16-05-2008 (English)
S.No. 1078,Case Number,C.A. No.-005842-005843 / 2004,07-07-2008 (English)
S.No. 1079,Case Number,C.A. No.-002001-002001 / 2008,14-03-2008 (English)
S.No. 1080,Case Number,C.A. No.-005570-005570 / 2001,14-05-2008 (English)
S.No. 1081,Case Number,Crl.A. No.-000621-000621 / 2008,08-04-2008 (English)
S.No. 1082,Case Number,T.P.(C) No.-000338-000338 / 2007,25-01-2008 (English)
S.No. 1083,Case Number,C.A. No.-004455-004455 / 2008,16-07-2008 (English)
S.No. 1084,Case Number,C.A. No.-007362-007363 / 2002,08-05-2008 (English)
S.No. 1085,Case Number,C.A. No.-005336-005340 / 2005,31-07-2008 (English)
S.No. 1086,Case Number,C.A. No.-005423-005423 / 2008,02-09-2008 (English)
S.No. 1087,Case Number,Crl.A. No.-001311-001311 / 2008,20-08-2008 (English)
S.No. 1088,Case Number,C.A. No.-005782-005782 / 2002,24-03-2008 (English)
S.No. 1089,Case Number,C.A. No.-005340-005340 / 2002,30-04-2008 (English)
S.No. 1090,Case Number,Crl.A. No.-000588-000589 / 2008,31-03-2008 (English)
S.No. 1091,Case Number,Crl.A. No.-001126-001126 / 2008,21-07-2008 (English)
S.No. 1092,Case Number,Crl.A. No.-000437-000437 / 2008,04-03-2008 (English)
S.No. 1093,Case Number,C.A. No.-002096-002096 / 2008,25-03-2008 (English)
S.No. 1094,Case Number,Crl.A. No.-000174-000174 / 2001,17-07-2008 (English)
S.No. 1095,Case Number,C.A. No.-005529-005529 / 2008,01-09-2008 (English)
S.No. 1096,Case Number,Crl.A. No.-000994-000994 / 2008,13-06-2008 (English)
S.No. 1097,Case Number,T.P.(C) No.-000699-000699 / 2008,16-10-2008 (English)
S.No. 1098,Case Number,C.A. No.-003326-003326 / 2008,06-05-2008 (English)
S.No. 1099,Case Number,Crl.A. No.-000079-000079 / 2006,13-12-2007 (English)
S.No. 1100,Case Number,C.A. No.-000699-000700 / 2006,14-02-2008 (English)
S.No. 1101,Case Number,C.A. No.-006158-006158 / 2002,15-09-2008 (English)
S.No. 1102,Case Number,C.A. No.-005248-005248 / 2002,14-10-2008 (English)
S.No. 1103,Case Number,C.A. No.-005180-005180 / 2001,18-08-2008 (English)
S.No. 1104,Case Number,Crl.A. No.-000899-000899 / 2008,15-05-2008 (English)
S.No. 1105,Case Number,SLP(C) No.-015106-015106 / 2006,07-04-2008 (English)
S.No. 1106,Case Number,C.A. No.-000545-000546 / 2008,21-01-2008 (English)
S.No. 1107,Case Number,C.A. No.-003039-003039 / 2008,29-04-2008 (English)
S.No. 1108,Case Number,C.A. No.-005460-005465 / 2007,28-11-2007 (English)
S.No. 1109,Case Number,C.A. No.-002257-002257 / 2008,31-03-2008 (English)
S.No. 1110,Case Number,C.A. No.-004819-004819 / 2008,04-08-2008 (English)
S.No. 1111,Case Number,C.A. No.-000926-000927 / 2002,10-04-2008 (English)
