﻿Column-0,Column-1,Column-2,Column-3
S.No. 1,Case Number,C.A. No.-002261-002261 / 2006,11-05-2018 (English)
S.No. 2,Case Number,C.A. No.-018020-018020 / 2017,19-04-2018 (English)
S.No. 3,Case Number,C.A. No.-004757-004760 / 2018,03-05-2018 (English)
S.No. 4,Case Number,C.A. No.-004772-004772 / 2018,03-05-2018 (English)
S.No. 5,Case Number,Crl.A. No.-001177-001177 / 2012,05-09-2018 (English)
S.No. 6,Case Number,C.A. No.-001872-001872 / 2018,13-02-2018 (English)
S.No. 7,Case Number,C.A. No.-002525-002525 / 2018,07-03-2018 (English)
S.No. 8,Case Number,C.A. No.-004920-004920 / 2018,08-05-2018 (English)
S.No. 9,Case Number,Crl.A. No.-001268-001268 / 2018,09-10-2018 (English)
S.No. 10,Case Number,Crl.A. No.-001267-001267 / 2018,09-10-2018 (English)
S.No. 11,Case Number,C.A. No.-022967-022967 / 2017,15-12-2017 (English)
S.No. 12,Case Number,C.A. No.-005710-005710 / 2018,19-09-2018 (English)
S.No. 13,Case Number,C.A. No.-002452-002455 / 2014,19-02-2018 (English)
S.No. 14,Case Number,C.A. No.-003322-003323 / 2018,27-03-2018 (English)
S.No. 15,Case Number,C.A. No.-001933-001933 / 2009,19-04-2018 (English)
S.No. 16,Case Number,Crl.A. No.-000649-000649 / 2018,27-04-2018 (English)
S.No. 17,Case Number,Crl.A. No.-001525-001525 / 2009,16-05-2018 (English)
S.No. 18,Case Number,C.A. No.-001733-001733 / 2018,07-02-2018 (English)
S.No. 19,Case Number,C.A. No.-001382-001382 / 2010,11-05-2018 (English)
S.No. 20,Case Number,C.A. No.-007423-007429 / 2018,01-08-2018 (English)
S.No. 21,Case Number,Crl.A. No.-000625-000625 / 2018,24-04-2018 (English)
S.No. 22,Case Number,C.A. No.-002622-002622 / 2018,17-05-2018 (English)
S.No. 23,Case Number,C.A. No.-002697-002697 / 2018,05-04-2018 (English)
S.No. 24,Case Number,C.A. No.-000071-000071 / 2018,29-01-2018 (English)
S.No. 25,Case Number,C.A. No.-001763-001763 / 2018,06-03-2018 (English)
S.No. 26,Case Number,C.A. No.-005806-005806 / 2008,27-09-2018 (English)
S.No. 27,Case Number,Crl.A. No.-000057-000057 / 2018,10-01-2018 (English)
S.No. 28,Case Number,C.A. No.-018783-018784 / 2017,15-11-2017 (English)
S.No. 29,Case Number,C.A. No.-002740-002740 / 2007,18-05-2018 (English)
S.No. 30,Case Number,Crl.A. No.-001880-001880 / 2011,16-08-2018 (English)
S.No. 31,Case Number,C.A. No.-003762-003764 / 2014,16-05-2018 (English)
S.No. 32,Case Number,Crl.A. No.-000144-000144 / 2009,06-09-2018 (English)
S.No. 33,Case Number,Crl.A. No.-001690-001690 / 2015,19-09-2018 (English)
S.No. 34,Case Number,W.P.(C) No.-000023-000023 / 2016,02-02-2018 (English)
S.No. 35,Case Number,Crl.A. No.-001947-001956 / 2017,15-11-2017 (English)
S.No. 36,Case Number,C.A. No.-008153-008154 / 2018,09-08-2018 (English)
S.No. 37,Case Number,C.A. No.-007272-007272 / 2005,11-05-2018 (English)
S.No. 38,Case Number,C.A. No.-001494-001494 / 2018,02-02-2018 (English)
S.No. 39,Case Number,C.A. No.-001969-001969 / 2011,08-02-2018 (English)
S.No. 40,Case Number,Crl.A. No.-000545-000545 / 2011,01-08-2018 (English)
S.No. 41,Case Number,Crl.A. No.-000031-000031 / 2018,08-01-2018 (English)
S.No. 42,Case Number,W.P.(C) No.-000055-000055 / 2013,28-11-2017 (English)
S.No. 43,Case Number,Crl.A. No.-000321-000321 / 2018,23-02-2018 (English)
S.No. 44,Case Number,C.A. No.-000082-000082 / 2007,11-07-2018 (English)
S.No. 45,Case Number,C.A. No.-001835-001835 / 2018,12-02-2018 (English)
S.No. 46,Case Number,C.A. No.-001636-001636 / 2012,13-03-2018 (English)
S.No. 47,Case Number,C.A. No.-002003-002004 / 2010,11-05-2018 (English)
S.No. 48,Case Number,C.A. No.-006020-006020 / 2018,02-07-2018 (English)
S.No. 49,Case Number,Crl.A. No.-001213-001213 / 2014,21-03-2018 (English)
S.No. 50,Case Number,W.P.(C) No.-000147 / 2018,11-04-2018 (English)
S.No. 51,Case Number,C.A. No.-002623-002623 / 2018,05-09-2018 (English)
S.No. 52,Case Number,C.A. No.-002534-002534 / 2009,11-05-2018 (English)
S.No. 53,Case Number,C.A. No.-000917-000918 / 2010,05-12-2017 (English)
S.No. 54,Case Number,C.A. No.-010379-010379 / 2018,10-10-2018 (English)
S.No. 55,Case Number,CONMT.PET.(C) No.-000834-000847 / 2018,26-07-2018 (English)
S.No. 56,Case Number,Crl.A. No.-000359-000359 / 2018,06-03-2018 (English)
S.No. 57,Case Number,C.A. No.-000971-000973 / 2008,23-07-2018 (English)
S.No. 58,Case Number,C.A. No.-005150-005151 / 2018,14-05-2018 (English)
S.No. 59,Case Number,C.A. No.-003018-003018 / 2017,14-11-2017 (English)
S.No. 60,Case Number,C.A. No.-000070-000070 / 2018,08-01-2018 (English)
S.No. 61,Case Number,C.A. No.-000483-000483 / 2009,30-11-2017 (English)
S.No. 62,Case Number,C.A. No.-001914-001914 / 2008,23-07-2018 (English)
S.No. 63,Case Number,C.A. No.-008241-008241 / 2009,09-10-2018 (English)
S.No. 64,Case Number,C.A. No.-005964-005965 / 2018,03-07-2018 (English)
S.No. 65,Case Number,Crl.A. No.-000567-000567 / 2017,04-10-2018 (English)
S.No. 66,Case Number,C.A. No.-021804-021805 / 2017,12-12-2017 (English)
S.No. 67,Case Number,C.A. No.-005681-005681 / 2018,18-05-2018 (English)
S.No. 68,Case Number,C.A. No.-009581-009581 / 2018,18-09-2018 (English)
S.No. 69,Case Number,C.A. No.-003020-003020 / 2018,10-04-2018 (English)
S.No. 70,Case Number,CONMT.PET.(C) No.-000565 / 2018,05-02-2018 (English)
S.No. 71,Case Number,C.A. No.-002926-002926 / 2018,19-03-2018 (English)
S.No. 72,Case Number,Crl.A. No.-000348-000356 / 2018,06-03-2018 (English)
S.No. 73,Case Number,C.A. No.-020854-020854 / 2017,05-12-2017 (English)
S.No. 74,Case Number,C.A. No.-003033-003033 / 2006,10-08-2018 (English)
S.No. 75,Case Number,C.A. No.-001463-001463 / 2008,03-07-2018 (English)
S.No. 76,Case Number,C.A. No.-005650-005650 / 2018,18-05-2018 (English)
S.No. 77,Case Number,C.A. No.-000157-000157 / 2018,11-01-2018 (English)
S.No. 78,Case Number,C.A. No.-015536-015536 / 2017,20-02-2018 (English)
S.No. 79,Case Number,C.A. No.-018448-018448 / 2017,10-11-2017 (English)
S.No. 80,Case Number,C.A. No.-009954-009955 / 2018,25-09-2018 (English)
S.No. 81,Case Number,Crl.A. No.-001540-001540 / 2017,24-08-2018 (English)
S.No. 82,Case Number,C.A. No.-000811-000811 / 2018,06-03-2018 (English)
S.No. 83,Case Number,Crl.A. No.-000277-000277 / 2016,11-10-2018 (English)
S.No. 84,Case Number,C.A. No.-004590-004590 / 2018,27-04-2018 (English)
S.No. 85,Case Number,C.A. No.-005216-005216 / 2018,09-05-2018 (English)
S.No. 86,Case Number,C.A. No.-001607-001607 / 2018,06-02-2018 (English)
S.No. 87,Case Number,C.A. No.-002772-002772 / 2011,27-09-2018 (English)
S.No. 88,Case Number,C.A. No.-007919-007919 / 2011,08-05-2018 (English)
S.No. 89,Case Number,C.A. No.-003996-003996 / 2018,19-04-2018 (English)
S.No. 90,Case Number,C.A. No.-003479-003479 / 2018,02-04-2018 (English)
S.No. 91,Case Number,C.A. No.-008251-008251 / 2018,14-08-2018 (English)
S.No. 92,Case Number,W.P.(C) No.-000202-000202 / 1995,"14-09-2018 (English)
16-02-2018 (English)"
S.No. 93,Case Number,Crl.A. No.-001918-001918 / 2017,13-11-2017 (English)
S.No. 94,Case Number,C.A. No.-003658-003658 / 2018,09-04-2018 (English)
S.No. 95,Case Number,C.A. No.-007501-007501 / 2011,19-09-2018 (English)
S.No. 96,Case Number,W.P.(C) No.-000330 / 2018,01-10-2018 (English)
S.No. 97,Case Number,C.A. No.-000188-000189 / 2018,01-02-2018 (English)
S.No. 98,Case Number,C.A. No.-002165-002165 / 2012,31-01-2018 (English)
S.No. 99,Case Number,C.A. No.-022972-022972 / 2017,15-12-2017 (English)
S.No. 100,Case Number,Crl.A. No.-000245-000245 / 2018,08-02-2018 (English)
S.No. 101,Case Number,Crl.A. No.-002059-002059 / 2017,04-12-2017 (English)
S.No. 102,Case Number,C.A. No.-011009 / 2017,03-07-2018 (English)
S.No. 103,Case Number,C.A. No.-002430-002430 / 2010,11-05-2018 (English)
S.No. 104,Case Number,C.A. No.-021806-021807 / 2017,12-12-2017 (English)
S.No. 105,Case Number,C.A. No.-002294-002295 / 2011,16-04-2018 (English)
S.No. 106,Case Number,C.A. No.-007694-007694 / 2009,25-09-2018 (English)
S.No. 107,Case Number,C.A. No.-001300-001300 / 2009,24-10-2017 (English)
S.No. 108,Case Number,C.A. No.-000881-000881 / 2018,25-01-2018 (English)
S.No. 109,Case Number,C.A. No.-003546-003546 / 2014,01-10-2018 (English)
S.No. 110,Case Number,W.P.(C) No.-000076 / 2018,01-05-2018 (English)
S.No. 111,Case Number,C.A. No.-003876-003876 / 2018,17-04-2018 (English)
S.No. 112,Case Number,Crl.A. No.-001133-001135 / 2010,14-08-2018 (English)
S.No. 113,Case Number,C.A. No.-017998-017998 / 2017,06-11-2017 (English)
S.No. 114,Case Number,C.A. No.-008788-008788 / 2015,12-03-2018 (English)
S.No. 115,Case Number,C.A. No.-002799-002799 / 2011,11-09-2018 (English)
S.No. 116,Case Number,C.A. No.-003874-003874 / 2018,20-04-2018 (English)
S.No. 117,Case Number,C.A. No.-003183-003189 / 2018,23-03-2018 (English)
S.No. 118,Case Number,C.A. No.-003744-003744 / 2016,08-12-2017 (English)
S.No. 119,Case Number,C.A. No.-009051-009052 / 2018,12-10-2018 (English)
S.No. 120,Case Number,C.A. No.-000418-000418 / 2018,19-01-2018 (English)
S.No. 121,Case Number,C.A. No.-004332-004332 / 2009,14-08-2018 (English)
S.No. 122,Case Number,Crl.A. No.-001182-001182 / 2015,08-12-2017 (English)
S.No. 123,Case Number,SLP(C) No.-007104-007105 / 2016,03-07-2018 (English)
S.No. 124,Case Number,C.A. No.-004088-004088 / 2010,28-03-2018 (English)
S.No. 125,Case Number,C.A. No.-010180-010180 / 2018,03-10-2018 (English)
S.No. 126,Case Number,C.A. No.-010191-010191 / 2018,03-10-2018 (English)
S.No. 127,Case Number,W.P.(C) No.-000089 / 2018,03-07-2018 (English)
S.No. 128,Case Number,C.A. No.-008146-008146 / 2018,21-08-2018 (English)
S.No. 129,Case Number,C.A. No.-004906-004906 / 2010,30-10-2017 (English)
S.No. 130,Case Number,C.A. No.-005252-005255 / 2018,16-05-2018 (English)
S.No. 131,Case Number,Crl.A. No.-000899-000899 / 2009,12-09-2018 (English)
S.No. 132,Case Number,C.A. No.-001606 / 2018,09-05-2018 (English)
S.No. 133,Case Number,Crl.A. No.-001820-001820 / 2017,24-10-2017 (English)
S.No. 134,Case Number,Crl.A. No.-001580-001580 / 2011,12-09-2018 (English)
S.No. 135,Case Number,C.A. No.-010322-010322 / 2018,08-10-2018 (English)
S.No. 136,Case Number,Crl.A. No.-000385-000386 / 2008,04-09-2018 (English)
S.No. 137,Case Number,Crl.A. No.-001008-001008 / 2008,25-10-2017 (English)
S.No. 138,Case Number,W.P.(C) No.-000095 / 2018,25-09-2018 (English)
S.No. 139,Case Number,C.A. No.-010560-010564 / 2018,12-10-2018 (English)
S.No. 140,Case Number,C.A. No.-004414-004414 / 2018,25-04-2018 (English)
S.No. 141,Case Number,Crl.A. No.-001034-001034 / 2013,05-09-2018 (English)
S.No. 142,Case Number,C.A. No.-008145-008145 / 2018,14-08-2018 (English)
S.No. 143,Case Number,C.A. No.-022911-022912 / 2017,15-12-2017 (English)
S.No. 144,Case Number,Crl.A. No.-001955-001955 / 2009,20-07-2018 (English)
S.No. 145,Case Number,C.A. No.-000117-000120 / 2018,10-01-2018 (English)
S.No. 146,Case Number,C.A. No.-004676-004676 / 2018,02-05-2018 (English)
S.No. 147,Case Number,W.P.(C) No.-000137 / 2018,27-09-2018 (English)
S.No. 148,Case Number,Crl.A. No.-000914 / 2017,11-10-2018 (English)
S.No. 149,Case Number,C.A. No.-009146-009148 / 2018,05-09-2018 (English)
S.No. 150,Case Number,C.A. No.-000487-000487 / 2018,19-01-2018 (English)
S.No. 151,Case Number,C.A. No.-006988-006988 / 2009,10-01-2018 (English)
S.No. 152,Case Number,C.A. No.-002816-002816 / 2018,09-08-2018 (English)
S.No. 153,Case Number,Crl.A. No.-000713-000713 / 2018,09-05-2018 (English)
S.No. 154,Case Number,C.A. No.-004885-004885 / 2018,24-04-2018 (English)
S.No. 155,Case Number,C.A. No.-002095-002095 / 2007,10-08-2018 (English)
S.No. 156,Case Number,Crl.A. No.-000408-000408 / 2014,26-04-2018 (English)
S.No. 157,Case Number,C.A. No.-002934-002935 / 2008,11-05-2018 (English)
S.No. 158,Case Number,C.A. No.-001841-001841 / 2010,20-09-2018 (English)
S.No. 159,Case Number,Crl.A. No.-000662-000662 / 2018,02-05-2018 (English)
S.No. 160,Case Number,SLP(C) No.-006131-006131 / 2015,14-12-2017 (English)
S.No. 161,Case Number,C.A. No.-007311-007312 / 2018,30-07-2018 (English)
S.No. 162,Case Number,Crl.A. No.-001305-001305 / 2008,10-10-2018 (English)
S.No. 163,Case Number,C.A. No.-007665-007665 / 2009,25-10-2017 (English)
S.No. 164,Case Number,C.A. No.-005887-005887 / 2009,21-03-2018 (English)
S.No. 165,Case Number,C.A. No.-002982-002985 / 2005,11-05-2018 (English)
S.No. 166,Case Number,Crl.A. No.-001546-001546 / 2017,04-10-2018 (English)
S.No. 167,Case Number,C.A. No.-003159-003159 / 2004,11-05-2018 (English)
S.No. 168,Case Number,Crl.A. No.-000747-000747 / 2018,15-05-2018 (English)
S.No. 169,Case Number,Crl.A. No.-000765-000765 / 2018,17-05-2018 (English)
S.No. 170,Case Number,Crl.A. No.-000576-000576 / 2010,03-10-2018 (English)
S.No. 171,Case Number,W.P.(C) No.-000085-000085 / 2015,03-10-2018 (English)
S.No. 172,Case Number,C.A. No.-002986-002986 / 2005,11-05-2018 (English)
S.No. 173,Case Number,Crl.A. No.-000265-000266 / 2018,12-02-2018 (English)
S.No. 174,Case Number,C.A. No.-002111 / 2018,19-02-2018 (English)
S.No. 175,Case Number,W.P.(C) No.-000129 / 2018,16-02-2018 (English)
S.No. 176,Case Number,C.A. No.-002599-002600 / 2018,08-03-2018 (English)
S.No. 177,Case Number,C.A. No.-003066-003066 / 2018,20-03-2018 (English)
S.No. 178,Case Number,Crl.A. No.-001496-001497 / 2013,14-08-2018 (English)
S.No. 179,Case Number,C.A. No.-016949-016950 / 2017,23-10-2017 (English)
S.No. 180,Case Number,C.A. No.-004945-004945 / 2018,09-05-2018 (English)
S.No. 181,Case Number,C.A. No.-005565-005565 / 2009,15-12-2017 (English)
S.No. 182,Case Number,Crl.A. No.-001025-001025 / 2011,06-02-2018 (English)
S.No. 183,Case Number,C.A. No.-000018-000018 / 2018,23-02-2018 (English)
S.No. 184,Case Number,SLP(Crl) No.-002302-002302 / 2017,"03-04-2018 (English)
30-01-2018 (English)"
S.No. 185,Case Number,C.A. No.-007362-007362 / 2013,27-09-2018 (English)
S.No. 186,Case Number,Crl.A. No.-000993-000993 / 2018,13-08-2018 (English)
S.No. 187,Case Number,C.A. No.-002342-002342 / 2008,20-09-2018 (English)
S.No. 188,Case Number,C.A. No.-002269-002269 / 2018,19-02-2018 (English)
S.No. 189,Case Number,C.A. No.-005007-005007 / 2018,11-05-2018 (English)
S.No. 190,Case Number,C.A. No.-000882-000882 / 2018,25-01-2018 (English)
S.No. 191,Case Number,C.A. No.-003155-003155 / 2017,09-07-2018 (English)
S.No. 192,Case Number,C.A. No.-008353-008353 / 2014,10-08-2018 (English)
S.No. 193,Case Number,C.A. No.-005152-005152 / 2017,20-07-2018 (English)
S.No. 194,Case Number,Crl.A. No.-002229-002229 / 2011,29-08-2018 (English)
S.No. 195,Case Number,Crl.A. No.-001791-001791 / 2011,"29-08-2018 (English)
29-08-2018 (हिन्दी)"
S.No. 196,Case Number,C.A. No.-008427-008428 / 2018,21-08-2018 (English)
S.No. 197,Case Number,C.A. No.-003528-003528 / 2008,11-05-2018 (English)
S.No. 198,Case Number,C.A. No.-002781-002790 / 2010,10-11-2017 (English)
S.No. 199,Case Number,C.A. No.-005870-005870 / 2015,"20-09-2018 (English)
20-09-2018 (हिन्दी)"
S.No. 200,Case Number,C.A. No.-011710-011710 / 2016,17-01-2018 (English)
S.No. 201,Case Number,C.A. No.-002217-002217 / 2018,06-03-2018 (English)
S.No. 202,Case Number,C.A. No.-010658-010658 / 2013,19-09-2018 (English)
S.No. 203,Case Number,C.A. No.-001801-001801 / 2018,09-02-2018 (English)
S.No. 204,Case Number,C.A. No.-004664-004664 / 2018,02-05-2018 (English)
S.No. 205,Case Number,C.A. No.-002363-002363 / 2010,11-05-2018 (English)
S.No. 206,Case Number,C.A. No.-018012-018013 / 2017,06-11-2017 (English)
S.No. 207,Case Number,C.A. No.-001254-001254 / 2018,23-03-2018 (English)
S.No. 208,Case Number,C.A. No.-004932-004934 / 2001,19-04-2018 (English)
S.No. 209,Case Number,C.A. No.-019400-019400 / 2017,15-12-2017 (English)
S.No. 210,Case Number,C.A. No.-006263-006265 / 2001,28-08-2018 (English)
S.No. 211,Case Number,W.P.(C) No.-000231 / 2018,12-09-2018 (English)
S.No. 212,Case Number,Crl.A. No.-000481-000481 / 2015,16-02-2018 (English)
S.No. 213,Case Number,C.A. No.-004767-004769 / 2001,29-11-2017 (English)
S.No. 214,Case Number,C.A. No.-005005-005005 / 2018,11-05-2018 (English)
S.No. 215,Case Number,C.A. No.-005696-005696 / 2018,18-05-2018 (English)
S.No. 216,Case Number,Crl.A. No.-000406-000406 / 2018,23-03-2018 (English)
S.No. 217,Case Number,C.A. No.-003455-003455 / 2004,11-05-2018 (English)
S.No. 218,Case Number,C.A. No.-000423-000424 / 2018,06-03-2018 (English)
S.No. 219,Case Number,C.A. No.-004398-004398 / 2016,31-08-2018 (English)
S.No. 220,Case Number,C.A. No.-004989-004989 / 2018,10-05-2018 (English)
S.No. 221,Case Number,C.A. No.-006653-006653 / 2018,13-07-2018 (English)
S.No. 222,Case Number,MA-001529 / 2018,25-07-2018 (English)
S.No. 223,Case Number,C.A. No.-003892-003892 / 2007,24-04-2018 (English)
S.No. 224,Case Number,C.A. No.-001255-001256 / 2018,29-01-2018 (English)
S.No. 225,Case Number,C.A. No.-007407-007407 / 2018,31-07-2018 (English)
S.No. 226,Case Number,C.A. No.-010571-010571 / 2018,12-10-2018 (English)
S.No. 227,Case Number,C.A. No.-003687-003688 / 2018,05-04-2018 (English)
S.No. 228,Case Number,C.A. No.-005029 / 2018,18-05-2018 (English)
S.No. 229,Case Number,C.A. No.-001467-001467 / 2018,01-02-2018 (English)
S.No. 230,Case Number,C.A. No.-000561-000561 / 2008,10-08-2018 (English)
S.No. 231,Case Number,Crl.A. No.-000808-000809 / 2018,02-07-2018 (English)
S.No. 232,Case Number,W.P.(C) No.-000169-000169 / 2017,03-11-2017 (English)
S.No. 233,Case Number,C.A. No.-002244-002244 / 2018,16-02-2018 (English)
S.No. 234,Case Number,C.A. No.-008530-008530 / 2009,08-12-2017 (English)
S.No. 235,Case Number,W.P.(C) No.-000196 / 2018,"24-04-2018 (English)
13-04-2018 (English)"
S.No. 236,Case Number,MA-000617 / 2018,10-04-2018 (English)
S.No. 237,Case Number,C.A. No.-000883-000883 / 2018,25-01-2018 (English)
S.No. 238,Case Number,C.A. No.-018377-018377 / 2017,04-07-2018 (English)
S.No. 239,Case Number,C.A. No.-004415-004416 / 2018,24-04-2018 (English)
S.No. 240,Case Number,Crl.A. No.-001393-001393 / 2013,26-04-2018 (English)
S.No. 241,Case Number,C.A. No.-009124-009124 / 2018,13-09-2018 (English)
S.No. 242,Case Number,Crl.A. No.-001892-001892 / 2017,01-05-2018 (English)
S.No. 243,Case Number,Crl.A. No.-000952-000952 / 2018,31-07-2018 (English)
S.No. 244,Case Number,C.A. No.-008018-008019 / 2013,12-07-2018 (English)
S.No. 245,Case Number,C.A. No.-003171-003171 / 2018,23-03-2018 (English)
S.No. 246,Case Number,W.P.(C) No.-000204 / 2018,04-04-2018 (English)
S.No. 247,Case Number,C.A. No.-002247-002247 / 2018,28-03-2018 (English)
S.No. 248,Case Number,C.A. No.-005150-005150 / 2017,05-12-2017 (English)
S.No. 249,Case Number,W.P.(C) No.-000215-000215 / 2005,09-03-2018 (English)
S.No. 250,Case Number,Crl.A. No.-001134-001134 / 2013,16-04-2018 (English)
S.No. 251,Case Number,C.A. No.-003798-003799 / 2016,20-09-2018 (English)
S.No. 252,Case Number,C.A. No.-010499-010499 / 2011,20-08-2018 (English)
S.No. 253,Case Number,C.A. No.-004504-004508 / 2008,23-07-2018 (English)
S.No. 254,Case Number,C.A. No.-004594-004595 / 2017,26-10-2017 (English)
S.No. 255,Case Number,W.P.(C) No.-000243-000243 / 2005,15-12-2017 (English)
S.No. 256,Case Number,Crl.A. No.-000872-000872 / 2015,15-05-2018 (English)
S.No. 257,Case Number,C.A. No.-003543-003555 / 2018,04-04-2018 (English)
S.No. 258,Case Number,C.A. No.-000751-000751 / 2008,20-08-2018 (English)
S.No. 259,Case Number,SLP(Crl) No.-003935-003935 / 2016,23-07-2018 (English)
S.No. 260,Case Number,C.A. No.-003612-003612 / 2018,05-04-2018 (English)
S.No. 261,Case Number,C.A. No.-002933-002933 / 2010,08-11-2017 (English)
S.No. 262,Case Number,C.A. No.-015034-015034 / 2017,26-09-2018 (English)
S.No. 263,Case Number,C.A. No.-001747-001747 / 2008,19-04-2018 (English)
S.No. 264,Case Number,C.A. No.-000170-000171 / 2018,31-01-2018 (English)
S.No. 265,Case Number,Crl.A. No.-001192-001192 / 2018,10-10-2018 (English)
S.No. 266,Case Number,C.A. No.-019857-019858 / 2017,28-11-2017 (English)
S.No. 267,Case Number,C.A. No.-005375-005377 / 2017,14-12-2017 (English)
S.No. 268,Case Number,C.A. No.-004765-004766 / 2018,18-05-2018 (English)
S.No. 269,Case Number,C.A. No.-009868-009868 / 2018,24-09-2018 (English)
S.No. 270,Case Number,C.A. No.-009952-009952 / 2017,07-11-2017 (English)
S.No. 271,Case Number,C.A. No.-006378-006378 / 2013,22-11-2017 (English)
S.No. 272,Case Number,Crl.A. No.-001597-001597 / 2009,04-10-2018 (English)
S.No. 273,Case Number,C.A. No.-008588-008588 / 2019,07-05-2018 (English)
S.No. 274,Case Number,Crl.A. No.-002218-002218 / 2011,20-08-2018 (English)
S.No. 275,Case Number,Crl.A. No.-000161-000161 / 2018,23-01-2018 (English)
S.No. 276,Case Number,Crl.A. No.-000396-000398 / 2015,30-08-2018 (English)
S.No. 277,Case Number,C.A. No.-002114-002115 / 2018,15-02-2018 (English)
S.No. 278,Case Number,Crl.A. No.-001445-001446 / 2012,21-08-2018 (English)
S.No. 279,Case Number,C.A. No.-002445-002445 / 2018,23-02-2018 (English)
S.No. 280,Case Number,MA-001712 / 2018,24-09-2018 (English)
S.No. 281,Case Number,Crl.A. No.-001340-001340 / 2013,09-05-2018 (English)
S.No. 282,Case Number,C.A. No.-001754-001754 / 2018,09-02-2018 (English)
S.No. 283,Case Number,C.A. No.-003352-003352 / 2018,28-03-2018 (English)
S.No. 284,Case Number,C.A. No.-006318-006318 / 2010,08-02-2018 (English)
S.No. 285,Case Number,C.A. No.-000897-000897 / 2009,13-04-2018 (English)
S.No. 286,Case Number,Crl.A. No.-000959-000959 / 2018,01-08-2018 (English)
S.No. 287,Case Number,C.A. No.-020915-020915 / 2017,06-12-2017 (English)
S.No. 288,Case Number,Crl.A. No.-001237-001237 / 2018,01-10-2018 (English)
S.No. 289,Case Number,W.P.(C) No.-000229-000229 / 2017,14-11-2017 (English)
S.No. 290,Case Number,C.A. No.-001820-001820 / 2018,07-02-2018 (English)
S.No. 291,Case Number,C.A. No.-003660-003661 / 2018,09-04-2018 (English)
S.No. 292,Case Number,C.A. No.-009118-009119 / 2010,19-02-2018 (English)
S.No. 293,Case Number,C.A. No.-017374-017374 / 2017,30-10-2017 (English)
S.No. 294,Case Number,C.A. No.-003336-003337 / 2018,27-03-2018 (English)
S.No. 295,Case Number,C.A. No.-009352-009352 / 2018,11-09-2018 (English)
S.No. 296,Case Number,Crl.A. No.-000961-000961 / 2018,01-08-2018 (English)
S.No. 297,Case Number,Crl.A. No.-001018-001018 / 2010,28-08-2018 (English)
S.No. 298,Case Number,C.A. No.-003792-003792 / 2010,17-05-2018 (English)
S.No. 299,Case Number,C.A. No.-020862-020862 / 2017,05-12-2017 (English)
S.No. 300,Case Number,ARBIT.CASE(C) No.-000020-000020 / 2012,19-09-2018 (English)
S.No. 301,Case Number,C.A. No.-005953-005953 / 2018,02-07-2018 (English)
S.No. 302,Case Number,C.A. No.-020859-020859 / 2017,05-12-2017 (English)
S.No. 303,Case Number,C.A. No.-006281-006282 / 2009,10-08-2018 (English)
S.No. 304,Case Number,C.A. No.-009956-009956 / 2018,25-09-2018 (English)
S.No. 305,Case Number,C.A. No.-005822-005822 / 2005,25-09-2018 (English)
S.No. 306,Case Number,C.A. No.-004339-004340 / 2018,24-04-2018 (English)
S.No. 307,Case Number,C.A. No.-011011-011012 / 2017,09-02-2018 (English)
S.No. 308,Case Number,C.A. No.-007608-007608 / 2009,12-10-2018 (English)
S.No. 309,Case Number,C.A. No.-005518-005523 / 2017,03-10-2018 (English)
S.No. 310,Case Number,Crl.A. No.-001869-001869 / 2017,10-10-2018 (English)
S.No. 311,Case Number,C.A. No.-008336-008337 / 2011,29-08-2018 (English)
S.No. 312,Case Number,C.A. No.-000104-000109 / 2015,12-02-2018 (English)
S.No. 313,Case Number,C.A. No.-020858-020858 / 2017,05-12-2017 (English)
S.No. 314,Case Number,C.A. No.-008149-008149 / 2018,09-08-2018 (English)
S.No. 315,Case Number,SLP(C) No.-010752-010753 / 2018,20-04-2018 (English)
S.No. 316,Case Number,Crl.A. No.-001124-001124 / 2018,05-09-2018 (English)
S.No. 317,Case Number,C.A. No.-005607-005608 / 2018,16-05-2018 (English)
S.No. 318,Case Number,C.A. No.-020861-020861 / 2017,05-12-2017 (English)
S.No. 319,Case Number,C.A. No.-000133-000135 / 2018,10-01-2018 (English)
S.No. 320,Case Number,Crl.A. No.-000992-000993 / 2016,04-10-2018 (English)
S.No. 321,Case Number,C.A. No.-009836-009836 / 2014,13-09-2018 (English)
S.No. 322,Case Number,C.A. No.-005300-005301 / 2010,24-09-2018 (English)
S.No. 323,Case Number,C.A. No.-018619-018619 / 2017,13-11-2017 (English)
S.No. 324,Case Number,C.A. No.-020860-020860 / 2017,05-12-2017 (English)
S.No. 325,Case Number,Crl.A. No.-000844-000844 / 2018,09-07-2018 (English)
S.No. 326,Case Number,C.A. No.-008421-008421 / 2018,21-08-2018 (English)
S.No. 327,Case Number,C.A. No.-003595 / 2018,14-08-2018 (English)
S.No. 328,Case Number,C.A. No.-002453-002453 / 2007,16-02-2018 (English)
S.No. 329,Case Number,C.A. No.-018815-018815 / 2017,07-11-2017 (English)
S.No. 330,Case Number,CONMT.PET.(C) No.-000898 / 2018,18-05-2018 (English)
S.No. 331,Case Number,C.A. No.-018834-018834 / 2017,16-11-2017 (English)
S.No. 332,Case Number,Crl.A. No.-001224-001224 / 2008,25-01-2018 (English)
S.No. 333,Case Number,C.A. No.-020863-020863 / 2017,05-12-2017 (English)
S.No. 334,Case Number,C.A. No.-001093-001093 / 2006,14-12-2017 (English)
S.No. 335,Case Number,Crl.A. No.-002089-002090 / 2009,03-07-2018 (English)
S.No. 336,Case Number,C.A. No.-001714-001714 / 2009,12-07-2018 (English)
S.No. 337,Case Number,C.A. No.-006221-006221 / 2013,24-04-2018 (English)
S.No. 338,Case Number,W.P.(C) No.-000789 / 2018,06-07-2018 (English)
S.No. 339,Case Number,C.A. No.-004266-004267 / 2018,07-05-2018 (English)
S.No. 340,Case Number,Crl.A. No.-000677-000677 / 2010,17-11-2017 (English)
S.No. 341,Case Number,C.A. No.-004764-004764 / 2018,03-05-2018 (English)
S.No. 342,Case Number,C.A. No.-008256-008257 / 2018,14-08-2018 (English)
S.No. 343,Case Number,SLP(C) No.-018475-018476 / 2013,02-05-2018 (English)
S.No. 344,Case Number,C.A. No.-002928-002930 / 2018,19-03-2018 (English)
S.No. 345,Case Number,C.A. No.-005701-005701 / 2017,02-05-2018 (English)
S.No. 346,Case Number,W.P.(C) No.-000330-000330 / 2016,26-09-2018 (English)
S.No. 347,Case Number,C.A. No.-005009-005026 / 2018,11-05-2018 (English)
S.No. 348,Case Number,C.A. No.-004189-004189 / 2007,25-01-2018 (English)
S.No. 349,Case Number,C.A. No.-008151-008151 / 2018,09-08-2018 (English)
S.No. 350,Case Number,W.P.(C) No.-000302 / 2018,09-04-2018 (English)
S.No. 351,Case Number,C.A. No.-003062-003062 / 2006,19-04-2018 (English)
S.No. 352,Case Number,Crl.A. No.-001046-001046 / 2011,19-09-2018 (English)
S.No. 353,Case Number,Crl.A. No.-000684-000684 / 2006,05-09-2018 (English)
S.No. 354,Case Number,C.A. No.-005645-005645 / 2006,18-04-2018 (English)
S.No. 355,Case Number,C.A. No.-001659-001659 / 2018,07-02-2018 (English)
S.No. 356,Case Number,Crl.A. No.-000787-000787 / 2018,18-05-2018 (English)
S.No. 357,Case Number,C.A. No.-004751-004752 / 2011,22-11-2017 (English)
S.No. 358,Case Number,C.A. No.-002846-002846 / 2017,27-10-2017 (English)
S.No. 359,Case Number,ARBIT.CASE(C) No.-000028 / 2017,03-10-2018 (English)
S.No. 360,Case Number,C.A. No.-006763-006765 / 2018,18-07-2018 (English)
S.No. 361,Case Number,C.A. No.-007396-007396 / 2018,31-07-2018 (English)
S.No. 362,Case Number,C.A. No.-010184-010184 / 2018,03-10-2018 (English)
S.No. 363,Case Number,C.A. No.-002216-002216 / 2018,16-02-2018 (English)
S.No. 364,Case Number,C.A. No.-020982-020982 / 2017,"08-02-2018 (English)
07-12-2017 (English)"
S.No. 365,Case Number,W.P.(Crl.) No.-000067-000067 / 2017,23-11-2017 (English)
S.No. 366,Case Number,C.A. No.-005871-005938 / 2018,02-07-2018 (English)
S.No. 367,Case Number,C.A. No.-005545-005574 / 2018,16-05-2018 (English)
S.No. 368,Case Number,Crl.A. No.-000818-000818 / 2018,04-07-2018 (English)
S.No. 369,Case Number,Crl.A. No.-001045-001045 / 2018,21-08-2018 (English)
S.No. 370,Case Number,Crl.A. No.-000009-000009 / 2018,05-01-2018 (English)
S.No. 371,Case Number,C.A. No.-003227-003227 / 2006,18-01-2018 (English)
S.No. 372,Case Number,C.A. No.-005209-005209 / 2018,15-05-2018 (English)
S.No. 373,Case Number,C.A. No.-004820-004820 / 2008,11-05-2018 (English)
S.No. 374,Case Number,C.A. No.-002832-002832 / 2007,04-12-2017 (English)
S.No. 375,Case Number,C.A. No.-009844-009844 / 2018,12-09-2018 (English)
S.No. 376,Case Number,Crl.A. No.-000775-000775 / 2018,18-05-2018 (English)
S.No. 377,Case Number,C.A. No.-003777-003777 / 2018,13-04-2018 (English)
S.No. 378,Case Number,C.A. No.-004741-004741 / 2007,25-01-2018 (English)
S.No. 379,Case Number,C.A. No.-004695-004699 / 2018,03-05-2018 (English)
S.No. 380,Case Number,C.A. No.-007875-007879 / 2015,13-03-2018 (English)
S.No. 381,Case Number,C.A. No.-005112-005112 / 2017,25-09-2018 (English)
S.No. 382,Case Number,T.C.(C) No.-000011-000011 / 2017,17-04-2018 (English)
S.No. 383,Case Number,C.A. No.-006785-006785 / 2014,08-05-2018 (English)
S.No. 384,Case Number,C.A. No.-006624-006624 / 2018,12-07-2018 (English)
S.No. 385,Case Number,SLP(C) No.-015059-015059 / 2011,22-03-2018 (English)
S.No. 386,Case Number,C.A. No.-010040-010040 / 2010,16-11-2017 (English)
S.No. 387,Case Number,C.A. No.-002113-002113 / 2018,15-02-2018 (English)
S.No. 388,Case Number,Crl.A. No.-000911-000911 / 2018,20-07-2018 (English)
S.No. 389,Case Number,Crl.A. No.-001860-001860 / 2017,03-11-2017 (English)
S.No. 390,Case Number,C.A. No.-003120-003120 / 2009,19-04-2018 (English)
S.No. 391,Case Number,SLP(C) No.-009968 / 2018,09-05-2018 (English)
S.No. 392,Case Number,C.A. No.-010231-010232 / 2018,05-10-2018 (English)
S.No. 393,Case Number,C.A. No.-010588-010589 / 2018,12-10-2018 (English)
S.No. 394,Case Number,C.A. No.-004265-004266 / 2008,11-05-2018 (English)
S.No. 395,Case Number,C.A. No.-004001-004001 / 2018,19-04-2018 (English)
S.No. 396,Case Number,C.A. No.-003330-003330 / 2018,27-03-2018 (English)
S.No. 397,Case Number,C.A. No.-019862-019862 / 2017,28-11-2017 (English)
S.No. 398,Case Number,C.A. No.-007940-007940 / 2010,07-11-2017 (English)
S.No. 399,Case Number,Crl.A. No.-001845-001845 / 2008,12-07-2018 (English)
S.No. 400,Case Number,W.P.(C) No.-000357 / 2018,03-05-2018 (English)
S.No. 401,Case Number,Crl.A. No.-001178-001178 / 2018,18-09-2018 (English)
S.No. 402,Case Number,C.A. No.-005850-005850 / 2011,02-07-2018 (English)
S.No. 403,Case Number,C.A. No.-007208-007208 / 2018,20-08-2018 (English)
S.No. 404,Case Number,Crl.A. No.-001032-001032 / 2007,23-03-2018 (English)
S.No. 405,Case Number,Crl.A. No.-001845-001845 / 2017,03-11-2017 (English)
S.No. 406,Case Number,Crl.A. No.-000522-000523 / 2016,19-01-2018 (English)
S.No. 407,Case Number,W.P.(Crl.) No.-000076-000076 / 2016,06-09-2018 (English)
S.No. 408,Case Number,C.A. No.-001381-001381 / 2010,27-04-2018 (English)
S.No. 409,Case Number,C.A. No.-007938-007938 / 2010,07-11-2017 (English)
S.No. 410,Case Number,SLP(C) No.-008293 / 2018,28-03-2018 (English)
S.No. 411,Case Number,W.P.(C) No.-000292-000292 / 2006,15-12-2017 (English)
S.No. 412,Case Number,C.A. No.-002414-002414 / 2018,22-02-2018 (English)
S.No. 413,Case Number,C.A. No.-005206-005206 / 2016,18-04-2018 (English)
S.No. 414,Case Number,C.A. No.-002013-002013 / 2014,07-03-2018 (English)
S.No. 415,Case Number,C.A. No.-018368-018368 / 2017,09-11-2017 (English)
S.No. 416,Case Number,C.A. No.-010703-010703 / 2011,22-11-2017 (English)
S.No. 417,Case Number,C.A. No.-005084-005085 / 2015,06-02-2018 (English)
S.No. 418,Case Number,C.A. No.-002367-002367 / 2010,21-03-2018 (English)
S.No. 419,Case Number,C.A. No.-003803-003803 / 2018,16-04-2018 (English)
S.No. 420,Case Number,C.A. No.-003314-003314 / 2018,27-03-2018 (English)
S.No. 421,Case Number,Crl.A. No.-001216-001216 / 2018,24-09-2018 (English)
S.No. 422,Case Number,C.A. No.-003313-003313 / 2018,27-03-2018 (English)
S.No. 423,Case Number,C.A. No.-006491-006492 / 2014,25-09-2018 (English)
S.No. 424,Case Number,C.A. No.-009078-009079 / 2017,31-07-2018 (English)
S.No. 425,Case Number,C.A. No.-002109-002110 / 2018,15-02-2018 (English)
S.No. 426,Case Number,C.A. No.-019881-019881 / 2017,28-11-2017 (English)
S.No. 427,Case Number,C.A. No.-006254-006254 / 2010,10-10-2018 (English)
S.No. 428,Case Number,C.A. No.-004019-004019 / 2018,19-04-2018 (English)
S.No. 429,Case Number,Crl.A. No.-000597-000597 / 2018,20-04-2018 (English)
S.No. 430,Case Number,C.A. No.-002014-002014 / 2007,24-04-2018 (English)
S.No. 431,Case Number,C.A. No.-003327-003327 / 2007,30-07-2018 (English)
S.No. 432,Case Number,Crl.A. No.-001277-001278 / 2018,"11-10-2018 (English)
11-10-2018 (हिन्दी)"
S.No. 433,Case Number,Crl.A. No.-000968 / 2017,06-12-2017 (English)
S.No. 434,Case Number,C.A. No.-008590-008591 / 2018,27-08-2018 (English)
S.No. 435,Case Number,C.A. No.-004696-004696 / 2011,11-05-2018 (English)
S.No. 436,Case Number,C.A. No.-005805-005805 / 2018,01-06-2018 (English)
S.No. 437,Case Number,C.A. No.-020902-020902 / 2017,14-12-2017 (English)
S.No. 438,Case Number,C.A. No.-015613-015613 / 2017,02-07-2018 (English)
S.No. 439,Case Number,SLP(C) No.-016686-016686 / 2010,18-04-2018 (English)
S.No. 440,Case Number,C.A. No.-002617-002617 / 2018,09-03-2018 (English)
S.No. 441,Case Number,C.A. No.-004611-004611 / 2013,23-11-2017 (English)
S.No. 442,Case Number,C.A. No.-017869-017870 / 2017,03-11-2017 (English)
S.No. 443,Case Number,W.P.(C) No.-000835 / 2017,23-02-2018 (English)
S.No. 444,Case Number,C.A. No.-020962-020962 / 2017,19-01-2018 (English)
S.No. 445,Case Number,C.A. No.-004632-004638 / 2018,01-05-2018 (English)
S.No. 446,Case Number,C.A. No.-005203-005203 / 2016,02-08-2018 (English)
S.No. 447,Case Number,Crl.A. No.-000569-000569 / 2018,18-04-2018 (English)
S.No. 448,Case Number,Crl.A. No.-001676-001676 / 2009,25-01-2018 (English)
S.No. 449,Case Number,C.A. No.-010303-010303 / 2010,20-09-2018 (English)
S.No. 450,Case Number,W.P.(C) No.-000878 / 2017,11-01-2018 (English)
S.No. 451,Case Number,C.A. No.-001622-001631 / 2018,06-02-2018 (English)
S.No. 452,Case Number,Crl.A. No.-000215-000217 / 2018,02-02-2018 (English)
S.No. 453,Case Number,Crl.A. No.-001094-001094 / 2018,29-08-2018 (English)
S.No. 454,Case Number,C.A. No.-009515-009515 / 2018,13-09-2018 (English)
S.No. 455,Case Number,C.A. No.-010506-010510 / 2011,11-12-2017 (English)
S.No. 456,Case Number,Crl.A. No.-001099-001099 / 2017,15-12-2017 (English)
S.No. 457,Case Number,C.A. No.-000394-000394 / 2009,16-02-2018 (English)
S.No. 458,Case Number,C.A. No.-006074-006074 / 2018,05-07-2018 (English)
S.No. 459,Case Number,C.A. No.-000020-000020 / 2018,05-01-2018 (English)
S.No. 460,Case Number,SLP(C) No.-016441 / 2017,05-12-2017 (English)
S.No. 461,Case Number,Crl.A. No.-000423-000424 / 2018,28-03-2018 (English)
S.No. 462,Case Number,C.A. No.-010164-010164 / 2010,02-05-2018 (English)
S.No. 463,Case Number,C.A. No.-001129-001129 / 2012,09-10-2018 (English)
S.No. 464,Case Number,C.A. No.-006703-006710 / 2009,13-04-2018 (English)
S.No. 465,Case Number,C.A. No.-005838-005838 / 2018,14-06-2018 (English)
S.No. 466,Case Number,C.A. No.-006303-006303 / 2012,10-04-2018 (English)
S.No. 467,Case Number,C.A. No.-004341-004341 / 2018,24-04-2018 (English)
S.No. 468,Case Number,C.A. No.-000885-000885 / 2018,25-01-2018 (English)
S.No. 469,Case Number,SLP(C) No.-022475-022476 / 2012,31-01-2018 (English)
S.No. 470,Case Number,C.A. No.-005668-005668 / 2018,18-05-2018 (English)
S.No. 471,Case Number,C.A. No.-001840-001840 / 2018,12-02-2018 (English)
S.No. 472,Case Number,C.A. No.-007280-007280 / 2018,27-07-2018 (English)
S.No. 473,Case Number,Crl.A. No.-000408-000408 / 2017,26-09-2018 (English)
S.No. 474,Case Number,C.A. No.-004988-004988 / 2018,10-05-2018 (English)
S.No. 475,Case Number,C.A. No.-005939-005939 / 2018,02-07-2018 (English)
S.No. 476,Case Number,C.A. No.-010005-010007 / 2018,26-09-2018 (English)
S.No. 477,Case Number,C.A. No.-000830-000830 / 2018,23-01-2018 (English)
S.No. 478,Case Number,C.A. No.-010574-010574 / 2018,12-10-2018 (English)
S.No. 479,Case Number,Crl.A. No.-000997-000997 / 2009,12-09-2018 (English)
S.No. 480,Case Number,W.P.(C) No.-000318-000318 / 2006,19-03-2018 (English)
S.No. 481,Case Number,SLP(C) No.-013817 / 2018,18-05-2018 (English)
S.No. 482,Case Number,C.A. No.-002949-002949 / 2018,19-03-2018 (English)
S.No. 483,Case Number,Crl.A. No.-001938-001938 / 2017,14-11-2017 (English)
S.No. 484,Case Number,C.A. No.-003167-003167 / 2017,10-01-2018 (English)
S.No. 485,Case Number,Crl.A. No.-000795-000795 / 2011,15-05-2018 (English)
S.No. 486,Case Number,C.A. No.-005415-005415 / 2011,02-07-2018 (English)
S.No. 487,Case Number,Crl.A. No.-001428-001429 / 2013,16-08-2018 (English)
S.No. 488,Case Number,C.A. No.-002103-002103 / 2018,06-03-2018 (English)
S.No. 489,Case Number,C.A. No.-017381-017381 / 2017,30-10-2017 (English)
S.No. 490,Case Number,C.A. No.-007240-007240 / 2018,26-07-2018 (English)
S.No. 491,Case Number,Crl.A. No.-002159-002159 / 2009,09-08-2018 (English)
S.No. 492,Case Number,C.A. No.-019493-019493 / 2017,21-11-2017 (English)
S.No. 493,Case Number,C.A. No.-003173-003173 / 2018,22-03-2018 (English)
S.No. 494,Case Number,Crl.A. No.-000983-000983 / 2018,10-08-2018 (English)
S.No. 495,Case Number,MA-001344 / 2018,11-05-2018 (English)
S.No. 496,Case Number,C.A. No.-003971-003971 / 2011,01-10-2018 (English)
S.No. 497,Case Number,C.A. No.-002636-002636 / 2009,23-11-2017 (English)
S.No. 498,Case Number,C.A. No.-001427-001427 / 2018,06-02-2018 (English)
S.No. 499,Case Number,Crl.A. No.-001089-001089 / 2018,28-08-2018 (English)
S.No. 500,Case Number,Crl.A. No.-001333-001333 / 2009,02-08-2018 (English)
S.No. 501,Case Number,C.A. No.-002937-002942 / 2018,26-07-2018 (English)
S.No. 502,Case Number,W.P.(C) No.-000473-000473 / 2005,09-02-2018 (English)
S.No. 503,Case Number,C.A. No.-008515-008515 / 2018,24-08-2018 (English)
S.No. 504,Case Number,C.A. No.-006919-006920 / 2009,20-04-2018 (English)
S.No. 505,Case Number,C.A. No.-009912-009912 / 2010,25-09-2018 (English)
S.No. 506,Case Number,Crl.A. No.-000459-000459 / 2016,24-04-2018 (English)
S.No. 507,Case Number,C.A. No.-010396-010396 / 2018,11-10-2018 (English)
S.No. 508,Case Number,C.A. No.-005903-005903 / 2012,17-04-2018 (English)
S.No. 509,Case Number,W.P.(C) No.-000231-000231 / 2010,27-03-2018 (English)
S.No. 510,Case Number,C.A. No.-009598-009598 / 2018,18-09-2018 (English)
S.No. 511,Case Number,C.A. No.-009935-009937 / 2014,30-08-2018 (English)
S.No. 512,Case Number,C.A. No.-009869-009869 / 2018,24-09-2018 (English)
S.No. 513,Case Number,SLP(Crl) No.-005631 / 2018,05-07-2018 (English)
S.No. 514,Case Number,C.A. No.-003370-003370 / 2007,15-02-2018 (English)
S.No. 515,Case Number,C.A. No.-007174-007175 / 2010,11-05-2018 (English)
S.No. 516,Case Number,C.A. No.-004690-004690 / 2018,03-05-2018 (English)
S.No. 517,Case Number,W.P.(C) No.-000406-000406 / 2013,25-09-2018 (English)
S.No. 518,Case Number,C.A. No.-008872-008872 / 2011,12-07-2018 (English)
S.No. 519,Case Number,CONMT.PET.(C) No.-000225-000225 / 2013,16-02-2018 (English)
S.No. 520,Case Number,C.A. No.-000170-000173 / 2011,23-03-2018 (English)
S.No. 521,Case Number,C.A. No.-001756-001756 / 2010,"20-09-2018 (English)
20-09-2018 (हिन्दी)"
S.No. 522,Case Number,C.A. No.-009871-009871 / 2018,24-09-2018 (English)
S.No. 523,Case Number,C.A. No.-007279-007279 / 2018,09-08-2018 (English)
S.No. 524,Case Number,C.A. No.-000871-000871 / 2018,25-01-2018 (English)
S.No. 525,Case Number,C.A. No.-006262-006262 / 2010,16-02-2018 (English)
S.No. 526,Case Number,Crl.A. No.-001208-001208 / 2018,20-09-2018 (English)
S.No. 527,Case Number,C.A. No.-006988-006988 / 2018,25-07-2018 (English)
S.No. 528,Case Number,C.A. No.-010387-010388 / 2018,10-10-2018 (English)
S.No. 529,Case Number,CONMT.PET.(C) No.-001665-001666 / 2017,17-05-2018 (English)
S.No. 530,Case Number,Crl.A. No.-000359-000360 / 2010,11-05-2018 (English)
S.No. 531,Case Number,W.P.(C) No.-000373-000373 / 2006,28-09-2018 (English)
S.No. 532,Case Number,C.A. No.-002287-002287 / 2018,20-02-2018 (English)
S.No. 533,Case Number,C.A. No.-000670-000671 / 2011,04-12-2017 (English)
S.No. 534,Case Number,C.A. No.-006642-006642 / 2018,12-07-2018 (English)
S.No. 535,Case Number,Crl.A. No.-000466-000466 / 2012,30-08-2018 (English)
S.No. 536,Case Number,C.A. No.-003392-003392 / 2006,28-03-2018 (English)
S.No. 537,Case Number,C.A. No.-005800 / 2018,01-08-2018 (English)
S.No. 538,Case Number,C.A. No.-021834-021834 / 2017,15-05-2018 (English)
S.No. 539,Case Number,C.A. No.-002494-002494 / 2018,05-03-2018 (English)
S.No. 540,Case Number,MA-001607 / 2018,26-09-2018 (English)
S.No. 541,Case Number,C.A. No.-018798-018798 / 2017,15-11-2017 (English)
S.No. 542,Case Number,C.A. No.-006637-006638 / 2018,14-09-2018 (English)
S.No. 543,Case Number,C.A. No.-000877-000877 / 2018,11-05-2018 (English)
S.No. 544,Case Number,Crl.A. No.-001195-001195 / 2018,20-09-2018 (English)
S.No. 545,Case Number,Crl.A. No.-002133-002134 / 2011,17-01-2018 (English)
S.No. 546,Case Number,C.A. No.-007143-007143 / 2005,11-05-2018 (English)
S.No. 547,Case Number,C.A. No.-010577-010577 / 2018,12-10-2018 (English)
S.No. 548,Case Number,C.A. No.-006100-006100 / 2018,06-07-2018 (English)
S.No. 549,Case Number,Crl.A. No.-000366-000366 / 2018,08-03-2018 (English)
S.No. 550,Case Number,C.A. No.-009215-009215 / 2018,10-09-2018 (English)
S.No. 551,Case Number,Crl.A. No.-000283-000283 / 2014,14-08-2018 (English)
S.No. 552,Case Number,C.A. No.-003333-003333 / 2018,27-03-2018 (English)
S.No. 553,Case Number,C.A. No.-002749-002750 / 2018,12-03-2018 (English)
S.No. 554,Case Number,C.A. No.-002112-002112 / 2018,15-02-2018 (English)
S.No. 555,Case Number,W.P.(C) No.-000502 / 2017,06-02-2018 (English)
S.No. 556,Case Number,Crl.A. No.-000926-000926 / 2018,23-07-2018 (English)
S.No. 557,Case Number,C.A. No.-009167-009168 / 2018,06-09-2018 (English)
S.No. 558,Case Number,C.A. No.-004275-004277 / 2018,23-04-2018 (English)
S.No. 559,Case Number,Crl.A. No.-000094-000097 / 2013,03-08-2018 (English)
S.No. 560,Case Number,Crl.A. No.-001175-001175 / 2018,18-09-2018 (English)
S.No. 561,Case Number,Crl.A. No.-002150-002150 / 2011,01-02-2018 (English)
S.No. 562,Case Number,C.A. No.-006391-006391 / 2013,24-04-2018 (English)
S.No. 563,Case Number,ARBIT.CASE(C) No.-000053-000053 / 2016,16-04-2018 (English)
S.No. 564,Case Number,C.A. No.-001650-001650 / 2018,15-02-2018 (English)
S.No. 565,Case Number,Crl.A. No.-001548-001548 / 2010,11-10-2018 (English)
S.No. 566,Case Number,W.P.(C) No.-000551 / 2018,13-06-2018 (English)
S.No. 567,Case Number,Crl.A. No.-001280-001280 / 2018,11-10-2018 (English)
S.No. 568,Case Number,C.A. No.-002537-002537 / 2017,08-05-2018 (English)
S.No. 569,Case Number,C.A. No.-009040-009040 / 2013,08-12-2017 (English)
S.No. 570,Case Number,W.P.(C) No.-000295-000295 / 2012,30-11-2017 (English)
S.No. 571,Case Number,Crl.A. No.-000720-000720 / 2016,12-03-2018 (English)
S.No. 572,Case Number,SLP(Crl) No.-006740 / 2018,14-08-2018 (English)
S.No. 573,Case Number,Crl.A. No.-000648-000648 / 2018,27-04-2018 (English)
S.No. 574,Case Number,C.A. No.-010002-010002 / 2018,26-09-2018 (English)
S.No. 575,Case Number,Crl.A. No.-000271-000271 / 2018,19-02-2018 (English)
S.No. 576,Case Number,Crl.A. No.-001963-001963 / 2017,16-11-2017 (English)
S.No. 577,Case Number,C.A. No.-002011-002011 / 2009,24-11-2017 (English)
S.No. 578,Case Number,C.A. No.-001349-001349 / 2018,30-01-2018 (English)
S.No. 579,Case Number,SLP(C) No.-016657-016659 / 2016,14-03-2018 (English)
S.No. 580,Case Number,Crl.A. No.-000012-000012 / 2018,05-01-2018 (English)
S.No. 581,Case Number,C.A. No.-002608-002608 / 2012,02-07-2018 (English)
S.No. 582,Case Number,Crl.A. No.-000114-000114 / 2012,01-10-2018 (English)
S.No. 583,Case Number,Crl.A. No.-000814-000814 / 2017,02-07-2018 (English)
S.No. 584,Case Number,Crl.A. No.-000920-000920 / 2006,01-08-2018 (English)
S.No. 585,Case Number,C.A. No.-009100-009100 / 2018,"31-08-2018 (English)
31-08-2018 (বাংলা)"
S.No. 586,Case Number,C.A. No.-007300-007309 / 2016,09-02-2018 (English)
S.No. 587,Case Number,C.A. No.-002406-002406 / 2018,22-02-2018 (English)
S.No. 588,Case Number,C.A. No.-018499-018499 / 2017,13-11-2017 (English)
S.No. 589,Case Number,C.A. No.-017478-017479 / 2017,31-10-2017 (English)
S.No. 590,Case Number,Crl.A. No.-000341-000341 / 2018,04-07-2018 (English)
S.No. 591,Case Number,C.A. No.-000462-000462 / 2018,10-01-2018 (English)
S.No. 592,Case Number,MA-000267 / 2017,01-05-2018 (English)
S.No. 593,Case Number,C.A. No.-003695-003695 / 2009,06-12-2017 (English)
S.No. 594,Case Number,C.A. No.-020973-020973 / 2017,07-12-2017 (English)
S.No. 595,Case Number,T.P.(Crl.) No.-000254-000255 / 2017,28-03-2018 (English)
S.No. 596,Case Number,C.A. No.-003156-003156 / 2018,21-03-2018 (English)
S.No. 597,Case Number,C.A. No.-006000-006000 / 2018,04-07-2018 (English)
S.No. 598,Case Number,C.A. No.-010145-010145 / 2016,27-04-2018 (English)
S.No. 599,Case Number,C.A. No.-006984-006984 / 2011,11-05-2018 (English)
S.No. 600,Case Number,C.A. No.-006001-006001 / 2018,04-07-2018 (English)
S.No. 601,Case Number,C.A. No.-000067-000067 / 2018,08-01-2018 (English)
S.No. 602,Case Number,W.P.(C) No.-000341-000341 / 2008,13-12-2017 (English)
S.No. 603,Case Number,Crl.A. No.-001198-001198 / 2006,28-08-2018 (English)
S.No. 604,Case Number,C.A. No.-018741-018741 / 2017,14-11-2017 (English)
S.No. 605,Case Number,C.A. No.-005628-005628 / 2018,17-05-2018 (English)
S.No. 606,Case Number,W.P.(C) No.-000675-000675 / 2013,05-04-2018 (English)
S.No. 607,Case Number,C.A. No.-019846-019846 / 2017,27-11-2017 (English)
S.No. 608,Case Number,Crl.A. No.-000457-000457 / 2018,27-03-2018 (English)
S.No. 609,Case Number,C.A. No.-003932-003932 / 2009,05-04-2018 (English)
S.No. 610,Case Number,Crl.A. No.-001691-001692 / 2010,"07-08-2018 (English)
07-08-2018 (हिन्दी)"
S.No. 611,Case Number,C.A. No.-010863-010863 / 2017,08-03-2018 (English)
S.No. 612,Case Number,W.P.(C) No.-000638 / 2018,30-07-2018 (English)
S.No. 613,Case Number,C.A. No.-003473-003473 / 2018,02-04-2018 (English)
S.No. 614,Case Number,C.A. No.-010766-010766 / 2013,09-11-2017 (English)
S.No. 615,Case Number,C.A. No.-004562-004564 / 2017,14-11-2017 (English)
S.No. 616,Case Number,Crl.A. No.-000515-000516 / 2018,09-04-2018 (English)
S.No. 617,Case Number,C.A. No.-004639-004639 / 2010,25-09-2018 (English)
S.No. 618,Case Number,C.A. No.-007649-007649 / 2018,03-08-2018 (English)
S.No. 619,Case Number,C.A. No.-008505-008505 / 2009,11-07-2018 (English)
S.No. 620,Case Number,C.A. No.-000824-000824 / 2018,23-01-2018 (English)
S.No. 621,Case Number,C.A. No.-002732-002732 / 2007,24-04-2018 (English)
S.No. 622,Case Number,Crl.A. No.-000416-000416 / 2018,20-03-2018 (English)
S.No. 623,Case Number,C.A. No.-020913-020913 / 2017,06-12-2017 (English)
S.No. 624,Case Number,C.A. No.-006101-006101 / 2018,06-07-2018 (English)
S.No. 625,Case Number,C.A. No.-006625-006625 / 2018,12-07-2018 (English)
S.No. 626,Case Number,C.A. No.-004282-004283 / 2018,23-04-2018 (English)
S.No. 627,Case Number,C.A. No.-005877-005878 / 2016,25-09-2018 (English)
S.No. 628,Case Number,C.A. No.-004419-004419 / 2018,25-04-2018 (English)
S.No. 629,Case Number,Crl.A. No.-002393-002393 / 2009,27-07-2018 (English)
S.No. 630,Case Number,C.A. No.-002326-002326 / 2011,16-02-2018 (English)
S.No. 631,Case Number,C.A. No.-003353-003354 / 2018,28-03-2018 (English)
S.No. 632,Case Number,C.A. No.-002267-002267 / 2018,19-02-2018 (English)
S.No. 633,Case Number,C.A. No.-019421-019421 / 2017,20-11-2017 (English)
S.No. 634,Case Number,Crl.A. No.-000413-000413 / 2012,14-12-2017 (English)
S.No. 635,Case Number,C.A. No.-003763-003763 / 2018,12-04-2018 (English)
S.No. 636,Case Number,C.A. No.-001612-001612 / 2018,06-02-2018 (English)
S.No. 637,Case Number,C.A. No.-010829-010829 / 2014,09-08-2018 (English)
S.No. 638,Case Number,C.A. No.-009176-009176 / 2018,07-09-2018 (English)
S.No. 639,Case Number,C.A. No.-004383-004383 / 2009,06-11-2017 (English)
S.No. 640,Case Number,C.A. No.-006399-006399 / 2016,25-10-2017 (English)
S.No. 641,Case Number,C.A. No.-003511-003511 / 2018,03-04-2018 (English)
S.No. 642,Case Number,C.A. No.-019766-019766 / 2017,24-11-2017 (English)
S.No. 643,Case Number,C.A. No.-009957-009957 / 2018,25-09-2018 (English)
S.No. 644,Case Number,C.A. No.-010025-010026 / 2017,24-04-2018 (English)
S.No. 645,Case Number,W.P.(C) No.-000732 / 2018,07-09-2018 (English)
S.No. 646,Case Number,C.A. No.-000068-000068 / 2018,08-01-2018 (English)
S.No. 647,Case Number,C.A. No.-018121-018121 / 2017,04-01-2018 (English)
S.No. 648,Case Number,C.A. No.-000069-000069 / 2018,08-01-2018 (English)
S.No. 649,Case Number,Crl.A. No.-000387-000387 / 2018,16-03-2018 (English)
S.No. 650,Case Number,W.P.(C) No.-000631 / 2017,21-08-2018 (English)
S.No. 651,Case Number,Crl.A. No.-000654-000654 / 2018,01-05-2018 (English)
S.No. 652,Case Number,C.A. No.-022966-022966 / 2017,15-12-2017 (English)
S.No. 653,Case Number,C.A. No.-002499-002500 / 2018,06-04-2018 (English)
S.No. 654,Case Number,C.A. No.-005996-005996 / 2009,27-11-2017 (English)
S.No. 655,Case Number,C.A. No.-002538-002539 / 2018,27-03-2018 (English)
S.No. 656,Case Number,C.A. No.-004298-004298 / 2018,23-04-2018 (English)
S.No. 657,Case Number,Crl.A. No.-001220-001220 / 2018,25-09-2018 (English)
S.No. 658,Case Number,W.P.(C) No.-000766 / 2018,17-08-2018 (English)
S.No. 659,Case Number,C.A. No.-018612-018612 / 2017,13-11-2017 (English)
S.No. 660,Case Number,Crl.A. No.-000195-000195 / 2018,30-01-2018 (English)
S.No. 661,Case Number,C.A. No.-018800-018800 / 2017,15-11-2017 (English)
S.No. 662,Case Number,W.P.(C) No.-000505-000505 / 2015,02-07-2018 (English)
S.No. 663,Case Number,C.A. No.-008431-008434 / 2018,21-08-2018 (English)
S.No. 664,Case Number,C.A. No.-002879-002880 / 2018,15-03-2018 (English)
S.No. 665,Case Number,C.A. No.-017974-017974 / 2017,03-11-2017 (English)
S.No. 666,Case Number,C.A. No.-001200-001200 / 2018,06-03-2018 (English)
S.No. 667,Case Number,C.A. No.-006870-006870 / 2018,23-07-2018 (English)
S.No. 668,Case Number,C.A. No.-004985-004985 / 2010,18-09-2018 (English)
S.No. 669,Case Number,C.A. No.-004380-004380 / 2018,24-04-2018 (English)
S.No. 670,Case Number,Crl.A. No.-001498-001498 / 2010,02-05-2018 (English)
S.No. 671,Case Number,C.A. No.-000053-000053 / 2008,06-09-2018 (English)
S.No. 672,Case Number,C.A. No.-005534-005535 / 2007,27-04-2018 (English)
S.No. 673,Case Number,C.A. No.-004235-004235 / 2014,09-08-2018 (English)
S.No. 674,Case Number,ARBIT.CASE(C) No.-000022 / 2018,14-09-2018 (English)
S.No. 675,Case Number,C.A. No.-008504-008504 / 2018,"21-08-2018 (English)
21-08-2018 (हिन्दी)"
S.No. 676,Case Number,W.P.(C) No.-000779 / 2018,21-08-2018 (English)
S.No. 677,Case Number,Crl.A. No.-001276-001276 / 2010,09-10-2018 (English)
S.No. 678,Case Number,C.A. No.-000767-000767 / 2018,02-02-2018 (English)
S.No. 679,Case Number,C.A. No.-004250-004250 / 2018,19-04-2018 (English)
S.No. 680,Case Number,C.A. No.-010449-010449 / 2011,08-02-2018 (English)
S.No. 681,Case Number,C.A. No.-000357-000367 / 2018,06-02-2018 (English)
S.No. 682,Case Number,Crl.A. No.-000547-000547 / 2018,13-04-2018 (English)
S.No. 683,Case Number,C.A. No.-006501-006523 / 2018,11-07-2018 (English)
S.No. 684,Case Number,C.A. No.-003731-003731 / 2018,11-04-2018 (English)
S.No. 685,Case Number,C.A. No.-006695-006697 / 2018,16-07-2018 (English)
S.No. 686,Case Number,C.A. No.-004358-004358 / 2018,24-04-2018 (English)
S.No. 687,Case Number,Crl.A. No.-001301-001301 / 2015,30-01-2018 (English)
S.No. 688,Case Number,C.A. No.-002431-002431 / 2018,23-02-2018 (English)
S.No. 689,Case Number,Crl.A. No.-000913-000913 / 2016,28-09-2018 (English)
S.No. 690,Case Number,C.A. No.-000498-000498 / 2007,13-11-2017 (English)
S.No. 691,Case Number,C.A. No.-016962-016962 / 2017,24-10-2017 (English)
S.No. 692,Case Number,C.A. No.-019625-019625 / 2017,23-11-2017 (English)
S.No. 693,Case Number,C.A. No.-007304-007305 / 2018,30-07-2018 (English)
S.No. 694,Case Number,Crl.A. No.-000448-000448 / 2018,26-03-2018 (English)
S.No. 695,Case Number,Crl.A. No.-000803-000803 / 2018,02-07-2018 (English)
S.No. 696,Case Number,C.A. No.-009888-009899 / 2018,25-09-2018 (English)
S.No. 697,Case Number,C.A. No.-001281-001281 / 2018,30-01-2018 (English)
S.No. 698,Case Number,C.A. No.-007169-007169 / 2014,08-02-2018 (English)
S.No. 699,Case Number,C.A. No.-003164-003165 / 2017,09-03-2018 (English)
S.No. 700,Case Number,C.A. No.-007400-007401 / 2018,31-07-2018 (English)
S.No. 701,Case Number,C.A. No.-018001-018001 / 2017,06-11-2017 (English)
S.No. 702,Case Number,Crl.A. No.-001878-001879 / 2017,10-11-2017 (English)
S.No. 703,Case Number,C.A. No.-008376-008376 / 2018,20-08-2018 (English)
S.No. 704,Case Number,C.A. No.-003488-003488 / 2018,09-04-2018 (English)
S.No. 705,Case Number,C.A. No.-006832-006832 / 2018,19-09-2018 (English)
S.No. 706,Case Number,C.A. No.-021858-021858 / 2017,14-12-2017 (English)
S.No. 707,Case Number,Crl.A. No.-002181-002182 / 2017,31-01-2018 (English)
S.No. 708,Case Number,C.A. No.-007079-007079 / 2018,21-08-2018 (English)
S.No. 709,Case Number,C.A. No.-008420-008420 / 2018,21-08-2018 (English)
S.No. 710,Case Number,C.A. No.-022970-022970 / 2017,15-12-2017 (English)
S.No. 711,Case Number,Crl.A. No.-000624-000624 / 2016,23-01-2018 (English)
S.No. 712,Case Number,Crl.A. No.-001673-001673 / 2007,10-07-2018 (English)
S.No. 713,Case Number,C.A. No.-006639-006639 / 2018,20-07-2018 (English)
S.No. 714,Case Number,C.A. No.-006935-006935 / 2011,08-05-2018 (English)
S.No. 715,Case Number,C.A. No.-007421-007421 / 2018,01-08-2018 (English)
S.No. 716,Case Number,C.A. No.-006641-006641 / 2018,20-07-2018 (English)
S.No. 717,Case Number,W.P.(C) No.-000631-000631 / 2016,07-05-2018 (English)
S.No. 718,Case Number,Crl.A. No.-001095-001095 / 2018,29-08-2018 (English)
S.No. 719,Case Number,C.A. No.-005012-005012 / 2008,16-04-2018 (English)
S.No. 720,Case Number,C.A. No.-003500-003500 / 2018,10-04-2018 (English)
S.No. 721,Case Number,Crl.A. No.-001606-001606 / 2009,09-08-2018 (English)
S.No. 722,Case Number,W.P.(C) No.-000767-000767 / 2014,14-09-2018 (English)
S.No. 723,Case Number,W.P.(C) No.-000744 / 2017,09-08-2018 (English)
S.No. 724,Case Number,C.A. No.-010031-010031 / 2018,27-09-2018 (English)
S.No. 725,Case Number,C.A. No.-005629-005629 / 2018,17-05-2018 (English)
S.No. 726,Case Number,C.A. No.-018744-018745 / 2017,14-11-2017 (English)
S.No. 727,Case Number,C.A. No.-003496-003497 / 2018,03-04-2018 (English)
S.No. 728,Case Number,Crl.A. No.-000312-000312 / 2018,23-02-2018 (English)
S.No. 729,Case Number,C.A. No.-007176-007176 / 2015,09-02-2018 (English)
S.No. 730,Case Number,C.A. No.-007181-007181 / 2015,06-03-2018 (English)
S.No. 731,Case Number,C.A. No.-010222-010222 / 2017,28-03-2018 (English)
S.No. 732,Case Number,C.A. No.-003621-003621 / 2018,06-04-2018 (English)
S.No. 733,Case Number,Crl.A. No.-001817-001817 / 2009,16-08-2018 (English)
S.No. 734,Case Number,C.A. No.-008411-008411 / 2015,27-04-2018 (English)
S.No. 735,Case Number,C.A. No.-006695-006695 / 2008,11-05-2018 (English)
S.No. 736,Case Number,C.A. No.-007089-007089 / 2010,04-12-2017 (English)
S.No. 737,Case Number,Crl.A. No.-002045-002046 / 2017,28-11-2017 (English)
S.No. 738,Case Number,Crl.A. No.-001312-001312 / 2008,27-03-2018 (English)
S.No. 739,Case Number,C.A. No.-006949-006950 / 2004,24-04-2018 (English)
S.No. 740,Case Number,C.A. No.-002693-002693 / 2013,15-02-2018 (English)
S.No. 741,Case Number,C.A. No.-009558-009559 / 2018,17-09-2018 (English)
S.No. 742,Case Number,C.A. No.-008144-008144 / 2018,08-08-2018 (English)
S.No. 743,Case Number,C.A. No.-006272-006272 / 2010,11-05-2018 (English)
S.No. 744,Case Number,C.A. No.-020930-020930 / 2017,06-12-2017 (English)
S.No. 745,Case Number,C.A. No.-003600-003600 / 2018,05-04-2018 (English)
S.No. 746,Case Number,Crl.A. No.-000394-000395 / 2018,25-04-2018 (English)
S.No. 747,Case Number,Crl.A. No.-000663-000663 / 2018,02-05-2018 (English)
S.No. 748,Case Number,C.A. No.-002403-002403 / 2008,19-09-2018 (English)
S.No. 749,Case Number,Crl.A. No.-000579-000579 / 2016,18-04-2018 (English)
S.No. 750,Case Number,MA-000711 / 2017,23-02-2018 (English)
S.No. 751,Case Number,C.A. No.-009996-009997 / 2018,26-09-2018 (English)
S.No. 752,Case Number,Crl.A. No.-002039-002039 / 2017,28-11-2017 (English)
S.No. 753,Case Number,C.A. No.-000148-000148 / 2018,06-03-2018 (English)
S.No. 754,Case Number,C.A. No.-008429-008429 / 2018,21-08-2018 (English)
S.No. 755,Case Number,W.P.(C) No.-000754-000754 / 2016,17-07-2018 (English)
S.No. 756,Case Number,C.A. No.-017325-017325 / 2017,27-10-2017 (English)
S.No. 757,Case Number,C.A. No.-001799-001800 / 2018,11-01-2018 (English)
S.No. 758,Case Number,C.A. No.-008292-008292 / 2018,16-08-2018 (English)
S.No. 759,Case Number,C.A. No.-017425-017425 / 2017,31-10-2017 (English)
S.No. 760,Case Number,C.A. No.-008216-008217 / 2018,13-08-2018 (English)
S.No. 761,Case Number,C.A. No.-018312-018312 / 2017,24-08-2018 (English)
S.No. 762,Case Number,W.P.(C) No.-000905 / 2018,24-09-2018 (English)
S.No. 763,Case Number,C.A. No.-010203-010203 / 2018,04-10-2018 (English)
S.No. 764,Case Number,Crl.A. No.-001375-001376 / 2013,"25-04-2018 (English)
28-03-2018 (English)"
S.No. 765,Case Number,Crl.A. No.-001208-001208 / 2014,20-09-2018 (English)
S.No. 766,Case Number,C.A. No.-003508-003508 / 2018,03-04-2018 (English)
S.No. 767,Case Number,C.A. No.-004238-004238 / 2018,20-04-2018 (English)
S.No. 768,Case Number,C.A. No.-001849-001849 / 2012,31-01-2018 (English)
S.No. 769,Case Number,C.A. No.-006741-006741 / 2018,17-07-2018 (English)
S.No. 770,Case Number,Crl.A. No.-001118-001118 / 2018,04-09-2018 (English)
S.No. 771,Case Number,W.P.(C) No.-000904 / 2018,05-09-2018 (English)
S.No. 772,Case Number,C.A. No.-004166-004166 / 2006,19-04-2018 (English)
S.No. 773,Case Number,C.A. No.-021790-021790 / 2017,12-12-2017 (English)
S.No. 774,Case Number,C.A. No.-011948-011950 / 2016,26-09-2018 (English)
S.No. 775,Case Number,C.A. No.-019662-019662 / 2017,23-11-2017 (English)
S.No. 776,Case Number,C.A. No.-003264-003264 / 2011,20-08-2018 (English)
S.No. 777,Case Number,SLP(Crl) No.-007281-007282 / 2017,15-05-2018 (English)
S.No. 778,Case Number,Crl.A. No.-002151-002151 / 2017,11-12-2017 (English)
S.No. 779,Case Number,Crl.A. No.-001218-001218 / 2018,24-09-2018 (English)
S.No. 780,Case Number,C.A. No.-000032-000032 / 2013,28-08-2018 (English)
S.No. 781,Case Number,Crl.A. No.-000021-000022 / 2011,26-09-2018 (English)
S.No. 782,Case Number,C.A. No.-002206-002206 / 2018,16-02-2018 (English)
S.No. 783,Case Number,C.A. No.-002634-002671 / 2018,10-08-2018 (English)
S.No. 784,Case Number,C.A. No.-008337-008337 / 2018,21-08-2018 (English)
S.No. 785,Case Number,C.A. No.-005261-005263 / 2018,16-05-2018 (English)
S.No. 786,Case Number,C.A. No.-005257-005257 / 2018,16-05-2018 (English)
S.No. 787,Case Number,C.A. No.-008747-008747 / 2014,16-02-2018 (English)
S.No. 788,Case Number,Crl.A. No.-001281-001282 / 2018,12-10-2018 (English)
S.No. 789,Case Number,C.A. No.-000785-000789 / 2018,22-01-2018 (English)
S.No. 790,Case Number,C.A. No.-019856-019856 / 2017,28-11-2017 (English)
S.No. 791,Case Number,C.A. No.-006492-006492 / 2008,20-09-2018 (English)
S.No. 792,Case Number,C.A. No.-000496-000496 / 2007,13-11-2017 (English)
S.No. 793,Case Number,C.A. No.-008708-008708 / 2018,27-08-2018 (English)
S.No. 794,Case Number,W.P.(C) No.-000134-000134 / 2013,16-02-2018 (English)
S.No. 795,Case Number,C.A. No.-007126-007126 / 2008,17-09-2018 (English)
S.No. 796,Case Number,C.A. No.-022969-022969 / 2017,08-01-2018 (English)
S.No. 797,Case Number,W.P.(C) No.-000694-000694 / 2015,13-04-2018 (English)
S.No. 798,Case Number,C.A. No.-000963-000963 / 2009,08-02-2018 (English)
S.No. 799,Case Number,Crl.A. No.-001143-001143 / 2018,07-09-2018 (English)
S.No. 800,Case Number,C.A. No.-015135 / 2017,15-12-2017 (English)
S.No. 801,Case Number,C.A. No.-000075-000075 / 2018,08-01-2018 (English)
S.No. 802,Case Number,C.A. No.-015540 / 2017,11-12-2017 (English)
S.No. 803,Case Number,C.A. No.-004249-004249 / 2018,20-04-2018 (English)
S.No. 804,Case Number,C.A. No.-017753-017755 / 2017,01-11-2017 (English)
S.No. 805,Case Number,C.A. No.-009936-009936 / 2018,25-09-2018 (English)
S.No. 806,Case Number,W.P.(C) No.-000935 / 2018,12-10-2018 (English)
S.No. 807,Case Number,C.A. No.-000448-000448 / 2018,19-01-2018 (English)
S.No. 808,Case Number,C.A. No.-002357-002357 / 2017,04-07-2018 (English)
S.No. 809,Case Number,C.A. No.-002362-002362 / 2018,21-02-2018 (English)
S.No. 810,Case Number,Crl.A. No.-000213-000213 / 2018,01-02-2018 (English)
S.No. 811,Case Number,C.A. No.-001562-001562 / 2018,08-02-2018 (English)
S.No. 812,Case Number,W.P.(C) No.-000720-000720 / 2016,13-02-2018 (English)
S.No. 813,Case Number,C.A. No.-009519-009519 / 2018,13-09-2018 (English)
S.No. 814,Case Number,C.A. No.-004233-004233 / 2018,20-04-2018 (English)
S.No. 815,Case Number,W.P.(C) No.-000918 / 2017,06-09-2018 (English)
S.No. 816,Case Number,Crl.A. No.-001088-001088 / 2018,28-08-2018 (English)
S.No. 817,Case Number,Crl.A. No.-000273-000273 / 2007,27-04-2018 (English)
S.No. 818,Case Number,Crl.A. No.-000487-000487 / 2018,26-03-2018 (English)
S.No. 819,Case Number,C.A. No.-004711-004712 / 2011,22-11-2017 (English)
S.No. 820,Case Number,C.A. No.-010177-010177 / 2018,03-10-2018 (English)
S.No. 821,Case Number,SLP(C) No.-032138-032138 / 2015,07-02-2018 (English)
S.No. 822,Case Number,C.A. No.-010854-010854 / 2014,13-04-2018 (English)
S.No. 823,Case Number,C.A. No.-021552-021552 / 2017,08-12-2017 (English)
S.No. 824,Case Number,C.A. No.-003356-003356 / 2018,28-03-2018 (English)
S.No. 825,Case Number,C.A. No.-002706-002706 / 2018,12-03-2018 (English)
S.No. 826,Case Number,MA-001744-001745 / 2017,23-03-2018 (English)
S.No. 827,Case Number,C.A. No.-006069-006069 / 2008,05-12-2017 (English)
S.No. 828,Case Number,C.A. No.-009832-009832 / 2018,20-09-2018 (English)
S.No. 829,Case Number,Crl.A. No.-002178-002178 / 2017,14-12-2017 (English)
S.No. 830,Case Number,C.A. No.-009466-009468 / 2016,21-03-2018 (English)
S.No. 831,Case Number,C.A. No.-004412-004413 / 2018,25-04-2018 (English)
S.No. 832,Case Number,Crl.A. No.-002182-002182 / 2010,14-08-2018 (English)
S.No. 833,Case Number,C.A. No.-000165-000165 / 2018,11-01-2018 (English)
S.No. 834,Case Number,Crl.A. No.-000408-000408 / 2018,19-03-2018 (English)
S.No. 835,Case Number,C.A. No.-010076-010076 / 2018,28-09-2018 (English)
S.No. 836,Case Number,C.A. No.-003152-003152 / 2017,06-03-2018 (English)
S.No. 837,Case Number,C.A. No.-006003-006004 / 2018,04-07-2018 (English)
S.No. 838,Case Number,C.A. No.-019650-019650 / 2017,23-11-2017 (English)
S.No. 839,Case Number,Crl.A. No.-001479-001479 / 2015,10-07-2018 (English)
S.No. 840,Case Number,W.P.(C) No.-000855-000855 / 2016,09-01-2018 (English)
S.No. 841,Case Number,C.A. No.-003657-003657 / 2018,09-04-2018 (English)
S.No. 842,Case Number,Crl.A. No.-000950-000951 / 2018,31-07-2018 (English)
S.No. 843,Case Number,Crl.A. No.-002437-002437 / 2010,06-11-2017 (English)
S.No. 844,Case Number,C.A. No.-010352-010352 / 2018,09-10-2018 (English)
S.No. 845,Case Number,C.A. No.-009865-009865 / 2018,24-09-2018 (English)
S.No. 846,Case Number,C.A. No.-003018-003018 / 2008,25-01-2018 (English)
S.No. 847,Case Number,Crl.A. No.-000544-000544 / 2018,21-08-2018 (English)
S.No. 848,Case Number,C.A. No.-019977-019977 / 2017,11-12-2017 (English)
S.No. 849,Case Number,C.A. No.-000197-000197 / 2018,12-01-2018 (English)
S.No. 850,Case Number,C.A. No.-005793-005793 / 2008,15-03-2018 (English)
S.No. 851,Case Number,C.A. No.-006460-006460 / 2008,15-12-2017 (English)
S.No. 852,Case Number,Crl.A. No.-000441-000441 / 2010,05-09-2018 (English)
S.No. 853,Case Number,Crl.A. No.-001078-001078 / 2008,13-09-2018 (English)
S.No. 854,Case Number,Crl.A. No.-000056 / 2018,19-09-2018 (English)
S.No. 855,Case Number,C.A. No.-006082-006082 / 2015,24-10-2017 (English)
S.No. 856,Case Number,Crl.A. No.-002301-002302 / 2014,08-05-2018 (English)
S.No. 857,Case Number,C.A. No.-009182-009188 / 2018,07-09-2018 (English)
S.No. 858,Case Number,C.A. No.-002265-002266 / 2018,19-02-2018 (English)
S.No. 859,Case Number,C.A. No.-009012-009013 / 2018,29-08-2018 (English)
S.No. 860,Case Number,C.A. No.-000873-000874 / 2018,25-01-2018 (English)
S.No. 861,Case Number,Crl.A. No.-000381-000381 / 2018,12-03-2018 (English)
S.No. 862,Case Number,Crl.A. No.-000781-000781 / 2009,05-09-2018 (English)
S.No. 863,Case Number,C.A. No.-020864-020864 / 2017,05-12-2017 (English)
S.No. 864,Case Number,C.A. No.-019847-019847 / 2017,27-11-2017 (English)
S.No. 865,Case Number,C.A. No.-004853-004853 / 2018,15-05-2018 (English)
S.No. 866,Case Number,C.A. No.-000019-000019 / 2018,05-01-2018 (English)
S.No. 867,Case Number,C.A. No.-002038-002039 / 2009,25-04-2018 (English)
S.No. 868,Case Number,C.A. No.-002952-002952 / 2018,19-03-2018 (English)
S.No. 869,Case Number,C.A. No.-002934-002934 / 2011,01-11-2017 (English)
S.No. 870,Case Number,C.A. No.-007661-007663 / 2018,03-08-2018 (English)
S.No. 871,Case Number,Crl.A. No.-000176-000176 / 2009,06-09-2018 (English)
S.No. 872,Case Number,Crl.A. No.-002040-002040 / 2017,28-11-2017 (English)
S.No. 873,Case Number,W.P.(C) No.-000784-000784 / 2015,16-02-2018 (English)
S.No. 874,Case Number,C.A. No.-019962-019962 / 2017,29-11-2017 (English)
S.No. 875,Case Number,C.A. No.-001868-001868 / 2018,13-02-2018 (English)
S.No. 876,Case Number,C.A. No.-010035-010035 / 2010,11-07-2018 (English)
S.No. 877,Case Number,W.P.(Crl.) No.-000260 / 2018,28-09-2018 (English)
S.No. 878,Case Number,Crl.A. No.-000958 / 2017,02-07-2018 (English)
S.No. 879,Case Number,Crl.A. No.-000315-000315 / 2011,17-01-2018 (English)
S.No. 880,Case Number,C.A. No.-005008-005008 / 2018,11-05-2018 (English)
S.No. 881,Case Number,C.A. No.-008258-008258 / 2018,14-08-2018 (English)
S.No. 882,Case Number,C.A. No.-008489-008490 / 2013,24-04-2018 (English)
S.No. 883,Case Number,C.A. No.-007397-007397 / 2018,31-07-2018 (English)
S.No. 884,Case Number,W.P.(Crl.) No.-000194 / 2017,27-09-2018 (English)
S.No. 885,Case Number,W.P.(C) No.-001020 / 2017,05-12-2017 (English)
S.No. 886,Case Number,Crl.A. No.-000058-000058 / 2007,15-05-2018 (English)
S.No. 887,Case Number,C.A. No.-003338-003338 / 2018,27-03-2018 (English)
S.No. 888,Case Number,C.A. No.-010167-010167 / 2018,03-10-2018 (English)
S.No. 889,Case Number,C.A. No.-007710-007713 / 2013,26-09-2018 (English)
S.No. 890,Case Number,C.A. No.-008732-008732 / 2015,03-10-2018 (English)
S.No. 891,Case Number,C.A. No.-006159-006162 / 2013,20-02-2018 (English)
S.No. 892,Case Number,Crl.A. No.-000895-000896 / 2018,17-07-2018 (English)
S.No. 893,Case Number,C.A. No.-010394-010394 / 2018,11-10-2018 (English)
S.No. 894,Case Number,Crl.A. No.-001209-001209 / 2018,20-09-2018 (English)
S.No. 895,Case Number,C.A. No.-019635-019636 / 2017,23-11-2017 (English)
S.No. 896,Case Number,C.A. No.-006872-006872 / 2018,23-07-2018 (English)
S.No. 897,Case Number,C.A. No.-003101-003102 / 2015,16-02-2018 (English)
S.No. 898,Case Number,C.A. No.-009332-009332 / 2018,11-09-2018 (English)
S.No. 899,Case Number,Crl.A. No.-000697-000698 / 2012,16-02-2018 (English)
S.No. 900,Case Number,Crl.A. No.-000197-000198 / 2018,23-01-2018 (English)
S.No. 901,Case Number,C.A. No.-000684 / 2018,02-02-2018 (English)
S.No. 902,Case Number,Crl.A. No.-000462-000462 / 2018,27-03-2018 (English)
S.No. 903,Case Number,C.A. No.-016963-016963 / 2017,24-10-2017 (English)
S.No. 904,Case Number,C.A. No.-000240-000240 / 2017,06-03-2018 (English)
S.No. 905,Case Number,Crl.A. No.-000470-000470 / 2018,28-03-2018 (English)
S.No. 906,Case Number,Crl.A. No.-000175-000175 / 2018,25-01-2018 (English)
S.No. 907,Case Number,C.A. No.-003807-003825 / 2018,16-04-2018 (English)
S.No. 908,Case Number,Crl.A. No.-000492-000492 / 2014,30-10-2017 (English)
S.No. 909,Case Number,Crl.A. No.-002114-002114 / 2017,07-12-2017 (English)
S.No. 910,Case Number,C.A. No.-005039-005039 / 2009,05-12-2017 (English)
S.No. 911,Case Number,W.P.(C) No.-000864-000864 / 2016,07-05-2018 (English)
S.No. 912,Case Number,C.A. No.-008900-008900 / 2012,24-04-2018 (English)
S.No. 913,Case Number,Crl.A. No.-001550-001550 / 2010,12-10-2018 (English)
S.No. 914,Case Number,C.A. No.-001836-001836 / 2018,12-02-2018 (English)
S.No. 915,Case Number,C.A. No.-008375-008375 / 2014,30-08-2018 (English)
S.No. 916,Case Number,C.A. No.-010081-010081 / 2014,30-08-2018 (English)
S.No. 917,Case Number,C.A. No.-009402-009405 / 2018,04-10-2018 (English)
S.No. 918,Case Number,C.A. No.-009970-009970 / 2018,25-09-2018 (English)
S.No. 919,Case Number,Crl.A. No.-002324-002324 / 2014,04-07-2018 (English)
S.No. 920,Case Number,C.A. No.-004252-004252 / 2018,20-04-2018 (English)
S.No. 921,Case Number,C.A. No.-003695-003695 / 2018,10-04-2018 (English)
S.No. 922,Case Number,C.A. No.-008141-008141 / 2014,30-08-2018 (English)
S.No. 923,Case Number,C.A. No.-009651-009651 / 2018,18-09-2018 (English)
S.No. 924,Case Number,C.A. No.-003585-003585 / 2008,15-02-2018 (English)
S.No. 925,Case Number,C.A. No.-017535 / 2017,10-11-2017 (English)
S.No. 926,Case Number,C.A. No.-002439-002439 / 2018,23-02-2018 (English)
S.No. 927,Case Number,C.A. No.-009340-009340 / 2018,11-09-2018 (English)
S.No. 928,Case Number,C.A. No.-010412-010413 / 2018,12-10-2018 (English)
S.No. 929,Case Number,C.A. No.-021784-021784 / 2017,12-12-2017 (English)
S.No. 930,Case Number,C.A. No.-003474-003474 / 2018,02-04-2018 (English)
S.No. 931,Case Number,C.A. No.-008685-008686 / 2018,27-08-2018 (English)
S.No. 932,Case Number,Crl.A. No.-000117-000117 / 2018,18-01-2018 (English)
S.No. 933,Case Number,C.A. No.-020835-020836 / 2017,04-12-2017 (English)
S.No. 934,Case Number,C.A. No.-001497-001497 / 2018,02-02-2018 (English)
S.No. 935,Case Number,C.A. No.-004628-004628 / 2018,"25-09-2018 (English)
01-05-2018 (English)"
S.No. 936,Case Number,C.A. No.-011711-011711 / 2016,05-02-2018 (English)
S.No. 937,Case Number,Crl.A. No.-000409-000409 / 2017,11-05-2018 (English)
S.No. 938,Case Number,C.A. No.-007422-007422 / 2018,01-08-2018 (বাংলা)
S.No. 939,Case Number,C.A. No.-003925-003925 / 2018,17-04-2018 (English)
S.No. 940,Case Number,SLP(C) No.-030621-030621 / 2011,26-09-2018 (English)
S.No. 941,Case Number,C.A. No.-006654-006654 / 2018,13-07-2018 (English)
S.No. 942,Case Number,Crl.A. No.-002100-002101 / 2017,14-08-2018 (English)
S.No. 943,Case Number,C.A. No.-009666-009666 / 2010,06-12-2017 (English)
S.No. 944,Case Number,C.A. No.-008047 / 2018,06-08-2018 (English)
S.No. 945,Case Number,W.P.(Crl.) No.-000169 / 2017,01-12-2017 (English)
S.No. 946,Case Number,Crl.A. No.-001349-001349 / 2015,03-10-2018 (English)
S.No. 947,Case Number,C.A. No.-005813-005813 / 2009,23-02-2018 (English)
S.No. 948,Case Number,W.P.(C) No.-001088 / 2017,28-11-2017 (English)
S.No. 949,Case Number,W.P.(C) No.-000991-000991 / 2013,23-02-2018 (English)
S.No. 950,Case Number,C.A. No.-002020-002020 / 2013,18-05-2018 (English)
S.No. 951,Case Number,W.P.(C) No.-000494-000494 / 2012,26-09-2018 (English)
S.No. 952,Case Number,C.A. No.-002246-002247 / 2008,11-05-2018 (English)
S.No. 953,Case Number,C.A. No.-003475-003476 / 2018,02-04-2018 (English)
S.No. 954,Case Number,C.A. No.-021012-021012 / 2017,08-12-2017 (English)
S.No. 955,Case Number,C.A. No.-002546-002546 / 2018,07-03-2018 (English)
S.No. 956,Case Number,C.A. No.-002511-002511 / 2011,30-01-2018 (English)
S.No. 957,Case Number,C.A. No.-018489-018489 / 2017,13-11-2017 (English)
S.No. 958,Case Number,C.A. No.-010466-010466 / 2017,18-01-2018 (English)
S.No. 959,Case Number,Crl.A. No.-000963-000963 / 2018,03-08-2018 (English)
S.No. 960,Case Number,R.P.(Crl.) No.-000570 / 2017,09-07-2018 (English)
S.No. 961,Case Number,Crl.A. No.-000289-000289 / 2018,19-02-2018 (English)
S.No. 962,Case Number,C.A. No.-005248-005248 / 2018,17-05-2018 (English)
S.No. 963,Case Number,C.A. No.-005057-005057 / 2009,11-09-2018 (English)
S.No. 964,Case Number,Crl.A. No.-000165-000165 / 2018,23-01-2018 (English)
S.No. 965,Case Number,MA-000489-000491 / 2018,23-02-2018 (English)
S.No. 966,Case Number,C.A. No.-002435-002435 / 2018,23-02-2018 (English)
S.No. 967,Case Number,C.A. No.-004278-004278 / 2018,23-04-2018 (English)
S.No. 968,Case Number,C.A. No.-013578-013578 / 2015,17-04-2018 (English)
S.No. 969,Case Number,W.P.(C) No.-001095 / 2017,05-12-2017 (English)
S.No. 970,Case Number,C.A. No.-008994-008994 / 2018,28-08-2018 (English)
S.No. 971,Case Number,W.P.(C) No.-001101 / 2017,05-12-2017 (English)
S.No. 972,Case Number,W.P.(C) No.-001104 / 2017,05-12-2017 (English)
S.No. 973,Case Number,W.P.(C) No.-001096 / 2017,05-12-2017 (English)
S.No. 974,Case Number,C.A. No.-011261-011261 / 2016,01-02-2018 (English)
S.No. 975,Case Number,C.A. No.-017372-017372 / 2017,30-10-2017 (English)
S.No. 976,Case Number,C.A. No.-003304-003304 / 2018,26-03-2018 (English)
S.No. 977,Case Number,C.A. No.-021802-021803 / 2017,12-12-2017 (English)
S.No. 978,Case Number,C.A. No.-006219-006219 / 2018,10-07-2018 (English)
S.No. 979,Case Number,W.P.(Crl.) No.-000176 / 2017,14-11-2017 (English)
S.No. 980,Case Number,C.A. No.-017438-017438 / 2017,31-10-2017 (English)
S.No. 981,Case Number,Crl.A. No.-000949-000949 / 2018,31-07-2018 (English)
S.No. 982,Case Number,C.A. No.-001843 / 2018,12-02-2018 (English)
S.No. 983,Case Number,W.P.(C) No.-001147 / 2017,05-12-2017 (English)
S.No. 984,Case Number,Crl.A. No.-001419-001419 / 2011,10-10-2018 (English)
S.No. 985,Case Number,C.A. No.-022913-022913 / 2017,14-12-2017 (English)
S.No. 986,Case Number,C.A. No.-001766-001766 / 2009,13-04-2018 (English)
S.No. 987,Case Number,C.A. No.-000480-000480 / 2018,01-02-2018 (English)
S.No. 988,Case Number,C.A. No.-010866-010867 / 2010,"27-09-2018 (English)
27-09-2018 (हिन्दी)"
S.No. 989,Case Number,C.A. No.-000253-000253 / 2010,11-05-2018 (English)
S.No. 990,Case Number,C.A. No.-008541-008541 / 2009,11-05-2018 (English)
S.No. 991,Case Number,W.P.(Crl.) No.-000182 / 2017,16-03-2018 (English)
S.No. 992,Case Number,C.A. No.-002306-002307 / 2017,13-11-2017 (English)
S.No. 993,Case Number,Crl.A. No.-000903-000903 / 2012,09-04-2018 (English)
S.No. 994,Case Number,Crl.A. No.-001785-001785 / 2011,18-04-2018 (English)
S.No. 995,Case Number,C.A. No.-009048-009048 / 2018,30-08-2018 (English)
S.No. 996,Case Number,W.P.(C) No.-000536-000536 / 2011,25-09-2018 (English)
S.No. 997,Case Number,Crl.A. No.-000998-000998 / 2018,13-08-2018 (English)
S.No. 998,Case Number,C.A. No.-001802-001802 / 2018,09-02-2018 (English)
S.No. 999,Case Number,C.A. No.-008253-008253 / 2018,14-08-2018 (English)
S.No. 1000,Case Number,C.A. No.-004782-004782 / 2018,11-05-2018 (English)
S.No. 1001,Case Number,Crl.A. No.-000272-000272 / 2018,15-02-2018 (English)
S.No. 1002,Case Number,Crl.A. No.-001110-001110 / 2016,10-11-2017 (English)
S.No. 1003,Case Number,C.A. No.-018898-018899 / 2017,17-11-2017 (English)
S.No. 1004,Case Number,C.A. No.-003945-003945 / 2018,18-04-2018 (English)
S.No. 1005,Case Number,C.A. No.-003804-003804 / 2018,16-04-2018 (English)
S.No. 1006,Case Number,W.P.(C) No.-000558-000558 / 2012,09-05-2018 (English)
S.No. 1007,Case Number,W.P.(C) No.-001153 / 2017,23-07-2018 (English)
S.No. 1008,Case Number,SLP(C) No.-031990 / 2017,24-04-2018 (English)
S.No. 1009,Case Number,C.A. No.-003351-003351 / 2018,28-03-2018 (English)
S.No. 1010,Case Number,C.A. No.-010678-010678 / 2016,17-04-2018 (English)
S.No. 1011,Case Number,C.A. No.-006409-006409 / 2017,31-08-2018 (English)
S.No. 1012,Case Number,C.A. No.-002601-002601 / 2018,08-03-2018 (English)
S.No. 1013,Case Number,Crl.A. No.-001586-001586 / 2009,11-05-2018 (English)
S.No. 1014,Case Number,Crl.A. No.-002113-002113 / 2017,07-12-2017 (English)
S.No. 1015,Case Number,C.A. No.-002253-002253 / 2018,17-05-2018 (English)
S.No. 1016,Case Number,C.A. No.-002127-002127 / 2018,15-02-2018 (English)
S.No. 1017,Case Number,C.A. No.-010854-010854 / 2016,10-08-2018 (English)
S.No. 1018,Case Number,C.A. No.-004568-004568 / 2018,27-04-2018 (English)
S.No. 1019,Case Number,SLP(C) No.-033281-033281 / 2016,17-04-2018 (English)
S.No. 1020,Case Number,C.A. No.-008802-008802 / 2012,30-08-2018 (English)
S.No. 1021,Case Number,C.A. No.-001834-001834 / 2018,12-02-2018 (English)
S.No. 1022,Case Number,C.A. No.-005987-005989 / 2018,31-07-2018 (English)
S.No. 1023,Case Number,C.A. No.-002469-002469 / 2010,03-04-2018 (English)
S.No. 1024,Case Number,Crl.A. No.-000507-000507 / 2018,10-04-2018 (English)
S.No. 1025,Case Number,C.A. No.-008785-008786 / 2015,03-07-2018 (English)
S.No. 1026,Case Number,MA-001394-001395 / 2017,26-09-2018 (English)
S.No. 1027,Case Number,W.P.(Crl.) No.-000191 / 2017,28-11-2017 (English)
S.No. 1028,Case Number,C.A. No.-009382-009384 / 2017,23-02-2018 (English)
S.No. 1029,Case Number,C.A. No.-002763-002763 / 2018,12-03-2018 (English)
S.No. 1030,Case Number,C.A. No.-010181-010181 / 2018,03-10-2018 (English)
S.No. 1031,Case Number,C.A. No.-003798-003798 / 2018,16-04-2018 (English)
S.No. 1032,Case Number,C.A. No.-008425-008425 / 2018,21-08-2018 (English)
S.No. 1033,Case Number,C.A. No.-009064-009065 / 2018,27-09-2018 (English)
S.No. 1034,Case Number,C.A. No.-008367-008367 / 2018,20-08-2018 (English)
S.No. 1035,Case Number,C.A. No.-000445-000445 / 2010,11-05-2018 (English)
S.No. 1036,Case Number,Crl.A. No.-002152-002153 / 2017,11-12-2017 (English)
S.No. 1037,Case Number,C.A. No.-020833-020833 / 2017,11-12-2017 (English)
S.No. 1038,Case Number,C.A. No.-006748-006748 / 2018,17-07-2018 (English)
S.No. 1039,Case Number,C.A. No.-003878-003878 / 2018,17-04-2018 (English)
S.No. 1040,Case Number,Crl.A. No.-001047-001047 / 2018,13-09-2018 (English)
S.No. 1041,Case Number,C.A. No.-003291-003292 / 2011,19-01-2018 (English)
S.No. 1042,Case Number,C.A. No.-002268-002268 / 2018,02-05-2018 (English)
S.No. 1043,Case Number,C.A. No.-010062-010064 / 2018,27-09-2018 (English)
S.No. 1044,Case Number,SLP(C) No.-025590-025590 / 2014,31-10-2017 (English)
S.No. 1045,Case Number,C.A. No.-016964-016964 / 2017,24-10-2017 (English)
S.No. 1046,Case Number,C.A. No.-003776-003776 / 2018,13-04-2018 (English)
S.No. 1047,Case Number,C.A. No.-010013-010013 / 2018,26-09-2018 (English)
S.No. 1048,Case Number,SLP(C) No.-003526-003527 / 2018,02-02-2018 (English)
S.No. 1049,Case Number,W.P.(C) No.-001179 / 2017,06-02-2018 (English)
S.No. 1050,Case Number,C.A. No.-003288-003288 / 2018,13-07-2018 (English)
S.No. 1051,Case Number,C.A. No.-004677-004677 / 2018,27-09-2018 (English)
S.No. 1052,Case Number,C.A. No.-018799-018799 / 2017,15-11-2017 (English)
S.No. 1053,Case Number,C.A. No.-000792-000793 / 2014,02-07-2018 (English)
S.No. 1054,Case Number,C.A. No.-018492-018492 / 2017,13-11-2017 (English)
S.No. 1055,Case Number,C.A. No.-003993-003993 / 2018,19-04-2018 (English)
S.No. 1056,Case Number,C.A. No.-001877-001877 / 2018,13-02-2018 (English)
S.No. 1057,Case Number,C.A. No.-003997-003998 / 2018,19-04-2018 (English)
S.No. 1058,Case Number,Crl.A. No.-001059-001059 / 2011,10-10-2018 (English)
S.No. 1059,Case Number,Crl.A. No.-002188-002188 / 2017,14-12-2017 (English)
S.No. 1060,Case Number,C.A. No.-004236-004236 / 2018,20-04-2018 (English)
S.No. 1061,Case Number,C.A. No.-005148-005149 / 2018,14-05-2018 (English)
S.No. 1062,Case Number,C.A. No.-001085-001085 / 2013,30-08-2018 (English)
S.No. 1063,Case Number,C.A. No.-003671-003671 / 2018,10-04-2018 (English)
S.No. 1064,Case Number,MA-001795-001796 / 2017,22-01-2018 (English)
S.No. 1065,Case Number,C.A. No.-002068-002071 / 2012,18-01-2018 (English)
S.No. 1066,Case Number,C.A. No.-003778-003778 / 2018,13-04-2018 (English)
S.No. 1067,Case Number,C.A. No.-008338-008338 / 2018,21-08-2018 (English)
S.No. 1068,Case Number,SLP(C) No.-038040-038041 / 2012,09-11-2017 (English)
S.No. 1069,Case Number,C.A. No.-001086-001086 / 2013,30-08-2018 (English)
S.No. 1070,Case Number,C.A. No.-002705-002705 / 2012,11-05-2018 (English)
S.No. 1071,Case Number,Crl.A. No.-000382-000382 / 2018,12-03-2018 (English)
S.No. 1072,Case Number,C.A. No.-009333-009333 / 2018,26-09-2018 (English)
S.No. 1073,Case Number,Crl.A. No.-001232-001232 / 2018,28-09-2018 (English)
S.No. 1074,Case Number,W.P.(C) No.-001232 / 2017,26-09-2018 (English)
S.No. 1075,Case Number,C.A. No.-010044-010044 / 2018,27-09-2018 (English)
S.No. 1076,Case Number,C.A. No.-021792-021792 / 2017,12-12-2017 (English)
S.No. 1077,Case Number,C.A. No.-003994-003995 / 2018,19-04-2018 (English)
S.No. 1078,Case Number,C.A. No.-014697-014697 / 2015,12-04-2018 (English)
S.No. 1079,Case Number,C.A. No.-021824 / 2017,14-08-2018 (English)
S.No. 1080,Case Number,Crl.A. No.-000199-000199 / 2018,19-01-2018 (English)
S.No. 1081,Case Number,Crl.A. No.-000635-000640 / 2018,20-07-2018 (English)
S.No. 1082,Case Number,C.A. No.-002356-002356 / 2018,23-02-2018 (English)
S.No. 1083,Case Number,C.A. No.-009336-009336 / 2013,31-07-2018 (English)
S.No. 1084,Case Number,C.A. No.-004534-004535 / 2018,26-04-2018 (English)
S.No. 1085,Case Number,W.P.(C) No.-000019 / 2018,19-04-2018 (English)
S.No. 1086,Case Number,C.A. No.-000420-000420 / 2018,16-01-2018 (English)
S.No. 1087,Case Number,C.A. No.-003477-003478 / 2018,02-04-2018 (English)
S.No. 1088,Case Number,C.A. No.-001217-001218 / 2017,21-08-2018 (English)
S.No. 1089,Case Number,Crl.A. No.-000194-000194 / 2018,30-01-2018 (English)
S.No. 1090,Case Number,W.P.(C) No.-000073-000073 / 2015,14-09-2018 (English)
S.No. 1091,Case Number,C.A. No.-006986-006987 / 2018,25-07-2018 (English)
S.No. 1092,Case Number,C.A. No.-004554-004554 / 2018,26-04-2018 (English)
S.No. 1093,Case Number,Crl.A. No.-000459-000459 / 2017,05-09-2018 (English)
S.No. 1094,Case Number,T.C.(C) No.-000126-000126 / 2015,05-02-2018 (English)
S.No. 1095,Case Number,C.A. No.-000367-000367 / 2017,11-12-2017 (English)
S.No. 1096,Case Number,C.A. No.-020882-020882 / 2017,05-12-2017 (English)
S.No. 1097,Case Number,R.P.(Crl.) No.-000671-000673 / 2017,09-07-2018 (English)
S.No. 1098,Case Number,C.A. No.-023988 / 2017,11-10-2018 (English)
S.No. 1099,Case Number,C.A. No.-003752-003753 / 2018,12-04-2018 (English)
S.No. 1100,Case Number,Crl.A. No.-000857-000857 / 2018,11-07-2018 (English)
S.No. 1101,Case Number,C.A. No.-010008-010008 / 2018,26-09-2018 (English)
S.No. 1102,Case Number,W.P.(C) No.-000857-000857 / 2015,18-05-2018 (English)
S.No. 1103,Case Number,Crl.A. No.-001022-001022 / 2011,01-06-2018 (English)
S.No. 1104,Case Number,C.A. No.-000458-000458 / 2018,23-02-2018 (English)
S.No. 1105,Case Number,C.A. No.-005529-005529 / 2016,20-09-2018 (English)
S.No. 1106,Case Number,Crl.A. No.-002068-002068 / 2017,05-12-2017 (English)
S.No. 1107,Case Number,C.A. No.-008278-008279 / 2018,05-09-2018 (English)
S.No. 1108,Case Number,Crl.A. No.-000227-000227 / 2018,06-02-2018 (English)
S.No. 1109,Case Number,C.A. No.-006858-006858 / 2018,19-07-2018 (English)
S.No. 1110,Case Number,Crl.A. No.-000716-000716 / 2018,17-05-2018 (English)
S.No. 1111,Case Number,C.A. No.-021848-021850 / 2017,13-12-2017 (English)
