﻿Column-0,Column-1,Column-2,Column-3
S.No. 1,Case Number,Appeal Civil 1019 of 1978,"18-10-1984 (English)
17-10-1984 (English)
17-10-1984 (English)
16-10-1984 (English)
16-10-1984 (English)
15-10-1984 (English)
11-10-1984 (English)
10-10-1984 (English)
10-10-1984 (English)
28-09-1984 (English)
28-09-1984 (English)"
S.No. 2,Case Number,/,27-02-1984 (English)
S.No. 3,Case Number,Crl.A. No.-000092-000092 / 1996,13-09-1984 (English)
S.No. 4,Case Number,C.A. No.-000040-000040 / 1972,23-11-1983 (English)
S.No. 5,Case Number,W.P.(C) No.-000157-000162 / 1976,23-05-1984 (English)
S.No. 6,Case Number,C.A. No.-000071-000071 / 1990,16-08-1984 (English)
S.No. 7,Case Number,Crl.A. No.-000593-000593 / 1982,29-08-1984 (English)
S.No. 8,Case Number,W.P.(C) No.-002135-002135 / 1982,16-12-1983 (English)
S.No. 9,Case Number,W.P.(C) No.-005105-005105 / 1983,18-07-1984 (English)
S.No. 10,Case Number,W.P.(C) No.-011222-011222 / 1983,30-08-1984 (English)
S.No. 11,Case Number,C.A. No.-003482-003482 / 1984,24-08-1984 (English)
S.No. 12,Case Number,C.A. No.-003374-003375 / 1984,23-08-1984 (English)
S.No. 13,Case Number,C.A. No.-007412-007412 / 1995,25-07-1984 (English)
