﻿Column-0,Column-1,Column-2,Column-3
S.No. 1,Case Number,Writ Petition(Criminal) 1075 of 1982,"18-10-1982 (English)
18-10-1982 (English)
15-10-1982 (English)
15-10-1982 (English)
14-10-1982 (English)
13-10-1982 (English)
13-10-1982 (English)
01-10-1982 (English)
18-09-1982 (English)
26-08-1982 (English)
25-08-1982 (English)"
S.No. 2,Case Number,Crl.A. No.-000796-000796 / 1998,09-12-1981 (English)
S.No. 3,Case Number,C.A. No.-002227-002227 / 2000,07-10-1982 (English)
S.No. 4,Case Number,C.A. No.-001048-001048 / 1970,23-02-1982 (English)
S.No. 5,Case Number,W.P.(C) No.-004675-004675 / 1978,03-11-1981 (English)
S.No. 6,Case Number,C.A. No.-003346-003346 / 1979,28-01-1982 (English)
