﻿Column-0,Column-1,Column-2,Column-3
S.No. 1,Case Number,,"18-10-2001 (English)
12-10-2001 (English)
09-10-2001 (English)
28-09-2001 (English)
14-09-2001 (English)
28-08-2001 (English)
28-08-2001 (English)
07-08-2001 (English)
31-07-2001 (English)
25-07-2001 (English)
25-07-2001 (English)"
S.No. 2,Case Number,/,10-09-2001 (English)
S.No. 3,Case Number,/,07-02-2001 (English)
S.No. 4,Case Number,/,26-03-2001 (English)
S.No. 5,Case Number,/,29-11-2000 (English)
S.No. 6,Case Number,/,"31-07-2001 (English)
30-07-2001 (English)"
S.No. 7,Case Number,/,12-12-2000 (English)
S.No. 8,Case Number,/,17-04-2001 (English)
S.No. 9,Case Number,/,08-12-2000 (English)
S.No. 10,Case Number,/,28-08-2001 (English)
S.No. 11,Case Number,/,27-09-2001 (English)
S.No. 12,Case Number,C.A. No.-002900-002900 / 2001,20-04-2001 (English)
S.No. 13,Case Number,C.A. No.-000089-000090 / 1999,21-03-2001 (English)
S.No. 14,Case Number,C.A. No.-004051-004051 / 2001,11-07-2001 (English)
S.No. 15,Case Number,C.A. No.-004799-004844 / 1997,06-12-2000 (English)
S.No. 16,Case Number,Crl.A. No.-001078-001082 / 2000,29-11-2000 (English)
S.No. 17,Case Number,C.A. No.-000907-000907 / 2001,18-04-2001 (English)
S.No. 18,Case Number,C.A. No.-001238-001238 / 2001,21-03-2001 (English)
S.No. 19,Case Number,C.A. No.-000975-000975 / 1998,04-10-2001 (English)
S.No. 20,Case Number,C.A. No.-005489-005490 / 1995,21-02-2001 (English)
S.No. 21,Case Number,C.A. No.-000734-000734 / 2001,10-10-2001 (English)
S.No. 22,Case Number,Crl.A. No.-000320-000320 / 2000,17-10-2001 (English)
S.No. 23,Case Number,C.A. No.-012446-012447 / 1996,12-12-2000 (English)
S.No. 24,Case Number,W.P.(C) No.-000005-000005 / 2001,08-02-2001 (English)
S.No. 25,Case Number,C.A. No.-001350-001350 / 2001,20-02-2001 (English)
S.No. 26,Case Number,W.P.(C) No.-000162-000162 / 1999,25-07-2001 (English)
S.No. 27,Case Number,C.A. No.-002892-002892 / 2001,19-04-2001 (English)
S.No. 28,Case Number,C.A. No.-002056-002056 / 1999,24-09-2001 (English)
S.No. 29,Case Number,C.A. No.-000917-000918 / 1998,14-02-2001 (English)
S.No. 30,Case Number,C.A. No.-002387-002387 / 2001,27-03-2001 (English)
S.No. 31,Case Number,C.A. No.-005660-005660 / 1998,25-07-2001 (English)
S.No. 32,Case Number,C.A. No.-006955-006956 / 2001,01-10-2001 (English)
S.No. 33,Case Number,C.A. No.-001560-001560 / 1997,07-08-2001 (English)
S.No. 34,Case Number,Crl.A. No.-000744-000744 / 2001,25-07-2001 (English)
S.No. 35,Case Number,C.A. No.-001117-001117 / 2001,08-02-2001 (English)
S.No. 36,Case Number,C.A. No.-007384-007384 / 2000,15-12-2000 (English)
S.No. 37,Case Number,Crl.A. No.-001024-001024 / 2001,05-10-2001 (English)
S.No. 38,Case Number,C.A. No.-000821-000821 / 2000,25-01-2001 (English)
S.No. 39,Case Number,C.A. No.-001112-001112 / 2000,29-11-2000 (English)
S.No. 40,Case Number,C.A. No.-003355-003355 / 1998,13-02-2001 (English)
S.No. 41,Case Number,Crl.A. No.-000606-000606 / 2001,04-05-2001 (English)
S.No. 42,Case Number,C.A. No.-006734-006745 / 2000,18-09-2001 (English)
S.No. 43,Case Number,C.A. No.-000691-000691 / 2001,18-01-2001 (English)
S.No. 44,Case Number,C.A. No.-000513-000513 / 2000,30-11-2000 (English)
S.No. 45,Case Number,C.A. No.-001001-001001 / 2000,02-12-2000 (English)
S.No. 46,Case Number,C.A. No.-000670-000670 / 1997,07-12-2000 (English)
S.No. 47,Case Number,C.A. No.-003056-003056 / 1998,16-02-2001 (English)
S.No. 48,Case Number,C.A. No.-001966-001966 / 2000,03-09-2001 (English)
S.No. 49,Case Number,C.A. No.-002918-002918 / 2001,20-04-2001 (English)
S.No. 50,Case Number,SLP(C) No.-004436-004437 / 1998,24-01-2001 (English)
S.No. 51,Case Number,C.A. No.-002298-002298 / 2001,22-03-2001 (English)
S.No. 52,Case Number,C.A. No.-003409-003409 / 1995,30-11-2000 (English)
S.No. 53,Case Number,C.A. No.-002053-002053 / 2000,26-07-2001 (English)
S.No. 54,Case Number,C.A. No.-005042-005042 / 2001,06-08-2001 (English)
S.No. 55,Case Number,C.A. No.-004461-004461 / 1996,24-08-2001 (English)
S.No. 56,Case Number,C.A. No.-002751-002752 / 1998,16-10-2001 (English)
S.No. 57,Case Number,C.A. No.-000441-000441 / 2001,"10-01-2001 (English)
10-01-2001 (English)
01-01-2001 (English)"
S.No. 58,Case Number,Crl.A. No.-001029-001029 / 2000,12-10-2001 (English)
S.No. 59,Case Number,C.A. No.-006327-006327 / 2001,"12-09-2001 (English)
12-09-2001 (English)"
S.No. 60,Case Number,C.A. No.-001731-001731 / 2001,02-03-2001 (English)
S.No. 61,Case Number,C.A. No.-004663-004663 / 2001,25-07-2001 (English)
S.No. 62,Case Number,W.P.(C) No.-000077-000077 / 2001,"12-05-2001 (English)
14-02-2001 (English)"
S.No. 63,Case Number,Crl.A. No.-000851-000851 / 2001,24-08-2001 (English)
S.No. 64,Case Number,C.A. No.-004285-004285 / 1998,30-01-2001 (English)
S.No. 65,Case Number,C.A. No.-009876-009876 / 1995,13-08-2001 (English)
S.No. 66,Case Number,SLP(C) No.-002105-002105 / 2001,25-07-2001 (English)
S.No. 67,Case Number,Crl.A. No.-000763-000763 / 1998,04-05-2001 (English)
S.No. 68,Case Number,Crl.A. No.-000638-000638 / 1998,08-05-2001 (English)
S.No. 69,Case Number,C.A. No.-003316-003316 / 2001,25-04-2001 (English)
S.No. 70,Case Number,Crl.A. No.-000293-000293 / 2001,14-03-2001 (English)
S.No. 71,Case Number,C.A. No.-001300-001301 / 1998,16-03-2001 (English)
S.No. 72,Case Number,C.A. No.-002721-002721 / 2001,11-04-2001 (English)
S.No. 73,Case Number,Crl.A. No.-000599-000599 / 2001,03-05-2001 (English)
S.No. 74,Case Number,Crl.A. No.-000812-000814 / 1999,29-03-2001 (English)
S.No. 75,Case Number,C.A. No.-004574-004574 / 1998,23-02-2001 (English)
S.No. 76,Case Number,Crl.A. No.-000337-000338 / 1999,09-10-2001 (English)
S.No. 77,Case Number,C.A. No.-003368-003368 / 2001,30-04-2001 (English)
S.No. 78,Case Number,C.A. No.-000466-000469 / 2001,09-04-2001 (English)
S.No. 79,Case Number,Crl.A. No.-001127-001127 / 2000,15-12-2000 (English)
S.No. 80,Case Number,C.A. No.-004668-004668 / 1995,"14-11-2000 (English)
14-11-2000 (English)"
S.No. 81,Case Number,Crl.A. No.-001066-001066 / 2001,18-10-2001 (English)
S.No. 82,Case Number,C.A. No.-006175-006175 / 2000,03-11-2000 (English)
S.No. 83,Case Number,C.A. No.-005030-005031 / 2001,03-08-2001 (English)
S.No. 84,Case Number,C.A. No.-005120-005120 / 2001,07-08-2001 (English)
S.No. 85,Case Number,Crl.A. No.-000242-000242 / 2000,10-05-2001 (English)
S.No. 86,Case Number,C.A. No.-010589-010590 / 1996,24-08-2001 (English)
S.No. 87,Case Number,Crl.A. No.-000357-000359 / 1998,20-08-2001 (English)
S.No. 88,Case Number,C.A. No.-001397-001397 / 2001,21-02-2001 (English)
S.No. 89,Case Number,C.A. No.-000722-000722 / 2001,19-01-2001 (English)
S.No. 90,Case Number,C.A. No.-006149-006149 / 2001,04-09-2001 (English)
S.No. 91,Case Number,C.A. No.-002485-002485 / 1999,"19-10-2000 (English)
19-10-2000 (English)"
S.No. 92,Case Number,Crl.A. No.-000219-000219 / 1997,09-01-2001 (English)
S.No. 93,Case Number,Crl.A. No.-000617-000617 / 2001,"09-05-2001 (English)
09-05-2001 (English)
09-05-2001 (English)"
S.No. 94,Case Number,C.A. No.-001727-001727 / 1998,02-03-2001 (English)
S.No. 95,Case Number,C.A. No.-004856-004856 / 1999,30-11-2000 (English)
S.No. 96,Case Number,C.A. No.-006123-006123 / 2001,03-09-2001 (English)
S.No. 97,Case Number,C.A. No.-004499-004499 / 2001,25-07-2001 (English)
S.No. 98,Case Number,Crl.A. No.-000997-000997 / 2000,20-11-2000 (English)
S.No. 99,Case Number,C.A. No.-002885-002885 / 2000,25-07-2001 (English)
S.No. 100,Case Number,C.A. No.-002151-002151 / 1999,21-03-2001 (English)
S.No. 101,Case Number,C.A. No.-005450-005451 / 1997,22-02-2001 (English)
S.No. 102,Case Number,C.A. No.-005028-005028 / 1999,01-05-2001 (English)
S.No. 103,Case Number,C.A. No.-002269-002270 / 1997,14-11-2000 (English)
S.No. 104,Case Number,C.A. No.-003695-003695 / 2001,08-05-2001 (English)
S.No. 105,Case Number,C.A. No.-007104-007104 / 2001,"11-10-2001 (English)
11-10-2001 (English)"
S.No. 106,Case Number,C.A. No.-000482-000482 / 2001,11-01-2001 (English)
S.No. 107,Case Number,C.A. No.-001124-001124 / 1998,05-12-2000 (English)
S.No. 108,Case Number,C.A. No.-003694-003748 / 1996,29-08-2001 (English)
S.No. 109,Case Number,W.P.(C) No.-000099-000099 / 2000,03-09-2001 (English)
S.No. 110,Case Number,W.P.(C) No.-000301-000301 / 2000,04-05-2001 (English)
S.No. 111,Case Number,C.A. No.-005047-005047 / 1996,21-03-2001 (English)
S.No. 112,Case Number,C.A. No.-000788-000788 / 2001,23-01-2001 (English)
S.No. 113,Case Number,C.A. No.-006778-006779 / 2001,27-09-2001 (English)
S.No. 114,Case Number,Crl.A. No.-000784-000784 / 2000,11-04-2001 (English)
S.No. 115,Case Number,C.A. No.-004437-004445 / 1997,23-02-2001 (English)
S.No. 116,Case Number,C.A. No.-004756-004757 / 1997,27-09-2001 (English)
S.No. 117,Case Number,C.A. No.-002681-002681 / 2001,10-04-2001 (English)
S.No. 118,Case Number,C.A. No.-005418-005420 / 1997,23-08-2001 (English)
S.No. 119,Case Number,C.A. No.-005182-005182 / 2001,08-08-2001 (English)
S.No. 120,Case Number,C.A. No.-002421-002421 / 2000,18-10-2001 (English)
S.No. 121,Case Number,Crl.A. No.-001210-001210 / 1999,16-10-2001 (English)
S.No. 122,Case Number,C.A. No.-002451-002451 / 1997,09-07-2001 (English)
S.No. 123,Case Number,Crl.A. No.-001072-001072 / 2001,18-10-2001 (English)
S.No. 124,Case Number,C.A. No.-001691-001691 / 2001,02-03-2001 (English)
S.No. 125,Case Number,C.A. No.-000658-000658 / 2001,17-01-2001 (English)
S.No. 126,Case Number,C.A. No.-002143-002143 / 2000,04-01-2001 (English)
S.No. 127,Case Number,C.A. No.-001789-001789 / 1998,26-02-2001 (English)
S.No. 128,Case Number,C.A. No.-001906-001906 / 1998,"18-04-2001 (English)
18-04-2001 (English)"
S.No. 129,Case Number,C.A. No.-003569-003580 / 2001,03-05-2001 (English)
S.No. 130,Case Number,W.P.(C) No.-000137-000137 / 1997,22-02-2001 (English)
S.No. 131,Case Number,C.A. No.-005706-005706 / 2001,27-08-2001 (English)
S.No. 132,Case Number,C.A. No.-006449-006449 / 2001,18-09-2001 (English)
S.No. 133,Case Number,Crl.A. No.-000882-000882 / 2001,31-08-2001 (English)
S.No. 134,Case Number,Crl.A. No.-000964-000964 / 2001,19-09-2001 (English)
S.No. 135,Case Number,C.A. No.-007723-007723 / 1997,15-11-2000 (English)
S.No. 136,Case Number,C.A. No.-002680-002680 / 2000,02-08-2001 (English)
S.No. 137,Case Number,C.A. No.-003594-003594 / 2001,04-05-2001 (English)
S.No. 138,Case Number,9999 No.-000103-000103 / 2000,29-08-2001 (English)
S.No. 139,Case Number,C.A. No.-001934-001934 / 1998,02-05-2001 (English)
S.No. 140,Case Number,Crl.A. No.-000858-000858 / 2001,27-08-2001 (English)
S.No. 141,Case Number,C.A. No.-002106-002107 / 2001,10-08-2001 (English)
S.No. 142,Case Number,Crl.A. No.-000819-000819 / 2001,14-08-2001 (English)
S.No. 143,Case Number,Crl.A. No.-001163-001163 / 1998,19-01-2001 (English)
S.No. 144,Case Number,C.A. No.-002649-002651 / 2000,03-08-2001 (English)
S.No. 145,Case Number,C.A. No.-004569-004569 / 1995,28-08-2001 (English)
S.No. 146,Case Number,C.A. No.-003760-003760 / 1995,07-02-2001 (English)
S.No. 147,Case Number,Crl.A. No.-000416-000416 / 1998,"20-02-2001 (English)
20-02-2001 (English)"
S.No. 148,Case Number,W.P.(C) No.-000203-000203 / 2000,21-03-2001 (English)
S.No. 149,Case Number,C.A. No.-002720-002720 / 2000,05-01-2001 (English)
S.No. 150,Case Number,C.A. No.-007359-007359 / 2000,14-12-2000 (English)
S.No. 151,Case Number,C.A. No.-005015-005015 / 1999,11-12-2000 (English)
S.No. 152,Case Number,C.A. No.-004172-004173 / 1999,04-04-2001 (English)
S.No. 153,Case Number,Crl.A. No.-000617-000617 / 2000,17-10-2001 (English)
S.No. 154,Case Number,Crl.A. No.-001059-001059 / 2001,17-10-2001 (English)
S.No. 155,Case Number,C.A. No.-002770-002770 / 2000,06-12-2000 (English)
S.No. 156,Case Number,C.A. No.-005300-005300 / 2001,10-08-2001 (English)
S.No. 157,Case Number,C.A. No.-004992-004992 / 2001,02-08-2001 (English)
S.No. 158,Case Number,Crl.A. No.-000918-000919 / 2001,"11-09-2001 (English)
11-09-2001 (English)"
S.No. 159,Case Number,Crl.A. No.-000418-000418 / 1998,28-09-2001 (English)
S.No. 160,Case Number,Crl.A. No.-000601-000601 / 1997,09-11-2000 (English)
S.No. 161,Case Number,Crl.A. No.-000507-000510 / 2001,18-04-2001 (English)
S.No. 162,Case Number,C.A. No.-003321-003321 / 1997,03-09-2001 (English)
S.No. 163,Case Number,C.A. No.-006755-006755 / 2000,24-11-2000 (English)
S.No. 164,Case Number,C.A. No.-001651-001652 / 1997,27-08-2001 (English)
S.No. 165,Case Number,C.A. No.-004341-004341 / 2000,02-02-2001 (English)
S.No. 166,Case Number,C.A. No.-006963-006963 / 2000,30-11-2000 (English)
S.No. 167,Case Number,C.A. No.-001030-001030 / 2001,05-02-2001 (English)
S.No. 168,Case Number,C.A. No.-002597-002597 / 1998,04-10-2001 (English)
S.No. 169,Case Number,C.A. No.-008541-008541 / 1997,14-11-2000 (English)
S.No. 170,Case Number,C.A. No.-006114-006114 / 2000,01-11-2000 (English)
S.No. 171,Case Number,C.A. No.-007292-007292 / 2001,"18-10-2001 (English)
18-10-2001 (English)"
S.No. 172,Case Number,Crl.A. No.-000721-000721 / 2001,17-07-2001 (English)
S.No. 173,Case Number,Crl.A. No.-000035-000035 / 2000,06-02-2001 (English)
S.No. 174,Case Number,Crl.A. No.-000300-000300 / 2001,16-03-2001 (English)
S.No. 175,Case Number,C.A. No.-003868-003868 / 2001,11-05-2001 (English)
S.No. 176,Case Number,Crl.A. No.-000699-000699 / 1998,15-11-2000 (English)
S.No. 177,Case Number,C.A. No.-001565-001565 / 2001,27-02-2001 (English)
S.No. 178,Case Number,C.A. No.-002784-002784 / 1997,16-10-2001 (English)
S.No. 179,Case Number,C.A. No.-006281-006282 / 2001,05-09-2001 (English)
S.No. 180,Case Number,C.A. No.-006182-006182 / 2000,03-11-2000 (English)
S.No. 181,Case Number,C.A. No.-000441-000441 / 1999,31-10-2000 (English)
S.No. 182,Case Number,C.A. No.-006213-006213 / 1997,25-04-2001 (English)
S.No. 183,Case Number,SLP(C) No.-007371-007371 / 1998,02-02-2001 (English)
S.No. 184,Case Number,C.A. No.-001395-001395 / 2001,21-02-2001 (English)
S.No. 185,Case Number,C.A. No.-005593-005593 / 2001,21-08-2001 (English)
S.No. 186,Case Number,C.A. No.-002488-002488 / 2001,30-03-2001 (English)
S.No. 187,Case Number,Crl.A. No.-000230-000231 / 1999,16-10-2001 (English)
S.No. 188,Case Number,SLP(C) No.-011293-011294 / 2001,31-08-2001 (English)
S.No. 189,Case Number,SLP(C) No.-006779-006779 / 2000,13-08-2001 (English)
S.No. 190,Case Number,C.A. No.-005614-005614 / 2001,22-08-2001 (English)
S.No. 191,Case Number,Crl.A. No.-000432-000432 / 1999,12-12-2000 (English)
S.No. 192,Case Number,Crl.A. No.-000482-000482 / 2000,13-09-2001 (English)
S.No. 193,Case Number,/,21-03-2001 (English)
S.No. 194,Case Number,C.A. No.-003164-003166 / 1997,03-08-2001 (English)
S.No. 195,Case Number,C.A. No.-003940-003940 / 1998,20-03-2001 (English)
S.No. 196,Case Number,C.A. No.-006104-006104 / 2000,31-10-2000 (English)
S.No. 197,Case Number,C.A. No.-000496-000497 / 1999,30-11-2000 (English)
S.No. 198,Case Number,C.A. No.-005183-005183 / 2001,08-08-2001 (English)
S.No. 199,Case Number,C.A. No.-002730-002730 / 2000,24-01-2001 (English)
S.No. 200,Case Number,C.A. No.-004596-004596 / 1997,07-02-2001 (English)
S.No. 201,Case Number,Crl.A. No.-000522-000522 / 1999,03-01-2001 (English)
S.No. 202,Case Number,Crl.A. No.-000957-000957 / 2000,19-01-2001 (English)
S.No. 203,Case Number,Crl.A. No.-000643-000643 / 1995,"14-12-2000 (English)
14-12-2000 (English)"
S.No. 204,Case Number,C.A. No.-006123-006123 / 2000,01-11-2000 (English)
S.No. 205,Case Number,Crl.A. No.-000821-000821 / 2000,02-03-2001 (English)
S.No. 206,Case Number,C.A. No.-003045-003045 / 1998,14-08-2001 (English)
S.No. 207,Case Number,C.A. No.-003595-003595 / 2001,04-05-2001 (English)
S.No. 208,Case Number,C.A. No.-003050-003050 / 2000,09-10-2001 (English)
S.No. 209,Case Number,C.A. No.-007050-007050 / 2000,01-12-2000 (English)
S.No. 210,Case Number,C.A. No.-005983-005983 / 2001,29-08-2001 (English)
S.No. 211,Case Number,C.A. No.-004921-004921 / 2000,15-01-2001 (English)
S.No. 212,Case Number,C.A. No.-003592-003592 / 2001,03-05-2001 (English)
S.No. 213,Case Number,Crl.A. No.-000165-000165 / 2001,08-02-2001 (English)
S.No. 214,Case Number,C.A. No.-003751-003760 / 1999,20-07-2001 (English)
S.No. 215,Case Number,C.A. No.-005122-005122 / 2001,07-08-2001 (English)
S.No. 216,Case Number,Crl.A. No.-000628-000628 / 1998,11-07-2001 (English)
S.No. 217,Case Number,Crl.A. No.-000689-000689 / 2001,12-07-2001 (English)
S.No. 218,Case Number,C.A. No.-003190-003190 / 1999,04-01-2001 (English)
S.No. 219,Case Number,C.A. No.-003825-003825 / 1999,07-12-2000 (English)
S.No. 220,Case Number,Crl.A. No.-000926-000926 / 2001,11-09-2001 (English)
S.No. 221,Case Number,Crl.A. No.-000759-000759 / 2001,31-07-2001 (English)
S.No. 222,Case Number,C.A. No.-001057-001058 / 2001,06-02-2001 (English)
S.No. 223,Case Number,W.P.(C) No.-000232-000232 / 1997,16-03-2001 (English)
S.No. 224,Case Number,W.P.(C) No.-000321-000321 / 2000,22-03-2001 (English)
S.No. 225,Case Number,C.A. No.-003609-003609 / 1998,28-02-2001 (English)
S.No. 226,Case Number,Crl.A. No.-000719-000719 / 1995,12-12-2000 (English)
S.No. 227,Case Number,C.A. No.-003818-003818 / 1999,02-08-2001 (English)
S.No. 228,Case Number,Crl.A. No.-001031-001031 / 2000,28-11-2000 (English)
S.No. 229,Case Number,C.A. No.-003525-003525 / 1997,"12-09-2001 (English)
12-09-2001 (English)
12-09-2001 (English)"
S.No. 230,Case Number,C.A. No.-006718-006718 / 2001,25-09-2001 (English)
S.No. 231,Case Number,C.A. No.-002309-002309 / 2001,23-03-2001 (English)
S.No. 232,Case Number,C.A. No.-000444-000445 / 2001,09-01-2001 (English)
S.No. 233,Case Number,C.A. No.-005499-005499 / 1999,04-04-2001 (English)
S.No. 234,Case Number,C.A. No.-002720-002720 / 2001,11-04-2001 (English)
S.No. 235,Case Number,Crl.A. No.-001185-001185 / 1999,14-12-2000 (English)
S.No. 236,Case Number,C.A. No.-007371-007371 / 2000,14-12-2000 (English)
S.No. 237,Case Number,C.A. No.-006179-006179 / 2001,05-09-2001 (English)
S.No. 238,Case Number,Crl.A. No.-000852-000855 / 2001,24-08-2001 (English)
S.No. 239,Case Number,C.A. No.-005004-005004 / 1997,28-02-2001 (English)
S.No. 240,Case Number,C.A. No.-002255-002256 / 1999,10-04-2001 (English)
S.No. 241,Case Number,Crl.A. No.-001000-001000 / 1999,14-03-2001 (English)
S.No. 242,Case Number,C.A. No.-006840-006840 / 2001,28-09-2001 (English)
S.No. 243,Case Number,Crl.A. No.-000688-000688 / 2001,12-07-2001 (English)
S.No. 244,Case Number,C.A. No.-003593-003593 / 2001,04-05-2001 (English)
S.No. 245,Case Number,C.A. No.-006054-006055 / 1998,10-08-2001 (English)
S.No. 246,Case Number,C.A. No.-006050-006051 / 1998,07-08-2001 (English)
S.No. 247,Case Number,C.A. No.-002568-002568 / 2001,04-04-2001 (English)
S.No. 248,Case Number,C.A. No.-006056-006056 / 1998,10-05-2001 (English)
S.No. 249,Case Number,C.A. No.-006049-006049 / 1998,10-05-2001 (English)
S.No. 250,Case Number,C.A. No.-003426-003426 / 1995,"30-04-2001 (English)
30-04-2001 (English)"
S.No. 251,Case Number,Crl.A. No.-000520-000520 / 2001,19-04-2001 (English)
S.No. 252,Case Number,C.A. No.-001051-001051 / 2001,06-02-2001 (English)
S.No. 253,Case Number,Crl.A. No.-000770-000770 / 2001,"02-08-2001 (English)
09-07-2001 (English)"
S.No. 254,Case Number,C.A. No.-002866-002866 / 2001,"18-04-2001 (English)
18-04-2001 (English)"
S.No. 255,Case Number,Crl.A. No.-000392-000392 / 2001,29-03-2001 (English)
S.No. 256,Case Number,Crl.A. No.-001009-001010 / 2001,05-10-2001 (English)
S.No. 257,Case Number,C.A. No.-006299-006299 / 1997,23-08-2001 (English)
S.No. 258,Case Number,CONMT.PET.(C) No.-000280-000280 / 1999,06-09-2001 (English)
S.No. 259,Case Number,SLP(C) No.-010288-010288 / 2000,17-08-2001 (English)
S.No. 260,Case Number,C.A. No.-000333-000334 / 2001,05-01-2001 (English)
S.No. 261,Case Number,Crl.A. No.-000907-000907 / 1998,24-01-2001 (English)
S.No. 262,Case Number,Crl.A. No.-000655-000655 / 2001,17-10-2001 (English)
S.No. 263,Case Number,C.A. No.-003538-003538 / 2000,19-07-2001 (English)
S.No. 264,Case Number,Crl.A. No.-001001-001001 / 2000,12-12-2000 (English)
S.No. 265,Case Number,Crl.A. No.-001378-001378 / 1999,"11-09-2001 (English)
11-09-2001 (English)
11-09-2001 (English)"
S.No. 266,Case Number,SLP(C) No.-010072-010073 / 1998,05-02-2001 (English)
S.No. 267,Case Number,Crl.A. No.-000502-000502 / 2000,19-10-2000 (English)
S.No. 268,Case Number,Crl.A. No.-001111-001112 / 2000,13-12-2000 (English)
S.No. 269,Case Number,C.A. No.-008832-008833 / 1997,05-09-2001 (English)
S.No. 270,Case Number,C.A. No.-005670-005671 / 2000,19-09-2001 (English)
S.No. 271,Case Number,C.A. No.-004537-004537 / 1998,"10-11-2000 (English)
10-11-2000 (English)"
S.No. 272,Case Number,Crl.A. No.-000068-000069 / 1999,11-12-2000 (English)
S.No. 273,Case Number,C.A. No.-004450-004450 / 1997,24-08-2001 (English)
S.No. 274,Case Number,Crl.A. No.-001004-001004 / 2001,01-10-2001 (English)
S.No. 275,Case Number,W.P.(C) No.-000242-000242 / 2001,"21-09-2001 (English)
21-09-2001 (English)"
S.No. 276,Case Number,Crl.A. No.-001028-001028 / 2001,11-10-2001 (English)
S.No. 277,Case Number,C.A. No.-000368-000371 / 1999,01-12-2000 (English)
S.No. 278,Case Number,Crl.A. No.-000532-000532 / 2000,28-09-2001 (English)
S.No. 279,Case Number,C.A. No.-006298-006299 / 1995,23-11-2000 (English)
S.No. 280,Case Number,C.A. No.-003747-003747 / 1998,01-02-2001 (English)
S.No. 281,Case Number,Crl.A. No.-000034-000034 / 2001,08-01-2001 (English)
S.No. 282,Case Number,Crl.A. No.-000596-000596 / 2001,02-05-2001 (English)
S.No. 283,Case Number,C.A. No.-003541-003541 / 1998,10-11-2000 (English)
S.No. 284,Case Number,C.A. No.-005966-005966 / 2001,28-08-2001 (English)
S.No. 285,Case Number,C.A. No.-006550-006550 / 1999,"14-11-2000 (English)
14-11-2000 (English)"
S.No. 286,Case Number,Crl.A. No.-000960-000960 / 2000,09-11-2000 (English)
S.No. 287,Case Number,Crl.A. No.-000581-000581 / 2000,"02-05-2001 (English)
02-05-2001 (English)"
S.No. 288,Case Number,C.A. No.-006576-006576 / 1999,02-11-2000 (English)
S.No. 289,Case Number,C.A. No.-002397-002397 / 2001,27-03-2001 (English)
S.No. 290,Case Number,C.A. No.-005385-005385 / 2001,17-08-2001 (English)
S.No. 291,Case Number,C.A. No.-004400-004400 / 2000,12-09-2001 (English)
S.No. 292,Case Number,C.A. No.-004040-004040 / 1999,23-02-2001 (English)
S.No. 293,Case Number,C.A. No.-005797-005797 / 1998,27-03-2001 (English)
S.No. 294,Case Number,Crl.A. No.-000907-000907 / 2001,06-09-2001 (English)
S.No. 295,Case Number,C.A. No.-006216-006222 / 1997,01-02-2001 (English)
S.No. 296,Case Number,Crl.A. No.-000995-000995 / 2001,28-09-2001 (English)
S.No. 297,Case Number,Crl.A. No.-000757-000758 / 2001,31-07-2001 (English)
S.No. 298,Case Number,C.A. No.-004646-004648 / 2000,22-08-2001 (English)
S.No. 299,Case Number,C.A. No.-007194-007194 / 2000,11-12-2000 (English)
S.No. 300,Case Number,C.A. No.-004632-004632 / 1997,23-07-2001 (English)
S.No. 301,Case Number,C.A. No.-002671-002671 / 2001,10-04-2001 (English)
S.No. 302,Case Number,C.A. No.-007052-007053 / 2001,09-10-2001 (English)
S.No. 303,Case Number,C.A. No.-006963-006964 / 2001,03-10-2001 (English)
S.No. 304,Case Number,C.A. No.-003530-003530 / 1998,21-03-2001 (English)
S.No. 305,Case Number,SLP(C) No.-011650-011652 / 1997,12-12-2000 (English)
S.No. 306,Case Number,C.A. No.-006752-006754 / 1996,13-08-2001 (English)
S.No. 307,Case Number,SLP(C) No.-010729-010729 / 2000,06-12-2000 (English)
S.No. 308,Case Number,C.A. No.-004658-004658 / 1998,12-12-2000 (English)
S.No. 309,Case Number,C.A. No.-003715-003716 / 2001,08-05-2001 (English)
S.No. 310,Case Number,Crl.A. No.-001119-001120 / 1998,29-11-2000 (English)
S.No. 311,Case Number,C.A. No.-005303-005303 / 2001,14-08-2001 (English)
S.No. 312,Case Number,Crl.A. No.-000981-000981 / 2001,"25-09-2001 (English)
25-09-2001 (English)"
S.No. 313,Case Number,C.A. No.-004105-004105 / 1999,03-01-2001 (English)
S.No. 314,Case Number,C.A. No.-007056-007057 / 2000,28-11-2000 (English)
S.No. 315,Case Number,C.A. No.-000027-000027 / 2001,04-01-2001 (English)
S.No. 316,Case Number,Crl.A. No.-000949-000949 / 2001,17-09-2001 (English)
S.No. 317,Case Number,Crl.A. No.-000087-000087 / 2001,18-01-2001 (English)
S.No. 318,Case Number,C.A. No.-007063-007065 / 2000,04-12-2000 (English)
S.No. 319,Case Number,C.A. No.-007805-007805 / 1997,16-10-2001 (English)
S.No. 320,Case Number,C.A. No.-005395-005395 / 1997,03-01-2001 (English)
S.No. 321,Case Number,C.A. No.-005241-005241 / 1998,02-05-2001 (English)
S.No. 322,Case Number,C.A. No.-002295-002295 / 2001,22-03-2001 (English)
S.No. 323,Case Number,C.A. No.-010014-010014 / 1995,21-02-2001 (English)
S.No. 324,Case Number,C.A. No.-003543-003543 / 2001,03-05-2001 (English)
S.No. 325,Case Number,C.A. No.-006465-006465 / 2000,21-08-2001 (English)
S.No. 326,Case Number,C.A. No.-000628-000628 / 2001,15-01-2001 (English)
S.No. 327,Case Number,SLP(C) No.-012883-012884 / 2000,09-10-2001 (English)
S.No. 328,Case Number,C.A. No.-005397-005397 / 1997,30-03-2001 (English)
S.No. 329,Case Number,C.A. No.-004800-004800 / 2001,31-07-2001 (English)
S.No. 330,Case Number,C.A. No.-001808-001808 / 2000,15-12-2000 (English)
S.No. 331,Case Number,C.A. No.-005872-005872 / 1997,30-11-2000 (English)
S.No. 332,Case Number,C.A. No.-001561-001561 / 2001,27-02-2001 (English)
S.No. 333,Case Number,Crl.A. No.-000757-000757 / 2000,15-01-2001 (English)
S.No. 334,Case Number,C.A. No.-008890-008890 / 1997,27-02-2001 (English)
S.No. 335,Case Number,C.A. No.-002582-002582 / 1998,13-03-2001 (English)
S.No. 336,Case Number,Crl.A. No.-000983-000983 / 2000,16-11-2000 (English)
S.No. 337,Case Number,C.A. No.-002478-002479 / 2000,10-04-2001 (English)
S.No. 338,Case Number,C.A. No.-007038-007038 / 2001,08-10-2001 (English)
S.No. 339,Case Number,C.A. No.-004156-004156 / 1998,08-05-2001 (English)
S.No. 340,Case Number,C.A. No.-007256-007259 / 1999,14-08-2001 (English)
S.No. 341,Case Number,C.A. No.-009294-009294 / 1995,28-11-2000 (English)
S.No. 342,Case Number,Crl.A. No.-000176-000176 / 2001,13-02-2001 (English)
S.No. 343,Case Number,Crl.A. No.-000749-000749 / 2000,10-04-2001 (English)
S.No. 344,Case Number,C.A. No.-002490-002490 / 2001,30-03-2001 (English)
S.No. 345,Case Number,C.A. No.-005555-005555 / 1999,18-01-2001 (English)
S.No. 346,Case Number,C.A. No.-000202-000202 / 2000,28-08-2001 (English)
S.No. 347,Case Number,C.A. No.-006287-006287 / 2000,08-11-2000 (English)
S.No. 348,Case Number,C.A. No.-004942-004943 / 1999,21-08-2001 (English)
S.No. 349,Case Number,Crl.A. No.-000186-000186 / 2001,14-02-2001 (English)
S.No. 350,Case Number,C.A. No.-001048-001048 / 2001,"06-02-2001 (English)
06-02-2001 (English)"
S.No. 351,Case Number,C.A. No.-004834-004834 / 1999,16-10-2001 (English)
S.No. 352,Case Number,C.A. No.-005628-005628 / 2000,24-07-2001 (English)
S.No. 353,Case Number,C.A. No.-001466-001466 / 2001,23-02-2001 (English)
S.No. 354,Case Number,C.A. No.-006972-006972 / 1999,11-05-2001 (English)
S.No. 355,Case Number,C.A. No.-006166-006166 / 1999,30-03-2001 (English)
S.No. 356,Case Number,Crl.A. No.-000464-000464 / 1999,31-07-2001 (English)
S.No. 357,Case Number,C.A. No.-001158-001158 / 1998,06-12-2000 (English)
S.No. 358,Case Number,W.P.(C) No.-000419-000419 / 2000,15-12-2000 (English)
S.No. 359,Case Number,Crl.A. No.-001271-001271 / 1999,01-11-2000 (English)
S.No. 360,Case Number,C.A. No.-004218-004219 / 1998,16-11-2000 (English)
S.No. 361,Case Number,Crl.A. No.-000043-000043 / 2001,10-01-2001 (English)
S.No. 362,Case Number,Crl.A. No.-000345-000345 / 2000,26-02-2001 (English)
S.No. 363,Case Number,C.A. No.-004396-004398 / 2000,24-07-2001 (English)
S.No. 364,Case Number,C.A. No.-006408-006410 / 1999,08-10-2001 (English)
S.No. 365,Case Number,Crl.A. No.-001047-001047 / 2000,01-12-2000 (English)
S.No. 366,Case Number,C.A. No.-003982-003984 / 1999,02-03-2001 (English)
S.No. 367,Case Number,Crl.A. No.-000887-000887 / 1998,26-04-2001 (English)
S.No. 368,Case Number,C.A. No.-003731-003731 / 2001,08-05-2001 (English)
S.No. 369,Case Number,C.A. No.-002906-002907 / 2001,20-04-2001 (English)
S.No. 370,Case Number,C.A. No.-006962-006962 / 2000,30-11-2000 (English)
S.No. 371,Case Number,C.A. No.-007366-007366 / 2000,14-12-2000 (English)
S.No. 372,Case Number,C.A. No.-003609-003620 / 2001,01-05-2001 (English)
S.No. 373,Case Number,W.P.(Crl.) No.-000256-000256 / 2000,"17-04-2001 (English)
17-04-2001 (English)"
S.No. 374,Case Number,W.P.(C) No.-000420-000420 / 2000,03-09-2001 (English)
S.No. 375,Case Number,C.A. No.-007136-007136 / 2001,12-10-2001 (English)
S.No. 376,Case Number,C.A. No.-006009-006010 / 2001,"30-08-2001 (English)
30-08-2001 (English)"
S.No. 377,Case Number,Crl.A. No.-000967-000967 / 2000,10-11-2000 (English)
S.No. 378,Case Number,W.P.(C) No.-000372-000372 / 1999,18-09-2001 (English)
S.No. 379,Case Number,C.A. No.-006060-006060 / 2001,31-08-2001 (English)
S.No. 380,Case Number,C.A. No.-004494-004494 / 1998,04-04-2001 (English)
S.No. 381,Case Number,C.A. No.-006822-006822 / 2000,05-09-2001 (English)
S.No. 382,Case Number,C.A. No.-007082-007084 / 2001,"10-10-2001 (English)
10-10-2001 (English)"
S.No. 383,Case Number,C.A. No.-007156-007156 / 2000,06-12-2000 (English)
S.No. 384,Case Number,Crl.A. No.-000066-000066 / 2001,12-01-2001 (English)
S.No. 385,Case Number,SLP(C) No.-014656-014656 / 2000,12-04-2001 (English)
S.No. 386,Case Number,C.A. No.-007076-007076 / 2001,09-10-2001 (English)
S.No. 387,Case Number,C.A. No.-008467-008468 / 1995,20-03-2001 (English)
S.No. 388,Case Number,C.A. No.-000892-000892 / 2001,29-01-2001 (English)
S.No. 389,Case Number,Crl.A. No.-000058-000058 / 2000,10-07-2001 (English)
S.No. 390,Case Number,C.A. No.-007085-007085 / 2001,"10-10-2001 (English)
10-10-2001 (English)"
S.No. 391,Case Number,Crl.A. No.-000132-000134 / 2000,23-02-2001 (English)
S.No. 392,Case Number,C.A. No.-004681-004681 / 2000,31-01-2001 (English)
S.No. 393,Case Number,C.A. No.-006712-006712 / 2001,25-09-2001 (English)
S.No. 394,Case Number,C.A. No.-004126-004150 / 2000,"18-10-2001 (English)
17-10-2001 (English)"
S.No. 395,Case Number,C.A. No.-006016-006016 / 1999,25-07-2001 (English)
S.No. 396,Case Number,Crl.A. No.-000250-000250 / 2001,28-02-2001 (English)
S.No. 397,Case Number,Crl.A. No.-000501-000501 / 2001,04-05-2001 (English)
S.No. 398,Case Number,Crl.A. No.-000591-000591 / 2001,02-05-2001 (English)
S.No. 399,Case Number,C.A. No.-005811-005811 / 1999,11-04-2001 (English)
S.No. 400,Case Number,C.A. No.-002908-002909 / 1999,13-12-2000 (English)
S.No. 401,Case Number,C.A. No.-001471-001471 / 1999,"21-11-2000 (English)
21-11-2000 (English)"
S.No. 402,Case Number,Crl.A. No.-000664-000664 / 2000,07-02-2001 (English)
S.No. 403,Case Number,C.A. No.-002890-002890 / 2001,19-04-2001 (English)
S.No. 404,Case Number,Crl.A. No.-001056-001056 / 1998,25-09-2001 (English)
S.No. 405,Case Number,C.A. No.-004605-004605 / 2000,"28-08-2001 (English)
28-08-2001 (English)"
S.No. 406,Case Number,W.P.(Crl.) No.-000274-000277 / 2000,15-03-2001 (English)
S.No. 407,Case Number,CONMT.PET.(C) No.-000202-000202 / 2000,16-03-2001 (English)
S.No. 408,Case Number,C.A. No.-005880-005889 / 1997,19-10-2000 (English)
S.No. 409,Case Number,C.A. No.-007112-007114 / 2001,"11-10-2001 (English)
11-10-2001 (English)"
S.No. 410,Case Number,C.A. No.-007791-007791 / 1997,30-03-2001 (English)
S.No. 411,Case Number,Crl.A. No.-000829-000829 / 2001,"17-08-2001 (English)
17-08-2001 (English)"
S.No. 412,Case Number,C.A. No.-006142-006142 / 2000,02-11-2000 (English)
S.No. 413,Case Number,Crl.A. No.-000887-000887 / 2000,27-02-2001 (English)
S.No. 414,Case Number,Crl.A. No.-000206-000206 / 2001,20-02-2001 (English)
S.No. 415,Case Number,C.A. No.-006304-006304 / 2001,04-09-2001 (English)
S.No. 416,Case Number,C.A. No.-005898-005898 / 1997,15-01-2001 (English)
S.No. 417,Case Number,Crl.A. No.-001054-001054 / 2000,04-12-2000 (English)
S.No. 418,Case Number,C.A. No.-010912-010912 / 1996,09-05-2001 (English)
S.No. 419,Case Number,Crl.A. No.-000269-000269 / 2001,02-03-2001 (English)
S.No. 420,Case Number,C.A. No.-005340-005341 / 2000,22-08-2001 (English)
S.No. 421,Case Number,C.A. No.-004992-004992 / 1999,16-11-2000 (English)
S.No. 422,Case Number,C.A. No.-005436-005437 / 1998,09-01-2001 (English)
S.No. 423,Case Number,C.A. No.-004138-004138 / 2001,13-07-2001 (English)
S.No. 424,Case Number,Crl.A. No.-000082-000082 / 2001,16-01-2001 (English)
S.No. 425,Case Number,Crl.A. No.-000207-000207 / 2001,20-02-2001 (English)
S.No. 426,Case Number,C.A. No.-004785-004785 / 1998,"17-04-2001 (English)
17-04-2001 (English)"
S.No. 427,Case Number,C.A. No.-006116-006116 / 2000,03-09-2001 (English)
S.No. 428,Case Number,W.P.(C) No.-000559-000559 / 1994,29-11-2000 (English)
S.No. 429,Case Number,C.A. No.-002247-002247 / 2001,21-03-2001 (English)
S.No. 430,Case Number,C.A. No.-005089-005090 / 1998,13-12-2000 (English)
S.No. 431,Case Number,C.A. No.-006007-006007 / 2001,30-08-2001 (English)
S.No. 432,Case Number,C.A. No.-009420-009423 / 1995,13-02-2001 (English)
S.No. 433,Case Number,C.A. No.-007103-007103 / 2000,05-12-2000 (English)
S.No. 434,Case Number,C.A. No.-000784-000784 / 2001,22-01-2001 (English)
S.No. 435,Case Number,C.A. No.-006069-006069 / 1999,14-08-2001 (English)
S.No. 436,Case Number,SLP(C) No.-017183-017184 / 2001,20-08-2001 (English)
S.No. 437,Case Number,Crl.A. No.-000741-000743 / 2000,"07-11-2000 (English)
07-11-2000 (English)"
S.No. 438,Case Number,C.A. No.-006656-006657 / 1994,18-09-2001 (English)
S.No. 439,Case Number,Crl.A. No.-000268-000268 / 2001,02-03-2001 (English)
S.No. 440,Case Number,C.A. No.-006286-006286 / 2000,08-11-2000 (English)
S.No. 441,Case Number,C.A. No.-005010-005010 / 1999,17-08-2001 (English)
S.No. 442,Case Number,Crl.A. No.-001077-001077 / 1999,03-08-2001 (English)
S.No. 443,Case Number,C.A. No.-002372-002372 / 2001,26-03-2001 (English)
S.No. 444,Case Number,Crl.A. No.-000688-000688 / 1995,11-07-2001 (English)
S.No. 445,Case Number,C.A. No.-006878-006880 / 1999,"13-09-2001 (English)
13-09-2001 (English)"
S.No. 446,Case Number,C.A. No.-006658-006658 / 2000,12-10-2001 (English)
S.No. 447,Case Number,C.A. No.-005085-005085 / 2000,04-10-2001 (English)
S.No. 448,Case Number,Crl.A. No.-001103-001103 / 2000,12-12-2000 (English)
S.No. 449,Case Number,C.A. No.-002296-002296 / 2000,02-08-2001 (English)
S.No. 450,Case Number,C.A. No.-000747-000747 / 2001,22-01-2001 (English)
S.No. 451,Case Number,C.A. No.-002490-002491 / 1996,01-05-2001 (English)
S.No. 452,Case Number,C.A. No.-007769-007769 / 1995,28-02-2001 (English)
S.No. 453,Case Number,W.P.(C) No.-000082-000082 / 2001,18-10-2001 (English)
S.No. 454,Case Number,Crl.A. No.-000010-000012 / 2001,04-01-2001 (English)
S.No. 455,Case Number,SLP(C) No.-005802-005802 / 1998,11-04-2001 (English)
S.No. 456,Case Number,SLP(C) No.-015178-015178 / 2000,15-12-2000 (English)
S.No. 457,Case Number,C.A. No.-005473-005473 / 1998,26-03-2001 (English)
S.No. 458,Case Number,C.A. No.-004031-004031 / 1995,22-01-2001 (English)
S.No. 459,Case Number,C.A. No.-003009-003009 / 1999,27-03-2001 (English)
S.No. 460,Case Number,SLP(C) No.-019326-019326 / 2000,17-11-2000 (English)
S.No. 461,Case Number,Crl.A. No.-001038-001038 / 2001,12-10-2001 (English)
S.No. 462,Case Number,C.A. No.-000880-000880 / 2001,"31-08-2001 (English)
25-01-2001 (English)"
S.No. 463,Case Number,C.A. No.-003880-003880 / 2001,12-05-2001 (English)
S.No. 464,Case Number,R.P.(C) No.-000021-000021 / 2000,21-11-2000 (English)
S.No. 465,Case Number,Crl.A. No.-001014-001014 / 1999,31-07-2001 (English)
S.No. 466,Case Number,C.A. No.-002340-002342 / 1999,13-12-2000 (English)
S.No. 467,Case Number,C.A. No.-005956-005958 / 1999,27-03-2001 (English)
S.No. 468,Case Number,C.A. No.-001422-001422 / 1999,01-02-2001 (English)
S.No. 469,Case Number,Crl.A. No.-001184-001184 / 1998,06-12-2000 (English)
S.No. 470,Case Number,Crl.A. No.-000826-000827 / 2001,16-08-2001 (English)
S.No. 471,Case Number,C.A. No.-007303-007306 / 2000,30-08-2001 (English)
S.No. 472,Case Number,C.A. No.-005760-005761 / 1999,23-01-2001 (English)
S.No. 473,Case Number,C.A. No.-004779-004779 / 2001,30-07-2001 (English)
S.No. 474,Case Number,C.A. No.-001071-001071 / 2001,07-02-2001 (English)
S.No. 475,Case Number,C.A. No.-001800-001800 / 2001,"14-04-2001 (English)
14-03-2001 (English)
14-03-2001 (English)
14-03-2001 (English)"
S.No. 476,Case Number,CONMT.PET.(C) No.-000403-000403 / 1999,03-05-2001 (English)
S.No. 477,Case Number,Crl.A. No.-000549-000549 / 2001,25-04-2001 (English)
S.No. 478,Case Number,C.A. No.-002235-002235 / 1996,24-11-2000 (English)
S.No. 479,Case Number,Crl.A. No.-000394-000394 / 2001,29-03-2001 (English)
S.No. 480,Case Number,C.A. No.-002303-002303 / 2001,22-03-2001 (English)
S.No. 481,Case Number,Crl.A. No.-000219-000219 / 2001,22-02-2001 (English)
S.No. 482,Case Number,C.A. No.-007706-007706 / 1997,04-09-2001 (English)
S.No. 483,Case Number,C.A. No.-003190-003192 / 2000,14-08-2001 (English)
S.No. 484,Case Number,C.A. No.-002789-002790 / 1997,01-05-2001 (English)
S.No. 485,Case Number,C.A. No.-000787-000787 / 2001,23-01-2001 (English)
S.No. 486,Case Number,9999 No.-000018-000018 / 2000,30-11-2000 (English)
S.No. 487,Case Number,C.A. No.-007154-007155 / 1999,14-11-2000 (English)
S.No. 488,Case Number,C.A. No.-006356-006356 / 1998,31-08-2001 (English)
S.No. 489,Case Number,C.A. No.-004024-004024 / 2001,"09-07-2001 (English)
09-07-2001 (English)"
S.No. 490,Case Number,C.A. No.-003942-003944 / 2001,11-09-2001 (English)
S.No. 491,Case Number,CONMT.PET.(C) No.-000297-000297 / 2000,24-08-2001 (English)
S.No. 492,Case Number,SLP(C) No.-017137-017137 / 2000,27-03-2001 (English)
S.No. 493,Case Number,C.A. No.-009182-009182 / 1996,02-02-2001 (English)
S.No. 494,Case Number,Crl.A. No.-000324-000324 / 2001,23-03-2001 (English)
S.No. 495,Case Number,C.A. No.-005235-005237 / 2001,10-08-2001 (English)
S.No. 496,Case Number,Crl.A. No.-000297-000297 / 2001,15-03-2001 (English)
S.No. 497,Case Number,C.A. No.-001720-001720 / 1999,21-03-2001 (English)
S.No. 498,Case Number,C.A. No.-007041-007041 / 2000,01-12-2000 (English)
S.No. 499,Case Number,Crl.A. No.-001104-001104 / 2000,12-12-2000 (English)
S.No. 500,Case Number,C.A. No.-006769-006769 / 1999,30-03-2001 (English)
S.No. 501,Case Number,C.A. No.-002863-002863 / 2001,"18-04-2001 (English)
18-04-2001 (English)"
S.No. 502,Case Number,C.A. No.-006645-006645 / 1999,13-12-2000 (English)
S.No. 503,Case Number,Crl.A. No.-000820-000820 / 2001,14-08-2001 (English)
S.No. 504,Case Number,Crl.A. No.-000135-000135 / 2001,02-02-2001 (English)
S.No. 505,Case Number,C.A. No.-000665-000665 / 2001,17-01-2001 (English)
S.No. 506,Case Number,C.A. No.-002560-002560 / 1999,07-12-2000 (English)
S.No. 507,Case Number,C.A. No.-001874-001874 / 1999,07-08-2001 (English)
S.No. 508,Case Number,C.A. No.-004406-004410 / 1996,31-01-2001 (English)
S.No. 509,Case Number,C.A. No.-005383-005383 / 2001,17-08-2001 (English)
S.No. 510,Case Number,Crl.A. No.-000453-000453 / 2001,04-04-2001 (English)
S.No. 511,Case Number,Crl.A. No.-000320-000320 / 2001,22-03-2001 (English)
S.No. 512,Case Number,Crl.A. No.-000121-000121 / 2001,30-01-2001 (English)
S.No. 513,Case Number,C.A. No.-000636-000636 / 1998,"13-09-2001 (English)
13-09-2001 (English)"
S.No. 514,Case Number,C.A. No.-007294-007294 / 2001,18-10-2001 (English)
S.No. 515,Case Number,C.A. No.-009147-009147 / 1996,11-04-2001 (English)
S.No. 516,Case Number,C.A. No.-006271-006271 / 1998,"19-09-2001 (English)
19-09-2001 (English)"
S.No. 517,Case Number,C.A. No.-003788-003788 / 2001,10-05-2001 (English)
S.No. 518,Case Number,C.A. No.-006768-006768 / 2000,26-07-2001 (English)
S.No. 519,Case Number,C.A. No.-001095-001096 / 2001,11-09-2001 (English)
S.No. 520,Case Number,Crl.A. No.-001230-001230 / 1998,15-12-2000 (English)
S.No. 521,Case Number,C.A. No.-002710-002712 / 1996,03-04-2001 (English)
S.No. 522,Case Number,Crl.A. No.-000222-000222 / 2001,23-02-2001 (English)
S.No. 523,Case Number,Crl.A. No.-001064-001064 / 2001,18-10-2001 (English)
S.No. 524,Case Number,W.P.(C) No.-000656-000656 / 1998,"03-08-2001 (English)
04-05-2001 (English)"
S.No. 525,Case Number,C.A. No.-004979-004979 / 1995,04-09-2001 (English)
S.No. 526,Case Number,Crl.A. No.-000005-000005 / 2000,07-12-2000 (English)
S.No. 527,Case Number,C.A. No.-004503-004503 / 2001,25-07-2001 (English)
S.No. 528,Case Number,C.A. No.-006498-006498 / 1998,09-04-2001 (English)
S.No. 529,Case Number,Crl.A. No.-000491-000492 / 2000,10-10-2001 (English)
S.No. 530,Case Number,C.A. No.-000278-000278 / 1999,07-11-2000 (English)
S.No. 531,Case Number,C.A. No.-001123-001123 / 2001,08-02-2001 (English)
S.No. 532,Case Number,C.A. No.-000596-000596 / 2000,25-09-2001 (English)
S.No. 533,Case Number,Crl.A. No.-000838-000841 / 1999,07-11-2000 (English)
S.No. 534,Case Number,C.A. No.-008640-008659 / 1997,24-07-2001 (English)
S.No. 535,Case Number,C.A. No.-003415-003420 / 2001,01-05-2001 (English)
S.No. 536,Case Number,C.A. No.-006243-006245 / 1998,18-09-2001 (English)
S.No. 537,Case Number,C.A. No.-001463-001463 / 2001,23-02-2001 (English)
S.No. 538,Case Number,C.A. No.-001560-001560 / 2001,27-02-2001 (English)
S.No. 539,Case Number,C.A. No.-001059-001059 / 2001,06-02-2001 (English)
S.No. 540,Case Number,C.A. No.-004964-004964 / 1999,21-03-2001 (English)
S.No. 541,Case Number,C.A. No.-004041-004041 / 2001,11-07-2001 (English)
S.No. 542,Case Number,C.A. No.-005074-005079 / 1996,12-12-2000 (English)
S.No. 543,Case Number,C.A. No.-001687-001687 / 1998,16-10-2001 (English)
S.No. 544,Case Number,Crl.A. No.-001118-001118 / 2000,24-07-2001 (English)
S.No. 545,Case Number,C.A. No.-004481-004481 / 2001,"24-07-2001 (English)
24-07-2001 (English)"
S.No. 546,Case Number,Crl.A. No.-000941-000941 / 2001,14-09-2001 (English)
S.No. 547,Case Number,C.A. No.-002231-002231 / 1998,14-11-2000 (English)
S.No. 548,Case Number,C.A. No.-001567-001567 / 1996,03-10-2001 (English)
S.No. 549,Case Number,Crl.A. No.-000122-000123 / 2001,30-01-2001 (English)
S.No. 550,Case Number,Crl.A. No.-000232-000232 / 1999,11-05-2001 (English)
S.No. 551,Case Number,SLP(C) No.-000005-000005 / 2000,15-12-2000 (English)
S.No. 552,Case Number,Crl.A. No.-001319-001319 / 1998,27-09-2001 (English)
S.No. 553,Case Number,Crl.A. No.-000389-000389 / 1998,06-08-2001 (English)
S.No. 554,Case Number,C.A. No.-001473-001473 / 1999,20-03-2001 (English)
S.No. 555,Case Number,C.A. No.-006385-006385 / 2000,14-11-2000 (English)
S.No. 556,Case Number,C.A. No.-006469-006469 / 1998,17-07-2001 (English)
S.No. 557,Case Number,C.A. No.-003748-003748 / 1999,30-01-2001 (English)
S.No. 558,Case Number,C.A. No.-007310-007311 / 2000,12-12-2000 (English)
S.No. 559,Case Number,C.A. No.-003759-003759 / 2001,"09-05-2001 (English)
09-05-2001 (English)"
S.No. 560,Case Number,C.A. No.-007349-007349 / 2000,13-07-2001 (English)
S.No. 561,Case Number,C.A. No.-003860-003860 / 2001,11-05-2001 (English)
S.No. 562,Case Number,Crl.A. No.-000024-000024 / 2001,22-03-2001 (English)
S.No. 563,Case Number,C.A. No.-005380-005381 / 2001,17-08-2001 (English)
S.No. 564,Case Number,C.A. No.-006362-006362 / 1998,25-07-2001 (English)
S.No. 565,Case Number,C.A. No.-006492-006492 / 1998,14-11-2000 (English)
S.No. 566,Case Number,C.A. No.-003125-003125 / 1998,23-11-2000 (English)
S.No. 567,Case Number,C.A. No.-003375-003375 / 1998,09-01-2001 (English)
S.No. 568,Case Number,C.A. No.-001778-001779 / 2001,13-03-2001 (English)
S.No. 569,Case Number,C.A. No.-004494-004494 / 2001,20-07-2001 (English)
S.No. 570,Case Number,C.A. No.-005287-005287 / 2001,13-08-2001 (English)
S.No. 571,Case Number,C.A. No.-001309-001309 / 2001,16-02-2001 (English)
S.No. 572,Case Number,Crl.A. No.-000304-000304 / 2001,19-03-2001 (English)
S.No. 573,Case Number,C.A. No.-000619-000626 / 2000,27-07-2001 (English)
S.No. 574,Case Number,C.A. No.-006532-006532 / 2001,20-09-2001 (English)
S.No. 575,Case Number,C.A. No.-001889-001889 / 2000,25-07-2001 (English)
S.No. 576,Case Number,C.A. No.-000095-000095 / 1998,30-08-2001 (English)
S.No. 577,Case Number,C.A. No.-001685-001686 / 2001,02-03-2001 (English)
S.No. 578,Case Number,C.A. No.-002971-002973 / 1997,03-10-2001 (English)
S.No. 579,Case Number,C.A. No.-007423-007423 / 1996,01-12-2000 (English)
S.No. 580,Case Number,C.A. No.-002031-002031 / 2000,27-08-2001 (English)
S.No. 581,Case Number,C.A. No.-000882-000883 / 2001,09-05-2001 (English)
S.No. 582,Case Number,C.A. No.-000401-000401 / 2000,"10-11-2000 (English)
10-11-2000 (English)
10-11-2000 (English)"
S.No. 583,Case Number,C.A. No.-008569-008569 / 1997,09-04-2001 (English)
S.No. 584,Case Number,C.A. No.-000098-000102 / 2000,14-11-2000 (English)
S.No. 585,Case Number,C.A. No.-005233-005234 / 2001,10-08-2001 (English)
S.No. 586,Case Number,C.A. No.-000006-000006 / 2001,03-01-2001 (English)
S.No. 587,Case Number,C.A. No.-006931-006931 / 2000,27-03-2001 (English)
S.No. 588,Case Number,Crl.A. No.-001298-001299 / 1998,02-03-2001 (English)
S.No. 589,Case Number,C.A. No.-003446-003446 / 2001,01-05-2001 (English)
S.No. 590,Case Number,Crl.A. No.-000908-000908 / 2000,01-11-2000 (English)
S.No. 591,Case Number,C.A. No.-002579-002579 / 2000,16-01-2001 (English)
S.No. 592,Case Number,Crl.A. No.-001029-001029 / 2001,"11-10-2001 (English)
11-10-2001 (English)"
S.No. 593,Case Number,C.A. No.-002218-002218 / 1999,31-01-2001 (English)
S.No. 594,Case Number,C.A. No.-007385-007385 / 2000,15-12-2000 (English)
S.No. 595,Case Number,C.A. No.-004939-004940 / 2001,31-07-2001 (English)
S.No. 596,Case Number,C.A. No.-005516-005516 / 2001,17-08-2001 (English)
S.No. 597,Case Number,C.A. No.-001309-001310 / 1998,01-10-2001 (English)
S.No. 598,Case Number,C.A. No.-006122-006122 / 2001,03-09-2001 (English)
S.No. 599,Case Number,C.A. No.-003295-003295 / 2001,25-04-2001 (English)
S.No. 600,Case Number,C.A. No.-000514-000514 / 1999,29-11-2000 (English)
S.No. 601,Case Number,C.A. No.-006508-006509 / 2001,19-09-2001 (English)
S.No. 602,Case Number,C.A. No.-006057-006058 / 2001,31-08-2001 (English)
S.No. 603,Case Number,Crl.A. No.-000194-000194 / 2001,16-02-2001 (English)
S.No. 604,Case Number,C.A. No.-001144-001144 / 1999,01-12-2000 (English)
S.No. 605,Case Number,Crl.A. No.-000086-000086 / 2001,"15-01-2001 (English)
15-01-2001 (English)"
S.No. 606,Case Number,C.A. No.-007077-007077 / 2001,03-10-2001 (English)
S.No. 607,Case Number,C.A. No.-000513-000514 / 1998,01-03-2001 (English)
S.No. 608,Case Number,C.A. No.-004471-004471 / 2001,24-07-2001 (English)
S.No. 609,Case Number,C.A. No.-001692-001692 / 2001,02-03-2001 (English)
S.No. 610,Case Number,C.A. No.-001031-001031 / 2001,"05-02-2001 (English)
05-02-2001 (English)"
S.No. 611,Case Number,C.A. No.-000554-000554 / 1998,20-07-2001 (English)
S.No. 612,Case Number,C.A. No.-001808-001810 / 1998,15-12-2000 (English)
S.No. 613,Case Number,Crl.A. No.-000471-000471 / 1998,26-07-2001 (English)
S.No. 614,Case Number,C.A. No.-005645-005645 / 2001,21-08-2001 (English)
S.No. 615,Case Number,C.A. No.-006501-006501 / 2001,19-09-2001 (English)
S.No. 616,Case Number,C.A. No.-006997-006997 / 2001,05-10-2001 (English)
S.No. 617,Case Number,C.A. No.-000537-000537 / 1998,13-07-2001 (English)
S.No. 618,Case Number,C.A. No.-003167-003167 / 1997,29-08-2001 (English)
S.No. 619,Case Number,Crl.A. No.-000881-000881 / 2001,31-08-2001 (English)
S.No. 620,Case Number,Crl.A. No.-001236-001237 / 1998,14-11-2000 (English)
S.No. 621,Case Number,SLP(C) No.-021000-021000 / 1993,17-11-2000 (English)
S.No. 622,Case Number,C.A. No.-000723-000723 / 1973,01-12-2000 (English)
S.No. 623,Case Number,C.A. No.-006052-006052 / 1998,10-05-2001 (English)
S.No. 624,Case Number,C.A. No.-006053-006053 / 1998,07-08-2001 (English)
S.No. 625,Case Number,W.P.(C) No.-000516-000516 / 1992,10-01-2001 (English)
S.No. 626,Case Number,C.A. No.-001287-001287 / 1990,21-03-2001 (English)
S.No. 627,Case Number,W.P.(C) No.-000868-000868 / 1986,"28-09-2001 (English)
28-09-2001 (English)"
S.No. 628,Case Number,W.P.(C) No.-003815-003819 / 1978,19-03-2001 (English)
S.No. 629,Case Number,C.A. No.-000467-000467 / 1987,01-02-2001 (English)
S.No. 630,Case Number,C.A. No.-003320-003320 / 1997,08-12-2000 (English)
S.No. 631,Case Number,C.A. No.-000533-000533 / 1997,24-01-2001 (English)
S.No. 632,Case Number,Crl.A. No.-000871-000871 / 1997,25-07-2001 (English)
S.No. 633,Case Number,C.A. No.-000262-000262 / 1997,10-07-2001 (English)
S.No. 634,Case Number,C.A. No.-000967-000967 / 1987,09-10-2001 (English)
S.No. 635,Case Number,C.A. No.-000077-000078 / 1989,07-11-2000 (English)
S.No. 636,Case Number,C.A. No.-002025-002025 / 1979,09-10-2001 (English)
S.No. 637,Case Number,SLP(C) No.-002421-002421 / 1993,18-10-2001 (English)
S.No. 638,Case Number,C.A. No.-010202-010204 / 1995,09-02-2001 (English)
S.No. 639,Case Number,C.A. No.-011988-011988 / 1995,09-08-2001 (English)
S.No. 640,Case Number,C.A. No.-000568-000568 / 1981,03-10-2001 (English)
S.No. 641,Case Number,C.A. No.-002749-002751 / 1982,19-03-2001 (English)
S.No. 642,Case Number,W.P.(C) No.-004677-004677 / 1985,"10-05-2001 (English)
01-03-2001 (English)"
S.No. 643,Case Number,W.P.(C) No.-013029-013029 / 1985,26-03-2001 (English)
S.No. 644,Case Number,C.A. No.-008395-008395 / 1983,"15-12-2000 (English)
15-12-2000 (English)"
S.No. 645,Case Number,C.A. No.-003586-003586 / 1984,"10-01-2001 (English)
10-01-2001 (English)
10-01-2001 (English)
10-01-2001 (English)"
S.No. 646,Case Number,C.A. No.-000916-000916 / 1984,25-09-2001 (English)
S.No. 647,Case Number,C.A. No.-002930-002930 / 1984,16-10-2001 (English)
S.No. 648,Case Number,C.A. No.-008530-008540 / 1983,"26-07-2001 (English)
26-07-2001 (English)"
S.No. 649,Case Number,C.A. No.-004475-004476 / 1998,30-11-2000 (English)
S.No. 650,Case Number,C.A. No.-000378-000378 / 1994,14-08-2001 (English)
S.No. 651,Case Number,C.A. No.-002294-002294 / 1986,"28-11-2000 (English)
28-11-2000 (English)"
S.No. 652,Case Number,C.A. No.-005816-005816 / 1994,18-07-2001 (English)
S.No. 653,Case Number,C.A. No.-006725-006725 / 1994,16-08-2001 (English)
S.No. 654,Case Number,C.A. No.-003419-003419 / 1988,28-11-2000 (English)
S.No. 655,Case Number,C.A. No.-002995-002997 / 1984,"10-01-2001 (English)
01-01-2001 (English)"
S.No. 656,Case Number,C.A. No.-001505-001505 / 1988,08-08-2001 (English)
S.No. 657,Case Number,C.A. No.-002457-002457 / 1987,10-01-2001 (English)
S.No. 658,Case Number,Crl.A. No.-000717-000717 / 1994,09-07-2001 (English)
S.No. 659,Case Number,C.A. No.-002529-002529 / 1997,"10-07-2001 (English)
10-07-2001 (English)"
S.No. 660,Case Number,C.A. No.-000377-000377 / 1992,08-11-2000 (English)
S.No. 661,Case Number,W.P.(C) No.-001023-001023 / 1987,"01-05-2001 (English)
01-05-2001 (English)"
S.No. 662,Case Number,C.A. No.-005086-005086 / 1989,15-11-2000 (English)
S.No. 663,Case Number,C.A. No.-005281-005281 / 1996,06-02-2001 (English)
S.No. 664,Case Number,C.A. No.-004944-004944 / 1989,26-03-2001 (English)
S.No. 665,Case Number,C.A. No.-003190-003190 / 1995,18-04-2001 (English)
S.No. 666,Case Number,C.A. No.-002630-002630 / 1989,04-05-2001 (English)
S.No. 667,Case Number,C.A. No.-009768-009776 / 1995,31-08-2001 (English)
S.No. 668,Case Number,C.A. No.-000153-000153 / 1994,09-11-2000 (English)
S.No. 669,Case Number,C.A. No.-004186-004187 / 1988,13-12-2000 (English)
S.No. 670,Case Number,C.A. No.-000041-000041 / 1994,27-04-2001 (English)
S.No. 671,Case Number,C.A. No.-005639-005639 / 2001,"23-08-2001 (English)
23-08-2001 (English)"
S.No. 672,Case Number,Crl.A. No.-000517-000517 / 1992,12-12-2000 (English)
S.No. 673,Case Number,C.A. No.-000499-000499 / 1993,17-08-2001 (English)
S.No. 674,Case Number,C.A. No.-002962-002963 / 1989,07-12-2000 (English)
S.No. 675,Case Number,C.A. No.-003925-003925 / 1990,22-11-2000 (English)
S.No. 676,Case Number,C.A. No.-005007-005007 / 1990,29-11-2000 (English)
S.No. 677,Case Number,Crl.A. No.-000823-000823 / 1994,12-05-2001 (English)
S.No. 678,Case Number,C.A. No.-003593-003596 / 1996,01-02-2001 (English)
S.No. 679,Case Number,C.A. No.-004726-004728 / 1994,22-02-2001 (English)
S.No. 680,Case Number,C.A. No.-015581-015581 / 1996,27-03-2001 (English)
S.No. 681,Case Number,C.A. No.-004721-004721 / 1994,06-09-2001 (English)
S.No. 682,Case Number,C.A. No.-005908-005908 / 1997,07-09-2001 (English)
S.No. 683,Case Number,C.A. No.-005624-005624 / 1994,18-09-2001 (English)
S.No. 684,Case Number,C.A. No.-002738-002738 / 2001,"01-05-2001 (English)
01-05-2001 (English)"
S.No. 685,Case Number,Crl.A. No.-000635-000635 / 1992,02-05-2001 (English)
S.No. 686,Case Number,C.A. No.-003106-003106 / 1991,"28-11-2000 (English)
06-11-2000 (English)"
S.No. 687,Case Number,C.A. No.-000191-000191 / 1991,27-11-2000 (English)
S.No. 688,Case Number,C.A. No.-002159-002159 / 1991,11-01-2001 (English)
S.No. 689,Case Number,C.A. No.-002462-002462 / 1991,21-02-2001 (English)
S.No. 690,Case Number,C.A. No.-004152-004152 / 1991,02-03-2001 (English)
S.No. 691,Case Number,C.A. No.-004319-004319 / 1991,13-03-2001 (English)
S.No. 692,Case Number,C.A. No.-009493-009493 / 1995,25-04-2001 (English)
S.No. 693,Case Number,C.A. No.-004093-004093 / 1991,"17-04-2001 (English)
17-04-2001 (English)
17-04-2001 (English)
17-04-2001 (English)"
S.No. 694,Case Number,C.A. No.-004394-004394 / 1991,11-05-2001 (English)
S.No. 695,Case Number,C.A. No.-003872-003872 / 1992,11-05-2001 (English)
S.No. 696,Case Number,C.A. No.-000392-000392 / 1992,11-01-2001 (English)
S.No. 697,Case Number,C.A. No.-001566-001566 / 1991,"12-09-2001 (English)
12-09-2001 (English)
12-09-2001 (English)"
S.No. 698,Case Number,C.A. No.-002842-002842 / 1991,09-10-2001 (English)
S.No. 699,Case Number,Crl.A. No.-000512-000512 / 1992,13-11-2000 (English)
S.No. 700,Case Number,W.P.(Crl.) No.-001386-001386 / 1991,13-03-2001 (English)
S.No. 701,Case Number,C.A. No.-004803-004808 / 2001,31-07-2001 (English)
S.No. 702,Case Number,C.A. No.-000599-000600 / 1997,24-08-2001 (English)
S.No. 703,Case Number,C.A. No.-001662-001663 / 1994,13-12-2000 (English)
S.No. 704,Case Number,C.A. No.-005656-005914 / 1990,21-11-2000 (English)
S.No. 705,Case Number,C.A. No.-000499-000499 / 1992,19-10-2000 (English)
S.No. 706,Case Number,W.P.(C) No.-000232-000232 / 1991,16-08-2001 (English)
S.No. 707,Case Number,C.A. No.-013192-013192 / 1996,15-11-2000 (English)
S.No. 708,Case Number,C.A. No.-015619-015620 / 1996,28-11-2000 (English)
S.No. 709,Case Number,C.A. No.-012795-012795 / 1996,29-11-2000 (English)
S.No. 710,Case Number,C.A. No.-000392-000392 / 1997,12-12-2000 (English)
S.No. 711,Case Number,C.A. No.-005360-005360 / 1997,15-01-2001 (English)
S.No. 712,Case Number,C.A. No.-001896-001899 / 1997,17-01-2001 (English)
S.No. 713,Case Number,C.A. No.-011768-011768 / 1996,14-02-2001 (English)
S.No. 714,Case Number,C.A. No.-011031-011031 / 1996,16-02-2001 (English)
S.No. 715,Case Number,C.A. No.-012845-012845 / 1996,21-02-2001 (English)
S.No. 716,Case Number,C.A. No.-003162-003162 / 1997,21-02-2001 (English)
S.No. 717,Case Number,C.A. No.-005426-005426 / 1997,13-03-2001 (English)
S.No. 718,Case Number,C.A. No.-006443-006443 / 1997,12-04-2001 (English)
S.No. 719,Case Number,C.A. No.-000226-000226 / 1997,12-04-2001 (English)
S.No. 720,Case Number,C.A. No.-014740-014740 / 1996,17-04-2001 (English)
S.No. 721,Case Number,C.A. No.-003024-003024 / 1997,10-04-2001 (English)
S.No. 722,Case Number,C.A. No.-000774-000774 / 1997,16-04-2001 (English)
S.No. 723,Case Number,C.A. No.-002953-002953 / 1997,25-04-2001 (English)
S.No. 724,Case Number,Crl.A. No.-000649-000649 / 1996,01-05-2001 (English)
S.No. 725,Case Number,C.A. No.-004052-004052 / 1996,02-05-2001 (English)
S.No. 726,Case Number,C.A. No.-007373-007373 / 1996,26-04-2001 (English)
S.No. 727,Case Number,C.A. No.-000247-000247 / 1997,09-05-2001 (English)
S.No. 728,Case Number,C.A. No.-000336-000336 / 1997,01-08-2001 (English)
S.No. 729,Case Number,C.A. No.-004995-004996 / 1997,01-08-2001 (English)
S.No. 730,Case Number,C.A. No.-000244-000244 / 1997,"17-08-2001 (English)
17-08-2001 (English)"
S.No. 731,Case Number,C.A. No.-009166-009166 / 1996,23-08-2001 (English)
S.No. 732,Case Number,C.A. No.-007366-007366 / 1996,24-08-2001 (English)
S.No. 733,Case Number,C.A. No.-007698-007698 / 1996,29-08-2001 (English)
S.No. 734,Case Number,C.A. No.-014743-014743 / 1996,29-08-2001 (English)
S.No. 735,Case Number,C.A. No.-009814-009814 / 1996,28-08-2001 (English)
S.No. 736,Case Number,C.A. No.-012930-012930 / 1996,31-08-2001 (English)
S.No. 737,Case Number,Crl.A. No.-000319-000320 / 1996,06-09-2001 (English)
S.No. 738,Case Number,C.A. No.-005340-005340 / 1997,10-09-2001 (English)
S.No. 739,Case Number,C.A. No.-003125-003125 / 1997,17-09-2001 (English)
S.No. 740,Case Number,C.A. No.-009116-009117 / 1996,25-09-2001 (English)
S.No. 741,Case Number,C.A. No.-001329-001329 / 1997,26-09-2001 (English)
S.No. 742,Case Number,C.A. No.-001715-001715 / 1997,26-09-2001 (English)
S.No. 743,Case Number,C.A. No.-000811-000822 / 1998,12-12-2000 (English)
S.No. 744,Case Number,C.A. No.-007966-007967 / 1996,17-12-2000 (English)
S.No. 745,Case Number,Crl.A. No.-000325-000325 / 1993,09-05-2001 (English)
S.No. 746,Case Number,Crl.A. No.-000453-000453 / 1991,10-08-2001 (English)
S.No. 747,Case Number,W.P.(C) No.-000388-000388 / 1994,31-01-2001 (English)
S.No. 748,Case Number,C.A. No.-015354-015354 / 1996,10-11-2000 (English)
S.No. 749,Case Number,C.A. No.-009738-009738 / 1996,24-08-2001 (English)
S.No. 750,Case Number,Crl.A. No.-000267-000267 / 1991,09-02-2001 (English)
S.No. 751,Case Number,C.A. No.-002987-002989 / 1997,08-12-2000 (English)
S.No. 752,Case Number,C.A. No.-000690-000692 / 1991,01-12-2000 (English)
S.No. 753,Case Number,C.A. No.-002448-002448 / 1992,18-01-2001 (English)
S.No. 754,Case Number,C.A. No.-001031-001031 / 1992,30-01-2001 (English)
S.No. 755,Case Number,Crl.A. No.-000673-000673 / 1992,27-03-2001 (English)
S.No. 756,Case Number,/,17-04-2001 (English)
S.No. 757,Case Number,C.A. No.-006731-006731 / 1994,09-08-2001 (English)
S.No. 758,Case Number,Crl.A. No.-000484-000484 / 1991,07-11-2000 (English)
S.No. 759,Case Number,C.A. No.-002977-002977 / 1992,25-09-2001 (English)
S.No. 760,Case Number,C.A. No.-001809-001809 / 1992,05-10-2001 (English)
S.No. 761,Case Number,Crl.A. No.-000666-000666 / 1991,04-12-2000 (English)
S.No. 762,Case Number,Crl.A. No.-000299-000300 / 1991,08-12-2000 (English)
S.No. 763,Case Number,C.A. No.-006970-006971 / 2000,01-12-2000 (English)
S.No. 764,Case Number,C.A. No.-000486-000486 / 1998,07-12-2000 (English)
S.No. 765,Case Number,Crl.A. No.-000247-000247 / 1991,02-03-2001 (English)
S.No. 766,Case Number,Crl.A. No.-001127-001127 / 1995,08-11-2000 (English)
S.No. 767,Case Number,C.A. No.-003683-003683 / 1996,30-01-2001 (English)
S.No. 768,Case Number,C.A. No.-001616-001616 / 1994,06-02-2001 (English)
S.No. 769,Case Number,C.A. No.-009405-009405 / 1995,27-02-2001 (English)
S.No. 770,Case Number,C.A. No.-001847-001847 / 1994,10-04-2001 (English)
S.No. 771,Case Number,Crl.A. No.-000636-000636 / 1995,26-04-2001 (English)
S.No. 772,Case Number,C.A. No.-014913-014914 / 1996,02-05-2001 (English)
S.No. 773,Case Number,C.A. No.-011189-011189 / 1995,07-09-2001 (English)
S.No. 774,Case Number,C.A. No.-001458-001458 / 1994,04-10-2001 (English)
S.No. 775,Case Number,C.A. No.-005827-005827 / 1998,30-01-2001 (English)
S.No. 776,Case Number,C.A. No.-002522-002522 / 1992,07-12-2000 (English)
S.No. 777,Case Number,C.A. No.-002417-002417 / 1992,14-08-2001 (English)
S.No. 778,Case Number,Crl.A. No.-000409-000409 / 1992,07-02-2001 (English)
S.No. 779,Case Number,Crl.A. No.-000263-000263 / 1992,04-12-2000 (English)
S.No. 780,Case Number,C.A. No.-003853-003854 / 1992,31-07-2001 (English)
S.No. 781,Case Number,C.A. No.-000863-000864 / 1992,"15-02-2001 (English)
15-02-2001 (English)"
S.No. 782,Case Number,C.A. No.-002881-002881 / 1996,11-07-2001 (English)
S.No. 783,Case Number,C.A. No.-000708-000708 / 1993,05-09-2001 (English)
S.No. 784,Case Number,C.A. No.-000943-000943 / 1993,08-05-2001 (English)
