﻿Column-0,Column-1,Column-2,Column-3
S.No. 1,Case Number,Writ Petition (crl.) 1303 of 2007,"28-09-2007 (English)
17-09-2007 (English)
07-08-2007 (English)
18-07-2007 (English)
16-07-2007 (English)
18-05-2007 (English)
18-05-2007 (English)
18-05-2007 (English)
17-05-2007 (English)
15-05-2007 (English)
15-05-2007 (English)"
S.No. 2,Case Number,/,31-10-2006 (English)
S.No. 3,Case Number,/,10-04-2007 (English)
S.No. 4,Case Number,/,23-07-2007 (English)
S.No. 5,Case Number,Crl.A. No.-000267-000267 / 2007,"26-02-2007 (English)
26-02-2007 (English)"
S.No. 6,Case Number,C.A. No.-004813-004813 / 2000,30-11-2006 (English)
S.No. 7,Case Number,C.A. No.-002517-002517 / 2007,15-05-2007 (English)
S.No. 8,Case Number,C.A. No.-002756-002756 / 2007,18-05-2007 (English)
S.No. 9,Case Number,C.A. No.-008031-008031 / 2004,03-04-2007 (English)
S.No. 10,Case Number,W.P.(C) No.-000001-000001 / 2006,"10-01-2007 (English)
10-01-2007 (English)
10-01-2007 (English)
10-01-2007 (English)"
S.No. 11,Case Number,C.A. No.-005093-005093 / 2006,20-11-2006 (English)
S.No. 12,Case Number,C.A. No.-004348-004348 / 2007,18-09-2007 (English)
S.No. 13,Case Number,C.A. No.-002269-002269 / 2004,12-02-2007 (English)
S.No. 14,Case Number,Crl.A. No.-000734-000734 / 2006,11-05-2007 (English)
S.No. 15,Case Number,C.A. No.-001603-001603 / 2008,26-02-2007 (English)
S.No. 16,Case Number,C.A. No.-001235-001235 / 2007,09-03-2007 (English)
S.No. 17,Case Number,C.A. No.-005838-005838 / 2006,15-12-2006 (English)
S.No. 18,Case Number,Crl.A. No.-000487-000487 / 2001,14-06-2007 (English)
S.No. 19,Case Number,C.A. No.-001784-001784 / 2007,04-04-2007 (English)
S.No. 20,Case Number,C.A. No.-000766-000766 / 2004,28-02-2007 (English)
S.No. 21,Case Number,C.A. No.-002206-002206 / 2007,27-04-2007 (English)
S.No. 22,Case Number,C.A. No.-004340-004340 / 2007,18-09-2007 (English)
S.No. 23,Case Number,C.A. No.-004779-004779 / 2006,10-11-2006 (English)
S.No. 24,Case Number,C.A. No.-002019-002019 / 2007,18-04-2007 (English)
S.No. 25,Case Number,Crl.A. No.-000182-000182 / 2005,01-03-2007 (English)
S.No. 26,Case Number,C.A. No.-003499-003500 / 2007,07-08-2007 (English)
S.No. 27,Case Number,C.A. No.-004569-004569 / 2006,19-10-2006 (English)
S.No. 28,Case Number,Crl.A. No.-001130-001130 / 2006,08-11-2006 (English)
S.No. 29,Case Number,C.A. No.-002723-002723 / 2005,28-11-2006 (English)
S.No. 30,Case Number,C.A. No.-004824-004824 / 2000,16-11-2006 (English)
S.No. 31,Case Number,C.A. No.-006063-006064 / 2000,16-04-2007 (English)
S.No. 32,Case Number,C.A. No.-004816-004816 / 2000,13-02-2007 (English)
S.No. 33,Case Number,C.A. No.-000408-000408 / 2007,01-02-2007 (English)
S.No. 34,Case Number,C.A. No.-002716-002716 / 2007,18-05-2007 (English)
S.No. 35,Case Number,C.A. No.-005785-005785 / 2006,13-12-2006 (English)
S.No. 36,Case Number,C.A. No.-007400-007401 / 2000,09-05-2007 (English)
S.No. 37,Case Number,C.A. No.-003467-003467 / 2007,06-08-2007 (English)
S.No. 38,Case Number,Crl.A. No.-001218-001218 / 2007,14-09-2007 (English)
S.No. 39,Case Number,C.A. No.-003303-003303 / 2007,27-07-2007 (English)
S.No. 40,Case Number,C.A. No.-006202-006202 / 2000,31-01-2007 (English)
S.No. 41,Case Number,Crl.A. No.-000130-000130 / 2006,01-08-2007 (English)
S.No. 42,Case Number,C.A. No.-005452-005452 / 2000,27-02-2007 (English)
S.No. 43,Case Number,C.A. No.-004307-004307 / 2007,17-09-2007 (English)
S.No. 44,Case Number,C.A. No.-000743-000743 / 2007,13-02-2007 (English)
S.No. 45,Case Number,C.A. No.-004466-004466 / 2007,24-09-2007 (English)
S.No. 46,Case Number,C.A. No.-000409-000409 / 2007,01-02-2007 (English)
S.No. 47,Case Number,C.A. No.-002197-002197 / 2007,27-04-2007 (English)
S.No. 48,Case Number,C.A. No.-000432-000432 / 2004,04-04-2007 (English)
S.No. 49,Case Number,C.A. No.-000669-000669 / 2001,12-07-2007 (English)
S.No. 50,Case Number,C.A. No.-000534-000534 / 2001,09-04-2007 (English)
S.No. 51,Case Number,Crl.A. No.-000996-000996 / 2006,14-12-2006 (English)
S.No. 52,Case Number,Crl.A. No.-001169-001170 / 2005,24-11-2006 (English)
S.No. 53,Case Number,C.A. No.-000816-000816 / 2001,15-05-2007 (English)
S.No. 54,Case Number,C.A. No.-000924-000924 / 2007,23-02-2007 (English)
S.No. 55,Case Number,C.A. No.-004725-004725 / 2006,08-11-2006 (English)
S.No. 56,Case Number,C.A. No.-004356-004356 / 2006,01-02-2007 (English)
S.No. 57,Case Number,C.A. No.-002740-002740 / 2007,"18-05-2007 (English)
18-05-2007 (English)"
S.No. 58,Case Number,C.A. No.-000865-000867 / 2005,12-10-2007 (English)
S.No. 59,Case Number,C.A. No.-004576-004576 / 2007,28-09-2007 (English)
S.No. 60,Case Number,C.A. No.-001611-001611 / 2006,08-08-2007 (English)
S.No. 61,Case Number,C.A. No.-002747-002747 / 2007,18-05-2007 (English)
S.No. 62,Case Number,C.A. No.-004614-004614 / 2006,31-10-2006 (English)
S.No. 63,Case Number,Crl.A. No.-001330-001330 / 2006,15-12-2006 (English)
S.No. 64,Case Number,C.A. No.-004688-004688 / 2006,07-11-2006 (English)
S.No. 65,Case Number,C.A. No.-004649-004649 / 2002,30-05-2007 (English)
S.No. 66,Case Number,W.P.(C) No.-000061-000061 / 2002,"19-10-2006 (English)
19-10-2006 (English)"
S.No. 67,Case Number,C.A. No.-003540-003540 / 2002,28-05-2007 (English)
S.No. 68,Case Number,C.A. No.-001449-001449 / 2007,19-03-2007 (English)
S.No. 69,Case Number,Crl.A. No.-000672-000672 / 2006,10-11-2006 (English)
S.No. 70,Case Number,C.A. No.-004877-004877 / 2007,12-10-2007 (English)
S.No. 71,Case Number,C.A. No.-006686-006689 / 2003,07-05-2007 (English)
S.No. 72,Case Number,C.A. No.-003988-003988 / 2007,30-08-2007 (English)
S.No. 73,Case Number,W.P.(C) No.-000027-000027 / 2007,13-04-2007 (English)
S.No. 74,Case Number,C.A. No.-000876-000876 / 2007,21-02-2007 (English)
S.No. 75,Case Number,C.A. No.-001818-001818 / 2007,05-04-2007 (English)
S.No. 76,Case Number,C.A. No.-003212-003212 / 2002,13-02-2007 (English)
S.No. 77,Case Number,C.A. No.-001187-001187 / 2007,07-03-2007 (English)
S.No. 78,Case Number,C.A. No.-006413-006413 / 2000,17-01-2007 (English)
S.No. 79,Case Number,C.A. No.-000920-000920 / 2007,23-02-2007 (English)
S.No. 80,Case Number,Crl.A. No.-000330-000330 / 2000,28-09-2007 (English)
S.No. 81,Case Number,C.A. No.-001874-001874 / 2007,10-04-2007 (English)
S.No. 82,Case Number,C.A. No.-001921-001921 / 2007,12-04-2007 (English)
S.No. 83,Case Number,C.A. No.-004343-004343 / 2007,18-09-2007 (English)
S.No. 84,Case Number,Crl.A. No.-000116-000116 / 2006,06-08-2007 (English)
S.No. 85,Case Number,C.A. No.-005354-005354 / 2006,04-12-2006 (English)
S.No. 86,Case Number,Crl.A. No.-000359-000359 / 2007,16-03-2007 (English)
S.No. 87,Case Number,Crl.A. No.-001512-001513 / 2005,19-10-2006 (English)
S.No. 88,Case Number,Crl.A. No.-000258-000258 / 2005,11-10-2007 (English)
S.No. 89,Case Number,Crl.A. No.-001039-001039 / 2001,17-07-2007 (English)
S.No. 90,Case Number,C.A. No.-004550-004550 / 2006,19-10-2006 (English)
S.No. 91,Case Number,C.A. No.-000373-000373 / 2007,31-01-2007 (English)
S.No. 92,Case Number,C.A. No.-001712-001713 / 2002,02-05-2007 (English)
S.No. 93,Case Number,C.A. No.-007384-007388 / 2003,21-03-2007 (English)
S.No. 94,Case Number,C.A. No.-004163-004164 / 2004,08-02-2007 (English)
S.No. 95,Case Number,C.A. No.-004092-004095 / 2002,04-01-2007 (English)
S.No. 96,Case Number,C.A. No.-005130-005130 / 2005,24-04-2007 (English)
S.No. 97,Case Number,C.A. No.-006129-006129 / 2000,23-01-2007 (English)
S.No. 98,Case Number,C.A. No.-005593-005593 / 1997,19-07-2007 (English)
S.No. 99,Case Number,C.A. No.-000851-000851 / 2005,30-05-2007 (English)
S.No. 100,Case Number,C.A. No.-000280-000280 / 2007,16-01-2007 (English)
S.No. 101,Case Number,C.A. No.-001767-001767 / 2007,08-08-2007 (English)
S.No. 102,Case Number,Crl.A. No.-001286-001286 / 2006,08-12-2006 (English)
S.No. 103,Case Number,Crl.A. No.-000624-000624 / 2001,30-08-2007 (English)
S.No. 104,Case Number,Crl.A. No.-001061-001061 / 2007,13-08-2007 (English)
S.No. 105,Case Number,C.A. No.-005818-005818 / 2006,14-12-2006 (English)
S.No. 106,Case Number,Crl.A. No.-000478-000478 / 2005,28-11-2006 (English)
S.No. 107,Case Number,Crl.A. No.-000513-000513 / 2006,08-05-2007 (English)
S.No. 108,Case Number,C.A. No.-001827-001827 / 2005,24-09-2007 (English)
S.No. 109,Case Number,C.A. No.-002730-002730 / 2006,29-11-2006 (English)
S.No. 110,Case Number,C.A. No.-000877-000877 / 2007,21-02-2007 (English)
S.No. 111,Case Number,W.P.(C) No.-000069-000069 / 2006,10-07-2007 (English)
S.No. 112,Case Number,C.A. No.-006482-006482 / 2001,16-05-2007 (English)
S.No. 113,Case Number,Crl.A. No.-000644-000644 / 2006,18-05-2007 (English)
S.No. 114,Case Number,C.A. No.-003765-003765 / 2007,16-08-2007 (English)
S.No. 115,Case Number,C.A. No.-000809-000809 / 2005,08-12-2006 (English)
S.No. 116,Case Number,Crl.A. No.-000283-000283 / 2007,02-03-2007 (English)
S.No. 117,Case Number,Crl.A. No.-000710-000710 / 2007,"10-05-2007 (English)
10-05-2007 (English)"
S.No. 118,Case Number,C.A. No.-000266-000266 / 2007,"17-01-2007 (English)
17-01-2007 (English)"
S.No. 119,Case Number,C.A. No.-002440-002440 / 2007,11-05-2007 (English)
S.No. 120,Case Number,C.A. No.-002392-002392 / 2007,07-05-2007 (English)
S.No. 121,Case Number,C.A. No.-005013-005013 / 2000,29-03-2007 (English)
S.No. 122,Case Number,C.A. No.-004728-004728 / 2006,08-11-2006 (English)
S.No. 123,Case Number,C.A. No.-007059-007060 / 2000,08-02-2007 (English)
S.No. 124,Case Number,C.A. No.-000009-000009 / 2007,04-01-2007 (English)
S.No. 125,Case Number,ARBIT.CASE(C) No.-000017-000017 / 2005,29-03-2007 (English)
S.No. 126,Case Number,Crl.A. No.-001244-001245 / 2003,12-10-2007 (English)
S.No. 127,Case Number,C.A. No.-001971-001971 / 2007,16-04-2007 (English)
S.No. 128,Case Number,C.A. No.-007318-007318 / 2000,17-05-2007 (English)
S.No. 129,Case Number,C.A. No.-001176-001176 / 2006,13-07-2007 (English)
S.No. 130,Case Number,C.A. No.-005813-005813 / 2006,14-12-2006 (English)
S.No. 131,Case Number,Crl.A. No.-000404-000404 / 2004,10-11-2006 (English)
S.No. 132,Case Number,SLP(C) No.-007000-007000 / 2004,30-11-2006 (English)
S.No. 133,Case Number,C.A. No.-004996-004996 / 2006,16-11-2006 (English)
S.No. 134,Case Number,C.A. No.-001465-001465 / 2000,16-11-2006 (English)
S.No. 135,Case Number,C.A. No.-002805-002805 / 2005,05-10-2007 (English)
S.No. 136,Case Number,C.A. No.-002410-002410 / 2007,09-05-2007 (English)
S.No. 137,Case Number,C.A. No.-001702-001702 / 2007,30-03-2007 (English)
S.No. 138,Case Number,Crl.A. No.-001249-001249 / 2007,18-09-2007 (English)
S.No. 139,Case Number,C.A. No.-005197-005197 / 2005,03-08-2007 (English)
S.No. 140,Case Number,C.A. No.-005807-005807 / 2000,07-03-2007 (English)
S.No. 141,Case Number,C.A. No.-002406-002406 / 2007,09-05-2007 (English)
S.No. 142,Case Number,Crl.A. No.-001201-001201 / 2006,22-11-2006 (English)
S.No. 143,Case Number,C.A. No.-005042-005042 / 2000,14-12-2006 (English)
S.No. 144,Case Number,W.P.(C) No.-000202-000202 / 1995,15-12-2006 (English)
S.No. 145,Case Number,C.A. No.-005300-005300 / 2006,01-12-2006 (English)
S.No. 146,Case Number,C.A. No.-001386-001386 / 2005,21-08-2007 (English)
S.No. 147,Case Number,C.A. No.-007797-007797 / 2003,12-01-2007 (English)
S.No. 148,Case Number,C.A. No.-001451-001451 / 2007,19-03-2007 (English)
S.No. 149,Case Number,C.A. No.-000022-000022 / 2007,05-01-2007 (English)
S.No. 150,Case Number,C.A. No.-001882-001882 / 2004,01-08-2007 (English)
S.No. 151,Case Number,Crl.A. No.-001262-001262 / 2005,22-11-2006 (English)
S.No. 152,Case Number,C.A. No.-004739-004739 / 2006,09-11-2006 (English)
S.No. 153,Case Number,C.A. No.-003167-003168 / 2005,11-12-2006 (English)
S.No. 154,Case Number,C.A. No.-001404-001404 / 2007,14-03-2007 (English)
S.No. 155,Case Number,C.A. No.-001854-001855 / 2001,11-10-2007 (English)
S.No. 156,Case Number,C.A. No.-005825-005825 / 2006,02-04-2007 (English)
S.No. 157,Case Number,C.A. No.-007062-007062 / 2000,24-04-2007 (English)
S.No. 158,Case Number,C.A. No.-001983-001984 / 2004,25-01-2007 (English)
S.No. 159,Case Number,W.P.(C) No.-000134-000134 / 1999,09-01-2007 (English)
S.No. 160,Case Number,C.A. No.-004200-004200 / 2007,12-09-2007 (English)
S.No. 161,Case Number,C.A. No.-000418-000418 / 2001,11-04-2007 (English)
S.No. 162,Case Number,Crl.A. No.-000319-000319 / 2007,12-03-2007 (English)
S.No. 163,Case Number,Crl.A. No.-001086-001086 / 2006,19-10-2006 (English)
S.No. 164,Case Number,C.A. No.-007350-007350 / 2000,14-02-2007 (English)
S.No. 165,Case Number,Crl.A. No.-001113-001113 / 2006,02-11-2006 (English)
S.No. 166,Case Number,W.P.(C) No.-000150-000150 / 1997,15-01-2007 (English)
S.No. 167,Case Number,C.A. No.-001672-001672 / 2006,16-05-2007 (English)
S.No. 168,Case Number,C.A. No.-002904-002904 / 2007,21-06-2007 (English)
S.No. 169,Case Number,C.A. No.-004611-004611 / 2006,31-10-2006 (English)
S.No. 170,Case Number,C.A. No.-007345-007345 / 2000,07-03-2007 (English)
S.No. 171,Case Number,C.A. No.-003023-003024 / 2000,15-12-2006 (English)
S.No. 172,Case Number,Crl.A. No.-000530-000530 / 2007,09-04-2007 (English)
S.No. 173,Case Number,C.A. No.-001062-001062 / 2005,10-10-2007 (English)
S.No. 174,Case Number,Crl.A. No.-001444-001444 / 2007,12-10-2007 (English)
S.No. 175,Case Number,Crl.A. No.-000243-000243 / 2007,14-09-2007 (English)
S.No. 176,Case Number,Crl.A. No.-000757-000757 / 2007,17-05-2007 (English)
S.No. 177,Case Number,C.A. No.-001583-001583 / 2007,26-03-2007 (English)
S.No. 178,Case Number,C.A. No.-004493-004493 / 2007,"24-09-2007 (English)
24-09-2007 (English)"
S.No. 179,Case Number,C.A. No.-000840-000840 / 2007,19-02-2007 (English)
S.No. 180,Case Number,C.A. No.-005699-005699 / 2006,11-12-2006 (English)
S.No. 181,Case Number,C.A. No.-000117-000117 / 2001,04-10-2007 (English)
S.No. 182,Case Number,C.A. No.-000412-000412 / 2007,01-02-2007 (English)
S.No. 183,Case Number,C.A. No.-005614-005614 / 2006,05-12-2006 (English)
S.No. 184,Case Number,Crl.A. No.-000860-000860 / 2007,11-07-2007 (English)
S.No. 185,Case Number,C.A. No.-002653-002653 / 2007,15-05-2007 (English)
S.No. 186,Case Number,C.A. No.-001393-001393 / 2001,09-07-2007 (English)
S.No. 187,Case Number,C.A. No.-001200-001200 / 2007,08-03-2007 (English)
S.No. 188,Case Number,Crl.A. No.-000689-000689 / 2007,07-05-2007 (English)
S.No. 189,Case Number,C.A. No.-002527-002527 / 2007,15-05-2007 (English)
S.No. 190,Case Number,C.A. No.-003008-003008 / 2001,"04-10-2007 (English)
07-01-2007 (English)"
S.No. 191,Case Number,C.A. No.-003251-003251 / 2005,16-11-2006 (English)
S.No. 192,Case Number,T.P.(C) No.-000228-000228 / 2004,20-11-2006 (English)
S.No. 193,Case Number,C.A. No.-002681-002681 / 2007,16-05-2007 (English)
S.No. 194,Case Number,C.A. No.-000814-000814 / 2007,19-02-2007 (English)
S.No. 195,Case Number,Crl.A. No.-000099-000099 / 2006,10-04-2007 (English)
S.No. 196,Case Number,C.A. No.-005483-005483 / 2000,19-10-2006 (English)
S.No. 197,Case Number,Crl.A. No.-000502-000502 / 2006,09-03-2007 (English)
S.No. 198,Case Number,C.A. No.-003551-003551 / 2007,08-08-2007 (English)
S.No. 199,Case Number,C.A. No.-001844-001844 / 2007,09-04-2007 (English)
S.No. 200,Case Number,C.A. No.-007356-007356 / 2000,12-07-2007 (English)
S.No. 201,Case Number,Crl.A. No.-000449-000449 / 2006,24-11-2006 (English)
S.No. 202,Case Number,Crl.A. No.-001248-001248 / 2007,18-09-2007 (English)
S.No. 203,Case Number,C.A. No.-002952-002952 / 2007,11-07-2007 (English)
S.No. 204,Case Number,C.A. No.-002078-002078 / 2007,20-04-2007 (English)
S.No. 205,Case Number,C.A. No.-005226-005226 / 2004,19-10-2006 (English)
S.No. 206,Case Number,C.A. No.-000800-000800 / 2005,12-12-2006 (English)
S.No. 207,Case Number,C.A. No.-006756-006756 / 2003,13-11-2006 (English)
S.No. 208,Case Number,C.A. No.-006102-006102 / 2001,26-09-2007 (English)
S.No. 209,Case Number,C.A. No.-004561-004561 / 2006,19-10-2006 (English)
S.No. 210,Case Number,C.A. No.-002274-002274 / 2007,30-04-2007 (English)
S.No. 211,Case Number,C.A. No.-005151-005151 / 2006,22-11-2006 (English)
S.No. 212,Case Number,Crl.A. No.-000618-000620 / 2001,01-06-2007 (English)
S.No. 213,Case Number,C.A. No.-005197-005197 / 2000,14-05-2007 (English)
S.No. 214,Case Number,C.A. No.-006383-006383 / 2003,19-10-2006 (English)
S.No. 215,Case Number,C.A. No.-004190-004190 / 2007,11-09-2007 (English)
S.No. 216,Case Number,C.A. No.-002319-002319 / 2004,16-07-2007 (English)
S.No. 217,Case Number,C.A. No.-001601-001602 / 2004,18-05-2007 (English)
S.No. 218,Case Number,C.A. No.-000096-000096 / 2007,08-01-2007 (English)
S.No. 219,Case Number,ARBIT.CASE(C) No.-000008-000008 / 2006,16-11-2006 (English)
S.No. 220,Case Number,C.A. No.-001389-001389 / 2007,15-03-2007 (English)
S.No. 221,Case Number,C.A. No.-002106-002106 / 2007,23-04-2007 (English)
S.No. 222,Case Number,C.A. No.-000255-000255 / 2007,17-01-2007 (English)
S.No. 223,Case Number,C.A. No.-002707-002707 / 2007,17-05-2007 (English)
S.No. 224,Case Number,C.A. No.-002317-002317 / 2007,02-05-2007 (English)
S.No. 225,Case Number,Crl.A. No.-000732-000732 / 2001,12-10-2007 (English)
S.No. 226,Case Number,Crl.A. No.-001205-001205 / 1999,23-07-2007 (English)
S.No. 227,Case Number,Crl.A. No.-000525-000525 / 2004,24-04-2007 (English)
S.No. 228,Case Number,C.A. No.-001037-001037 / 2007,27-02-2007 (English)
S.No. 229,Case Number,C.A. No.-007990-007990 / 2004,10-01-2007 (English)
S.No. 230,Case Number,Crl.A. No.-000329-000329 / 2006,04-04-2007 (English)
S.No. 231,Case Number,C.A. No.-004446-004446 / 2005,30-03-2007 (English)
S.No. 232,Case Number,Crl.A. No.-000552-000552 / 2002,12-06-2007 (English)
S.No. 233,Case Number,C.A. No.-005149-005149 / 2006,22-11-2006 (English)
S.No. 234,Case Number,C.A. No.-004780-004780 / 2006,10-11-2006 (English)
S.No. 235,Case Number,Crl.A. No.-000007-000007 / 2007,04-01-2007 (English)
S.No. 236,Case Number,C.A. No.-001215-001215 / 2007,08-03-2007 (English)
S.No. 237,Case Number,Crl.A. No.-000321-000321 / 2001,31-05-2007 (English)
S.No. 238,Case Number,C.A. No.-005669-005669 / 2006,08-12-2006 (English)
S.No. 239,Case Number,C.A. No.-002951-002951 / 2007,11-07-2007 (English)
S.No. 240,Case Number,C.A. No.-000576-000576 / 2005,16-03-2007 (English)
S.No. 241,Case Number,C.A. No.-005186-005186 / 2006,24-11-2006 (English)
S.No. 242,Case Number,Crl.A. No.-000561-000562 / 2005,24-11-2006 (English)
S.No. 243,Case Number,C.A. No.-000640-000640 / 2007,07-02-2007 (English)
S.No. 244,Case Number,C.A. No.-000921-000921 / 2007,23-02-2007 (English)
S.No. 245,Case Number,C.A. No.-005837-005837 / 2006,15-12-2006 (English)
S.No. 246,Case Number,C.A. No.-004588-004588 / 2007,26-09-2007 (English)
S.No. 247,Case Number,Crl.A. No.-000769-000769 / 2007,18-05-2007 (English)
S.No. 248,Case Number,C.A. No.-002564-002564 / 2005,09-05-2007 (English)
S.No. 249,Case Number,C.A. No.-007948-007948 / 2004,16-07-2007 (English)
S.No. 250,Case Number,C.A. No.-000262-000262 / 2007,17-01-2007 (English)
S.No. 251,Case Number,C.A. No.-002831-002831 / 2007,23-05-2007 (English)
S.No. 252,Case Number,Crl.A. No.-000444-000444 / 2006,19-10-2006 (English)
S.No. 253,Case Number,C.A. No.-004459-004459 / 2004,22-02-2007 (English)
S.No. 254,Case Number,C.A. No.-004425-004425 / 2007,21-09-2007 (English)
S.No. 255,Case Number,Crl.A. No.-000629-000629 / 2007,26-04-2007 (English)
S.No. 256,Case Number,C.A. No.-004555-004555 / 2006,19-10-2006 (English)
S.No. 257,Case Number,C.A. No.-005610-005610 / 2006,05-12-2006 (English)
S.No. 258,Case Number,C.A. No.-004884-004885 / 2007,12-10-2007 (English)
S.No. 259,Case Number,C.A. No.-004886-004886 / 2007,12-10-2007 (English)
S.No. 260,Case Number,C.A. No.-002819-002819 / 2002,22-08-2007 (English)
S.No. 261,Case Number,Crl.A. No.-000795-000795 / 2001,05-06-2007 (English)
S.No. 262,Case Number,C.A. No.-002494-002494 / 2007,14-05-2007 (English)
S.No. 263,Case Number,C.A. No.-002700-002701 / 2000,19-04-2007 (English)
S.No. 264,Case Number,C.A. No.-004357-004358 / 2000,19-10-2006 (English)
S.No. 265,Case Number,Crl.A. No.-000635-000635 / 2001,20-06-2007 (English)
S.No. 266,Case Number,C.A. No.-004554-004554 / 2006,19-10-2006 (English)
S.No. 267,Case Number,C.A. No.-000765-000765 / 2007,"14-02-2007 (English)
14-02-2007 (English)
14-02-2007 (English)"
S.No. 268,Case Number,Crl.A. No.-000339-000339 / 2002,18-07-2007 (English)
S.No. 269,Case Number,C.A. No.-004845-004847 / 2007,12-10-2007 (English)
S.No. 270,Case Number,C.A. No.-002520-002520 / 2007,15-05-2007 (English)
S.No. 271,Case Number,C.A. No.-005635-005635 / 2006,06-12-2006 (English)
S.No. 272,Case Number,C.A. No.-003659-003659 / 2003,09-02-2007 (English)
S.No. 273,Case Number,C.A. No.-002698-002698 / 2007,17-05-2007 (English)
S.No. 274,Case Number,C.A. No.-004632-004632 / 2006,01-11-2006 (English)
S.No. 275,Case Number,C.A. No.-007318-007318 / 2003,28-11-2006 (English)
S.No. 276,Case Number,ARBIT.CASE(C) No.-000011-000011 / 2006,18-05-2007 (English)
S.No. 277,Case Number,C.A. No.-000927-000927 / 2007,23-02-2007 (English)
S.No. 278,Case Number,Crl.A. No.-000899-000899 / 2005,28-05-2007 (English)
S.No. 279,Case Number,Crl.A. No.-001531-001531 / 2004,16-11-2006 (English)
S.No. 280,Case Number,Crl.A. No.-000624-000624 / 2005,14-09-2007 (English)
S.No. 281,Case Number,Crl.A. No.-000828-000828 / 2007,06-06-2007 (English)
S.No. 282,Case Number,C.A. No.-000702-000709 / 2001,24-09-2007 (English)
S.No. 283,Case Number,C.A. No.-006146-006146 / 2005,30-03-2007 (English)
S.No. 284,Case Number,C.A. No.-005048-005048 / 2000,20-02-2007 (English)
S.No. 285,Case Number,/,18-09-2007 (English)
S.No. 286,Case Number,Crl.A. No.-000664-000664 / 2002,20-02-2007 (English)
S.No. 287,Case Number,C.A. No.-000860-000860 / 2007,20-02-2007 (English)
S.No. 288,Case Number,C.A. No.-002479-002479 / 2007,14-05-2007 (English)
S.No. 289,Case Number,C.A. No.-000267-000267 / 2007,17-01-2007 (English)
S.No. 290,Case Number,C.A. No.-005654-005654 / 2006,04-12-2006 (English)
S.No. 291,Case Number,C.A. No.-009042-009042 / 2003,15-03-2007 (English)
S.No. 292,Case Number,Crl.A. No.-000801-000801 / 2003,06-12-2006 (English)
S.No. 293,Case Number,Crl.A. No.-000448-000448 / 2001,05-09-2007 (English)
S.No. 294,Case Number,C.A. No.-000503-000503 / 2007,"06-02-2007 (English)
06-02-2007 (English)"
S.No. 295,Case Number,C.A. No.-001704-001704 / 2007,30-03-2007 (English)
S.No. 296,Case Number,C.A. No.-000220-000220 / 2007,"15-01-2007 (English)
15-01-2007 (English)"
S.No. 297,Case Number,C.A. No.-004705-004705 / 1999,19-10-2006 (English)
S.No. 298,Case Number,C.A. No.-000653-000653 / 2007,09-02-2007 (English)
S.No. 299,Case Number,C.A. No.-004868-004868 / 2007,12-10-2007 (English)
S.No. 300,Case Number,C.A. No.-002903-002903 / 2007,20-06-2007 (English)
S.No. 301,Case Number,Crl.A. No.-001211-001211 / 2006,24-11-2006 (English)
S.No. 302,Case Number,C.A. No.-003765-003765 / 2001,09-10-2007 (English)
S.No. 303,Case Number,Crl.A. No.-001336-001336 / 2006,01-11-2006 (English)
S.No. 304,Case Number,W.P.(C) No.-000117-000117 / 2006,05-12-2006 (English)
S.No. 305,Case Number,C.A. No.-001223-001224 / 2005,28-02-2007 (English)
S.No. 306,Case Number,C.A. No.-008563-008563 / 2002,10-05-2007 (English)
S.No. 307,Case Number,C.A. No.-000781-000781 / 2007,15-02-2007 (English)
S.No. 308,Case Number,C.A. No.-004722-004722 / 2006,08-11-2006 (English)
S.No. 309,Case Number,C.A. No.-002104-002104 / 2006,17-08-2007 (English)
S.No. 310,Case Number,Crl.A. No.-000526-000526 / 2001,24-04-2007 (English)
S.No. 311,Case Number,Crl.A. No.-000353-000353 / 2007,15-03-2007 (English)
S.No. 312,Case Number,Crl.A. No.-000677-000677 / 2002,07-06-2007 (English)
S.No. 313,Case Number,W.P.(C) No.-000196-000196 / 2001,"09-07-2007 (English)
13-12-2006 (English)"
S.No. 314,Case Number,Crl.A. No.-001250-001250 / 2007,18-09-2007 (English)
S.No. 315,Case Number,C.A. No.-005608-005608 / 2006,05-12-2006 (English)
S.No. 316,Case Number,C.A. No.-004488-004488 / 2005,15-11-2006 (English)
S.No. 317,Case Number,C.A. No.-007953-007953 / 2004,17-04-2007 (English)
S.No. 318,Case Number,Crl.A. No.-000244-000244 / 2006,03-05-2007 (English)
S.No. 319,Case Number,C.A. No.-005460-005466 / 2004,04-04-2007 (English)
S.No. 320,Case Number,C.A. No.-001372-001372 / 2006,19-10-2006 (English)
S.No. 321,Case Number,C.A. No.-004769-004769 / 2006,10-11-2006 (English)
S.No. 322,Case Number,C.A. No.-003139-003139 / 2002,29-08-2007 (English)
S.No. 323,Case Number,C.A. No.-004633-004633 / 2006,01-11-2006 (English)
S.No. 324,Case Number,Crl.A. No.-000675-000675 / 2006,05-12-2006 (English)
S.No. 325,Case Number,T.P.(C) No.-000214-000214 / 2006,09-11-2006 (English)
S.No. 326,Case Number,Crl.A. No.-000943-000943 / 2007,27-07-2007 (English)
S.No. 327,Case Number,C.A. No.-001234-001234 / 2007,09-03-2007 (English)
S.No. 328,Case Number,C.A. No.-006988-006988 / 2005,01-03-2007 (English)
S.No. 329,Case Number,C.A. No.-000254-000254 / 2004,24-11-2006 (English)
S.No. 330,Case Number,C.A. No.-000231-000231 / 2007,16-01-2007 (English)
S.No. 331,Case Number,C.A. No.-005146-005146 / 2006,22-11-2006 (English)
S.No. 332,Case Number,C.A. No.-001021-001021 / 2007,27-02-2007 (English)
S.No. 333,Case Number,Crl.A. No.-000734-000734 / 2007,15-05-2007 (English)
S.No. 334,Case Number,C.A. No.-004660-004660 / 2006,03-11-2006 (English)
S.No. 335,Case Number,C.A. No.-006569-006569 / 2005,10-07-2007 (English)
S.No. 336,Case Number,Crl.A. No.-000009-000009 / 2001,10-07-2007 (English)
S.No. 337,Case Number,C.A. No.-003553-003554 / 2005,02-08-2007 (English)
S.No. 338,Case Number,C.A. No.-005928-005929 / 2004,15-03-2007 (English)
S.No. 339,Case Number,C.A. No.-004574-004574 / 2006,19-10-2006 (English)
S.No. 340,Case Number,Crl.A. No.-001262-001262 / 2001,30-07-2007 (English)
S.No. 341,Case Number,C.A. No.-000971-000971 / 2007,18-05-2007 (English)
S.No. 342,Case Number,C.A. No.-001895-001895 / 2006,11-12-2006 (English)
S.No. 343,Case Number,C.A. No.-004808-004808 / 2007,11-10-2007 (English)
S.No. 344,Case Number,C.A. No.-005097-005099 / 2004,07-03-2007 (English)
S.No. 345,Case Number,Crl.A. No.-000371-000371 / 2007,19-03-2007 (English)
S.No. 346,Case Number,C.A. No.-006345-006345 / 2000,18-05-2007 (English)
S.No. 347,Case Number,SLP(C) No.-005753-005753 / 2006,09-07-2007 (English)
S.No. 348,Case Number,W.P.(C) No.-000165-000165 / 2005,09-01-2007 (English)
S.No. 349,Case Number,C.A. No.-000684-000684 / 2003,"01-08-2007 (English)
01-08-2007 (English)
01-08-2007 (English)"
S.No. 350,Case Number,C.A. No.-001783-001783 / 2007,04-04-2007 (English)
S.No. 351,Case Number,Crl.A. No.-000284-000284 / 2001,25-07-2007 (English)
S.No. 352,Case Number,Crl.A. No.-001131-001131 / 2000,29-11-2006 (English)
S.No. 353,Case Number,C.A. No.-006724-006729 / 2003,30-07-2007 (English)
S.No. 354,Case Number,Crl.A. No.-001674-001674 / 2005,24-11-2006 (English)
S.No. 355,Case Number,C.A. No.-001575-001575 / 2007,20-08-2007 (English)
S.No. 356,Case Number,Crl.A. No.-000555-000555 / 2007,"13-04-2007 (English)
13-04-2007 (English)"
S.No. 357,Case Number,C.A. No.-000678-000678 / 2006,11-10-2007 (English)
S.No. 358,Case Number,Crl.A. No.-000415-000415 / 2006,15-05-2007 (English)
S.No. 359,Case Number,C.A. No.-005355-005355 / 2006,17-08-2007 (English)
S.No. 360,Case Number,C.A. No.-002333-002333 / 2007,30-04-2007 (English)
S.No. 361,Case Number,C.A. No.-002412-002412 / 2007,09-05-2007 (English)
S.No. 362,Case Number,C.A. No.-001587-001587 / 2005,21-08-2007 (English)
S.No. 363,Case Number,C.A. No.-006099-006099 / 2001,26-03-2007 (English)
S.No. 364,Case Number,Crl.A. No.-000744-000744 / 2006,07-02-2007 (English)
S.No. 365,Case Number,Crl.A. No.-001137-001137 / 2006,10-11-2006 (English)
S.No. 366,Case Number,C.A. No.-000856-000856 / 2007,20-02-2007 (English)
S.No. 367,Case Number,C.A. No.-001897-001897 / 2006,26-02-2007 (English)
S.No. 368,Case Number,Crl.A. No.-000873-000873 / 2004,02-03-2007 (English)
S.No. 369,Case Number,C.A. No.-001269-001269 / 2007,30-07-2007 (English)
S.No. 370,Case Number,Crl.A. No.-001377-001377 / 1999,23-03-2007 (English)
S.No. 371,Case Number,Crl.A. No.-001443-001443 / 2007,12-10-2007 (English)
S.No. 372,Case Number,C.A. No.-002422-002459 / 2001,20-08-2007 (English)
S.No. 373,Case Number,C.A. No.-007637-007637 / 2004,17-04-2007 (English)
S.No. 374,Case Number,C.A. No.-002321-002321 / 2007,12-10-2007 (English)
S.No. 375,Case Number,C.A. No.-002530-002530 / 2007,15-05-2007 (English)
S.No. 376,Case Number,Crl.A. No.-000453-000453 / 2006,16-01-2007 (English)
S.No. 377,Case Number,C.A. No.-000223-000223 / 2004,17-01-2007 (English)
S.No. 378,Case Number,C.A. No.-006663-006663 / 2000,09-04-2007 (English)
S.No. 379,Case Number,Crl.A. No.-000985-000985 / 2005,14-12-2006 (English)
S.No. 380,Case Number,C.A. No.-002367-002367 / 2007,08-08-2007 (English)
S.No. 381,Case Number,C.A. No.-006156-006157 / 2002,13-04-2007 (English)
S.No. 382,Case Number,C.A. No.-003691-003691 / 2005,27-04-2007 (English)
S.No. 383,Case Number,C.A. No.-005720-005720 / 2006,12-12-2006 (English)
S.No. 384,Case Number,C.A. No.-001542-001542 / 2007,22-03-2007 (English)
S.No. 385,Case Number,C.A. No.-005281-005281 / 2005,24-11-2006 (English)
S.No. 386,Case Number,Crl.A. No.-001275-001275 / 2001,13-06-2007 (English)
S.No. 387,Case Number,C.A. No.-000897-000897 / 2007,22-02-2007 (English)
S.No. 388,Case Number,Crl.A. No.-001088-001088 / 2000,12-10-2007 (English)
S.No. 389,Case Number,Crl.A. No.-001150-001150 / 2007,31-08-2007 (English)
S.No. 390,Case Number,CONMT.PET.(C) No.-000148-000148 / 2003,15-03-2007 (English)
S.No. 391,Case Number,C.A. No.-000919-000919 / 2007,23-02-2007 (English)
S.No. 392,Case Number,C.A. No.-003596-003596 / 2005,17-01-2007 (English)
S.No. 393,Case Number,Crl.A. No.-001287-001287 / 2006,08-12-2006 (English)
S.No. 394,Case Number,C.A. No.-000202-000202 / 2002,29-03-2007 (English)
S.No. 395,Case Number,C.A. No.-000892-000892 / 2007,28-09-2007 (English)
S.No. 396,Case Number,Crl.A. No.-001086-001086 / 2007,17-08-2007 (English)
S.No. 397,Case Number,Crl.A. No.-000731-000731 / 2000,08-03-2007 (English)
S.No. 398,Case Number,C.A. No.-000853-000853 / 2006,08-03-2007 (English)
S.No. 399,Case Number,C.A. No.-004790-004790 / 2006,10-11-2006 (English)
S.No. 400,Case Number,C.A. No.-004881-004881 / 2007,12-10-2007 (English)
S.No. 401,Case Number,Crl.A. No.-000248-000248 / 2001,05-06-2007 (English)
S.No. 402,Case Number,Crl.A. No.-000885-000885 / 2002,27-08-2007 (English)
S.No. 403,Case Number,Crl.A. No.-001313-001313 / 2006,04-06-2007 (English)
S.No. 404,Case Number,C.A. No.-004594-004594 / 2007,26-09-2007 (English)
S.No. 405,Case Number,C.A. No.-006497-006500 / 1994,12-12-2006 (English)
S.No. 406,Case Number,C.A. No.-008098-008098 / 2004,27-04-2007 (English)
S.No. 407,Case Number,C.A. No.-003821-003823 / 2005,10-09-2007 (English)
S.No. 408,Case Number,C.A. No.-005670-005671 / 2000,28-09-2007 (English)
S.No. 409,Case Number,C.A. No.-002195-002195 / 2007,"27-04-2007 (English)
27-04-2007 (English)"
S.No. 410,Case Number,C.A. No.-005045-005100 / 2001,12-10-2007 (English)
S.No. 411,Case Number,C.A. No.-002920-002920 / 2007,09-07-2007 (English)
S.No. 412,Case Number,W.P.(C) No.-000275-000275 / 1999,02-05-2007 (English)
S.No. 413,Case Number,Crl.A. No.-001262-001262 / 2007,19-09-2007 (English)
S.No. 414,Case Number,Crl.A. No.-000202-000202 / 2007,13-02-2007 (English)
S.No. 415,Case Number,C.A. No.-007232-007232 / 2003,12-10-2007 (English)
S.No. 416,Case Number,C.A. No.-003827-003827 / 2007,20-08-2007 (English)
S.No. 417,Case Number,C.A. No.-002060-002060 / 2007,19-04-2007 (English)
S.No. 418,Case Number,C.A. No.-004841-004841 / 2007,12-10-2007 (English)
S.No. 419,Case Number,Crl.A. No.-000980-000980 / 2007,01-08-2007 (English)
S.No. 420,Case Number,C.A. No.-003889-003889 / 2007,24-08-2007 (English)
S.No. 421,Case Number,C.A. No.-005874-005874 / 2000,12-10-2007 (English)
S.No. 422,Case Number,Crl.A. No.-000085-000087 / 2000,"21-08-2007 (English)
21-08-2007 (English)"
S.No. 423,Case Number,C.A. No.-004563-004563 / 2006,19-10-2006 (English)
S.No. 424,Case Number,C.A. No.-003179-003181 / 2005,24-08-2007 (English)
S.No. 425,Case Number,C.A. No.-004880-004880 / 2007,12-10-2007 (English)
S.No. 426,Case Number,C.A. No.-002536-002536 / 2007,15-05-2007 (English)
S.No. 427,Case Number,C.A. No.-004409-004409 / 2005,25-04-2007 (English)
S.No. 428,Case Number,Crl.A. No.-001275-001275 / 2007,21-09-2007 (English)
S.No. 429,Case Number,C.A. No.-001730-001730 / 2007,02-04-2007 (English)
S.No. 430,Case Number,Crl.A. No.-000844-000846 / 2005,"12-10-2007 (English)
12-10-2007 (English)"
S.No. 431,Case Number,Crl.A. No.-000188-000188 / 2007,12-02-2007 (English)
S.No. 432,Case Number,C.A. No.-005060-005060 / 2005,15-12-2006 (English)
S.No. 433,Case Number,Crl.A. No.-001304-001304 / 2007,28-09-2007 (English)
S.No. 434,Case Number,Crl.A. No.-001427-001427 / 2007,12-10-2007 (English)
S.No. 435,Case Number,C.A. No.-005181-005181 / 2006,24-11-2006 (English)
S.No. 436,Case Number,Crl.A. No.-000934-000934 / 2007,25-07-2007 (English)
S.No. 437,Case Number,C.A. No.-001526-001526 / 2007,21-03-2007 (English)
S.No. 438,Case Number,Crl.A. No.-000782-000782 / 2001,14-09-2007 (English)
S.No. 439,Case Number,C.A. No.-004570-004570 / 2006,"19-10-2006 (English)
19-10-2006 (English)"
S.No. 440,Case Number,Crl.A. No.-000927-000927 / 2007,24-07-2007 (English)
S.No. 441,Case Number,Crl.A. No.-000050-000050 / 2002,01-08-2007 (English)
S.No. 442,Case Number,C.A. No.-002431-002431 / 2007,10-05-2007 (English)
S.No. 443,Case Number,C.A. No.-006489-006490 / 2000,07-02-2007 (English)
S.No. 444,Case Number,C.A. No.-001532-001532 / 2005,"21-08-2007 (English)
21-08-2007 (English)"
S.No. 445,Case Number,C.A. No.-008501-008501 / 2002,11-12-2006 (English)
S.No. 446,Case Number,C.A. No.-004887-004887 / 2007,12-10-2007 (English)
S.No. 447,Case Number,Crl.A. No.-000653-000653 / 2006,20-03-2007 (English)
S.No. 448,Case Number,T.P.(C) No.-000250-000250 / 2006,28-09-2007 (English)
S.No. 449,Case Number,C.A. No.-003703-003703 / 2003,"27-08-2007 (English)
27-08-2007 (English)"
S.No. 450,Case Number,C.A. No.-003067-003067 / 2004,18-05-2007 (English)
S.No. 451,Case Number,C.A. No.-000782-000782 / 2007,15-02-2007 (English)
S.No. 452,Case Number,C.A. No.-004130-004130 / 2006,31-10-2006 (English)
S.No. 453,Case Number,Crl.A. No.-000262-000262 / 2007,26-02-2007 (English)
S.No. 454,Case Number,C.A. No.-001041-001044 / 2004,15-05-2007 (English)
S.No. 455,Case Number,C.A. No.-004158-004186 / 2001,27-04-2007 (English)
S.No. 456,Case Number,Crl.A. No.-000752-000755 / 2005,12-10-2007 (English)
S.No. 457,Case Number,C.A. No.-002480-002480 / 2007,14-05-2007 (English)
S.No. 458,Case Number,Crl.A. No.-000981-000982 / 2000,20-06-2007 (English)
S.No. 459,Case Number,C.A. No.-000509-000509 / 2002,29-03-2007 (English)
S.No. 460,Case Number,C.A. No.-004534-004534 / 2004,31-10-2006 (English)
S.No. 461,Case Number,C.A. No.-006347-006347 / 2005,12-04-2007 (English)
S.No. 462,Case Number,Crl.A. No.-001432-001432 / 2007,12-10-2007 (English)
S.No. 463,Case Number,C.A. No.-000191-000191 / 2007,09-05-2007 (English)
S.No. 464,Case Number,C.A. No.-001262-001262 / 2004,09-05-2007 (English)
S.No. 465,Case Number,C.A. No.-004409-004409 / 2000,30-11-2006 (English)
S.No. 466,Case Number,C.A. No.-005453-005453 / 2000,12-07-2007 (English)
S.No. 467,Case Number,C.A. No.-000814-000814 / 2005,14-08-2007 (English)
S.No. 468,Case Number,C.A. No.-002149-002149 / 2006,20-04-2007 (English)
S.No. 469,Case Number,Crl.A. No.-000665-000665 / 2007,03-05-2007 (English)
S.No. 470,Case Number,C.A. No.-004586-004586 / 2007,28-09-2007 (English)
S.No. 471,Case Number,C.A. No.-004992-004993 / 2000,13-03-2007 (English)
S.No. 472,Case Number,C.A. No.-000149-000149 / 2007,10-01-2007 (English)
S.No. 473,Case Number,C.A. No.-005118-005118 / 2002,29-05-2007 (English)
S.No. 474,Case Number,C.A. No.-002061-002061 / 2006,24-11-2006 (English)
S.No. 475,Case Number,C.A. No.-005145-005145 / 2003,15-02-2007 (English)
S.No. 476,Case Number,Crl.A. No.-000745-000745 / 2000,07-11-2006 (English)
S.No. 477,Case Number,C.A. No.-001572-001572 / 2007,26-03-2007 (English)
S.No. 478,Case Number,C.A. No.-005721-005725 / 2001,03-07-2007 (English)
S.No. 479,Case Number,C.A. No.-003233-003233 / 2006,10-01-2007 (English)
S.No. 480,Case Number,C.A. No.-000326-000326 / 2007,23-01-2007 (English)
S.No. 481,Case Number,Crl.A. No.-000851-000851 / 2006,06-11-2006 (English)
S.No. 482,Case Number,C.A. No.-004610-004610 / 2006,31-10-2006 (English)
S.No. 483,Case Number,C.A. No.-000255-000255 / 2004,27-04-2007 (English)
S.No. 484,Case Number,Crl.A. No.-000664-000664 / 2007,03-05-2007 (English)
S.No. 485,Case Number,C.A. No.-007999-007999 / 2002,10-11-2006 (English)
S.No. 486,Case Number,C.A. No.-002851-002851 / 2005,18-07-2007 (English)
S.No. 487,Case Number,C.A. No.-005665-005665 / 2006,08-12-2006 (English)
S.No. 488,Case Number,C.A. No.-005033-005033 / 2003,22-08-2007 (English)
S.No. 489,Case Number,C.A. No.-007333-007333 / 2004,09-04-2007 (English)
S.No. 490,Case Number,C.A. No.-003874-003874 / 2001,01-02-2007 (English)
S.No. 491,Case Number,Crl.A. No.-000708-000708 / 2005,01-05-2007 (English)
S.No. 492,Case Number,C.A. No.-004732-004732 / 2006,08-11-2006 (English)
S.No. 493,Case Number,C.A. No.-004657-004657 / 2006,02-11-2006 (English)
S.No. 494,Case Number,C.A. No.-005353-005353 / 2000,19-07-2007 (English)
S.No. 495,Case Number,Crl.A. No.-001106-001106 / 2006,03-04-2007 (English)
S.No. 496,Case Number,C.A. No.-001497-001497 / 2007,20-03-2007 (English)
S.No. 497,Case Number,C.A. No.-006195-006195 / 2000,11-01-2007 (English)
S.No. 498,Case Number,Crl.A. No.-001224-001224 / 2006,27-11-2006 (English)
S.No. 499,Case Number,C.A. No.-005367-005368 / 2005,31-01-2007 (English)
S.No. 500,Case Number,Crl.A. No.-000215-000215 / 2007,15-02-2007 (English)
S.No. 501,Case Number,C.A. No.-004699-004699 / 2006,07-11-2006 (English)
S.No. 502,Case Number,C.A. No.-004944-004944 / 2001,07-11-2006 (English)
S.No. 503,Case Number,Crl.A. No.-000223-000223 / 2007,19-02-2007 (English)
S.No. 504,Case Number,Crl.A. No.-000402-000402 / 2007,21-03-2007 (English)
S.No. 505,Case Number,C.A. No.-007133-007133 / 2000,09-05-2007 (English)
S.No. 506,Case Number,C.A. No.-000822-000822 / 2000,13-12-2006 (English)
S.No. 507,Case Number,Crl.A. No.-000212-000212 / 2007,15-02-2007 (English)
S.No. 508,Case Number,C.A. No.-005301-005302 / 2001,28-11-2006 (English)
S.No. 509,Case Number,C.A. No.-002532-002532 / 2007,15-05-2007 (English)
S.No. 510,Case Number,Crl.A. No.-000844-000844 / 2006,05-12-2006 (English)
S.No. 511,Case Number,Crl.A. No.-000491-000491 / 2007,05-04-2007 (English)
S.No. 512,Case Number,C.A. No.-001344-001344 / 2007,14-03-2007 (English)
S.No. 513,Case Number,C.A. No.-003713-003713 / 2001,11-09-2007 (English)
S.No. 514,Case Number,Crl.A. No.-000021-000021 / 2007,08-01-2007 (English)
S.No. 515,Case Number,Crl.A. No.-001101-001101 / 2006,31-10-2006 (English)
S.No. 516,Case Number,C.A. No.-004041-004042 / 2007,05-09-2007 (English)
S.No. 517,Case Number,Crl.A. No.-001003-001003 / 2007,03-08-2007 (English)
S.No. 518,Case Number,C.A. No.-002426-002428 / 2000,20-09-2007 (English)
S.No. 519,Case Number,C.A. No.-001204-001204 / 2007,08-03-2007 (English)
S.No. 520,Case Number,C.A. No.-005687-005687 / 2000,08-03-2007 (English)
S.No. 521,Case Number,C.A. No.-004349-004349 / 2006,17-01-2007 (English)
S.No. 522,Case Number,C.A. No.-004093-004093 / 2004,08-12-2006 (English)
S.No. 523,Case Number,Crl.A. No.-000932-000932 / 2000,04-01-2007 (English)
S.No. 524,Case Number,C.A. No.-005809-005809 / 2000,07-03-2007 (English)
S.No. 525,Case Number,Crl.A. No.-000648-000648 / 2007,07-09-2007 (English)
S.No. 526,Case Number,C.A. No.-008046-008046 / 2004,31-10-2006 (English)
S.No. 527,Case Number,C.A. No.-004608-004608 / 2003,16-05-2007 (English)
S.No. 528,Case Number,C.A. No.-002442-002442 / 2007,11-05-2007 (English)
S.No. 529,Case Number,C.A. No.-002515-002515 / 2006,"07-11-2006 (English)
07-11-2006 (English)
07-11-2006 (English)"
S.No. 530,Case Number,Crl.A. No.-000844-000844 / 2002,21-06-2007 (English)
S.No. 531,Case Number,C.A. No.-004832-004832 / 2007,12-10-2007 (English)
S.No. 532,Case Number,C.A. No.-002065-002065 / 2007,19-04-2007 (English)
S.No. 533,Case Number,W.P.(C) No.-000205-000205 / 2006,17-01-2007 (English)
S.No. 534,Case Number,C.A. No.-004567-004567 / 2002,05-10-2007 (English)
S.No. 535,Case Number,Crl.A. No.-000822-000825 / 2001,14-06-2007 (English)
S.No. 536,Case Number,C.A. No.-000445-000445 / 2000,06-12-2006 (English)
S.No. 537,Case Number,C.A. No.-001035-001035 / 2000,06-12-2006 (English)
S.No. 538,Case Number,C.A. No.-003732-003732 / 2001,19-09-2007 (English)
S.No. 539,Case Number,Crl.A. No.-000895-000895 / 2005,15-02-2007 (English)
S.No. 540,Case Number,C.A. No.-004291-004291 / 2000,21-11-2006 (English)
S.No. 541,Case Number,C.A. No.-007256-007256 / 2005,08-08-2007 (English)
S.No. 542,Case Number,C.A. No.-002653-002653 / 2006,20-03-2007 (English)
S.No. 543,Case Number,Crl.A. No.-001318-001318 / 2006,14-12-2006 (English)
S.No. 544,Case Number,C.A. No.-005184-005184 / 2006,24-11-2006 (English)
S.No. 545,Case Number,C.A. No.-003262-003270 / 2002,27-08-2007 (English)
S.No. 546,Case Number,C.A. No.-005271-005271 / 2006,29-11-2006 (English)
S.No. 547,Case Number,C.A. No.-001576-001576 / 2007,26-03-2007 (English)
S.No. 548,Case Number,C.A. No.-005230-005230 / 2004,17-01-2007 (English)
S.No. 549,Case Number,Crl.A. No.-000867-000867 / 2006,14-05-2007 (English)
S.No. 550,Case Number,C.A. No.-005150-005150 / 2006,22-11-2006 (English)
S.No. 551,Case Number,C.A. No.-005503-005503 / 2003,12-01-2007 (English)
S.No. 552,Case Number,C.A. No.-004657-004657 / 2007,05-10-2007 (English)
S.No. 553,Case Number,C.A. No.-005345-005345 / 2001,26-04-2007 (English)
S.No. 554,Case Number,Crl.A. No.-000704-000704 / 2007,09-05-2007 (English)
S.No. 555,Case Number,C.A. No.-006760-006761 / 2004,02-05-2007 (English)
S.No. 556,Case Number,C.A. No.-000318-000322 / 2006,19-04-2007 (English)
S.No. 557,Case Number,C.A. No.-004636-004636 / 2006,01-11-2006 (English)
S.No. 558,Case Number,C.A. No.-004772-004772 / 2006,10-11-2006 (English)
S.No. 559,Case Number,ARBIT.CASE(C) No.-000015-000015 / 2006,22-05-2007 (English)
S.No. 560,Case Number,C.A. No.-001331-001331 / 2001,12-07-2007 (English)
S.No. 561,Case Number,Crl.A. No.-001338-001338 / 2007,04-10-2007 (English)
S.No. 562,Case Number,C.A. No.-002748-002748 / 2007,18-05-2007 (English)
S.No. 563,Case Number,Crl.A. No.-000477-000477 / 2001,21-06-2007 (English)
S.No. 564,Case Number,Crl.A. No.-001390-001390 / 2007,09-10-2007 (English)
S.No. 565,Case Number,Crl.A. No.-001082-001082 / 2005,18-05-2007 (English)
S.No. 566,Case Number,C.A. No.-000322-000322 / 2007,23-01-2007 (English)
S.No. 567,Case Number,C.A. No.-006593-006594 / 2005,16-11-2006 (English)
S.No. 568,Case Number,C.A. No.-004312-004312 / 2007,17-09-2007 (English)
S.No. 569,Case Number,Crl.A. No.-000867-000868 / 2005,12-12-2006 (English)
S.No. 570,Case Number,C.A. No.-002181-002182 / 2001,24-09-2007 (English)
S.No. 571,Case Number,C.A. No.-001097-001097 / 2007,28-02-2007 (English)
S.No. 572,Case Number,Crl.A. No.-001172-001172 / 2006,16-11-2006 (English)
S.No. 573,Case Number,C.A. No.-000686-000686 / 2005,16-05-2007 (English)
S.No. 574,Case Number,C.A. No.-004771-004771 / 2006,10-11-2006 (English)
S.No. 575,Case Number,C.A. No.-002990-002990 / 2006,02-05-2007 (English)
S.No. 576,Case Number,Crl.A. No.-001302-001302 / 2007,28-09-2007 (English)
S.No. 577,Case Number,C.A. No.-004329-004329 / 2003,28-09-2007 (English)
S.No. 578,Case Number,C.A. No.-002001-002001 / 2006,27-08-2007 (English)
S.No. 579,Case Number,Crl.A. No.-000045-000045 / 2007,11-01-2007 (English)
S.No. 580,Case Number,C.A. No.-004325-004325 / 2006,03-04-2007 (English)
S.No. 581,Case Number,C.A. No.-004732-004732 / 2007,09-10-2007 (English)
S.No. 582,Case Number,C.A. No.-002697-002697 / 2007,17-05-2007 (English)
S.No. 583,Case Number,C.A. No.-003578-003578 / 2005,18-01-2007 (English)
S.No. 584,Case Number,C.A. No.-001527-001527 / 2007,20-03-2007 (English)
S.No. 585,Case Number,C.A. No.-004454-004466 / 2000,29-08-2007 (English)
S.No. 586,Case Number,C.A. No.-008815-008816 / 2003,07-12-2006 (English)
S.No. 587,Case Number,C.A. No.-005415-005417 / 2002,24-05-2007 (English)
S.No. 588,Case Number,Crl.A. No.-001293-001293 / 2006,11-12-2006 (English)
S.No. 589,Case Number,C.A. No.-001320-001320 / 2007,"13-03-2007 (English)
13-03-2007 (English)"
S.No. 590,Case Number,C.A. No.-008599-008599 / 2003,27-11-2006 (English)
S.No. 591,Case Number,C.A. No.-004108-004108 / 2007,07-09-2007 (English)
S.No. 592,Case Number,C.A. No.-005666-005666 / 2006,08-12-2006 (English)
S.No. 593,Case Number,Crl.A. No.-000830-000830 / 2002,01-05-2007 (English)
S.No. 594,Case Number,Crl.A. No.-001635-001635 / 2005,24-11-2006 (English)
S.No. 595,Case Number,C.A. No.-002558-002559 / 2004,03-07-2007 (English)
S.No. 596,Case Number,Crl.A. No.-001114-001114 / 2000,14-03-2007 (English)
S.No. 597,Case Number,C.A. No.-004247-004247 / 2006,24-08-2007 (English)
S.No. 598,Case Number,Crl.A. No.-001181-001181 / 2001,21-06-2007 (English)
S.No. 599,Case Number,C.A. No.-002468-002469 / 2005,27-08-2007 (English)
S.No. 600,Case Number,W.P.(C) No.-000274-000274 / 2005,05-10-2007 (English)
S.No. 601,Case Number,C.A. No.-002124-002124 / 2007,24-04-2007 (English)
S.No. 602,Case Number,Crl.A. No.-001612-001612 / 2005,12-10-2007 (English)
S.No. 603,Case Number,C.A. No.-004626-004626 / 2007,03-10-2007 (English)
S.No. 604,Case Number,Crl.A. No.-001613-001613 / 2005,05-01-2007 (English)
S.No. 605,Case Number,C.A. No.-002388-002388 / 2007,25-02-2007 (English)
S.No. 606,Case Number,Crl.A. No.-000097-000097 / 2000,05-12-2006 (English)
S.No. 607,Case Number,C.A. No.-006925-006925 / 2000,20-02-2007 (English)
S.No. 608,Case Number,C.A. No.-003715-003715 / 2005,17-01-2007 (English)
S.No. 609,Case Number,C.A. No.-006758-006758 / 2001,17-05-2007 (English)
S.No. 610,Case Number,C.A. No.-000095-000095 / 2007,08-01-2007 (English)
S.No. 611,Case Number,Crl.A. No.-000853-000853 / 2006,15-02-2007 (English)
S.No. 612,Case Number,C.A. No.-000010-000010 / 2007,04-01-2007 (English)
S.No. 613,Case Number,C.A. No.-001401-001401 / 2007,15-03-2007 (English)
S.No. 614,Case Number,C.A. No.-002506-002506 / 2007,14-05-2007 (English)
S.No. 615,Case Number,C.A. No.-000065-000065 / 2007,05-01-2007 (English)
S.No. 616,Case Number,C.A. No.-005573-005573 / 2006,04-12-2006 (English)
S.No. 617,Case Number,C.A. No.-006104-006106 / 2001,09-07-2007 (English)
S.No. 618,Case Number,C.A. No.-005648-005648 / 2006,30-04-2007 (English)
S.No. 619,Case Number,C.A. No.-001600-001600 / 2007,28-03-2007 (English)
S.No. 620,Case Number,C.A. No.-004604-004604 / 2006,30-10-2006 (English)
S.No. 621,Case Number,C.A. No.-001122-001122 / 2007,28-02-2007 (English)
S.No. 622,Case Number,C.A. No.-003340-003340 / 2007,30-07-2007 (English)
S.No. 623,Case Number,W.P.(C) No.-000287-000287 / 2004,11-12-2006 (English)
S.No. 624,Case Number,C.A. No.-004490-004490 / 2007,25-09-2007 (English)
S.No. 625,Case Number,C.A. No.-000130-000130 / 2007,09-01-2007 (English)
S.No. 626,Case Number,C.A. No.-006222-006222 / 2000,02-02-2007 (English)
S.No. 627,Case Number,Crl.A. No.-001307-001307 / 2006,20-06-2007 (English)
S.No. 628,Case Number,Crl.A. No.-001216-001216 / 2001,09-10-2007 (English)
S.No. 629,Case Number,C.A. No.-004913-004913 / 2006,13-11-2006 (English)
S.No. 630,Case Number,C.A. No.-003984-003984 / 2007,30-08-2007 (English)
S.No. 631,Case Number,Crl.A. No.-000486-000486 / 2007,05-04-2007 (English)
S.No. 632,Case Number,C.A. No.-006607-006607 / 2005,20-11-2006 (English)
S.No. 633,Case Number,C.A. No.-001099-001099 / 2007,28-02-2007 (English)
S.No. 634,Case Number,CONMT.PET.(C) No.-000136-000137 / 2005,20-03-2007 (English)
S.No. 635,Case Number,C.A. No.-000926-000926 / 2007,23-02-2007 (English)
S.No. 636,Case Number,Crl.A. No.-001080-001080 / 2006,19-10-2006 (English)
S.No. 637,Case Number,C.A. No.-004559-004561 / 2002,24-05-2007 (English)
S.No. 638,Case Number,C.A. No.-006197-006197 / 2001,11-05-2007 (English)
S.No. 639,Case Number,C.A. No.-003735-003738 / 2007,14-08-2007 (English)
S.No. 640,Case Number,C.A. No.-008607-008607 / 2001,19-03-2007 (English)
S.No. 641,Case Number,C.A. No.-004560-004560 / 2007,28-09-2007 (English)
S.No. 642,Case Number,C.A. No.-005823-005823 / 2006,14-12-2006 (English)
S.No. 643,Case Number,C.A. No.-008061-008062 / 2001,10-05-2007 (English)
S.No. 644,Case Number,C.A. No.-002086-002087 / 2004,02-02-2007 (English)
S.No. 645,Case Number,C.A. No.-004770-004770 / 2006,10-11-2006 (English)
S.No. 646,Case Number,Crl.A. No.-000829-000829 / 2007,06-06-2007 (English)
S.No. 647,Case Number,C.A. No.-006975-006975 / 2004,31-10-2006 (English)
S.No. 648,Case Number,Crl.A. No.-000728-000728 / 2007,14-05-2007 (English)
S.No. 649,Case Number,C.A. No.-004590-004590 / 2004,21-09-2007 (English)
S.No. 650,Case Number,C.A. No.-002362-002362 / 2005,22-05-2007 (English)
S.No. 651,Case Number,C.A. No.-003986-003986 / 2004,03-01-2007 (English)
S.No. 652,Case Number,Crl.A. No.-001604-001604 / 2005,22-11-2006 (English)
S.No. 653,Case Number,C.A. No.-005519-005520 / 2007,18-05-2007 (English)
S.No. 654,Case Number,Crl.A. No.-001115-001115 / 1999,"19-06-2007 (English)
19-06-2007 (English)"
S.No. 655,Case Number,Crl.A. No.-000875-000878 / 2000,27-04-2007 (English)
S.No. 656,Case Number,C.A. No.-001539-001539 / 2007,22-03-2007 (English)
S.No. 657,Case Number,C.A. No.-005391-005393 / 2002,15-05-2007 (English)
S.No. 658,Case Number,ARBIT.CASE(C) No.-000018-000018 / 2005,08-03-2007 (English)
S.No. 659,Case Number,Crl.A. No.-000325-000325 / 2002,13-09-2007 (English)
S.No. 660,Case Number,Crl.A. No.-000584-000584 / 2001,04-06-2007 (English)
S.No. 661,Case Number,Crl.A. No.-001261-001261 / 2006,04-12-2006 (English)
S.No. 662,Case Number,W.P.(C) No.-000265-000265 / 2006,"17-05-2007 (English)
29-03-2007 (English)"
S.No. 663,Case Number,C.A. No.-004759-004759 / 2006,10-11-2006 (English)
S.No. 664,Case Number,Crl.A. No.-000904-000904 / 2007,17-07-2007 (English)
S.No. 665,Case Number,Crl.A. No.-001334-001334 / 2004,30-11-2006 (English)
S.No. 666,Case Number,C.A. No.-004058-004058 / 2007,05-09-2007 (English)
S.No. 667,Case Number,Crl.A. No.-000680-000680 / 2006,26-02-2007 (English)
S.No. 668,Case Number,C.A. No.-004265-004265 / 2007,"14-09-2007 (English)
14-09-2007 (English)"
S.No. 669,Case Number,C.A. No.-003568-003568 / 2001,09-07-2007 (English)
S.No. 670,Case Number,C.A. No.-004965-004965 / 2000,08-05-2007 (English)
S.No. 671,Case Number,C.A. No.-006721-006721 / 2004,17-04-2007 (English)
S.No. 672,Case Number,C.A. No.-001763-001763 / 2007,03-04-2007 (English)
S.No. 673,Case Number,C.A. No.-001426-001426 / 2007,16-03-2007 (English)
S.No. 674,Case Number,C.A. No.-008128-008128 / 2004,31-10-2006 (English)
S.No. 675,Case Number,C.A. No.-005462-005462 / 2002,17-05-2007 (English)
S.No. 676,Case Number,C.A. No.-000711-000711 / 2007,13-02-2007 (English)
S.No. 677,Case Number,C.A. No.-004782-004782 / 2006,10-11-2006 (English)
S.No. 678,Case Number,C.A. No.-006211-006211 / 2000,20-03-2007 (English)
S.No. 679,Case Number,C.A. No.-004911-004911 / 2006,13-11-2006 (English)
S.No. 680,Case Number,C.A. No.-001280-001280 / 2007,12-03-2007 (English)
S.No. 681,Case Number,Crl.A. No.-001000-001000 / 2007,02-08-2007 (English)
S.No. 682,Case Number,Crl.A. No.-000835-000835 / 2007,21-06-2007 (English)
S.No. 683,Case Number,C.A. No.-005542-005542 / 2004,11-07-2007 (English)
S.No. 684,Case Number,C.A. No.-005494-005494 / 2000,23-03-2007 (English)
S.No. 685,Case Number,Crl.A. No.-000765-000765 / 2003,26-09-2007 (English)
S.No. 686,Case Number,C.A. No.-006660-006660 / 2000,26-02-2007 (English)
S.No. 687,Case Number,Crl.A. No.-001269-001269 / 2006,05-12-2006 (English)
S.No. 688,Case Number,C.A. No.-000864-000864 / 2007,20-02-2007 (English)
S.No. 689,Case Number,C.A. No.-005268-005268 / 2006,29-11-2006 (English)
S.No. 690,Case Number,C.A. No.-004310-004310 / 2007,17-09-2007 (English)
S.No. 691,Case Number,C.A. No.-003940-003940 / 2007,"27-08-2007 (English)
27-08-2007 (English)"
S.No. 692,Case Number,Crl.A. No.-000963-000963 / 2001,20-07-2007 (English)
S.No. 693,Case Number,Crl.A. No.-000743-000743 / 2007,16-05-2007 (English)
S.No. 694,Case Number,Crl.A. No.-000927-000927 / 2004,08-05-2007 (English)
S.No. 695,Case Number,C.A. No.-001136-001136 / 2007,02-03-2007 (English)
S.No. 696,Case Number,Crl.A. No.-000115-000115 / 2006,22-11-2006 (English)
S.No. 697,Case Number,C.A. No.-005079-005079 / 2000,23-02-2007 (English)
S.No. 698,Case Number,Crl.A. No.-000034-000034 / 2007,09-01-2007 (English)
S.No. 699,Case Number,C.A. No.-006429-006429 / 2002,12-09-2007 (English)
S.No. 700,Case Number,Crl.A. No.-000686-000686 / 2007,07-05-2007 (English)
S.No. 701,Case Number,W.P.(C) No.-000657-000657 / 1995,"11-09-2007 (English)
06-09-2007 (English)"
S.No. 702,Case Number,C.A. No.-005094-005094 / 2006,17-11-2006 (English)
S.No. 703,Case Number,C.A. No.-000644-000644 / 2007,08-02-2007 (English)
S.No. 704,Case Number,C.A. No.-004761-004761 / 2006,23-02-2007 (English)
S.No. 705,Case Number,C.A. No.-004843-004843 / 2007,12-10-2007 (English)
S.No. 706,Case Number,C.A. No.-004890-004890 / 2007,12-10-2007 (English)
S.No. 707,Case Number,C.A. No.-002693-002693 / 2007,17-05-2007 (English)
S.No. 708,Case Number,C.A. No.-002387-002387 / 2007,08-05-2007 (English)
S.No. 709,Case Number,Crl.A. No.-001228-001228 / 1998,02-05-2007 (English)
S.No. 710,Case Number,C.A. No.-000325-000325 / 2007,23-01-2007 (English)
S.No. 711,Case Number,C.A. No.-000177-000177 / 2007,12-01-2007 (English)
S.No. 712,Case Number,Crl.A. No.-000205-000205 / 2001,25-07-2007 (English)
S.No. 713,Case Number,C.A. No.-002733-002733 / 2006,15-02-2007 (English)
S.No. 714,Case Number,C.A. No.-004601-004601 / 2005,18-05-2007 (English)
S.No. 715,Case Number,Crl.A. No.-000585-000585 / 2001,20-06-2007 (English)
S.No. 716,Case Number,C.A. No.-002043-002043 / 2007,09-10-2007 (English)
S.No. 717,Case Number,C.A. No.-002914-002914 / 2007,09-07-2007 (English)
S.No. 718,Case Number,C.A. No.-003807-003807 / 2007,20-08-2007 (English)
S.No. 719,Case Number,C.A. No.-001813-001813 / 2007,05-04-2007 (English)
S.No. 720,Case Number,C.A. No.-001220-001220 / 2007,08-03-2007 (English)
S.No. 721,Case Number,C.A. No.-003907-003907 / 2007,24-08-2007 (English)
S.No. 722,Case Number,Crl.A. No.-001114-001114 / 2006,02-11-2006 (English)
S.No. 723,Case Number,C.A. No.-004619-004619 / 2006,31-10-2006 (English)
S.No. 724,Case Number,C.A. No.-004481-004481 / 2007,25-09-2007 (English)
S.No. 725,Case Number,Crl.A. No.-000233-000233 / 2007,20-02-2007 (English)
S.No. 726,Case Number,C.A. No.-002208-002208 / 2007,27-04-2007 (English)
S.No. 727,Case Number,Crl.A. No.-000142-000142 / 2005,09-11-2006 (English)
S.No. 728,Case Number,C.A. No.-005107-005107 / 2000,"16-04-2007 (English)
16-04-2007 (English)"
S.No. 729,Case Number,C.A. No.-004889-004889 / 2007,12-10-2007 (English)
S.No. 730,Case Number,Crl.A. No.-001009-001009 / 2002,13-07-2007 (English)
S.No. 731,Case Number,C.A. No.-004465-004465 / 2007,24-09-2007 (English)
S.No. 732,Case Number,Crl.A. No.-001107-001107 / 2007,21-08-2007 (English)
S.No. 733,Case Number,C.A. No.-004755-004755 / 2007,10-10-2007 (English)
S.No. 734,Case Number,C.A. No.-000252-000252 / 2007,17-01-2007 (English)
S.No. 735,Case Number,C.A. No.-005306-005307 / 2002,09-05-2007 (English)
S.No. 736,Case Number,Crl.A. No.-000038-000038 / 2001,30-05-2007 (English)
S.No. 737,Case Number,C.A. No.-002661-002661 / 2004,22-02-2007 (English)
S.No. 738,Case Number,C.A. No.-005673-005673 / 2006,07-12-2006 (English)
S.No. 739,Case Number,Crl.A. No.-000693-000693 / 2006,15-05-2007 (English)
S.No. 740,Case Number,C.A. No.-007171-007171 / 2000,14-03-2007 (English)
S.No. 741,Case Number,Crl.A. No.-000651-000651 / 2007,30-04-2007 (English)
S.No. 742,Case Number,Crl.A. No.-000277-000277 / 2000,29-11-2006 (English)
S.No. 743,Case Number,C.A. No.-000497-000498 / 2001,24-09-2007 (English)
S.No. 744,Case Number,C.A. No.-000429-000429 / 2007,02-02-2007 (English)
S.No. 745,Case Number,C.A. No.-001873-001873 / 2007,10-04-2007 (English)
S.No. 746,Case Number,C.A. No.-007962-007962 / 2004,03-05-2007 (English)
S.No. 747,Case Number,C.A. No.-000427-000427 / 2007,02-02-2007 (English)
S.No. 748,Case Number,C.A. No.-006459-006459 / 2003,21-03-2007 (English)
S.No. 749,Case Number,C.A. No.-003174-003174 / 2006,23-11-2006 (English)
S.No. 750,Case Number,C.A. No.-005663-005663 / 2006,08-12-2006 (English)
S.No. 751,Case Number,C.A. No.-005353-005353 / 2006,04-12-2006 (English)
S.No. 752,Case Number,Crl.A. No.-001362-001362 / 2002,20-06-2007 (English)
S.No. 753,Case Number,C.A. No.-001391-001391 / 2007,15-03-2007 (English)
S.No. 754,Case Number,C.A. No.-007128-007128 / 2001,21-08-2007 (English)
S.No. 755,Case Number,C.A. No.-000852-000852 / 2007,20-02-2007 (English)
S.No. 756,Case Number,C.A. No.-005095-005095 / 2006,17-11-2006 (English)
S.No. 757,Case Number,C.A. No.-004829-004829 / 2007,12-10-2007 (English)
S.No. 758,Case Number,C.A. No.-006835-006835 / 2000,"16-05-2007 (English)
16-05-2007 (English)"
S.No. 759,Case Number,C.A. No.-000414-000414 / 2001,08-05-2007 (English)
S.No. 760,Case Number,C.A. No.-004110-004110 / 2007,07-09-2007 (English)
S.No. 761,Case Number,C.A. No.-000175-000175 / 2007,12-01-2007 (English)
S.No. 762,Case Number,C.A. No.-003230-003230 / 2007,24-07-2007 (English)
S.No. 763,Case Number,C.A. No.-002940-002941 / 2007,"10-07-2007 (English)
10-07-2007 (English)"
S.No. 764,Case Number,C.A. No.-001970-001970 / 2007,16-04-2007 (English)
S.No. 765,Case Number,C.A. No.-004876-004876 / 2007,12-10-2007 (English)
S.No. 766,Case Number,C.A. No.-006619-006619 / 2001,27-11-2006 (English)
S.No. 767,Case Number,Crl.A. No.-001394-001395 / 2004,12-10-2007 (English)
S.No. 768,Case Number,C.A. No.-006587-006588 / 2000,09-02-2007 (English)
S.No. 769,Case Number,C.A. No.-002428-002428 / 2007,09-05-2007 (English)
S.No. 770,Case Number,SLP(C) No.-010281-010281 / 2006,07-11-2006 (English)
S.No. 771,Case Number,Crl.A. No.-001410-001410 / 2007,10-10-2007 (English)
S.No. 772,Case Number,C.A. No.-004156-004157 / 2002,12-02-2007 (English)
S.No. 773,Case Number,C.A. No.-002880-002881 / 2005,07-02-2007 (English)
S.No. 774,Case Number,C.A. No.-001839-001839 / 2005,01-12-2006 (English)
S.No. 775,Case Number,Crl.A. No.-001313-001313 / 2007,01-10-2007 (English)
S.No. 776,Case Number,C.A. No.-005129-005129 / 2006,21-11-2006 (English)
S.No. 777,Case Number,C.A. No.-001120-001120 / 2007,01-03-2007 (English)
S.No. 778,Case Number,C.A. No.-000648-000648 / 2007,09-02-2007 (English)
S.No. 779,Case Number,C.A. No.-007336-007336 / 2002,16-08-2007 (English)
S.No. 780,Case Number,C.A. No.-006327-006327 / 2005,30-08-2007 (English)
S.No. 781,Case Number,Crl.A. No.-001122-001122 / 2007,24-08-2007 (English)
S.No. 782,Case Number,C.A. No.-002024-002024 / 2007,18-04-2007 (English)
S.No. 783,Case Number,Crl.A. No.-000634-000634 / 2007,27-04-2007 (English)
S.No. 784,Case Number,C.A. No.-003429-003429 / 2002,25-01-2007 (English)
S.No. 785,Case Number,ARBIT.CASE(C) No.-000012-000012 / 2007,21-08-2007 (English)
S.No. 786,Case Number,Crl.A. No.-001090-001090 / 2007,20-08-2007 (English)
S.No. 787,Case Number,C.A. No.-002201-002201 / 2007,27-04-2007 (English)
S.No. 788,Case Number,Crl.A. No.-001308-001308 / 2001,14-06-2007 (English)
S.No. 789,Case Number,CONMT.PET.(C) No.-000289-000289 / 2003,10-10-2007 (English)
S.No. 790,Case Number,C.A. No.-005295-005295 / 2006,01-12-2006 (English)
S.No. 791,Case Number,C.A. No.-001107-001107 / 2007,28-02-2007 (English)
S.No. 792,Case Number,C.A. No.-001584-001584 / 2004,25-01-2007 (English)
S.No. 793,Case Number,Crl.A. No.-001251-001251 / 2007,18-09-2007 (English)
S.No. 794,Case Number,C.A. No.-000486-000486 / 2003,"26-02-2007 (English)
26-02-2007 (English)"
S.No. 795,Case Number,C.A. No.-007777-007780 / 2001,14-08-2007 (English)
S.No. 796,Case Number,C.A. No.-003216-003216 / 2007,24-07-2007 (English)
S.No. 797,Case Number,SLP(C) No.-016456-016460 / 2005,08-03-2007 (English)
S.No. 798,Case Number,C.A. No.-005090-005090 / 2006,20-11-2006 (English)
S.No. 799,Case Number,C.A. No.-002302-002302 / 2005,31-10-2006 (English)
S.No. 800,Case Number,C.A. No.-001386-001386 / 2006,24-11-2006 (English)
S.No. 801,Case Number,C.A. No.-001953-001953 / 2007,"13-04-2007 (English)
13-04-2007 (English)"
S.No. 802,Case Number,W.P.(C) No.-000282-000282 / 2007,09-07-2007 (English)
S.No. 803,Case Number,Crl.A. No.-000988-000988 / 2006,18-09-2007 (English)
S.No. 804,Case Number,C.A. No.-008037-008047 / 2001,20-09-2007 (English)
S.No. 805,Case Number,C.A. No.-002202-002202 / 2007,27-04-2007 (English)
S.No. 806,Case Number,C.A. No.-002144-002144 / 2007,25-04-2007 (English)
S.No. 807,Case Number,C.A. No.-000176-000176 / 2007,12-01-2007 (English)
S.No. 808,Case Number,C.A. No.-003987-003987 / 2007,30-08-2007 (English)
S.No. 809,Case Number,C.A. No.-000783-000783 / 2007,15-02-2007 (English)
S.No. 810,Case Number,Crl.A. No.-001156-001158 / 2005,07-11-2006 (English)
S.No. 811,Case Number,C.A. No.-003635-003635 / 2006,17-05-2007 (English)
S.No. 812,Case Number,Crl.A. No.-000343-000343 / 2007,14-03-2007 (English)
S.No. 813,Case Number,C.A. No.-007016-007016 / 2004,"30-10-2006 (English)
30-10-2006 (English)"
S.No. 814,Case Number,Crl.A. No.-000298-000298 / 2000,18-09-2007 (English)
S.No. 815,Case Number,C.A. No.-000928-000928 / 2007,23-02-2007 (English)
S.No. 816,Case Number,C.A. No.-001547-001547 / 2007,22-03-2007 (English)
S.No. 817,Case Number,C.A. No.-002534-002534 / 2007,15-05-2007 (English)
S.No. 818,Case Number,C.A. No.-004809-004810 / 2007,"11-10-2007 (English)
11-10-2007 (English)"
S.No. 819,Case Number,C.A. No.-002522-002522 / 2007,15-05-2007 (English)
S.No. 820,Case Number,Crl.A. No.-000591-000591 / 2007,19-04-2007 (English)
S.No. 821,Case Number,C.A. No.-001701-001701 / 2007,30-03-2007 (English)
S.No. 822,Case Number,C.A. No.-001817-001817 / 2007,05-04-2007 (English)
S.No. 823,Case Number,C.A. No.-005317-005318 / 2002,12-07-2007 (English)
S.No. 824,Case Number,W.P.(C) No.-000384-000384 / 2005,12-12-2006 (English)
S.No. 825,Case Number,C.A. No.-005799-005799 / 2000,19-04-2007 (English)
S.No. 826,Case Number,C.A. No.-004339-004339 / 2007,18-09-2007 (English)
S.No. 827,Case Number,SLP(C) No.-015872-015873 / 2005,07-11-2006 (English)
S.No. 828,Case Number,C.A. No.-003024-003024 / 2007,16-07-2007 (English)
S.No. 829,Case Number,C.A. No.-001054-001054 / 2005,05-01-2007 (English)
S.No. 830,Case Number,Crl.A. No.-000261-000261 / 2004,02-11-2006 (English)
S.No. 831,Case Number,C.A. No.-005947-005947 / 2002,20-02-2007 (English)
S.No. 832,Case Number,C.A. No.-006401-006407 / 2000,17-01-2007 (English)
S.No. 833,Case Number,Crl.A. No.-001335-001335 / 2005,08-03-2007 (English)
S.No. 834,Case Number,Crl.A. No.-000011-000011 / 2002,10-09-2007 (English)
S.No. 835,Case Number,C.A. No.-001137-001137 / 2002,09-07-2007 (English)
S.No. 836,Case Number,C.A. No.-003551-003551 / 2006,14-08-2007 (English)
S.No. 837,Case Number,C.A. No.-000246-000246 / 2007,17-01-2007 (English)
S.No. 838,Case Number,Crl.A. No.-001315-001315 / 2005,26-09-2007 (English)
S.No. 839,Case Number,Crl.A. No.-000143-000143 / 2006,08-12-2006 (English)
S.No. 840,Case Number,SPL.REF. No.-000001-000001 / 2004,17-05-2007 (English)
S.No. 841,Case Number,C.A. No.-001872-001872 / 2007,10-04-2007 (English)
S.No. 842,Case Number,C.A. No.-005823-005832 / 2005,31-10-2006 (English)
S.No. 843,Case Number,W.P.(C) No.-000296-000296 / 2007,13-06-2007 (English)
S.No. 844,Case Number,C.A. No.-004702-004702 / 2006,07-11-2006 (English)
S.No. 845,Case Number,C.A. No.-003942-003942 / 2002,13-04-2007 (English)
S.No. 846,Case Number,C.A. No.-005495-005495 / 2000,14-09-2007 (English)
S.No. 847,Case Number,C.A. No.-004609-004609 / 2006,31-10-2006 (English)
S.No. 848,Case Number,C.A. No.-002450-002450 / 2007,11-05-2007 (English)
S.No. 849,Case Number,C.A. No.-002846-002846 / 2006,14-08-2007 (English)
S.No. 850,Case Number,C.A. No.-002133-002133 / 2007,25-04-2007 (English)
S.No. 851,Case Number,C.A. No.-003203-003203 / 2007,23-07-2007 (English)
S.No. 852,Case Number,C.A. No.-007560-007560 / 2005,02-02-2007 (English)
S.No. 853,Case Number,C.A. No.-005155-005155 / 2006,22-11-2006 (English)
S.No. 854,Case Number,C.A. No.-006198-006198 / 2000,20-02-2007 (English)
S.No. 855,Case Number,C.A. No.-004102-004102 / 2007,06-09-2007 (English)
S.No. 856,Case Number,C.A. No.-016471-016471 / 1999,20-04-2007 (English)
S.No. 857,Case Number,C.A. No.-001953-001953 / 2006,"28-02-2007 (English)
28-02-2007 (English)"
S.No. 858,Case Number,Crl.A. No.-000145-000145 / 2002,05-06-2007 (English)
S.No. 859,Case Number,C.A. No.-004627-004627 / 2007,03-10-2007 (English)
S.No. 860,Case Number,C.A. No.-006316-006323 / 2005,17-08-2007 (English)
S.No. 861,Case Number,Crl.A. No.-001222-001222 / 2007,14-09-2007 (English)
S.No. 862,Case Number,C.A. No.-006449-006449 / 2000,17-01-2007 (English)
S.No. 863,Case Number,C.A. No.-005779-005779 / 2006,13-12-2006 (English)
S.No. 864,Case Number,C.A. No.-000896-000896 / 2007,22-02-2007 (English)
S.No. 865,Case Number,C.A. No.-008036-008037 / 2004,30-07-2007 (English)
S.No. 866,Case Number,C.A. No.-005162-005162 / 2006,22-11-2006 (English)
S.No. 867,Case Number,C.A. No.-004811-004811 / 2007,11-10-2007 (English)
S.No. 868,Case Number,C.A. No.-000857-000857 / 2007,20-02-2007 (English)
S.No. 869,Case Number,C.A. No.-007474-007477 / 2003,27-08-2007 (English)
S.No. 870,Case Number,Crl.A. No.-000970-000970 / 2000,12-12-2006 (English)
S.No. 871,Case Number,C.A. No.-004789-004789 / 2007,11-10-2007 (English)
S.No. 872,Case Number,C.A. No.-002926-002927 / 2007,"10-07-2007 (English)
10-07-2007 (English)"
S.No. 873,Case Number,Crl.A. No.-001019-001019 / 2007,"06-08-2007 (English)
06-08-2007 (English)"
S.No. 874,Case Number,Crl.A. No.-000623-000623 / 2005,24-11-2006 (English)
S.No. 875,Case Number,Crl.A. No.-000335-000335 / 2006,06-12-2006 (English)
S.No. 876,Case Number,Crl.A. No.-000767-000767 / 2007,18-05-2007 (English)
S.No. 877,Case Number,Crl.A. No.-001133-001133 / 2006,09-11-2006 (English)
S.No. 878,Case Number,C.A. No.-000895-000895 / 2007,22-02-2007 (English)
S.No. 879,Case Number,Crl.A. No.-000101-000101 / 2002,21-06-2007 (English)
S.No. 880,Case Number,C.A. No.-001945-001945 / 2007,"13-04-2007 (English)
13-04-2007 (English)"
S.No. 881,Case Number,C.A. No.-003281-003281 / 2007,26-07-2007 (English)
S.No. 882,Case Number,CONMT.PET.(C) No.-000512-000512 / 2004,30-08-2007 (English)
S.No. 883,Case Number,Crl.A. No.-001165-001165 / 2005,08-01-2007 (English)
S.No. 884,Case Number,Crl.A. No.-000133-000133 / 2001,19-06-2007 (English)
S.No. 885,Case Number,Crl.A. No.-000173-000173 / 2006,16-01-2007 (English)
S.No. 886,Case Number,C.A. No.-003218-003218 / 2007,"24-07-2007 (English)
24-07-2007 (English)"
S.No. 887,Case Number,C.A. No.-001321-001321 / 2007,13-03-2007 (English)
S.No. 888,Case Number,C.A. No.-002319-002319 / 2007,02-05-2007 (English)
S.No. 889,Case Number,C.A. No.-000940-000940 / 2007,23-02-2007 (English)
S.No. 890,Case Number,C.A. No.-005034-005034 / 2005,14-11-2006 (English)
S.No. 891,Case Number,Crl.A. No.-000177-000177 / 2007,07-02-2007 (English)
S.No. 892,Case Number,Crl.A. No.-000067-000067 / 2002,05-06-2007 (English)
S.No. 893,Case Number,Crl.A. No.-001087-001087 / 2007,17-08-2007 (English)
S.No. 894,Case Number,Crl.A. No.-001392-001392 / 2007,09-10-2007 (English)
S.No. 895,Case Number,Crl.A. No.-001077-001077 / 2005,27-02-2007 (English)
S.No. 896,Case Number,C.A. No.-003883-003883 / 2006,"01-06-2007 (English)
01-06-2007 (English)"
S.No. 897,Case Number,C.A. No.-002737-002737 / 2002,26-04-2007 (English)
S.No. 898,Case Number,Crl.A. No.-001116-001116 / 2006,20-06-2007 (English)
S.No. 899,Case Number,C.A. No.-003272-003272 / 2003,14-08-2007 (English)
S.No. 900,Case Number,C.A. No.-006288-006289 / 2000,23-04-2007 (English)
S.No. 901,Case Number,C.A. No.-003526-003526 / 2007,11-09-2007 (English)
S.No. 902,Case Number,Crl.A. No.-000521-000521 / 2007,10-04-2007 (English)
S.No. 903,Case Number,C.A. No.-005673-005675 / 2002,15-11-2006 (English)
S.No. 904,Case Number,C.A. No.-005927-005927 / 2006,08-12-2006 (English)
S.No. 905,Case Number,C.A. No.-001815-001815 / 2007,05-04-2007 (English)
S.No. 906,Case Number,C.A. No.-005269-005269 / 2006,29-11-2006 (English)
S.No. 907,Case Number,C.A. No.-004908-004908 / 2006,13-11-2006 (English)
S.No. 908,Case Number,C.A. No.-003109-003109 / 2006,11-07-2007 (English)
S.No. 909,Case Number,C.A. No.-002946-002946 / 2007,10-07-2007 (English)
S.No. 910,Case Number,C.A. No.-004842-004842 / 2007,12-10-2007 (English)
S.No. 911,Case Number,C.A. No.-003522-003522 / 2007,07-08-2007 (English)
S.No. 912,Case Number,C.A. No.-004926-004926 / 2006,14-11-2006 (English)
S.No. 913,Case Number,C.A. No.-006195-006198 / 2004,11-01-2007 (English)
S.No. 914,Case Number,C.A. No.-007749-007749 / 2004,20-07-2007 (English)
S.No. 915,Case Number,C.A. No.-004562-004562 / 2007,28-09-2007 (English)
S.No. 916,Case Number,Crl.A. No.-000249-000249 / 2007,23-02-2007 (English)
S.No. 917,Case Number,C.A. No.-005168-005168 / 2006,23-11-2006 (English)
S.No. 918,Case Number,Crl.A. No.-000364-000364 / 2002,26-07-2007 (English)
S.No. 919,Case Number,C.A. No.-001134-001134 / 2007,02-03-2007 (English)
S.No. 920,Case Number,C.A. No.-000745-000745 / 2007,13-02-2007 (English)
S.No. 921,Case Number,C.A. No.-003399-003399 / 2000,07-02-2007 (English)
S.No. 922,Case Number,C.A. No.-004480-004480 / 2007,25-09-2007 (English)
S.No. 923,Case Number,C.A. No.-004811-004811 / 2000,30-11-2006 (English)
S.No. 924,Case Number,C.A. No.-001046-001046 / 2007,27-02-2007 (English)
S.No. 925,Case Number,C.A. No.-008563-008563 / 2001,31-08-2007 (English)
S.No. 926,Case Number,C.A. No.-005929-005929 / 2005,13-02-2007 (English)
S.No. 927,Case Number,Crl.A. No.-000659-000659 / 2007,02-05-2007 (English)
S.No. 928,Case Number,C.A. No.-002917-002917 / 2007,09-07-2007 (English)
S.No. 929,Case Number,Crl.A. No.-000922-000922 / 2006,17-04-2007 (English)
S.No. 930,Case Number,C.A. No.-001062-001062 / 2007,20-09-2007 (English)
S.No. 931,Case Number,Crl.A. No.-000913-000913 / 2007,19-07-2007 (English)
S.No. 932,Case Number,C.A. No.-006203-006203 / 2000,11-01-2007 (English)
S.No. 933,Case Number,C.A. No.-004727-004727 / 2007,09-10-2007 (English)
S.No. 934,Case Number,Crl.A. No.-000123-000123 / 2007,31-01-2007 (English)
S.No. 935,Case Number,C.A. No.-002600-002601 / 2005,15-11-2006 (English)
S.No. 936,Case Number,C.A. No.-009128-009128 / 2003,"08-12-2006 (English)
08-12-2006 (English)"
S.No. 937,Case Number,Crl.A. No.-000210-000210 / 2000,01-11-2006 (English)
S.No. 938,Case Number,C.A. No.-000393-000393 / 2007,25-01-2007 (English)
S.No. 939,Case Number,Crl.A. No.-000201-000201 / 2007,13-02-2007 (English)
S.No. 940,Case Number,C.A. No.-005868-005868 / 2006,14-12-2006 (English)
S.No. 941,Case Number,C.A. No.-005756-005756 / 2005,"19-10-2006 (English)
19-10-2006 (English)"
S.No. 942,Case Number,C.A. No.-001213-001213 / 2007,08-03-2007 (English)
S.No. 943,Case Number,Crl.A. No.-000766-000766 / 2001,18-09-2007 (English)
S.No. 944,Case Number,Crl.A. No.-001084-001084 / 2006,19-10-2006 (English)
S.No. 945,Case Number,Crl.A. No.-001006-001006 / 2006,22-03-2007 (English)
S.No. 946,Case Number,C.A. No.-001538-001538 / 2007,22-03-2007 (English)
S.No. 947,Case Number,C.A. No.-006820-006820 / 2005,10-08-2007 (English)
S.No. 948,Case Number,C.A. No.-003132-003132 / 2007,18-07-2007 (English)
S.No. 949,Case Number,C.A. No.-003417-003425 / 2002,15-06-2007 (English)
S.No. 950,Case Number,Crl.A. No.-000904-000904 / 2000,30-11-2006 (English)
S.No. 951,Case Number,C.A. No.-001210-001210 / 2007,08-03-2007 (English)
S.No. 952,Case Number,C.A. No.-001816-001816 / 2007,05-04-2007 (English)
S.No. 953,Case Number,C.A. No.-000689-000689 / 2007,12-02-2007 (English)
S.No. 954,Case Number,C.A. No.-006465-006475 / 2001,"24-07-2007 (English)
24-07-2007 (English)"
S.No. 955,Case Number,W.P.(C) No.-000465-000465 / 2004,19-02-2007 (English)
S.No. 956,Case Number,C.A. No.-004266-004266 / 2007,14-09-2007 (English)
S.No. 957,Case Number,C.A. No.-007351-007351 / 2000,19-03-2007 (English)
S.No. 958,Case Number,Crl.A. No.-000632-000632 / 2007,"27-04-2007 (English)
27-04-2007 (English)"
S.No. 959,Case Number,C.A. No.-008667-008670 / 2002,08-05-2007 (English)
S.No. 960,Case Number,C.A. No.-007824-007828 / 2004,"30-08-2007 (English)
22-02-2007 (English)"
S.No. 961,Case Number,C.A. No.-000413-000413 / 2007,01-02-2007 (English)
S.No. 962,Case Number,C.A. No.-002916-002916 / 2007,09-07-2007 (English)
S.No. 963,Case Number,Crl.A. No.-001049-001049 / 2005,01-06-2007 (English)
S.No. 964,Case Number,C.A. No.-000203-000214 / 2002,12-12-2006 (English)
S.No. 965,Case Number,Crl.A. No.-000928-000928 / 2001,12-10-2007 (English)
S.No. 966,Case Number,C.A. No.-003228-003228 / 2006,29-11-2006 (English)
S.No. 967,Case Number,C.A. No.-005632-005632 / 2006,06-12-2006 (English)
S.No. 968,Case Number,ARBIT.CASE(C) No.-000019-000019 / 2000,11-05-2007 (English)
S.No. 969,Case Number,Crl.A. No.-001293-001293 / 2007,24-09-2007 (English)
S.No. 970,Case Number,C.A. No.-002717-002717 / 2007,18-05-2007 (English)
S.No. 971,Case Number,Crl.A. No.-001223-001223 / 2007,14-09-2007 (English)
S.No. 972,Case Number,Crl.A. No.-001097-001097 / 2002,05-06-2007 (English)
S.No. 973,Case Number,C.A. No.-007215-007215 / 2000,01-05-2007 (English)
S.No. 974,Case Number,C.A. No.-000151-000151 / 2004,26-03-2007 (English)
S.No. 975,Case Number,C.A. No.-001377-001377 / 2007,09-03-2007 (English)
S.No. 976,Case Number,C.A. No.-005835-005835 / 2000,22-05-2007 (English)
S.No. 977,Case Number,C.A. No.-000440-000440 / 2007,02-02-2007 (English)
S.No. 978,Case Number,C.A. No.-005667-005667 / 2006,08-12-2006 (English)
S.No. 979,Case Number,C.A. No.-005664-005664 / 2006,08-12-2006 (English)
S.No. 980,Case Number,C.A. No.-002572-002572 / 2006,"14-12-2006 (English)
14-12-2006 (English)"
S.No. 981,Case Number,C.A. No.-007117-007117 / 2000,11-05-2007 (English)
S.No. 982,Case Number,C.A. No.-000855-000855 / 2007,20-02-2007 (English)
S.No. 983,Case Number,W.P.(C) No.-000598-000598 / 2000,23-02-2007 (English)
S.No. 984,Case Number,C.A. No.-004696-004696 / 2007,08-10-2007 (English)
S.No. 985,Case Number,C.A. No.-004467-004467 / 2002,26-04-2007 (English)
S.No. 986,Case Number,C.A. No.-000143-000143 / 2001,30-03-2007 (English)
S.No. 987,Case Number,C.A. No.-001214-001214 / 2007,08-03-2007 (English)
S.No. 988,Case Number,C.A. No.-001329-001329 / 2007,13-03-2007 (English)
S.No. 989,Case Number,Crl.A. No.-000452-000452 / 2001,24-07-2007 (English)
S.No. 990,Case Number,C.A. No.-004806-004806 / 2000,30-11-2006 (English)
S.No. 991,Case Number,Crl.A. No.-000834-000834 / 2007,21-06-2007 (English)
S.No. 992,Case Number,C.A. No.-000309-000309 / 2002,11-04-2007 (English)
S.No. 993,Case Number,C.A. No.-002950-002950 / 2007,11-07-2007 (English)
S.No. 994,Case Number,Crl.A. No.-000995-000996 / 2002,09-07-2007 (English)
S.No. 995,Case Number,C.A. No.-000299-000299 / 2002,29-03-2007 (English)
S.No. 996,Case Number,C.A. No.-000151-000151 / 2002,19-03-2007 (English)
S.No. 997,Case Number,C.A. No.-005524-005524 / 2005,03-04-2007 (English)
S.No. 998,Case Number,C.A. No.-004538-004538 / 2007,24-09-2007 (English)
S.No. 999,Case Number,Crl.A. No.-001344-001344 / 2005,27-04-2007 (English)
S.No. 1000,Case Number,W.P.(C) No.-000478-000478 / 2006,24-08-2007 (English)
S.No. 1001,Case Number,C.A. No.-002138-002138 / 2007,25-04-2007 (English)
S.No. 1002,Case Number,C.A. No.-004979-004979 / 2006,15-11-2006 (English)
S.No. 1003,Case Number,C.A. No.-003228-003228 / 2005,20-03-2007 (English)
S.No. 1004,Case Number,C.A. No.-007061-007061 / 2000,05-04-2007 (English)
S.No. 1005,Case Number,Crl.A. No.-001231-001231 / 2005,19-10-2006 (English)
S.No. 1006,Case Number,C.A. No.-000922-000922 / 2007,23-02-2007 (English)
S.No. 1007,Case Number,W.P.(C) No.-000363-000363 / 2006,13-03-2007 (English)
S.No. 1008,Case Number,C.A. No.-005074-005074 / 2006,20-11-2006 (English)
S.No. 1009,Case Number,C.A. No.-002139-002139 / 2007,25-04-2007 (English)
S.No. 1010,Case Number,C.A. No.-005783-005783 / 2006,"13-12-2006 (English)
13-12-2006 (English)"
S.No. 1011,Case Number,C.A. No.-005166-005166 / 2006,23-11-2006 (English)
S.No. 1012,Case Number,C.A. No.-006196-006196 / 2000,18-01-2007 (English)
S.No. 1013,Case Number,C.A. No.-000744-000744 / 2007,13-02-2007 (English)
S.No. 1014,Case Number,C.A. No.-001915-001915 / 2007,02-04-2007 (English)
S.No. 1015,Case Number,C.A. No.-004953-004957 / 1998,07-12-2006 (English)
S.No. 1016,Case Number,C.A. No.-005811-005811 / 2006,14-12-2006 (English)
S.No. 1017,Case Number,Crl.A. No.-000183-000183 / 2007,09-02-2007 (English)
S.No. 1018,Case Number,Crl.A. No.-000637-000637 / 2007,27-04-2007 (English)
S.No. 1019,Case Number,C.A. No.-001000-001000 / 2006,27-08-2007 (English)
S.No. 1020,Case Number,Crl.A. No.-001137-001137 / 2002,05-06-2007 (English)
S.No. 1021,Case Number,C.A. No.-008167-008167 / 2003,20-02-2007 (English)
S.No. 1022,Case Number,C.A. No.-002455-002455 / 2005,17-05-2007 (English)
S.No. 1023,Case Number,C.A. No.-002337-002338 / 2000,16-05-2007 (English)
S.No. 1024,Case Number,C.A. No.-005005-005005 / 2006,16-11-2006 (English)
S.No. 1025,Case Number,Crl.A. No.-000533-000533 / 2007,11-04-2007 (English)
S.No. 1026,Case Number,C.A. No.-004564-004564 / 2006,"19-10-2006 (English)
19-10-2006 (English)"
S.No. 1027,Case Number,C.A. No.-000849-000849 / 2007,20-02-2007 (English)
S.No. 1028,Case Number,C.A. No.-003989-003989 / 2007,30-08-2007 (English)
S.No. 1029,Case Number,C.A. No.-002643-002643 / 2004,19-10-2006 (English)
S.No. 1030,Case Number,Crl.A. No.-000833-000833 / 2007,21-06-2007 (English)
S.No. 1031,Case Number,Crl.A. No.-001228-001228 / 2004,24-04-2007 (English)
S.No. 1032,Case Number,Crl.A. No.-001004-001004 / 2006,31-10-2006 (English)
S.No. 1033,Case Number,Crl.A. No.-000720-000720 / 2006,01-12-2006 (English)
S.No. 1034,Case Number,C.A. No.-001255-001255 / 2007,29-05-2007 (English)
S.No. 1035,Case Number,C.A. No.-006141-006141 / 2000,02-02-2007 (English)
S.No. 1036,Case Number,C.A. No.-004557-004557 / 2006,19-10-2006 (English)
S.No. 1037,Case Number,T.P.(C) No.-000430-000432 / 2007,17-07-2007 (English)
S.No. 1038,Case Number,C.A. No.-004262-004262 / 2007,14-09-2007 (English)
S.No. 1039,Case Number,C.A. No.-005674-005674 / 2006,23-11-2006 (English)
S.No. 1040,Case Number,C.A. No.-001307-001307 / 2001,23-08-2007 (English)
S.No. 1041,Case Number,C.A. No.-004778-004778 / 2006,10-11-2006 (English)
S.No. 1042,Case Number,C.A. No.-000632-000632 / 2001,13-07-2007 (English)
S.No. 1043,Case Number,C.A. No.-002411-002411 / 2007,09-05-2007 (English)
S.No. 1044,Case Number,C.A. No.-004551-004551 / 2006,19-10-2006 (English)
S.No. 1045,Case Number,C.A. No.-002668-002668 / 2007,14-09-2007 (English)
S.No. 1046,Case Number,C.A. No.-005634-005634 / 2006,06-12-2006 (English)
S.No. 1047,Case Number,C.A. No.-001020-001020 / 2005,25-04-2007 (English)
S.No. 1048,Case Number,Crl.A. No.-000274-000274 / 2007,27-02-2007 (English)
S.No. 1049,Case Number,C.A. No.-000758-000758 / 2007,14-02-2007 (English)
S.No. 1050,Case Number,C.A. No.-002675-002675 / 2007,16-05-2007 (English)
S.No. 1051,Case Number,C.A. No.-003511-003511 / 2001,14-05-2007 (English)
S.No. 1052,Case Number,Crl.A. No.-001402-001409 / 2007,10-10-2007 (English)
S.No. 1053,Case Number,Crl.A. No.-000039-000039 / 2001,30-05-2007 (English)
S.No. 1054,Case Number,C.A. No.-006113-006113 / 2000,20-02-2007 (English)
S.No. 1055,Case Number,C.A. No.-002424-002424 / 2007,10-05-2007 (English)
S.No. 1056,Case Number,C.A. No.-002164-002164 / 2007,26-04-2007 (English)
S.No. 1057,Case Number,Crl.A. No.-000624-000624 / 2007,25-04-2007 (English)
S.No. 1058,Case Number,C.A. No.-003301-003301 / 2007,27-07-2007 (English)
S.No. 1059,Case Number,C.A. No.-002665-002665 / 2007,16-05-2007 (English)
S.No. 1060,Case Number,C.A. No.-004862-004862 / 2007,12-10-2007 (English)
S.No. 1061,Case Number,C.A. No.-007145-007146 / 2004,29-11-2006 (English)
S.No. 1062,Case Number,C.A. No.-007210-007210 / 2000,15-05-2007 (English)
S.No. 1063,Case Number,C.A. No.-004662-004662 / 2004,21-03-2007 (English)
S.No. 1064,Case Number,C.A. No.-004561-004561 / 2007,28-09-2007 (English)
S.No. 1065,Case Number,Crl.A. No.-000039-000039 / 2007,10-01-2007 (English)
S.No. 1066,Case Number,C.A. No.-005636-005636 / 2006,06-12-2006 (English)
S.No. 1067,Case Number,C.A. No.-001870-001870 / 2007,10-04-2007 (English)
S.No. 1068,Case Number,C.A. No.-007102-007105 / 2002,01-08-2007 (English)
S.No. 1069,Case Number,Crl.A. No.-000491-000491 / 2002,05-09-2007 (English)
S.No. 1070,Case Number,C.A. No.-005145-005145 / 2006,22-11-2006 (English)
S.No. 1071,Case Number,C.A. No.-002925-002925 / 2007,"10-07-2007 (English)
10-07-2007 (English)
10-07-2007 (English)"
S.No. 1072,Case Number,Crl.A. No.-001411-001411 / 2007,10-10-2007 (English)
S.No. 1073,Case Number,C.A. No.-000127-000127 / 2003,24-04-2007 (English)
S.No. 1074,Case Number,Crl.A. No.-000097-000097 / 2006,27-09-2007 (English)
S.No. 1075,Case Number,C.A. No.-004002-004002 / 2007,31-08-2007 (English)
S.No. 1076,Case Number,C.A. No.-004941-004941 / 2006,14-11-2006 (English)
S.No. 1077,Case Number,C.A. No.-005131-005131 / 2006,"21-11-2006 (English)
21-11-2006 (English)"
S.No. 1078,Case Number,C.A. No.-005294-005294 / 2006,01-12-2006 (English)
S.No. 1079,Case Number,C.A. No.-004491-004491 / 2007,24-09-2007 (English)
S.No. 1080,Case Number,Crl.A. No.-000124-000124 / 2007,31-01-2007 (English)
S.No. 1081,Case Number,C.A. No.-004408-004408 / 2007,21-09-2007 (English)
S.No. 1082,Case Number,C.A. No.-008595-008596 / 2001,19-03-2007 (English)
S.No. 1083,Case Number,C.A. No.-003424-003425 / 2005,20-02-2007 (English)
S.No. 1084,Case Number,C.A. No.-005609-005609 / 2006,05-12-2006 (English)
S.No. 1085,Case Number,C.A. No.-002370-002370 / 1998,17-01-2007 (English)
S.No. 1086,Case Number,C.A. No.-005786-005786 / 2000,22-08-2007 (English)
S.No. 1087,Case Number,C.A. No.-004800-004800 / 2007,11-10-2007 (English)
S.No. 1088,Case Number,Crl.A. No.-000647-000650 / 2002,14-09-2007 (English)
S.No. 1089,Case Number,Crl.A. No.-000407-000407 / 2001,01-08-2007 (English)
S.No. 1090,Case Number,C.A. No.-001373-001373 / 2002,30-08-2007 (English)
S.No. 1091,Case Number,C.A. No.-000411-000411 / 2007,01-02-2007 (English)
S.No. 1092,Case Number,C.A. No.-001619-001620 / 2001,29-08-2007 (English)
S.No. 1093,Case Number,Crl.A. No.-001327-001327 / 2005,10-11-2006 (English)
S.No. 1094,Case Number,Crl.A. No.-000149-000149 / 2007,02-02-2007 (English)
S.No. 1095,Case Number,Crl.A. No.-000722-000722 / 2001,13-06-2007 (English)
S.No. 1096,Case Number,C.A. No.-002258-002258 / 2007,30-04-2007 (English)
S.No. 1097,Case Number,C.A. No.-004426-004426 / 2006,04-04-2007 (English)
S.No. 1098,Case Number,Crl.A. No.-000150-000150 / 2007,02-02-2007 (English)
S.No. 1099,Case Number,Crl.A. No.-000811-000811 / 1999,27-02-2007 (English)
S.No. 1100,Case Number,C.A. No.-003244-003244 / 2002,02-02-2007 (English)
S.No. 1101,Case Number,C.A. No.-001179-001179 / 2007,18-05-2007 (English)
S.No. 1102,Case Number,Crl.A. No.-001082-001082 / 2006,19-10-2006 (English)
S.No. 1103,Case Number,C.A. No.-002876-002876 / 2007,06-06-2007 (English)
S.No. 1104,Case Number,C.A. No.-003888-003888 / 2007,24-08-2007 (English)
S.No. 1105,Case Number,Crl.A. No.-000914-000914 / 2006,13-03-2007 (English)
S.No. 1106,Case Number,Crl.A. No.-001278-001279 / 2005,15-12-2006 (English)
S.No. 1107,Case Number,C.A. No.-007849-007849 / 2004,10-11-2006 (English)
S.No. 1108,Case Number,Crl.A. No.-000166-000166 / 1999,07-05-2007 (English)
S.No. 1109,Case Number,C.A. No.-002830-002830 / 2007,23-05-2007 (English)
S.No. 1110,Case Number,C.A. No.-004760-004760 / 2007,10-10-2007 (English)
S.No. 1111,Case Number,C.A. No.-005846-005846 / 2000,20-02-2007 (English)
