﻿Column-0,Column-1,Column-2,Column-3
S.No. 1,Case Number,,"10-10-2000 (English)
28-09-2000 (English)
14-09-2000 (English)
13-09-2000 (English)
06-09-2000 (English)
29-08-2000 (English)
22-08-2000 (English)
22-08-2000 (English)
21-08-2000 (English)
17-08-2000 (English)
09-08-2000 (English)"
S.No. 2,Case Number,/,26-04-2000 (English)
S.No. 3,Case Number,/,05-04-2000 (English)
S.No. 4,Case Number,/,"25-04-2000 (English)
25-04-2000 (English)"
S.No. 5,Case Number,/,10-02-2000 (English)
S.No. 6,Case Number,/,28-03-2000 (English)
S.No. 7,Case Number,/,18-07-2000 (English)
S.No. 8,Case Number,/,26-04-2000 (English)
S.No. 9,Case Number,/,17-04-2000 (English)
S.No. 10,Case Number,/,15-02-2000 (English)
S.No. 11,Case Number,/,25-02-2000 (English)
S.No. 12,Case Number,/,28-01-2000 (English)
S.No. 13,Case Number,C.A. No.-000376-000376 / 1999,28-08-2000 (English)
S.No. 14,Case Number,/,26-10-1999 (English)
S.No. 15,Case Number,C.A. No.-003287-003287 / 2000,08-05-2000 (English)
S.No. 16,Case Number,C.A. No.-005080-005080 / 1998,02-08-2000 (English)
S.No. 17,Case Number,Crl.A. No.-000155-000156 / 2000,17-10-2000 (English)
S.No. 18,Case Number,C.A. No.-000751-000751 / 1998,14-03-2000 (English)
S.No. 19,Case Number,C.A. No.-000975-000975 / 1998,14-07-2000 (English)
S.No. 20,Case Number,C.A. No.-000040-000040 / 2000,06-01-2000 (English)
S.No. 21,Case Number,W.P.(C) No.-000012-000012 / 1999,26-04-2000 (English)
S.No. 22,Case Number,C.A. No.-005450-005450 / 2000,27-09-2000 (English)
S.No. 23,Case Number,C.A. No.-003174-003174 / 2000,03-05-2000 (English)
S.No. 24,Case Number,C.A. No.-001941-001941 / 1997,05-05-2000 (English)
S.No. 25,Case Number,C.A. No.-005188-005188 / 1996,04-05-2000 (English)
S.No. 26,Case Number,C.A. No.-009389-009390 / 1995,17-08-2000 (English)
S.No. 27,Case Number,C.A. No.-002517-002517 / 2000,05-04-2000 (English)
S.No. 28,Case Number,C.A. No.-005363-005364 / 1997,14-12-1999 (English)
S.No. 29,Case Number,C.A. No.-000203-000203 / 2000,13-01-2000 (English)
S.No. 30,Case Number,C.A. No.-006900-006900 / 1997,12-05-2000 (English)
S.No. 31,Case Number,C.A. No.-004217-004217 / 2000,25-07-2000 (English)
S.No. 32,Case Number,C.A. No.-001329-001329 / 1995,"17-10-2000 (English)
17-10-2000 (English)"
S.No. 33,Case Number,C.A. No.-007434-007434 / 1997,15-12-1999 (English)
S.No. 34,Case Number,SLP(C) No.-002926-002926 / 1997,17-02-2000 (English)
S.No. 35,Case Number,C.A. No.-000979-000979 / 1998,16-02-2000 (English)
S.No. 36,Case Number,C.A. No.-005089-005089 / 1997,08-08-2000 (English)
S.No. 37,Case Number,9999 No.-000378-000378 / 1998,25-01-2000 (English)
S.No. 38,Case Number,W.P.(C) No.-000066-000066 / 1995,25-01-2000 (English)
S.No. 39,Case Number,C.A. No.-001099-001099 / 1999,25-10-1999 (English)
S.No. 40,Case Number,Crl.A. No.-000113-000113 / 2000,02-02-2000 (English)
S.No. 41,Case Number,Crl.A. No.-000226-000226 / 1999,17-07-2000 (English)
S.No. 42,Case Number,Crl.A. No.-000584-000585 / 2000,28-07-2000 (English)
S.No. 43,Case Number,C.A. No.-006566-006566 / 1999,17-11-1999 (English)
S.No. 44,Case Number,SLP(C) No.-003797-003797 / 2001,19-02-2000 (English)
S.No. 45,Case Number,C.A. No.-003015-003015 / 1997,02-05-2000 (English)
S.No. 46,Case Number,Crl.A. No.-000678-000678 / 1999,26-10-1999 (English)
S.No. 47,Case Number,C.A. No.-005942-005942 / 2000,17-10-2000 (English)
S.No. 48,Case Number,W.P.(Crl.) No.-000045-000045 / 2000,01-08-2000 (English)
S.No. 49,Case Number,C.A. No.-000762-000762 / 1999,18-04-2000 (English)
S.No. 50,Case Number,C.A. No.-006118-006118 / 1999,27-10-1999 (English)
S.No. 51,Case Number,C.A. No.-005371-005372 / 1999,19-04-2000 (English)
S.No. 52,Case Number,Crl.A. No.-000282-000282 / 1999,07-02-2000 (English)
S.No. 53,Case Number,C.A. No.-001938-001938 / 2000,22-08-2000 (English)
S.No. 54,Case Number,Crl.A. No.-000281-000281 / 1997,02-12-1999 (English)
S.No. 55,Case Number,C.A. No.-002595-002595 / 1998,08-03-2000 (English)
S.No. 56,Case Number,C.A. No.-006231-006231 / 1997,"30-03-2000 (English)
30-03-2000 (English)"
S.No. 57,Case Number,C.A. No.-001787-001787 / 1998,10-03-2000 (English)
S.No. 58,Case Number,C.A. No.-004501-004501 / 1998,26-07-2000 (English)
S.No. 59,Case Number,C.A. No.-006543-006543 / 1999,10-10-2000 (English)
S.No. 60,Case Number,C.A. No.-001985-001987 / 2000,07-03-2000 (English)
S.No. 61,Case Number,C.A. No.-001510-001510 / 1999,24-04-2000 (English)
S.No. 62,Case Number,C.A. No.-005626-005626 / 2000,29-09-2000 (English)
S.No. 63,Case Number,C.A. No.-000912-000912 / 2000,09-02-2000 (English)
S.No. 64,Case Number,Crl.A. No.-000577-000577 / 2000,26-07-2000 (English)
S.No. 65,Case Number,W.P.(C) No.-000202-000202 / 1995,01-05-2000 (English)
S.No. 66,Case Number,Crl.A. No.-000319-000319 / 1998,10-04-2000 (English)
S.No. 67,Case Number,Crl.A. No.-000469-000469 / 2000,"09-05-2000 (English)
09-05-2000 (English)"
S.No. 68,Case Number,C.A. No.-004911-004911 / 1999,07-04-2000 (English)
S.No. 69,Case Number,C.A. No.-001656-001656 / 1998,28-10-1999 (English)
S.No. 70,Case Number,C.A. No.-002180-002215 / 1998,15-04-2000 (English)
S.No. 71,Case Number,C.A. No.-006293-006295 / 1998,04-01-2000 (English)
S.No. 72,Case Number,C.A. No.-003425-003425 / 2000,12-05-2000 (English)
S.No. 73,Case Number,C.A. No.-004278-004278 / 2000,28-07-2000 (English)
S.No. 74,Case Number,C.A. No.-001822-001822 / 1998,12-05-2000 (English)
S.No. 75,Case Number,W.P.(Crl.) No.-000045-000046 / 1999,01-05-2000 (English)
S.No. 76,Case Number,C.A. No.-004538-004538 / 1998,05-04-2000 (English)
S.No. 77,Case Number,Crl.A. No.-001698-001698 / 1996,30-03-2000 (English)
S.No. 78,Case Number,C.A. No.-001935-001936 / 1998,"26-09-2000 (English)
25-09-2000 (English)"
S.No. 79,Case Number,C.A. No.-009090-009091 / 1996,11-09-2000 (English)
S.No. 80,Case Number,C.A. No.-001750-001750 / 1998,25-02-2000 (English)
S.No. 81,Case Number,Crl.A. No.-001169-001169 / 1999,01-11-1999 (English)
S.No. 82,Case Number,Crl.A. No.-000342-000342 / 1998,27-03-2000 (English)
S.No. 83,Case Number,C.A. No.-002423-002423 / 1999,04-05-2000 (English)
S.No. 84,Case Number,C.A. No.-005411-005413 / 2000,26-09-2000 (English)
S.No. 85,Case Number,Crl.A. No.-000737-000737 / 1997,02-11-1999 (English)
S.No. 86,Case Number,C.A. No.-004160-004160 / 1995,14-12-1999 (English)
S.No. 87,Case Number,Crl.A. No.-000869-000869 / 2000,11-10-2000 (English)
S.No. 88,Case Number,C.A. No.-009072-009072 / 1996,"14-03-2000 (English)
14-03-2000 (English)"
S.No. 89,Case Number,C.A. No.-003641-003641 / 1998,"31-01-2000 (English)
31-01-2000 (English)"
S.No. 90,Case Number,C.A. No.-004445-004445 / 2000,09-08-2000 (English)
S.No. 91,Case Number,Crl.A. No.-001287-001287 / 1999,01-12-1999 (English)
S.No. 92,Case Number,C.A. No.-009725-009726 / 1995,24-03-2000 (English)
S.No. 93,Case Number,C.A. No.-002273-002273 / 2000,08-05-2000 (English)
S.No. 94,Case Number,C.A. No.-003034-003034 / 2000,28-04-2000 (English)
S.No. 95,Case Number,C.A. No.-005350-005351 / 1997,02-02-2000 (English)
S.No. 96,Case Number,Crl.A. No.-000794-000794 / 1998,04-05-2000 (English)
S.No. 97,Case Number,SLP(C) No.-007406-007406 / 2000,08-05-2000 (English)
S.No. 98,Case Number,C.A. No.-002503-002503 / 1998,11-04-2000 (English)
S.No. 99,Case Number,Crl.A. No.-000284-000284 / 1997,29-11-1999 (English)
S.No. 100,Case Number,Crl.A. No.-000372-000372 / 2001,30-08-2000 (English)
S.No. 101,Case Number,C.A. No.-007231-007231 / 1999,13-12-1999 (English)
S.No. 102,Case Number,C.A. No.-004675-004675 / 1998,02-08-2000 (English)
S.No. 103,Case Number,C.A. No.-002695-002697 / 1999,15-02-2000 (English)
S.No. 104,Case Number,C.A. No.-003131-003131 / 1998,27-10-1999 (English)
S.No. 105,Case Number,C.A. No.-004935-004935 / 2000,06-09-2000 (English)
S.No. 106,Case Number,C.A. No.-002536-002536 / 2000,10-04-2000 (English)
S.No. 107,Case Number,C.A. No.-003413-003413 / 2000,12-05-2000 (English)
S.No. 108,Case Number,C.A. No.-006317-006317 / 1997,"28-09-2000 (English)
28-09-2000 (English)"
S.No. 109,Case Number,C.A. No.-002560-002560 / 1997,07-01-2000 (English)
S.No. 110,Case Number,C.A. No.-002454-002454 / 1998,27-03-2000 (English)
S.No. 111,Case Number,C.A. No.-004656-004656 / 1999,18-08-2000 (English)
S.No. 112,Case Number,Crl.A. No.-000426-000426 / 2000,04-05-2000 (English)
S.No. 113,Case Number,C.A. No.-002280-002280 / 2000,28-03-2000 (English)
S.No. 114,Case Number,Crl.A. No.-000397-000397 / 1998,07-03-2000 (English)
S.No. 115,Case Number,Crl.A. No.-000679-000679 / 1997,30-11-1999 (English)
S.No. 116,Case Number,C.A. No.-004994-004994 / 2000,12-09-2000 (English)
S.No. 117,Case Number,Crl.A. No.-000337-000337 / 2000,06-04-2000 (English)
S.No. 118,Case Number,Crl.A. No.-000744-000744 / 2000,04-09-2000 (English)
S.No. 119,Case Number,Crl.A. No.-001911-001911 / 1996,04-05-2000 (English)
S.No. 120,Case Number,Crl.A. No.-000874-000874 / 2000,16-10-2000 (English)
S.No. 121,Case Number,W.P.(C) No.-000135-000135 / 2000,04-09-2000 (English)
S.No. 122,Case Number,Crl.A. No.-000780-000780 / 1998,27-10-1999 (English)
S.No. 123,Case Number,Crl.A. No.-000490-000490 / 1998,06-04-2000 (English)
S.No. 124,Case Number,C.A. No.-006983-006984 / 1999,07-12-1999 (English)
S.No. 125,Case Number,Crl.A. No.-000478-000478 / 1998,28-03-2000 (English)
S.No. 126,Case Number,Crl.A. No.-000141-000141 / 2000,07-02-2000 (English)
S.No. 127,Case Number,W.P.(C) No.-000168-000168 / 1997,12-05-2000 (English)
S.No. 128,Case Number,Crl.A. No.-000507-000507 / 1997,16-11-1999 (English)
S.No. 129,Case Number,C.A. No.-003340-003340 / 1998,18-04-2000 (English)
S.No. 130,Case Number,W.P.(Crl.) No.-000064-000064 / 1999,15-02-2000 (English)
S.No. 131,Case Number,C.A. No.-003224-003224 / 2000,01-08-2000 (English)
S.No. 132,Case Number,C.A. No.-003288-003288 / 2000,08-05-2000 (English)
S.No. 133,Case Number,C.A. No.-002930-002930 / 2000,25-04-2000 (English)
S.No. 134,Case Number,C.A. No.-004827-004827 / 2000,31-08-2000 (English)
S.No. 135,Case Number,C.A. No.-007236-007236 / 1997,02-11-1999 (English)
S.No. 136,Case Number,C.A. No.-006895-006895 / 1997,22-02-2000 (English)
S.No. 137,Case Number,C.A. No.-001010-001010 / 2000,11-02-2000 (English)
S.No. 138,Case Number,Crl.A. No.-000652-000652 / 2000,10-08-2000 (English)
S.No. 139,Case Number,C.A. No.-003871-003871 / 1999,19-01-2000 (English)
S.No. 140,Case Number,C.A. No.-004246-004246 / 2000,27-07-2000 (English)
S.No. 141,Case Number,Crl.A. No.-000781-000781 / 1998,04-08-2000 (English)
S.No. 142,Case Number,Crl.A. No.-000522-000522 / 1999,03-01-2000 (English)
S.No. 143,Case Number,Crl.A. No.-000596-000596 / 2000,01-08-2000 (English)
S.No. 144,Case Number,C.A. No.-001129-001129 / 2000,16-02-2000 (English)
S.No. 145,Case Number,C.A. No.-006590-006592 / 1999,19-11-1999 (English)
S.No. 146,Case Number,Crl.A. No.-000392-000392 / 2000,24-04-2000 (English)
S.No. 147,Case Number,C.A. No.-004938-004938 / 2000,07-09-2000 (English)
S.No. 148,Case Number,Crl.A. No.-000443-000443 / 2000,05-05-2000 (English)
S.No. 149,Case Number,C.A. No.-006255-006255 / 1995,05-05-2000 (English)
S.No. 150,Case Number,C.A. No.-005937-005937 / 2000,17-10-2000 (English)
S.No. 151,Case Number,C.A. No.-002646-002646 / 1999,28-03-2000 (English)
S.No. 152,Case Number,C.A. No.-006126-006127 / 1999,28-10-1999 (English)
S.No. 153,Case Number,C.A. No.-001041-001041 / 2000,14-02-2000 (English)
S.No. 154,Case Number,C.A. No.-003005-003005 / 2000,27-04-2000 (English)
S.No. 155,Case Number,C.A. No.-006995-006996 / 1994,18-04-2000 (English)
S.No. 156,Case Number,Crl.A. No.-000658-000658 / 1998,"25-04-2000 (English)
04-04-2000 (English)"
S.No. 157,Case Number,W.P.(C) No.-000379-000379 / 1995,20-07-2000 (English)
S.No. 158,Case Number,C.A. No.-002474-002474 / 2000,06-04-2000 (English)
S.No. 159,Case Number,C.A. No.-002057-002057 / 1999,18-01-2000 (English)
S.No. 160,Case Number,Crl.A. No.-000885-000885 / 2000,17-10-2000 (English)
S.No. 161,Case Number,C.A. No.-005224-005225 / 2000,21-09-2000 (English)
S.No. 162,Case Number,C.A. No.-006323-006325 / 1999,10-08-2000 (English)
S.No. 163,Case Number,W.P.(Crl.) No.-000110-000110 / 2000,04-09-2000 (English)
S.No. 164,Case Number,Crl.A. No.-000313-000314 / 2000,31-03-2000 (English)
S.No. 165,Case Number,C.A. No.-000781-000781 / 2000,01-02-2000 (English)
S.No. 166,Case Number,C.A. No.-003652-003652 / 2002,08-07-2000 (English)
S.No. 167,Case Number,SLP(C) No.-012511-012511 / 1999,08-08-2000 (English)
S.No. 168,Case Number,C.A. No.-002125-002125 / 2000,15-03-2000 (English)
S.No. 169,Case Number,Crl.A. No.-001152-001152 / 1997,21-01-2000 (English)
S.No. 170,Case Number,C.A. No.-002865-002865 / 2000,24-04-2000 (English)
S.No. 171,Case Number,Crl.A. No.-001164-001165 / 1999,01-11-1999 (English)
S.No. 172,Case Number,Crl.A. No.-000888-000888 / 2000,18-10-2000 (English)
S.No. 173,Case Number,C.A. No.-002580-002580 / 2000,11-04-2000 (English)
S.No. 174,Case Number,C.A. No.-000602-000602 / 2000,02-05-2000 (English)
S.No. 175,Case Number,Crl.A. No.-000091-000091 / 2000,28-01-2000 (English)
S.No. 176,Case Number,Crl.A. No.-000656-000656 / 1998,27-04-2000 (English)
S.No. 177,Case Number,C.A. No.-005110-005110 / 1997,16-02-2000 (English)
S.No. 178,Case Number,Crl.A. No.-001147-001147 / 1997,10-12-1999 (English)
S.No. 179,Case Number,Crl.A. No.-000789-000789 / 2000,14-09-2000 (English)
S.No. 180,Case Number,C.A. No.-006119-006119 / 1995,06-03-2000 (English)
S.No. 181,Case Number,C.A. No.-002087-002087 / 2000,14-03-2000 (English)
S.No. 182,Case Number,Crl.A. No.-000779-000779 / 1998,18-10-2000 (English)
S.No. 183,Case Number,C.A. No.-004092-004092 / 2000,19-07-2000 (English)
S.No. 184,Case Number,C.A. No.-003345-003345 / 2000,10-05-2000 (English)
S.No. 185,Case Number,C.A. No.-003663-003663 / 1998,07-01-2000 (English)
S.No. 186,Case Number,C.A. No.-000648-000648 / 2000,28-01-2000 (English)
S.No. 187,Case Number,W.P.(Crl.) No.-000169-000169 / 1999,12-10-2000 (English)
S.No. 188,Case Number,C.A. No.-002981-002982 / 2000,27-04-2000 (English)
S.No. 189,Case Number,C.A. No.-002332-002332 / 2000,31-03-2000 (English)
S.No. 190,Case Number,Crl.A. No.-000581-000581 / 1994,30-11-1999 (English)
S.No. 191,Case Number,C.A. No.-003077-003077 / 2000,01-08-2000 (English)
S.No. 192,Case Number,C.A. No.-003653-003653 / 1999,26-10-1999 (English)
S.No. 193,Case Number,Crl.A. No.-001174-001174 / 1999,02-11-1999 (English)
S.No. 194,Case Number,C.A. No.-004839-004839 / 2000,01-09-2000 (English)
S.No. 195,Case Number,C.A. No.-007291-007291 / 1995,07-03-2000 (English)
S.No. 196,Case Number,SLP(C) No.-011522-011526 / 1999,21-08-2000 (English)
S.No. 197,Case Number,C.A. No.-001140-001143 / 2000,16-02-2000 (English)
S.No. 198,Case Number,C.A. No.-004089-004089 / 1998,03-08-2000 (English)
S.No. 199,Case Number,C.A. No.-006479-006479 / 1998,03-05-2000 (English)
S.No. 200,Case Number,Crl.A. No.-000740-000740 / 1998,30-03-2000 (English)
S.No. 201,Case Number,Crl.A. No.-000686-000686 / 1999,15-02-2000 (English)
S.No. 202,Case Number,W.P.(C) No.-000376-000376 / 2000,26-06-2000 (English)
S.No. 203,Case Number,C.A. No.-004467-004467 / 2000,09-08-2000 (English)
S.No. 204,Case Number,C.A. No.-005614-005614 / 2000,29-09-2000 (English)
S.No. 205,Case Number,W.P.(C) No.-000379-000379 / 2000,24-07-2000 (English)
S.No. 206,Case Number,C.A. No.-004947-004948 / 1998,14-03-2000 (English)
S.No. 207,Case Number,Crl.A. No.-000004-000004 / 2000,31-07-2000 (English)
S.No. 208,Case Number,C.A. No.-005959-005959 / 1998,12-05-2000 (English)
S.No. 209,Case Number,C.A. No.-001081-001081 / 2000,15-02-2000 (English)
S.No. 210,Case Number,C.A. No.-004105-004105 / 1999,03-01-2000 (English)
S.No. 211,Case Number,SLP(C) No.-012876-012876 / 2000,28-08-2000 (English)
S.No. 212,Case Number,C.A. No.-005346-005346 / 1997,22-09-2000 (English)
S.No. 213,Case Number,C.A. No.-002589-002589 / 2000,11-04-2000 (English)
S.No. 214,Case Number,SLP(C) No.-011726-011726 / 2000,01-09-2000 (English)
S.No. 215,Case Number,C.A. No.-007652-007652 / 1996,09-08-2000 (English)
S.No. 216,Case Number,C.A. No.-004365-004365 / 2000,01-08-2000 (English)
S.No. 217,Case Number,C.A. No.-007717-007717 / 1994,12-01-2000 (English)
S.No. 218,Case Number,C.A. No.-004780-004780 / 2000,28-08-2000 (English)
S.No. 219,Case Number,Crl.A. No.-000092-000092 / 1996,18-04-2000 (English)
S.No. 220,Case Number,T.P.(Crl.) No.-000183-000183 / 1999,05-05-2000 (English)
S.No. 221,Case Number,C.A. No.-002660-002660 / 1998,28-10-1999 (English)
S.No. 222,Case Number,C.A. No.-002026-002026 / 2000,09-03-2000 (English)
S.No. 223,Case Number,C.A. No.-004734-004734 / 2000,22-08-2000 (English)
S.No. 224,Case Number,C.A. No.-001965-001965 / 2000,06-03-2000 (English)
S.No. 225,Case Number,C.A. No.-004538-004538 / 2000,16-08-2000 (English)
S.No. 226,Case Number,C.A. No.-007202-007202 / 1995,11-04-2000 (English)
S.No. 227,Case Number,Crl.A. No.-000555-000555 / 1999,08-08-2000 (English)
S.No. 228,Case Number,Crl.A. No.-000212-000216 / 2000,23-02-2000 (English)
S.No. 229,Case Number,Crl.A. No.-001224-001224 / 1999,19-11-1999 (English)
S.No. 230,Case Number,Crl.A. No.-000049-000049 / 2000,17-01-2000 (English)
S.No. 231,Case Number,Crl.A. No.-000847-000847 / 1999,15-02-2000 (English)
S.No. 232,Case Number,Crl.A. No.-000379-000379 / 2000,19-04-2000 (English)
S.No. 233,Case Number,Crl.A. No.-000678-000678 / 1997,12-01-2000 (English)
S.No. 234,Case Number,C.A. No.-003022-003022 / 2000,28-04-2000 (English)
S.No. 235,Case Number,Crl.A. No.-000089-000089 / 1999,22-09-2000 (English)
S.No. 236,Case Number,Crl.A. No.-000074-000074 / 2000,21-01-2000 (English)
S.No. 237,Case Number,C.A. No.-006806-006806 / 1995,31-03-2000 (English)
S.No. 238,Case Number,Crl.A. No.-000483-000483 / 2000,11-05-2000 (English)
S.No. 239,Case Number,SLP(C) No.-012797-012797 / 1998,08-03-2000 (English)
S.No. 240,Case Number,C.A. No.-003942-003943 / 1998,25-11-1999 (English)
S.No. 241,Case Number,C.A. No.-004085-004085 / 1998,27-10-1999 (English)
S.No. 242,Case Number,C.A. No.-004709-004709 / 1998,09-05-2000 (English)
S.No. 243,Case Number,Crl.A. No.-001152-001152 / 1999,01-11-1999 (English)
S.No. 244,Case Number,C.A. No.-000781-000783 / 1998,28-03-2000 (English)
S.No. 245,Case Number,C.A. No.-003059-003059 / 2000,01-05-2000 (English)
S.No. 246,Case Number,C.A. No.-005215-005215 / 2000,20-09-2000 (English)
S.No. 247,Case Number,Crl.A. No.-000838-000838 / 1998,09-05-2000 (English)
S.No. 248,Case Number,C.A. No.-005394-005394 / 1994,15-03-2000 (English)
S.No. 249,Case Number,Crl.A. No.-001206-001206 / 1999,16-11-1999 (English)
S.No. 250,Case Number,Crl.A. No.-001130-001130 / 1997,30-11-1999 (English)
S.No. 251,Case Number,C.A. No.-002274-002274 / 2000,28-03-2000 (English)
S.No. 252,Case Number,Crl.A. No.-001332-001332 / 1999,25-04-2000 (English)
S.No. 253,Case Number,C.A. No.-001097-001097 / 2000,11-02-2000 (English)
S.No. 254,Case Number,Crl.A. No.-000700-000700 / 2000,25-08-2000 (English)
S.No. 255,Case Number,C.A. No.-004215-004215 / 2000,20-07-2000 (English)
S.No. 256,Case Number,9999 No.-000009-000009 / 1999,04-04-2000 (English)
S.No. 257,Case Number,C.A. No.-004758-004758 / 1998,12-05-2000 (English)
S.No. 258,Case Number,C.A. No.-011881-011881 / 1996,05-05-2000 (English)
S.No. 259,Case Number,Crl.A. No.-000018-000019 / 2000,10-01-2000 (English)
S.No. 260,Case Number,C.A. No.-005582-005582 / 1999,20-01-2000 (English)
S.No. 261,Case Number,W.P.(C) No.-000567-000567 / 1995,26-04-2000 (English)
S.No. 262,Case Number,C.A. No.-007427-007427 / 1997,25-04-2000 (English)
S.No. 263,Case Number,W.P.(C) No.-000366-000366 / 1997,17-12-1999 (English)
S.No. 264,Case Number,C.A. No.-006728-006728 / 1999,24-11-1999 (English)
S.No. 265,Case Number,C.A. No.-005904-005904 / 1999,21-07-2000 (English)
S.No. 266,Case Number,C.A. No.-007266-007266 / 1999,15-12-1999 (English)
S.No. 267,Case Number,C.A. No.-004998-004998 / 1999,05-04-2000 (English)
S.No. 268,Case Number,Crl.A. No.-000732-000732 / 2000,30-08-2000 (English)
S.No. 269,Case Number,C.A. No.-003269-003269 / 2000,05-05-2000 (English)
S.No. 270,Case Number,C.A. No.-002231-002231 / 2000,27-03-2000 (English)
S.No. 271,Case Number,Crl.A. No.-000992-000993 / 1999,01-05-2000 (English)
S.No. 272,Case Number,C.A. No.-004111-004111 / 2000,24-07-2000 (English)
S.No. 273,Case Number,Crl.A. No.-000021-000021 / 2000,"07-01-2000 (English)
07-01-2000 (English)"
S.No. 274,Case Number,C.A. No.-005929-005929 / 1997,03-12-1999 (English)
S.No. 275,Case Number,C.A. No.-002462-002462 / 1999,28-03-2000 (English)
S.No. 276,Case Number,C.A. No.-003728-003728 / 2000,13-07-2000 (English)
S.No. 277,Case Number,C.A. No.-005242-005243 / 1998,03-11-1999 (English)
S.No. 278,Case Number,C.A. No.-005875-005875 / 1999,03-04-2000 (English)
S.No. 279,Case Number,Crl.A. No.-000933-000933 / 1998,10-03-2000 (English)
S.No. 280,Case Number,Crl.A. No.-001183-001183 / 1997,07-04-2000 (English)
S.No. 281,Case Number,C.A. No.-000639-000639 / 2000,28-01-2000 (English)
S.No. 282,Case Number,Crl.A. No.-001294-001300 / 1999,09-05-2000 (English)
S.No. 283,Case Number,C.A. No.-004706-004706 / 1998,11-07-2000 (English)
S.No. 284,Case Number,C.A. No.-005654-005654 / 1998,14-03-2000 (English)
S.No. 285,Case Number,C.A. No.-005436-005437 / 1998,09-01-2000 (English)
S.No. 286,Case Number,SLP(C) No.-013639-013639 / 2000,21-09-2000 (English)
S.No. 287,Case Number,Crl.A. No.-000064-000064 / 1998,17-12-1999 (English)
S.No. 288,Case Number,Crl.A. No.-001092-001093 / 1998,10-12-1999 (English)
S.No. 289,Case Number,C.A. No.-005447-005447 / 2000,27-09-2000 (English)
S.No. 290,Case Number,Crl.A. No.-000295-000295 / 1999,12-03-2000 (English)
S.No. 291,Case Number,C.A. No.-005986-005986 / 2000,"18-10-2000 (English)
18-10-2000 (English)"
S.No. 292,Case Number,Crl.A. No.-001045-001045 / 1999,17-12-1999 (English)
S.No. 293,Case Number,C.A. No.-006529-006529 / 1999,16-11-1999 (English)
S.No. 294,Case Number,C.A. No.-005747-005747 / 1998,18-10-2000 (English)
S.No. 295,Case Number,C.A. No.-000039-000039 / 2000,06-01-2000 (English)
S.No. 296,Case Number,Crl.A. No.-000784-000784 / 1994,26-09-2000 (English)
S.No. 297,Case Number,C.A. No.-000605-000605 / 2000,27-01-2000 (English)
S.No. 298,Case Number,Crl.A. No.-000011-000011 / 1999,15-02-2000 (English)
S.No. 299,Case Number,Crl.A. No.-001376-001376 / 1999,17-12-1999 (English)
S.No. 300,Case Number,C.A. No.-007222-007223 / 1999,"13-12-1999 (English)
13-12-1999 (English)"
S.No. 301,Case Number,SLP(Crl) No.-003164-003164 / 1999,06-03-2000 (English)
S.No. 302,Case Number,C.A. No.-008468-008468 / 1997,14-03-2000 (English)
S.No. 303,Case Number,Crl.A. No.-001079-001079 / 1998,11-05-2000 (English)
S.No. 304,Case Number,C.A. No.-002639-002639 / 2000,13-04-2000 (English)
S.No. 305,Case Number,C.A. No.-009026-009028 / 1996,24-02-2000 (English)
S.No. 306,Case Number,C.A. No.-003077-003077 / 2003,04-09-2000 (English)
S.No. 307,Case Number,Crl.A. No.-000010-000012 / 2001,04-01-2000 (English)
S.No. 308,Case Number,SLP(C) No.-014890-014890 / 1999,24-07-2000 (English)
S.No. 309,Case Number,C.A. No.-003021-003021 / 2000,27-04-2000 (English)
S.No. 310,Case Number,C.A. No.-007000-007000 / 1994,17-10-2000 (English)
S.No. 311,Case Number,C.A. No.-001933-001933 / 2000,03-03-2000 (English)
S.No. 312,Case Number,C.A. No.-003643-003643 / 2002,08-07-2000 (English)
S.No. 313,Case Number,C.A. No.-004104-004104 / 1998,26-04-2000 (English)
S.No. 314,Case Number,Crl.A. No.-000158-000158 / 1998,08-03-2000 (English)
S.No. 315,Case Number,W.P.(C) No.-000613-000613 / 1994,19-04-2000 (English)
S.No. 316,Case Number,C.A. No.-000487-000492 / 1998,20-07-2000 (English)
S.No. 317,Case Number,C.A. No.-005029-005029 / 2000,13-09-2000 (English)
S.No. 318,Case Number,Crl.A. No.-001338-001338 / 1998,02-12-1999 (English)
S.No. 319,Case Number,Crl.A. No.-000545-000545 / 2000,19-07-2000 (English)
S.No. 320,Case Number,SLP(C) No.-015354-015354 / 2000,17-10-2000 (English)
S.No. 321,Case Number,Crl.A. No.-000747-000747 / 2000,05-09-2000 (English)
S.No. 322,Case Number,C.A. No.-007687-007688 / 1997,14-12-1999 (English)
S.No. 323,Case Number,C.A. No.-003341-003341 / 2000,"09-05-2000 (English)
09-05-2000 (English)"
S.No. 324,Case Number,C.A. No.-004807-004807 / 2000,28-08-2000 (English)
S.No. 325,Case Number,W.P.(Crl.) No.-000354-000354 / 1997,06-01-2000 (English)
S.No. 326,Case Number,C.A. No.-000679-000679 / 1997,06-04-2000 (English)
S.No. 327,Case Number,C.A. No.-001930-001936 / 1999,"09-05-2000 (English)
09-05-2000 (English)"
S.No. 328,Case Number,C.A. No.-006843-006844 / 1999,30-08-2000 (English)
S.No. 329,Case Number,C.A. No.-002356-002356 / 2000,03-04-2000 (English)
S.No. 330,Case Number,C.A. No.-001039-001039 / 2000,04-08-2000 (English)
S.No. 331,Case Number,C.A. No.-004719-004720 / 2000,22-08-2000 (English)
S.No. 332,Case Number,C.A. No.-000810-000810 / 1995,05-11-1999 (English)
S.No. 333,Case Number,Crl.A. No.-000086-000086 / 1998,29-03-2000 (English)
S.No. 334,Case Number,C.A. No.-004955-004955 / 1999,01-02-2000 (English)
S.No. 335,Case Number,C.A. No.-006926-006927 / 1999,02-12-1999 (English)
S.No. 336,Case Number,SPL.REF. No.-000001-000001 / 1997,29-03-2000 (English)
S.No. 337,Case Number,C.A. No.-003179-003179 / 2000,03-05-2000 (English)
S.No. 338,Case Number,C.A. No.-004120-004120 / 2000,21-07-2000 (English)
S.No. 339,Case Number,W.P.(C) No.-000798-000798 / 1995,05-05-2000 (English)
S.No. 340,Case Number,C.A. No.-008701-008701 / 1997,02-11-1999 (English)
S.No. 341,Case Number,C.A. No.-001078-001086 / 1999,07-01-2000 (English)
S.No. 342,Case Number,C.A. No.-003439-003440 / 1997,09-08-2000 (English)
S.No. 343,Case Number,C.A. No.-006246-006246 / 1999,02-11-1999 (English)
S.No. 344,Case Number,C.A. No.-002126-002127 / 2000,15-03-2000 (English)
S.No. 345,Case Number,C.A. No.-000767-000767 / 2000,20-09-2000 (English)
S.No. 346,Case Number,C.A. No.-000865-000865 / 2000,19-09-2000 (English)
S.No. 347,Case Number,W.P.(C) No.-000584-000584 / 1998,05-05-2000 (English)
S.No. 348,Case Number,R.P.(C) No.-001504-001506 / 1999,08-12-1999 (English)
S.No. 349,Case Number,Crl.A. No.-000289-000289 / 2000,26-04-2000 (English)
S.No. 350,Case Number,C.A. No.-006750-006750 / 1999,01-05-2000 (English)
S.No. 351,Case Number,C.A. No.-008716-008716 / 1997,02-11-1999 (English)
S.No. 352,Case Number,C.A. No.-004897-004897 / 2000,05-09-2000 (English)
S.No. 353,Case Number,C.A. No.-007144-007144 / 1999,04-01-2000 (English)
S.No. 354,Case Number,C.A. No.-002291-002291 / 1995,28-01-2000 (English)
S.No. 355,Case Number,C.A. No.-002232-002232 / 2000,27-03-2000 (English)
S.No. 356,Case Number,C.A. No.-005664-005664 / 2000,29-09-2000 (English)
S.No. 357,Case Number,Crl.A. No.-000005-000005 / 2000,05-01-2000 (English)
S.No. 358,Case Number,C.A. No.-001934-001935 / 2000,03-03-2000 (English)
S.No. 359,Case Number,C.A. No.-008921-008921 / 1994,08-12-1999 (English)
S.No. 360,Case Number,C.A. No.-007809-007810 / 1997,04-09-2000 (English)
S.No. 361,Case Number,Crl.A. No.-000360-000360 / 2000,25-04-2000 (English)
S.No. 362,Case Number,C.A. No.-003109-003109 / 1998,26-04-2000 (English)
S.No. 363,Case Number,Crl.A. No.-000094-000094 / 2000,28-01-2000 (English)
S.No. 364,Case Number,Crl.A. No.-000445-000446 / 1998,27-04-2000 (English)
S.No. 365,Case Number,C.A. No.-007764-007764 / 1997,16-12-1999 (English)
S.No. 366,Case Number,SLP(C) No.-017010-017012 / 1999,18-04-2000 (English)
S.No. 367,Case Number,C.A. No.-011811-011811 / 1995,02-11-1999 (English)
S.No. 368,Case Number,C.A. No.-005467-005467 / 2000,27-09-2000 (English)
S.No. 369,Case Number,Crl.A. No.-000449-000449 / 1995,17-04-2000 (English)
S.No. 370,Case Number,C.A. No.-002333-002333 / 2000,31-03-2000 (English)
S.No. 371,Case Number,C.A. No.-001424-001424 / 2000,18-02-2000 (English)
S.No. 372,Case Number,C.A. No.-002897-002897 / 2000,24-04-2000 (English)
S.No. 373,Case Number,C.A. No.-006423-006423 / 1998,07-04-2000 (English)
S.No. 374,Case Number,C.A. No.-007109-007109 / 1999,"02-05-2000 (English)
02-05-2000 (English)"
S.No. 375,Case Number,C.A. No.-000638-000638 / 2000,28-01-2000 (English)
S.No. 376,Case Number,Crl.A. No.-000783-000783 / 2000,13-09-2000 (English)
S.No. 377,Case Number,C.A. No.-005968-005968 / 2000,18-10-2000 (English)
S.No. 378,Case Number,Crl.A. No.-000184-000184 / 2000,17-02-2000 (English)
S.No. 379,Case Number,C.A. No.-009156-009156 / 1996,06-03-2000 (English)
S.No. 380,Case Number,C.A. No.-009946-009946 / 1996,28-02-2000 (English)
S.No. 381,Case Number,C.A. No.-008567-008568 / 1997,09-01-2000 (English)
S.No. 382,Case Number,Crl.A. No.-000286-000286 / 2000,14-03-2000 (English)
S.No. 383,Case Number,Crl.A. No.-001258-001263 / 1999,26-11-1999 (English)
S.No. 384,Case Number,SLP(C) No.-001662-001662 / 2000,"28-08-2000 (English)
17-01-2000 (English)"
S.No. 385,Case Number,C.A. No.-002896-002896 / 2000,24-04-2000 (English)
S.No. 386,Case Number,C.A. No.-000456-000458 / 2000,18-01-2000 (English)
S.No. 387,Case Number,C.A. No.-002235-002235 / 1998,28-07-2000 (English)
S.No. 388,Case Number,C.A. No.-005579-005582 / 2000,28-09-2000 (English)
S.No. 389,Case Number,C.A. No.-003247-003247 / 2000,05-05-2000 (English)
S.No. 390,Case Number,C.A. No.-005235-005241 / 2000,22-09-2000 (English)
S.No. 391,Case Number,C.A. No.-006266-006268 / 1998,31-08-2000 (English)
S.No. 392,Case Number,C.A. No.-006071-006071 / 1999,22-02-2000 (English)
S.No. 393,Case Number,Crl.A. No.-001211-001216 / 1999,17-11-1999 (English)
S.No. 394,Case Number,Crl.A. No.-000477-000477 / 2000,11-05-2000 (English)
S.No. 395,Case Number,C.A. No.-004446-004446 / 2000,09-08-2000 (English)
S.No. 396,Case Number,C.A. No.-003122-003122 / 1995,16-11-1999 (English)
S.No. 397,Case Number,C.A. No.-001459-001459 / 1996,07-12-1999 (English)
S.No. 398,Case Number,C.A. No.-007088-007088 / 1999,08-12-1999 (English)
S.No. 399,Case Number,C.A. No.-002143-002143 / 1999,05-04-2000 (English)
S.No. 400,Case Number,C.A. No.-002272-002272 / 2000,"28-03-2000 (English)
28-03-2000 (English)"
S.No. 401,Case Number,C.A. No.-001407-001409 / 1998,11-04-2000 (English)
S.No. 402,Case Number,Crl.A. No.-001133-001134 / 1999,29-10-1999 (English)
S.No. 403,Case Number,C.A. No.-003354-003354 / 2000,10-05-2000 (English)
S.No. 404,Case Number,SLP(C) No.-001318-001318 / 1999,31-03-2000 (English)
S.No. 405,Case Number,C.A. No.-006329-006329 / 1998,"25-04-2000 (English)
25-04-2000 (English)"
S.No. 406,Case Number,C.A. No.-002878-002878 / 1998,15-03-2000 (English)
S.No. 407,Case Number,W.P.(C) No.-000674-000674 / 1997,19-01-2000 (English)
S.No. 408,Case Number,C.A. No.-002935-002935 / 1996,11-01-2000 (English)
S.No. 409,Case Number,SLP(C) No.-000061-000061 / 1998,11-04-2000 (English)
S.No. 410,Case Number,C.A. No.-000303-000304 / 1999,03-08-2000 (English)
S.No. 411,Case Number,C.A. No.-002281-002283 / 2000,29-03-2000 (English)
S.No. 412,Case Number,C.A. No.-002145-002145 / 1997,17-12-1999 (English)
S.No. 413,Case Number,C.A. No.-004578-004578 / 2000,17-08-2000 (English)
S.No. 414,Case Number,W.P.(C) No.-000673-000673 / 1998,25-02-2000 (English)
S.No. 415,Case Number,C.A. No.-002579-002579 / 2000,16-01-2000 (English)
S.No. 416,Case Number,C.A. No.-004865-004865 / 1998,24-11-1999 (English)
S.No. 417,Case Number,C.A. No.-005102-005102 / 2000,19-09-2000 (English)
S.No. 418,Case Number,C.A. No.-000194-000194 / 2000,12-01-2000 (English)
S.No. 419,Case Number,C.A. No.-003033-003033 / 2000,"28-04-2000 (English)
28-04-2000 (English)
28-04-2000 (English)"
S.No. 420,Case Number,C.A. No.-000154-000154 / 1999,26-10-1999 (English)
S.No. 421,Case Number,Crl.A. No.-000118-000119 / 1998,30-03-2000 (English)
S.No. 422,Case Number,C.A. No.-001472-001473 / 1998,23-03-2000 (English)
S.No. 423,Case Number,C.A. No.-004263-004263 / 1999,25-04-2000 (English)
S.No. 424,Case Number,C.A. No.-002937-002937 / 2000,10-10-2000 (English)
S.No. 425,Case Number,Crl.A. No.-000131-000131 / 2000,07-02-2000 (English)
S.No. 426,Case Number,C.A. No.-001718-001718 / 1998,26-09-2000 (English)
S.No. 427,Case Number,C.A. No.-000385-000386 / 1999,14-03-2000 (English)
S.No. 428,Case Number,Crl.A. No.-000025-000026 / 2000,05-09-2000 (English)
S.No. 429,Case Number,C.A. No.-007182-007182 / 1999,10-12-1999 (English)
S.No. 430,Case Number,C.A. No.-000163-000180 / 1998,18-01-2000 (English)
S.No. 431,Case Number,Crl.A. No.-001353-001357 / 1999,15-12-1999 (English)
S.No. 432,Case Number,/,28-07-2000 (English)
S.No. 433,Case Number,Crl.A. No.-000312-000312 / 1999,17-03-2000 (English)
S.No. 434,Case Number,C.A. No.-004668-004668 / 1999,05-05-2000 (English)
S.No. 435,Case Number,Crl.A. No.-000630-000631 / 1999,17-12-1999 (English)
S.No. 436,Case Number,C.A. No.-002128-002128 / 2000,15-03-2000 (English)
S.No. 437,Case Number,C.A. No.-001659-001661 / 1997,09-08-2000 (English)
S.No. 438,Case Number,Crl.A. No.-001131-001132 / 1999,29-10-1999 (English)
S.No. 439,Case Number,Crl.A. No.-000208-000208 / 2000,"11-04-2000 (English)
11-04-2000 (English)"
S.No. 440,Case Number,C.A. No.-001786-001786 / 2000,28-02-2000 (English)
S.No. 441,Case Number,C.A. No.-000487-000487 / 2000,"20-07-2000 (English)
20-07-2000 (English)"
S.No. 442,Case Number,Crl.A. No.-000824-000825 / 1998,10-05-2000 (English)
S.No. 443,Case Number,C.A. No.-000113-000113 / 1998,24-04-2000 (English)
S.No. 444,Case Number,C.A. No.-000096-000096 / 1998,16-02-2000 (English)
S.No. 445,Case Number,SLP(C) No.-021000-021000 / 1993,17-12-1999 (English)
S.No. 446,Case Number,SLP(C) No.-013658-013658 / 1996,16-02-2000 (English)
S.No. 447,Case Number,W.P.(C) No.-000174-000174 / 1991,01-09-2000 (English)
S.No. 448,Case Number,Crl.A. No.-000258-000258 / 2000,07-03-2000 (English)
S.No. 449,Case Number,Crl.A. No.-000753-000753 / 2000,06-09-2000 (English)
S.No. 450,Case Number,C.A. No.-000001-000001 / 1997,27-03-2000 (English)
S.No. 451,Case Number,CONMT.PET.(C) No.-000488-000488 / 1998,12-10-2000 (English)
S.No. 452,Case Number,C.A. No.-000921-000921 / 1992,04-02-2000 (English)
S.No. 453,Case Number,Crl.A. No.-000809-000809 / 1997,02-12-1999 (English)
S.No. 454,Case Number,C.A. No.-000662-000662 / 1997,17-12-1999 (English)
S.No. 455,Case Number,C.A. No.-003067-003067 / 1997,08-02-2000 (English)
S.No. 456,Case Number,ORGNL.SUIT No.-000002-000002 / 1997,25-04-2000 (English)
S.No. 457,Case Number,C.A. No.-004247-004249 / 1998,15-03-2000 (English)
S.No. 458,Case Number,C.A. No.-002630-002630 / 1982,12-05-2000 (English)
S.No. 459,Case Number,C.A. No.-002942-000044 / 1979,09-08-2000 (English)
S.No. 460,Case Number,C.A. No.-001772-001772 / 1980,10-04-2000 (English)
S.No. 461,Case Number,C.A. No.-001549-001549 / 1980,26-04-2000 (English)
S.No. 462,Case Number,C.A. No.-001441-001441 / 1981,17-02-2000 (English)
S.No. 463,Case Number,C.A. No.-000834-000834 / 1981,28-09-2000 (English)
S.No. 464,Case Number,C.A. No.-000176-000176 / 1982,02-11-1999 (English)
S.No. 465,Case Number,C.A. No.-001288-001288 / 1982,"10-02-2000 (English)
10-02-2000 (English)"
S.No. 466,Case Number,C.A. No.-003673-003673 / 1982,12-09-2000 (English)
S.No. 467,Case Number,C.A. No.-000669-000669 / 1982,13-09-2000 (English)
S.No. 468,Case Number,C.A. No.-001990-001990 / 1995,28-10-1999 (English)
S.No. 469,Case Number,C.A. No.-009987-009987 / 1995,04-11-1999 (English)
S.No. 470,Case Number,C.A. No.-005364-005365 / 1995,02-03-2000 (English)
S.No. 471,Case Number,C.A. No.-011231-011232 / 1995,03-04-2000 (English)
S.No. 472,Case Number,Crl.A. No.-000279-000281 / 1995,11-04-2000 (English)
S.No. 473,Case Number,C.A. No.-008308-008308 / 1995,03-05-2000 (English)
S.No. 474,Case Number,C.A. No.-011388-011388 / 1995,11-05-2000 (English)
S.No. 475,Case Number,C.A. No.-011941-011941 / 1995,02-08-2000 (English)
S.No. 476,Case Number,C.A. No.-009271-009271 / 1995,"09-08-2000 (English)
09-08-2000 (English)"
S.No. 477,Case Number,C.A. No.-009617-009618 / 1995,18-08-2000 (English)
S.No. 478,Case Number,C.A. No.-002269-002269 / 1981,18-02-2000 (English)
S.No. 479,Case Number,C.A. No.-000425-000425 / 1982,24-11-1999 (English)
S.No. 480,Case Number,C.A. No.-001206-001207 / 1982,26-10-1999 (English)
S.No. 481,Case Number,W.P.(C) No.-004677-004677 / 1985,"29-08-2000 (English)
28-04-2000 (English)"
S.No. 482,Case Number,C.A. No.-003005-003005 / 1983,15-12-1999 (English)
S.No. 483,Case Number,C.A. No.-008561-008561 / 1983,14-02-2000 (English)
S.No. 484,Case Number,C.A. No.-001921-001921 / 1984,14-12-1999 (English)
S.No. 485,Case Number,C.A. No.-001707-001707 / 1995,09-02-2000 (English)
S.No. 486,Case Number,C.A. No.-002256-002256 / 1984,23-02-2000 (English)
S.No. 487,Case Number,C.A. No.-004966-004966 / 1984,09-03-2000 (English)
S.No. 488,Case Number,C.A. No.-010283-010283 / 1995,03-05-2000 (English)
S.No. 489,Case Number,C.A. No.-002378-002378 / 1984,28-07-2000 (English)
S.No. 490,Case Number,C.A. No.-009104-009104 / 1995,"11-05-2000 (English)
11-05-2000 (English)"
S.No. 491,Case Number,C.A. No.-000817-000817 / 1989,"06-04-2000 (English)
06-04-2000 (English)"
S.No. 492,Case Number,C.A. No.-000009-000009 / 1988,02-03-2000 (English)
S.No. 493,Case Number,W.P.(C) No.-000926-000926 / 1988,18-08-2000 (English)
S.No. 494,Case Number,C.A. No.-000143-000143 / 1992,01-03-2000 (English)
S.No. 495,Case Number,C.A. No.-004339-004339 / 1995,26-04-2000 (English)
S.No. 496,Case Number,Crl.A. No.-000078-000078 / 1992,01-02-2000 (English)
S.No. 497,Case Number,C.A. No.-002132-002132 / 1994,01-02-2000 (English)
S.No. 498,Case Number,C.A. No.-000828-000828 / 1986,"10-03-2000 (English)
10-03-2000 (English)"
S.No. 499,Case Number,C.A. No.-003282-003282 / 1988,18-11-1999 (English)
S.No. 500,Case Number,C.A. No.-000774-000774 / 1988,01-12-1999 (English)
S.No. 501,Case Number,C.A. No.-005867-005869 / 1994,20-01-2000 (English)
S.No. 502,Case Number,C.A. No.-003519-003519 / 1997,31-03-2000 (English)
S.No. 503,Case Number,C.A. No.-006325-006325 / 1995,17-04-2000 (English)
S.No. 504,Case Number,C.A. No.-002328-002328 / 1995,20-04-2000 (English)
S.No. 505,Case Number,Crl.A. No.-000629-000629 / 1996,09-08-2000 (English)
S.No. 506,Case Number,Crl.A. No.-000333-000333 / 1987,26-10-1999 (English)
S.No. 507,Case Number,C.A. No.-002318-002318 / 1987,27-10-1999 (English)
S.No. 508,Case Number,C.A. No.-014987-014987 / 1996,29-11-1999 (English)
S.No. 509,Case Number,C.A. No.-002002-002002 / 1987,09-05-2000 (English)
S.No. 510,Case Number,W.P.(C) No.-000490-000490 / 1987,"22-08-2000 (English)
22-08-2000 (English)"
S.No. 511,Case Number,C.A. No.-005392-005392 / 1990,14-09-2000 (English)
S.No. 512,Case Number,C.A. No.-002453-002453 / 1987,29-09-2000 (English)
S.No. 513,Case Number,C.A. No.-006990-006990 / 1999,07-12-1999 (English)
S.No. 514,Case Number,W.P.(C) No.-000617-000617 / 1986,13-09-2000 (English)
S.No. 515,Case Number,C.A. No.-003968-003968 / 1987,29-03-2000 (English)
S.No. 516,Case Number,C.A. No.-004918-004918 / 1989,27-10-1999 (English)
S.No. 517,Case Number,C.A. No.-001763-001763 / 1989,01-02-2000 (English)
S.No. 518,Case Number,C.A. No.-004199-004199 / 1989,17-02-2000 (English)
S.No. 519,Case Number,C.A. No.-003214-003214 / 1989,29-02-2000 (English)
S.No. 520,Case Number,C.A. No.-001843-001843 / 1989,29-02-2000 (English)
S.No. 521,Case Number,C.A. No.-001805-001805 / 1989,02-03-2000 (English)
S.No. 522,Case Number,C.A. No.-004430-004430 / 1996,28-03-2000 (English)
S.No. 523,Case Number,C.A. No.-004479-004479 / 1989,28-03-2000 (English)
S.No. 524,Case Number,C.A. No.-004553-004553 / 1989,30-03-2000 (English)
S.No. 525,Case Number,C.A. No.-004157-004157 / 1989,18-04-2000 (English)
S.No. 526,Case Number,C.A. No.-003969-003969 / 1989,26-04-2000 (English)
S.No. 527,Case Number,C.A. No.-004872-004872 / 1989,03-05-2000 (English)
S.No. 528,Case Number,C.A. No.-004500-004500 / 1989,"09-05-2000 (English)
09-05-2000 (English)"
S.No. 529,Case Number,C.A. No.-002351-002351 / 1989,25-07-2000 (English)
S.No. 530,Case Number,C.A. No.-002552-002552 / 1989,04-08-2000 (English)
S.No. 531,Case Number,C.A. No.-002937-002937 / 1989,10-08-2000 (English)
S.No. 532,Case Number,T.C.(C) No.-000020-000024 / 1989,08-08-2000 (English)
S.No. 533,Case Number,C.A. No.-003137-003137 / 1995,17-10-2000 (English)
S.No. 534,Case Number,C.A. No.-003637-003638 / 1988,"04-04-2000 (English)
04-04-2000 (English)"
S.No. 535,Case Number,C.A. No.-002233-002242 / 1988,14-12-1999 (English)
S.No. 536,Case Number,C.A. No.-000447-000447 / 1989,03-03-2000 (English)
S.No. 537,Case Number,C.A. No.-000385-000385 / 1994,"25-02-2000 (English)
25-02-2000 (English)"
S.No. 538,Case Number,Crl.A. No.-000238-000239 / 1989,16-02-2000 (English)
S.No. 539,Case Number,C.A. No.-006136-006136 / 1990,15-11-1999 (English)
S.No. 540,Case Number,C.A. No.-001632-001632 / 1990,22-02-2000 (English)
S.No. 541,Case Number,C.A. No.-001544-001544 / 1990,27-04-2000 (English)
S.No. 542,Case Number,C.A. No.-012493-012493 / 1996,05-05-2000 (English)
S.No. 543,Case Number,C.A. No.-003707-003707 / 1990,"20-07-2000 (English)
20-07-2000 (English)"
S.No. 544,Case Number,C.A. No.-001738-001738 / 1990,02-08-2000 (English)
S.No. 545,Case Number,C.A. No.-001365-001365 / 1990,10-08-2000 (English)
S.No. 546,Case Number,C.A. No.-001555-001555 / 1990,10-08-2000 (English)
S.No. 547,Case Number,C.A. No.-003095-003095 / 1990,10-08-2000 (English)
S.No. 548,Case Number,C.A. No.-003111-003111 / 1990,22-08-2000 (English)
S.No. 549,Case Number,C.A. No.-005177-005177 / 1990,12-09-2000 (English)
S.No. 550,Case Number,C.A. No.-004411-004411 / 1996,20-09-2000 (English)
S.No. 551,Case Number,C.A. No.-009663-009663 / 1994,06-01-2000 (English)
S.No. 552,Case Number,C.A. No.-007386-007386 / 1994,13-01-2000 (English)
S.No. 553,Case Number,C.A. No.-000631-000631 / 1994,25-01-2000 (English)
S.No. 554,Case Number,C.A. No.-004049-004049 / 1994,"23-02-2000 (English)
23-02-2000 (English)"
S.No. 555,Case Number,Crl.A. No.-000846-000846 / 1996,30-03-2000 (English)
S.No. 556,Case Number,C.A. No.-006361-006361 / 1994,05-04-2000 (English)
S.No. 557,Case Number,C.A. No.-005086-005086 / 1994,"25-04-2000 (English)
25-04-2000 (English)"
S.No. 558,Case Number,C.A. No.-000771-000771 / 1997,"04-05-2000 (English)
04-05-2000 (English)"
S.No. 559,Case Number,C.A. No.-002500-002500 / 1994,12-05-2000 (English)
S.No. 560,Case Number,W.P.(C) No.-000930-000930 / 1990,13-12-1999 (English)
S.No. 561,Case Number,C.A. No.-000451-000451 / 1991,01-12-1999 (English)
S.No. 562,Case Number,C.A. No.-004149-004149 / 1991,14-12-1999 (English)
S.No. 563,Case Number,C.A. No.-001387-001387 / 1991,04-01-2000 (English)
S.No. 564,Case Number,C.A. No.-009777-009777 / 1995,25-01-2000 (English)
S.No. 565,Case Number,C.A. No.-000854-000854 / 1991,07-02-2000 (English)
S.No. 566,Case Number,C.A. No.-003756-003756 / 1991,23-02-2000 (English)
S.No. 567,Case Number,C.A. No.-001568-001568 / 1991,08-05-2000 (English)
S.No. 568,Case Number,C.A. No.-003513-003513 / 1991,11-05-2000 (English)
S.No. 569,Case Number,C.A. No.-001819-001819 / 1991,20-07-2000 (English)
S.No. 570,Case Number,C.A. No.-004315-004315 / 1991,"20-07-2000 (English)
20-07-2000 (English)"
S.No. 571,Case Number,C.A. No.-003037-003037 / 1991,09-08-2000 (English)
S.No. 572,Case Number,Crl.A. No.-000785-000785 / 1991,29-08-2000 (English)
S.No. 573,Case Number,C.A. No.-000384-000384 / 1992,15-02-2000 (English)
S.No. 574,Case Number,Crl.A. No.-000607-000607 / 1994,24-02-2000 (English)
S.No. 575,Case Number,C.A. No.-005682-005682 / 1999,03-02-2000 (English)
S.No. 576,Case Number,W.P.(C) No.-000319-000319 / 1994,18-10-2000 (English)
S.No. 577,Case Number,C.A. No.-012849-012850 / 1996,19-11-1999 (English)
S.No. 578,Case Number,C.A. No.-012438-012438 / 1996,17-11-1999 (English)
S.No. 579,Case Number,C.A. No.-001938-001938 / 1997,01-12-1999 (English)
S.No. 580,Case Number,C.A. No.-016832-016832 / 1996,01-12-1999 (English)
S.No. 581,Case Number,C.A. No.-012573-012573 / 1996,01-12-1999 (English)
S.No. 582,Case Number,C.A. No.-000411-000411 / 1997,14-12-1999 (English)
S.No. 583,Case Number,C.A. No.-013245-013246 / 1996,06-01-2000 (English)
S.No. 584,Case Number,C.A. No.-012921-012921 / 1996,12-01-2000 (English)
S.No. 585,Case Number,C.A. No.-002954-002954 / 1997,18-01-2000 (English)
S.No. 586,Case Number,C.A. No.-005392-005392 / 1997,10-02-2000 (English)
S.No. 587,Case Number,Crl.A. No.-002048-002048 / 1996,24-02-2000 (English)
S.No. 588,Case Number,C.A. No.-011439-011439 / 1996,28-02-2000 (English)
S.No. 589,Case Number,C.A. No.-014762-014762 / 1996,29-02-2000 (English)
S.No. 590,Case Number,C.A. No.-014150-014150 / 1996,29-02-2000 (English)
S.No. 591,Case Number,C.A. No.-004577-004577 / 1997,08-03-2000 (English)
S.No. 592,Case Number,C.A. No.-009071-009071 / 1996,28-03-2000 (English)
S.No. 593,Case Number,C.A. No.-009825-009826 / 1996,"05-04-2000 (English)
05-04-2000 (English)"
S.No. 594,Case Number,C.A. No.-008999-009000 / 1996,"07-04-2000 (English)
07-04-2000 (English)"
S.No. 595,Case Number,C.A. No.-013020-013020 / 1996,"07-04-2000 (English)
07-04-2000 (English)"
S.No. 596,Case Number,C.A. No.-015701-015701 / 1996,"26-04-2000 (English)
26-04-2000 (English)"
S.No. 597,Case Number,C.A. No.-014994-014994 / 1996,"03-05-2000 (English)
03-05-2000 (English)"
S.No. 598,Case Number,C.A. No.-012060-012060 / 1996,08-05-2000 (English)
S.No. 599,Case Number,C.A. No.-005329-005329 / 1996,12-05-2000 (English)
S.No. 600,Case Number,C.A. No.-012309-012309 / 1996,19-07-2000 (English)
S.No. 601,Case Number,C.A. No.-014826-014827 / 1996,28-07-2000 (English)
S.No. 602,Case Number,C.A. No.-002422-002422 / 1997,07-08-2000 (English)
S.No. 603,Case Number,C.A. No.-013357-013358 / 1996,08-08-2000 (English)
S.No. 604,Case Number,C.A. No.-011756-011756 / 1996,25-08-2000 (English)
S.No. 605,Case Number,C.A. No.-003151-003151 / 1997,19-09-2000 (English)
S.No. 606,Case Number,C.A. No.-007174-007174 / 1996,29-09-2000 (English)
S.No. 607,Case Number,Crl.A. No.-000701-000701 / 2000,"25-08-2000 (English)
25-08-2000 (English)"
S.No. 608,Case Number,Crl.A. No.-000765-000765 / 1996,08-09-2000 (English)
S.No. 609,Case Number,C.A. No.-013387-013387 / 1996,01-02-2000 (English)
S.No. 610,Case Number,Crl.A. No.-000790-000790 / 1996,24-08-2000 (English)
S.No. 611,Case Number,C.A. No.-013423-013423 / 1996,19-09-2000 (English)
S.No. 612,Case Number,C.A. No.-013087-013087 / 1996,10-08-2000 (English)
S.No. 613,Case Number,W.P.(C) No.-000182-000182 / 1996,"12-05-2000 (English)
12-05-2000 (English)"
S.No. 614,Case Number,Crl.A. No.-000431-000431 / 1991,01-02-2000 (English)
S.No. 615,Case Number,C.A. No.-000755-000755 / 1997,02-11-1999 (English)
S.No. 616,Case Number,C.A. No.-001268-001268 / 1992,03-02-2000 (English)
S.No. 617,Case Number,Crl.A. No.-000659-000659 / 1993,16-02-2000 (English)
S.No. 618,Case Number,Crl.A. No.-000312-000312 / 1991,22-03-2000 (English)
S.No. 619,Case Number,Crl.A. No.-000597-000597 / 1992,05-04-2000 (English)
S.No. 620,Case Number,C.A. No.-007946-007946 / 1996,04-04-2000 (English)
S.No. 621,Case Number,C.A. No.-004932-004933 / 1994,11-05-2000 (English)
S.No. 622,Case Number,C.A. No.-001100-001100 / 1992,20-07-2000 (English)
S.No. 623,Case Number,C.A. No.-001044-001044 / 1992,26-07-2000 (English)
S.No. 624,Case Number,C.A. No.-005312-005312 / 1992,28-07-2000 (English)
S.No. 625,Case Number,C.A. No.-005129-005129 / 1992,01-08-2000 (English)
S.No. 626,Case Number,C.A. No.-001062-001062 / 1992,25-08-2000 (English)
S.No. 627,Case Number,C.A. No.-001415-001416 / 2000,17-02-2000 (English)
S.No. 628,Case Number,Crl.A. No.-000628-000629 / 2000,07-08-2000 (English)
S.No. 629,Case Number,C.A. No.-003654-003654 / 1993,12-05-2000 (English)
S.No. 630,Case Number,C.A. No.-003655-003655 / 1993,12-05-2000 (English)
S.No. 631,Case Number,C.A. No.-003656-003656 / 1993,12-05-2000 (English)
S.No. 632,Case Number,C.A. No.-003657-003657 / 1993,12-05-2000 (English)
S.No. 633,Case Number,C.A. No.-003658-003658 / 1993,12-05-2000 (English)
S.No. 634,Case Number,Crl.A. No.-000722-000722 / 1993,04-04-2000 (English)
S.No. 635,Case Number,C.A. No.-000920-000920 / 1994,"04-04-2000 (English)
04-04-2000 (English)"
S.No. 636,Case Number,C.A. No.-000657-000657 / 1994,10-04-2000 (English)
S.No. 637,Case Number,C.A. No.-002016-002016 / 1996,25-04-2000 (English)
S.No. 638,Case Number,C.A. No.-004701-004701 / 1994,13-09-2000 (English)
S.No. 639,Case Number,C.A. No.-013293-013293 / 1996,29-09-2000 (English)
S.No. 640,Case Number,C.A. No.-000443-000443 / 1994,27-09-2000 (English)
