﻿Column-0,Column-1,Column-2,Column-3
S.No. 1,Case Number,MA-000083 / 2021,23-07-2021 (English)
S.No. 2,Case Number,C.A. No.-000867-000867 / 2021,03-02-2021 (English)
S.No. 3,Case Number,Crl.A. No.-000167-000167 / 2021,01-03-2021 (English)
S.No. 4,Case Number,SLP(C) No.-000811 / 2021,08-03-2021 (English)
S.No. 5,Case Number,C.A. No.-000390-000390 / 2021,16-02-2021 (English)
S.No. 6,Case Number,C.A. No.-000995-000995 / 2021,19-03-2021 (English)
S.No. 7,Case Number,C.A. No.-006251-006251 / 2021,07-10-2021 (English)
S.No. 8,Case Number,C.A. No.-000440-000441 / 2020,26-03-2021 (English)
S.No. 9,Case Number,C.A. No.-001460-001460 / 2010,24-11-2020 (English)
S.No. 10,Case Number,Crl.A. No.-000257-000257 / 2021,02-03-2021 (English)
S.No. 11,Case Number,C.A. No.-005819-005822 / 2021,21-09-2021 (English)
S.No. 12,Case Number,T.P.(C) No.-000062 / 2021,01-10-2021 (English)
S.No. 13,Case Number,C.A. No.-005970-005970 / 2021,24-09-2021 (English)
S.No. 14,Case Number,Crl.A. No.-000422-000422 / 2021,20-04-2021 (English)
S.No. 15,Case Number,C.A. No.-000495-000495 / 2021,05-03-2021 (English)
S.No. 16,Case Number,C.A. No.-000337-000337 / 2021,23-03-2021 (English)
S.No. 17,Case Number,Crl.A. No.-001045-001045 / 2021,08-10-2021 (English)
S.No. 18,Case Number,C.A. No.-005720-005720 / 2021,21-09-2021 (English)
S.No. 19,Case Number,W.P.(C) No.-000060 / 2019,24-08-2021 (English)
S.No. 20,Case Number,W.P.(C) No.-000026 / 2020,19-01-2021 (English)
S.No. 21,Case Number,W.P.(C) No.-000054 / 2021,08-02-2021 (English)
S.No. 22,Case Number,W.P.(C) No.-000078 / 2021,29-01-2021 (English)
S.No. 23,Case Number,SLP(C) No.-001240 / 2021,11-02-2021 (English)
S.No. 24,Case Number,T.P.(Crl.) No.-000017 / 2021,07-05-2021 (English)
S.No. 25,Case Number,Crl.A. No.-000876-000876 / 2021,07-09-2021 (English)
S.No. 26,Case Number,C.A. No.-004750-004750 / 2011,"20-09-2021 (English)
07-09-2021 (English)"
S.No. 27,Case Number,R.P.(C) No.-001054 / 2021,30-09-2021 (English)
S.No. 28,Case Number,C.A. No.-002336-002336 / 2021,06-07-2021 (English)
S.No. 29,Case Number,C.A. No.-000693-000693 / 2021,22-02-2021 (English)
S.No. 30,Case Number,C.A. No.-000805-000805 / 2021,12-03-2021 (English)
S.No. 31,Case Number,C.A. No.-000845-000845 / 2021,10-03-2021 (English)
S.No. 32,Case Number,C.A. No.-000680-000680 / 2021,"22-02-2021 (English)
22-02-2021 (தமிழ்)"
S.No. 33,Case Number,Crl.A. No.-000432-000432 / 2021,07-07-2021 (English)
S.No. 34,Case Number,W.P.(C) No.-000040 / 2018,24-02-2021 (English)
S.No. 35,Case Number,C.A. No.-000925-000926 / 2021,26-03-2021 (English)
S.No. 36,Case Number,C.A. No.-000843-000844 / 2021,"10-03-2021 (English)
10-03-2021 (മലയാളം)"
S.No. 37,Case Number,C.A. No.-001844-001844 / 2010,12-02-2021 (English)
S.No. 38,Case Number,Crl.A. No.-000715-000715 / 2020,05-11-2020 (English)
S.No. 39,Case Number,C.A. No.-001155-001155 / 2021,20-04-2021 (English)
S.No. 40,Case Number,SLP(C) No.-002492 / 2021,16-07-2021 (English)
S.No. 41,Case Number,C.A. No.-006094-006095 / 2021,29-09-2021 (English)
S.No. 42,Case Number,C.A. No.-002848-002848 / 2021,20-07-2021 (English)
S.No. 43,Case Number,C.A. No.-010197-010197 / 2010,13-08-2021 (English)
S.No. 44,Case Number,Crl.A. No.-000834-000834 / 2009,06-10-2021 (English)
S.No. 45,Case Number,C.A. No.-005781-005783 / 2021,20-09-2021 (English)
S.No. 46,Case Number,C.A. No.-005122-005122 / 2021,13-09-2021 (English)
S.No. 47,Case Number,C.A. No.-001137 / 2019,10-08-2021 (English)
S.No. 48,Case Number,W.P.(C) No.-000116 / 2019,04-05-2021 (English)
S.No. 49,Case Number,C.A. No.-005160-005160 / 2010,02-09-2021 (English)
S.No. 50,Case Number,C.A. No.-005685-005685 / 2021,27-09-2021 (English)
S.No. 51,Case Number,C.A. No.-006124-006124 / 2011,17-02-2021 (English)
S.No. 52,Case Number,T.C.(C) No.-000025 / 2021,17-03-2021 (English)
S.No. 53,Case Number,C.A. No.-000323 / 2021,15-04-2021 (English)
S.No. 54,Case Number,C.A. No.-005887-005887 / 2021,30-09-2021 (English)
S.No. 55,Case Number,C.A. No.-005991-005992 / 2021,27-09-2021 (English)
S.No. 56,Case Number,C.A. No.-005667-005667 / 2021,13-09-2021 (English)
S.No. 57,Case Number,C.A. No.-001647-001647 / 2021,20-04-2021 (English)
S.No. 58,Case Number,R.P.(C) No.-000472 / 2018,22-01-2021 (English)
S.No. 59,Case Number,W.P.(C) No.-000150 / 2021,11-02-2021 (English)
S.No. 60,Case Number,C.A. No.-000611 / 2020,18-12-2020 (English)
S.No. 61,Case Number,W.P.(C) No.-000202-000202 / 1995,15-02-2021 (English)
S.No. 62,Case Number,C.A. No.-004443-004443 / 2021,26-07-2021 (English)
S.No. 63,Case Number,C.A. No.-005153-005153 / 2021,06-09-2021 (English)
S.No. 64,Case Number,C.A. No.-001346-001346 / 2010,08-10-2021 (English)
S.No. 65,Case Number,SLP(Crl) No.-001156 / 2021,12-02-2021 (English)
S.No. 66,Case Number,T.P.(C) No.-000232 / 2018,04-10-2021 (English)
S.No. 67,Case Number,Crl.A. No.-000932-000932 / 2021,02-09-2021 (English)
S.No. 68,Case Number,C.A. No.-005963-005964 / 2021,27-09-2021 (English)
S.No. 69,Case Number,Crl.A. No.-000258-000258 / 2021,08-03-2021 (English)
S.No. 70,Case Number,C.A. No.-004964-004964 / 2021,07-09-2021 (English)
S.No. 71,Case Number,Crl.A. No.-000135-000135 / 2021,16-02-2021 (English)
S.No. 72,Case Number,Crl.A. No.-000606-000606 / 2021,23-07-2021 (English)
S.No. 73,Case Number,Crl.A. No.-001043-001043 / 2021,22-09-2021 (English)
S.No. 74,Case Number,C.A. No.-005627-005627 / 2021,09-09-2021 (English)
S.No. 75,Case Number,C.A. No.-003454-003454 / 2011,22-04-2021 (English)
S.No. 76,Case Number,C.A. No.-001827 / 2018,09-03-2021 (English)
S.No. 77,Case Number,C.A. No.-001051-001051 / 2021,23-03-2021 (English)
S.No. 78,Case Number,SLP(C) No.-003063-003064 / 2021,"17-02-2021 (English)
17-02-2021 (தமிழ்)"
S.No. 79,Case Number,Crl.A. No.-000343-000343 / 2021,19-03-2021 (English)
S.No. 80,Case Number,C.A. No.-007017-007017 / 2009,05-10-2021 (English)
S.No. 81,Case Number,C.A. No.-004492-004493 / 2021,06-08-2021 (English)
S.No. 82,Case Number,Crl.A. No.-000593-000593 / 2021,23-07-2021 (English)
S.No. 83,Case Number,C.A. No.-000049-000049 / 2021,23-03-2021 (English)
S.No. 84,Case Number,Crl.A. No.-000801-000801 / 2020,20-11-2020 (English)
S.No. 85,Case Number,SLP(C) No.-010678 / 2020,09-12-2020 (English)
S.No. 86,Case Number,Crl.A. No.-000912-000912 / 2021,25-08-2021 (English)
S.No. 87,Case Number,C.A. No.-006014-006015 / 2021,04-10-2021 (English)
S.No. 88,Case Number,W.P.(C) No.-000114-000114 / 2014,06-01-2021 (English)
S.No. 89,Case Number,C.A. No.-004665-004665 / 2021,09-08-2021 (English)
S.No. 90,Case Number,Crl.A. No.-000447-000447 / 2021,22-04-2021 (English)
S.No. 91,Case Number,Crl.A. No.-000763-000764 / 2016,02-11-2020 (English)
S.No. 92,Case Number,C.A. No.-000676 / 2021,10-08-2021 (English)
S.No. 93,Case Number,C.A. No.-006092-006092 / 2021,29-09-2021 (English)
S.No. 94,Case Number,ARBIT.CASE(C) No.-000008 / 2020,18-12-2020 (English)
S.No. 95,Case Number,Crl.A. No.-000510-000510 / 2021,12-05-2021 (English)
S.No. 96,Case Number,T.P.(C) No.-000429 / 2019,08-04-2021 (English)
S.No. 97,Case Number,Crl.A. No.-000452-000452 / 2021,27-04-2021 (English)
S.No. 98,Case Number,Crl.A. No.-000502-000502 / 2015,06-05-2021 (English)
S.No. 99,Case Number,Crl.A. No.-000522-000522 / 2021,28-05-2021 (English)
S.No. 100,Case Number,C.A. No.-006151-006151 / 2021,01-10-2021 (English)
S.No. 101,Case Number,C.A. No.-004846-004846 / 2021,17-08-2021 (English)
S.No. 102,Case Number,C.A. No.-000138-000138 / 2012,"02-03-2021 (English)
02-03-2021 (മലയാളം)"
S.No. 103,Case Number,C.A. No.-003647-003647 / 2020,06-11-2020 (English)
S.No. 104,Case Number,Crl.A. No.-001661-001661 / 2010,03-02-2021 (English)
S.No. 105,Case Number,C.A. No.-007469-007469 / 2008,05-01-2021 (English)
S.No. 106,Case Number,C.A. No.-001650 / 2020,04-08-2021 (English)
S.No. 107,Case Number,C.A. No.-002739-002739 / 2021,15-07-2021 (English)
S.No. 108,Case Number,Crl.A. No.-000022-000023 / 2021,08-01-2021 (English)
S.No. 109,Case Number,CONMT.PET.(C) No.-000413 / 2019,09-03-2021 (English)
S.No. 110,Case Number,C.A. No.-000639-000640 / 2021,03-03-2021 (English)
S.No. 111,Case Number,Crl.A. No.-000443 / 2020,08-03-2021 (English)
S.No. 112,Case Number,C.A. No.-000881-000881 / 2021,12-03-2021 (English)
S.No. 113,Case Number,C.A. No.-000988 / 2021,08-07-2021 (English)
S.No. 114,Case Number,C.A. No.-005779-005779 / 2021,16-09-2021 (English)
S.No. 115,Case Number,Crl.A. No.-001047-001048 / 2021,27-09-2021 (English)
S.No. 116,Case Number,C.A. No.-004991-004991 / 2012,29-09-2021 (English)
S.No. 117,Case Number,C.A. No.-006152-006152 / 2021,01-10-2021 (English)
S.No. 118,Case Number,T.P.(C) No.-000970-000970 / 2016,12-02-2021 (English)
S.No. 119,Case Number,C.A. No.-001517-001518 / 2021,09-04-2021 (English)
S.No. 120,Case Number,C.A. No.-002998-002998 / 2010,28-09-2021 (English)
S.No. 121,Case Number,C.A. No.-002100 / 2020,24-11-2020 (English)
S.No. 122,Case Number,C.A. No.-000554-000557 / 2021,25-03-2021 (English)
S.No. 123,Case Number,Crl.A. No.-000843-000844 / 2021,17-08-2021 (English)
S.No. 124,Case Number,C.A. No.-002274-002274 / 2021,29-06-2021 (English)
S.No. 125,Case Number,Crl.A. No.-000894-000894 / 2021,31-08-2021 (English)
S.No. 126,Case Number,C.A. No.-003592-003593 / 2020,04-03-2021 (English)
S.No. 127,Case Number,Crl.A. No.-000828-000828 / 2020,03-12-2020 (English)
S.No. 128,Case Number,C.A. No.-002535 / 2020,29-10-2020 (English)
S.No. 129,Case Number,C.A. No.-005799-005799 / 2021,21-09-2021 (English)
S.No. 130,Case Number,Crl.A. No.-000006-000006 / 2021,05-01-2021 (English)
S.No. 131,Case Number,C.A. No.-005738-005739 / 2021,23-09-2021 (English)
S.No. 132,Case Number,C.A. No.-008343-008344 / 2018,10-08-2021 (English)
S.No. 133,Case Number,Crl.A. No.-000336-000336 / 2021,19-03-2021 (English)
S.No. 134,Case Number,C.A. No.-009606-009606 / 2011,09-09-2021 (English)
S.No. 135,Case Number,C.A. No.-002690-002690 / 2009,20-11-2020 (English)
S.No. 136,Case Number,W.P.(C) No.-000465 / 2020,16-03-2021 (English)
S.No. 137,Case Number,C.A. No.-003735-003735 / 2020,19-11-2020 (English)
S.No. 138,Case Number,Crl.A. No.-000533-000533 / 2021,28-06-2021 (English)
S.No. 139,Case Number,W.P.(C) No.-000390 / 2021,15-04-2021 (English)
S.No. 140,Case Number,C.A. No.-003559-003559 / 2020,28-10-2020 (English)
S.No. 141,Case Number,C.A. No.-000012-000012 / 2021,05-01-2021 (English)
S.No. 142,Case Number,C.A. No.-005743-005744 / 2021,17-09-2021 (English)
S.No. 143,Case Number,Crl.A. No.-000407-000407 / 2021,13-04-2021 (English)
S.No. 144,Case Number,C.A. No.-003602-003602 / 2020,03-11-2020 (English)
S.No. 145,Case Number,C.A. No.-005810-005810 / 2021,20-09-2021 (English)
S.No. 146,Case Number,C.A. No.-005696-005696 / 2021,14-09-2021 (English)
S.No. 147,Case Number,Crl.A. No.-000699-000699 / 2020,26-10-2020 (English)
S.No. 148,Case Number,Crl.A. No.-000024-000024 / 2021,05-01-2021 (English)
S.No. 149,Case Number,C.A. No.-005059-005059 / 2021,01-09-2021 (English)
S.No. 150,Case Number,Crl.A. No.-000261-000261 / 2021,03-03-2021 (English)
S.No. 151,Case Number,Crl.A. No.-000231-000232 / 2021,01-03-2021 (English)
S.No. 152,Case Number,C.A. No.-002231 / 2021,26-07-2021 (English)
S.No. 153,Case Number,W.P.(C) No.-000446 / 2021,06-07-2021 (English)
S.No. 154,Case Number,C.A. No.-003776 / 2020,15-09-2021 (English)
S.No. 155,Case Number,SLP(C) No.-008658-008659 / 2019,24-08-2021 (English)
S.No. 156,Case Number,SMW(Crl) No.-000002 / 2020,16-04-2021 (English)
S.No. 157,Case Number,C.A. No.-000821-000821 / 2021,"05-03-2021 (English)
05-03-2021 (ଓଡ଼ିଆ)"
S.No. 158,Case Number,C.A. No.-004434-004435 / 2010,02-12-2020 (English)
S.No. 159,Case Number,C.A. No.-003581-003590 / 2020,02-11-2020 (English)
S.No. 160,Case Number,C.A. No.-004984-004985 / 2021,13-09-2021 (English)
S.No. 161,Case Number,Crl.A. No.-001161-001162 / 2021,04-10-2021 (English)
S.No. 162,Case Number,C.A. No.-003564-003564 / 2020,29-10-2020 (English)
S.No. 163,Case Number,SMW(Crl) No.-000001-000001 / 2017,20-04-2021 (English)
S.No. 164,Case Number,Crl.A. No.-000680-000680 / 2021,26-07-2021 (English)
S.No. 165,Case Number,C.A. No.-008215-008216 / 2011,24-09-2021 (English)
S.No. 166,Case Number,C.A. No.-004555-004559 / 2021,02-08-2021 (English)
S.No. 167,Case Number,Crl.A. No.-001051-001054 / 2021,08-10-2021 (English)
S.No. 168,Case Number,C.A. No.-004936-004937 / 2021,24-08-2021 (English)
S.No. 169,Case Number,C.A. No.-000013-000013 / 2021,05-01-2021 (English)
S.No. 170,Case Number,CONMT.PET.(C) No.-000444 / 2020,06-11-2020 (English)
S.No. 171,Case Number,Crl.A. No.-000883-000883 / 2021,24-08-2021 (English)
S.No. 172,Case Number,Crl.A. No.-000849-000850 / 2011,23-09-2021 (English)
S.No. 173,Case Number,W.P.(C) No.-000502 / 2021,14-07-2021 (English)
S.No. 174,Case Number,T.P.(C) No.-000924 / 2021,04-10-2021 (English)
S.No. 175,Case Number,T.P.(C) No.-001634 / 2018,27-09-2021 (English)
S.No. 176,Case Number,C.A. No.-002851-002851 / 2015,13-07-2021 (English)
S.No. 177,Case Number,SMW(C) No.-000003 / 2020,08-03-2021 (English)
S.No. 178,Case Number,Crl.A. No.-000038-000038 / 2011,10-12-2020 (English)
S.No. 179,Case Number,C.A. No.-004726-004726 / 2021,17-08-2021 (English)
S.No. 180,Case Number,Crl.A. No.-001113-001113 / 2021,29-09-2021 (English)
S.No. 181,Case Number,SMW(C) No.-000003 / 2021,"31-05-2021 (English)
30-04-2021 (English)"
S.No. 182,Case Number,C.A. No.-002066-002066 / 2012,02-09-2021 (English)
S.No. 183,Case Number,Crl.A. No.-000940-000941 / 2021,03-09-2021 (English)
S.No. 184,Case Number,C.A. No.-010827-010827 / 2010,07-05-2021 (English)
S.No. 185,Case Number,W.P.(C) No.-000825 / 2020,27-11-2020 (English)
S.No. 186,Case Number,W.P.(C) No.-000476 / 2020,23-03-2021 (English)
S.No. 187,Case Number,W.P.(C) No.-000518 / 2021,11-08-2021 (English)
S.No. 188,Case Number,C.A. No.-006149-006149 / 2015,05-04-2021 (English)
S.No. 189,Case Number,C.A. No.-003707-003707 / 2020,18-11-2020 (English)
S.No. 190,Case Number,C.A. No.-001700 / 2021,13-05-2021 (English)
S.No. 191,Case Number,C.A. No.-004578-004578 / 2021,03-08-2021 (English)
S.No. 192,Case Number,Crl.A. No.-000526-000526 / 2021,25-05-2021 (English)
S.No. 193,Case Number,C.A. No.-004575-004575 / 2021,03-08-2021 (English)
S.No. 194,Case Number,Crl.A. No.-000586-000586 / 2021,12-07-2021 (English)
S.No. 195,Case Number,C.A. No.-001767-001767 / 2021,06-05-2021 (English)
S.No. 196,Case Number,Crl.A. No.-000697-000697 / 2021,28-07-2021 (English)
S.No. 197,Case Number,W.P.(C) No.-000539 / 2021,30-06-2021 (English)
S.No. 198,Case Number,SMW(C) No.-000006 / 2020,29-06-2021 (English)
S.No. 199,Case Number,C.A. No.-004035-004037 / 2020,19-01-2021 (English)
S.No. 200,Case Number,C.A. No.-004981-004981 / 2021,06-09-2021 (English)
S.No. 201,Case Number,Crl.A. No.-000320-000320 / 2021,15-03-2021 (English)
S.No. 202,Case Number,Crl.A. No.-001181-001181 / 2019,07-10-2021 (English)
S.No. 203,Case Number,Crl.A. No.-000393-000393 / 2021,09-04-2021 (English)
S.No. 204,Case Number,C.A. No.-001510-001510 / 2021,08-04-2021 (English)
S.No. 205,Case Number,T.P.(C) No.-000833 / 2020,04-10-2021 (English)
S.No. 206,Case Number,Crl.A. No.-001089-001089 / 2021,27-09-2021 (English)
S.No. 207,Case Number,C.A. No.-002320-002320 / 2021,09-07-2021 (English)
S.No. 208,Case Number,Crl.A. No.-000824-000825 / 2020,03-12-2020 (English)
S.No. 209,Case Number,C.A. No.-003875-003876 / 2009,13-09-2021 (English)
S.No. 210,Case Number,W.P.(C) No.-000696 / 2021,02-08-2021 (English)
S.No. 211,Case Number,C.A. No.-001792 / 2021,15-09-2021 (English)
S.No. 212,Case Number,C.A. No.-001659-001660 / 2021,22-04-2021 (English)
S.No. 213,Case Number,C.A. No.-003905-003905 / 2011,03-06-2021 (English)
S.No. 214,Case Number,C.A. No.-005060-005060 / 2021,01-09-2021 (English)
S.No. 215,Case Number,SLP(Crl) No.-003869 / 2021,20-07-2021 (English)
S.No. 216,Case Number,C.A. No.-004862-004863 / 2021,17-09-2021 (English)
S.No. 217,Case Number,C.A. No.-001537-001537 / 2016,30-06-2021 (English)
S.No. 218,Case Number,W.P.(C) No.-000560 / 2020,05-11-2020 (English)
S.No. 219,Case Number,Crl.A. No.-001256-001256 / 2017,05-01-2021 (English)
S.No. 220,Case Number,Crl.A. No.-000375-000375 / 2021,06-04-2021 (English)
S.No. 221,Case Number,T.P.(C) No.-000759 / 2019,04-10-2021 (English)
S.No. 222,Case Number,C.A. No.-000596-000596 / 2021,18-02-2021 (English)
S.No. 223,Case Number,C.A. No.-000104-000104 / 2021,05-02-2021 (English)
S.No. 224,Case Number,C.A. No.-000317-000317 / 2021,17-02-2021 (English)
S.No. 225,Case Number,Crl.A. No.-000421-000421 / 2021,16-04-2021 (English)
S.No. 226,Case Number,SMW(C) No.-000007 / 2020,18-12-2020 (English)
S.No. 227,Case Number,C.A. No.-005124-005124 / 2013,02-02-2021 (English)
S.No. 228,Case Number,C.A. No.-001843 / 2021,08-10-2021 (English)
S.No. 229,Case Number,W.P.(Crl.) No.-000154 / 2020,03-06-2021 (English)
S.No. 230,Case Number,C.A. No.-005823-005824 / 2021,21-09-2021 (English)
S.No. 231,Case Number,C.A. No.-002760-002760 / 2010,22-01-2021 (English)
S.No. 232,Case Number,C.A. No.-000793-000793 / 2021,02-03-2021 (English)
S.No. 233,Case Number,T.P.(C) No.-001027 / 2021,24-09-2021 (English)
S.No. 234,Case Number,C.A. No.-000412-000412 / 2021,10-02-2021 (English)
S.No. 235,Case Number,C.A. No.-006619-006619 / 2014,05-08-2021 (English)
S.No. 236,Case Number,C.A. No.-000202-000202 / 2012,"01-03-2021 (English)
01-03-2021 (മലയാളം)"
S.No. 237,Case Number,C.A. No.-004079-004079 / 2020,17-12-2020 (English)
S.No. 238,Case Number,CONMT.PET.(C) No.-000092-000092 / 2008,19-01-2021 (English)
S.No. 239,Case Number,C.A. No.-003966-003966 / 2020,09-12-2020 (English)
S.No. 240,Case Number,C.A. No.-002734 / 2020,26-03-2021 (English)
S.No. 241,Case Number,Crl.A. No.-000875-000875 / 2021,24-08-2021 (English)
S.No. 242,Case Number,C.A. No.-002049-002049 / 2013,27-08-2021 (English)
S.No. 243,Case Number,Crl.A. No.-000175-000175 / 2021,25-02-2021 (English)
S.No. 244,Case Number,C.A. No.-004960-004960 / 2021,25-08-2021 (English)
S.No. 245,Case Number,W.P.(Crl.) No.-000160 / 2020,07-12-2020 (English)
S.No. 246,Case Number,SLP(Crl) No.-003543 / 2020,02-12-2020 (English)
S.No. 247,Case Number,Crl.A. No.-001080-001080 / 2021,24-09-2021 (English)
S.No. 248,Case Number,ARBIT.CASE(C) No.-000017 / 2020,22-09-2021 (English)
S.No. 249,Case Number,C.A. No.-000142-000142 / 2021,20-01-2021 (English)
S.No. 250,Case Number,C.A. No.-005575-005576 / 2021,07-09-2021 (English)
S.No. 251,Case Number,C.A. No.-004002-004002 / 2020,08-12-2020 (English)
S.No. 252,Case Number,C.A. No.-008238-008238 / 2013,17-08-2021 (English)
S.No. 253,Case Number,C.A. No.-000574-000574 / 2021,18-02-2021 (English)
S.No. 254,Case Number,C.A. No.-000814-000815 / 2021,05-03-2021 (English)
S.No. 255,Case Number,Crl.A. No.-001040-001041 / 2021,21-09-2021 (English)
S.No. 256,Case Number,Crl.A. No.-000284-000284 / 2021,08-03-2021 (English)
S.No. 257,Case Number,MA-000926-000930 / 2019,08-04-2021 (English)
S.No. 258,Case Number,Crl.A. No.-000900-000900 / 2010,06-04-2021 (English)
S.No. 259,Case Number,C.A. No.-000094-000094 / 2021,13-01-2021 (English)
S.No. 260,Case Number,C.A. No.-004483-004483 / 2010,02-09-2021 (English)
S.No. 261,Case Number,Crl.A. No.-001216-001216 / 2019,20-09-2021 (English)
S.No. 262,Case Number,C.A. No.-000738-000739 / 2021,01-03-2021 (English)
S.No. 263,Case Number,Crl.A. No.-000448-000448 / 2021,23-04-2021 (English)
S.No. 264,Case Number,Crl.A. No.-001648-001648 / 2019,03-11-2020 (English)
S.No. 265,Case Number,Crl.A. No.-001438-001438 / 2011,26-03-2021 (English)
S.No. 266,Case Number,C.A. No.-005041-005041 / 2021,31-08-2021 (English)
S.No. 267,Case Number,C.A. No.-002310-002310 / 2021,15-07-2021 (English)
S.No. 268,Case Number,Crl.A. No.-000733-000733 / 2021,02-08-2021 (English)
S.No. 269,Case Number,C.A. No.-006217-006217 / 2021,08-10-2021 (English)
S.No. 270,Case Number,SLP(C) No.-008630 / 2020,12-05-2021 (English)
S.No. 271,Case Number,Crl.A. No.-000884-000884 / 2021,31-08-2021 (English)
S.No. 272,Case Number,Crl.A. No.-001098-001098 / 2021,28-09-2021 (English)
S.No. 273,Case Number,C.A. No.-003395 / 2020,24-03-2021 (English)
S.No. 274,Case Number,C.A. No.-005644-005645 / 2021,21-09-2021 (English)
S.No. 275,Case Number,C.A. No.-004557-004557 / 2012,05-10-2021 (English)
S.No. 276,Case Number,MA-001270 / 2020,07-12-2020 (English)
S.No. 277,Case Number,C.A. No.-005582-005582 / 2021,21-09-2021 (English)
S.No. 278,Case Number,Crl.A. No.-000305-000305 / 2021,12-03-2021 (English)
S.No. 279,Case Number,C.A. No.-001007-001007 / 2021,25-03-2021 (English)
S.No. 280,Case Number,Crl.A. No.-001039-001039 / 2021,20-09-2021 (English)
S.No. 281,Case Number,C.A. No.-002842 / 2020,01-02-2021 (English)
S.No. 282,Case Number,C.A. No.-001322-001323 / 2019,13-01-2021 (English)
S.No. 283,Case Number,Crl.A. No.-001731-001731 / 2010,28-05-2021 (English)
S.No. 284,Case Number,C.A. No.-005640 / 2021,17-09-2021 (English)
S.No. 285,Case Number,C.A. No.-000825-000825 / 2021,08-03-2021 (English)
S.No. 286,Case Number,C.A. No.-009472-009472 / 2010,"08-02-2021 (English)
08-02-2021 (தமிழ்)"
S.No. 287,Case Number,C.A. No.-004946-004946 / 2021,24-08-2021 (English)
S.No. 288,Case Number,C.A. No.-010946-010946 / 2014,23-09-2021 (English)
S.No. 289,Case Number,C.A. No.-004096-004096 / 2020,18-12-2020 (English)
S.No. 290,Case Number,MA-001540 / 2021,20-09-2021 (English)
S.No. 291,Case Number,Crl.A. No.-000211-000211 / 2011,02-12-2020 (English)
S.No. 292,Case Number,C.A. No.-006026-006028 / 2021,28-09-2021 (English)
S.No. 293,Case Number,C.A. No.-007230-007230 / 2012,22-02-2021 (English)
S.No. 294,Case Number,C.A. No.-000370-000370 / 2017,10-08-2021 (English)
S.No. 295,Case Number,C.A. No.-005189-005192 / 2017,18-01-2021 (English)
S.No. 296,Case Number,Crl.A. No.-000039-000039 / 2021,13-01-2021 (English)
S.No. 297,Case Number,Crl.A. No.-001202-001202 / 2021,08-10-2021 (English)
S.No. 298,Case Number,C.A. No.-000606-000616 / 2021,25-02-2021 (English)
S.No. 299,Case Number,W.P.(C) No.-000804 / 2020,27-11-2020 (English)
S.No. 300,Case Number,C.A. No.-006153-006153 / 2021,01-10-2021 (English)
S.No. 301,Case Number,C.A. No.-003518-003518 / 2020,26-10-2020 (English)
S.No. 302,Case Number,W.P.(C) No.-000798 / 2020,17-11-2020 (English)
S.No. 303,Case Number,Crl.A. No.-000707-000707 / 2020,05-11-2020 (English)
S.No. 304,Case Number,C.A. No.-003767-003767 / 2010,28-09-2021 (English)
S.No. 305,Case Number,C.A. No.-001076-001076 / 2021,26-03-2021 (English)
S.No. 306,Case Number,Crl.A. No.-001078-001078 / 2021,24-09-2021 (English)
S.No. 307,Case Number,C.A. No.-002943-002944 / 2020,10-03-2021 (English)
S.No. 308,Case Number,SLP(C) No.-012150 / 2019,08-09-2021 (English)
S.No. 309,Case Number,C.A. No.-005111 / 2021,04-10-2021 (English)
S.No. 310,Case Number,C.A. No.-000019-000020 / 2021,05-01-2021 (English)
S.No. 311,Case Number,W.P.(C) No.-000333-000333 / 2015,"26-03-2021 (English)
24-03-2021 (English)"
S.No. 312,Case Number,C.A. No.-003100 / 2020,15-12-2020 (English)
S.No. 313,Case Number,C.A. No.-002981-002982 / 2020,18-11-2020 (English)
S.No. 314,Case Number,Crl.A. No.-001919-001919 / 2010,12-01-2021 (English)
S.No. 315,Case Number,C.A. No.-000897-000897 / 2021,09-04-2021 (English)
S.No. 316,Case Number,C.A. No.-003860-003862 / 2020,01-12-2020 (English)
S.No. 317,Case Number,MA-001167 / 2021,07-10-2021 (English)
S.No. 318,Case Number,C.A. No.-005231-005232 / 2016,12-01-2021 (English)
S.No. 319,Case Number,C.A. No.-004451-004451 / 2021,02-08-2021 (English)
S.No. 320,Case Number,Crl.A. No.-001164-001164 / 2021,05-10-2021 (English)
S.No. 321,Case Number,Crl.A. No.-001140-001141 / 2010,07-05-2021 (English)
S.No. 322,Case Number,C.A. No.-003603-003605 / 2020,03-11-2020 (English)
S.No. 323,Case Number,C.A. No.-000791-000791 / 2021,02-03-2021 (English)
S.No. 324,Case Number,CONMT.PET.(C) No.-000625-000626 / 2019,03-06-2021 (English)
S.No. 325,Case Number,R.P.(C) No.-001835-001836 / 2020,17-08-2021 (English)
S.No. 326,Case Number,Crl.A. No.-000569-000569 / 2021,23-07-2021 (English)
S.No. 327,Case Number,T.P.(Crl.) No.-000262 / 2018,09-03-2021 (English)
S.No. 328,Case Number,C.A. No.-005620-005620 / 2021,15-09-2021 (English)
S.No. 329,Case Number,C.A. No.-001262-001262 / 2016,17-09-2021 (English)
S.No. 330,Case Number,T.P.(C) No.-000932 / 2020,20-09-2021 (English)
S.No. 331,Case Number,C.A. No.-000695-000695 / 2021,05-10-2021 (English)
S.No. 332,Case Number,C.A. No.-005577-005577 / 2021,07-09-2021 (English)
S.No. 333,Case Number,C.A. No.-001318-001322 / 2021,07-04-2021 (English)
S.No. 334,Case Number,Crl.A. No.-002187-002188 / 2011,26-10-2020 (English)
S.No. 335,Case Number,C.A. No.-003687-003687 / 2020,16-11-2020 (English)
S.No. 336,Case Number,C.A. No.-005881-005881 / 2010,20-09-2021 (English)
S.No. 337,Case Number,C.A. No.-006238-006238 / 2021,06-10-2021 (English)
S.No. 338,Case Number,SLP(C) No.-020417 / 2017,18-02-2021 (English)
S.No. 339,Case Number,Crl.A. No.-000721-000721 / 2021,03-08-2021 (English)
S.No. 340,Case Number,Crl.A. No.-000749-000749 / 2021,04-08-2021 (English)
S.No. 341,Case Number,C.A. No.-003904-003905 / 2020,03-12-2020 (English)
S.No. 342,Case Number,Crl.A. No.-001489-001489 / 2012,29-09-2021 (English)
S.No. 343,Case Number,/ 0,09-07-2021 (English)
S.No. 344,Case Number,C.A. No.-005733-005733 / 2021,16-09-2021 (English)
S.No. 345,Case Number,C.A. No.-000865-000865 / 2021,27-09-2021 (English)
S.No. 346,Case Number,Crl.A. No.-000102-000102 / 2021,03-02-2021 (English)
S.No. 347,Case Number,W.P.(C) No.-001039 / 2020,13-01-2021 (English)
S.No. 348,Case Number,C.A. No.-004823-004823 / 2021,17-08-2021 (English)
S.No. 349,Case Number,C.A. No.-003821-003821 / 2020,25-11-2020 (English)
S.No. 350,Case Number,C.A. No.-000542-000542 / 2021,12-02-2021 (English)
S.No. 351,Case Number,C.A. No.-001579-001579 / 2021,28-04-2021 (English)
S.No. 352,Case Number,C.A. No.-006019-006019 / 2021,28-09-2021 (English)
S.No. 353,Case Number,T.P.(C) No.-001034 / 2020,29-10-2020 (English)
S.No. 354,Case Number,Crl.A. No.-000580-000580 / 2018,01-03-2021 (English)
S.No. 355,Case Number,C.A. No.-004457-004458 / 2021,27-07-2021 (English)
S.No. 356,Case Number,C.A. No.-003477-003477 / 2010,10-08-2021 (English)
S.No. 357,Case Number,Crl.A. No.-000536-000536 / 2021,30-06-2021 (English)
S.No. 358,Case Number,C.A. No.-000273-000273 / 2021,11-02-2021 (English)
S.No. 359,Case Number,C.A. No.-004394-004394 / 2010,08-02-2021 (English)
S.No. 360,Case Number,C.A. No.-004821-004821 / 2012,03-08-2021 (English)
S.No. 361,Case Number,C.A. No.-006216-006216 / 2021,04-10-2021 (English)
S.No. 362,Case Number,Crl.A. No.-000827-000827 / 2020,03-12-2020 (English)
S.No. 363,Case Number,Crl.A. No.-000314-000315 / 2021,09-04-2021 (English)
S.No. 364,Case Number,C.A. No.-004049-004049 / 2020,"15-12-2020 (English)
15-12-2020 (മലയാളം)"
S.No. 365,Case Number,C.A. No.-003224 / 2020,13-09-2021 (English)
S.No. 366,Case Number,C.A. No.-004083-004083 / 2020,17-12-2020 (English)
S.No. 367,Case Number,C.A. No.-003976-003977 / 2020,08-12-2020 (English)
S.No. 368,Case Number,C.A. No.-006003-006003 / 2021,05-10-2021 (English)
S.No. 369,Case Number,C.A. No.-005700-005700 / 2021,14-09-2021 (English)
S.No. 370,Case Number,MA-001630 / 2020,29-09-2021 (English)
S.No. 371,Case Number,MA-001468 / 2021,07-10-2021 (English)
S.No. 372,Case Number,C.A. No.-003745-003754 / 2020,"05-03-2021 (English)
05-03-2021 (தமிழ்)"
S.No. 373,Case Number,SLP(C) No.-013520 / 2021,09-09-2021 (English)
S.No. 374,Case Number,C.A. No.-006797-006797 / 2008,20-09-2021 (English)
S.No. 375,Case Number,C.A. No.-005823-005823 / 2011,17-08-2021 (English)
S.No. 376,Case Number,C.A. No.-004016-004016 / 2020,10-12-2020 (English)
S.No. 377,Case Number,C.A. No.-003299 / 2020,01-03-2021 (English)
S.No. 378,Case Number,C.A. No.-005650-005650 / 2010,08-12-2020 (English)
S.No. 379,Case Number,Crl.A. No.-000329-000329 / 2021,18-03-2021 (English)
S.No. 380,Case Number,C.A. No.-000251-000252 / 2021,28-01-2021 (English)
S.No. 381,Case Number,C.A. No.-003695-003695 / 2020,01-12-2020 (English)
S.No. 382,Case Number,C.A. No.-005146 / 2019,03-02-2021 (English)
S.No. 383,Case Number,W.P.(C) No.-001088 / 2020,08-07-2021 (English)
S.No. 384,Case Number,Crl.A. No.-000177-000177 / 2014,26-07-2021 (English)
S.No. 385,Case Number,SLP(Crl) No.-006220 / 2018,14-09-2021 (English)
S.No. 386,Case Number,C.A. No.-005167-005167 / 2010,22-02-2021 (English)
S.No. 387,Case Number,W.P.(C) No.-001284 / 2020,25-03-2021 (English)
S.No. 388,Case Number,W.P.(C) No.-001109 / 2020,25-03-2021 (English)
S.No. 389,Case Number,Crl.A. No.-000100-000101 / 2021,03-02-2021 (English)
S.No. 390,Case Number,W.P.(C) No.-000838 / 2019,19-04-2021 (English)
S.No. 391,Case Number,W.P.(C) No.-001107 / 2020,20-01-2021 (English)
S.No. 392,Case Number,C.A. No.-003539-003540 / 2020,26-10-2020 (English)
S.No. 393,Case Number,C.A. No.-003974-003975 / 2020,"11-01-2021 (English)
11-01-2021 (മലയാളം)"
S.No. 394,Case Number,MA-001389 / 2021,28-09-2021 (English)
S.No. 395,Case Number,W.P.(C) No.-000675 / 2018,12-08-2021 (English)
S.No. 396,Case Number,C.A. No.-005630 / 2021,17-09-2021 (English)
S.No. 397,Case Number,C.A. No.-005944-005954 / 2021,20-09-2021 (English)
S.No. 398,Case Number,C.A. No.-006483-006483 / 2014,04-03-2021 (English)
S.No. 399,Case Number,C.A. No.-006110-006110 / 2021,28-09-2021 (English)
S.No. 400,Case Number,W.P.(Crl.) No.-000296 / 2020,27-10-2020 (English)
S.No. 401,Case Number,C.A. No.-009108-009109 / 2014,20-07-2021 (English)
S.No. 402,Case Number,Crl.A. No.-000330-000330 / 2021,13-04-2021 (English)
S.No. 403,Case Number,Crl.A. No.-001677-001677 / 2011,04-08-2021 (English)
S.No. 404,Case Number,Crl.A. No.-000029-000029 / 2021,12-01-2021 (English)
S.No. 405,Case Number,C.A. No.-009845-009846 / 2016,06-09-2021 (English)
S.No. 406,Case Number,Crl.A. No.-000590-000591 / 2021,22-07-2021 (English)
S.No. 407,Case Number,C.A. No.-000268-000269 / 2021,29-01-2021 (English)
S.No. 408,Case Number,SLP(C) No.-012158 / 2020,28-06-2021 (English)
S.No. 409,Case Number,C.A. No.-006337-006337 / 2021,23-09-2021 (English)
S.No. 410,Case Number,SLP(Crl) No.-004931 / 2020,26-11-2020 (English)
S.No. 411,Case Number,C.A. No.-003837-003837 / 2020,03-12-2020 (English)
S.No. 412,Case Number,Crl.A. No.-000872-000873 / 2020,17-12-2020 (English)
S.No. 413,Case Number,C.A. No.-008607-008607 / 2010,26-11-2020 (English)
S.No. 414,Case Number,C.A. No.-003840-003840 / 2020,27-11-2020 (English)
S.No. 415,Case Number,C.A. No.-000150-000150 / 2021,10-02-2021 (English)
S.No. 416,Case Number,C.A. No.-003940-003940 / 2020,07-12-2020 (English)
S.No. 417,Case Number,C.A. No.-005985-005987 / 2021,27-09-2021 (English)
S.No. 418,Case Number,C.A. No.-001526-001526 / 2021,12-04-2021 (English)
S.No. 419,Case Number,C.A. No.-008129 / 2019,13-04-2021 (English)
S.No. 420,Case Number,Crl.A. No.-000047-000048 / 2021,19-01-2021 (English)
S.No. 421,Case Number,Crl.A. No.-000869-000869 / 2020,16-12-2020 (English)
S.No. 422,Case Number,W.P.(C) No.-001213 / 2020,09-12-2020 (English)
S.No. 423,Case Number,C.A. No.-005689-005690 / 2021,07-10-2021 (English)
S.No. 424,Case Number,C.A. No.-003032-003032 / 2010,17-02-2021 (English)
S.No. 425,Case Number,C.A. No.-002756-002756 / 2021,20-07-2021 (English)
S.No. 426,Case Number,Crl.A. No.-000449-000449 / 2021,20-04-2021 (English)
S.No. 427,Case Number,C.A. No.-003966-003966 / 2010,19-02-2021 (English)
S.No. 428,Case Number,C.A. No.-004107-004107 / 2020,18-12-2020 (English)
S.No. 429,Case Number,C.A. No.-000802-000803 / 2021,03-03-2021 (English)
S.No. 430,Case Number,C.A. No.-005747-005747 / 2021,17-09-2021 (English)
S.No. 431,Case Number,C.A. No.-005784-005798 / 2021,20-09-2021 (English)
S.No. 432,Case Number,W.P.(C) No.-001410 / 2020,24-02-2021 (English)
S.No. 433,Case Number,Crl.A. No.-001306-001306 / 2017,06-04-2021 (English)
S.No. 434,Case Number,C.A. No.-005785 / 2019,11-01-2021 (English)
S.No. 435,Case Number,Crl.A. No.-000296-000296 / 2021,10-03-2021 (English)
S.No. 436,Case Number,Crl.A. No.-000787-000787 / 2021,13-08-2021 (English)
S.No. 437,Case Number,C.A. No.-005759-005759 / 2009,06-10-2021 (English)
S.No. 438,Case Number,C.A. No.-009273 / 2019,03-05-2021 (English)
S.No. 439,Case Number,C.A. No.-003123-003123 / 2020,05-05-2021 (English)
S.No. 440,Case Number,C.A. No.-000975-000975 / 2021,06-04-2021 (English)
S.No. 441,Case Number,C.A. No.-000131-000131 / 2021,20-01-2021 (English)
S.No. 442,Case Number,C.A. No.-003802-003803 / 2020,11-01-2021 (English)
S.No. 443,Case Number,C.A. No.-004810-004810 / 2021,13-09-2021 (English)
S.No. 444,Case Number,C.A. No.-004461-004461 / 2021,22-07-2021 (English)
S.No. 445,Case Number,C.A. No.-007033-007033 / 2009,18-08-2021 (English)
S.No. 446,Case Number,C.A. No.-006091-006091 / 2021,29-09-2021 (English)
S.No. 447,Case Number,Crl.A. No.-001068-001068 / 2021,08-10-2021 (English)
S.No. 448,Case Number,C.A. No.-004864-004864 / 2021,19-08-2021 (English)
S.No. 449,Case Number,C.A. No.-001694-001694 / 2021,"28-04-2021 (English)
28-04-2021 (ଓଡ଼ିଆ)"
S.No. 450,Case Number,T.P.(Crl.) No.-000355 / 2020,20-04-2021 (English)
S.No. 451,Case Number,Crl.A. No.-000105-000105 / 2021,03-02-2021 (English)
S.No. 452,Case Number,CONMT.PET.(C) No.-000656 / 2020,10-08-2021 (English)
S.No. 453,Case Number,C.A. No.-006379-006379 / 2010,22-03-2021 (English)
S.No. 454,Case Number,C.A. No.-003766-003767 / 2020,16-03-2021 (English)
S.No. 455,Case Number,C.A. No.-001105-001105 / 2021,06-04-2021 (English)
S.No. 456,Case Number,Crl.A. No.-000742-000742 / 2020,27-11-2020 (English)
S.No. 457,Case Number,W.P.(C) No.-000932 / 2019,16-02-2021 (English)
S.No. 458,Case Number,SLP(C) No.-006100-006100 / 2021,12-04-2021 (English)
S.No. 459,Case Number,MA-002140 / 2020,08-12-2020 (English)
S.No. 460,Case Number,C.A. No.-004840-004840 / 2021,17-08-2021 (English)
S.No. 461,Case Number,Crl.A. No.-000571-000571 / 2021,20-07-2021 (English)
S.No. 462,Case Number,C.A. No.-004102-004103 / 2020,18-12-2020 (English)
S.No. 463,Case Number,C.A. No.-004883-004884 / 2017,03-11-2020 (English)
S.No. 464,Case Number,C.A. No.-002876-002876 / 2021,19-07-2021 (English)
S.No. 465,Case Number,C.A. No.-002491-002492 / 2021,07-10-2021 (English)
S.No. 466,Case Number,C.A. No.-003630-003630 / 2020,05-11-2020 (English)
S.No. 467,Case Number,W.P.(Crl.) No.-000359 / 2020,08-02-2021 (English)
S.No. 468,Case Number,C.A. No.-005808-005808 / 2021,20-09-2021 (English)
S.No. 469,Case Number,Crl.A. No.-000197-000198 / 2021,24-09-2021 (English)
S.No. 470,Case Number,C.A. No.-000703-000704 / 2021,"24-02-2021 (English)
24-02-2021 (മലയാളം)"
S.No. 471,Case Number,C.A. No.-000310-000310 / 2015,27-09-2021 (English)
S.No. 472,Case Number,Crl.A. No.-001512-001513 / 2017,02-12-2020 (English)
S.No. 473,Case Number,C.A. No.-009546-009546 / 2013,19-01-2021 (English)
S.No. 474,Case Number,C.A. No.-000059-000059 / 2021,"28-06-2021 (English)
28-06-2021 (മലയാളം)"
S.No. 475,Case Number,SLP(C) No.-001829 / 2021,05-02-2021 (English)
S.No. 476,Case Number,C.A. No.-000498-000501 / 2021,"14-07-2021 (English)
12-02-2021 (English)"
S.No. 477,Case Number,C.A. No.-002217-002218 / 2021,17-06-2021 (English)
S.No. 478,Case Number,C.A. No.-003413-003413 / 2020,27-10-2020 (English)
S.No. 479,Case Number,T.C.(C) No.-000245 / 2020,21-05-2021 (English)
S.No. 480,Case Number,W.P.(C) No.-001374 / 2020,08-09-2021 (English)
S.No. 481,Case Number,W.P.(C) No.-001411 / 2020,29-06-2021 (English)
S.No. 482,Case Number,Crl.A. No.-000283-000283 / 2021,08-03-2021 (English)
S.No. 483,Case Number,C.A. No.-006023-006023 / 2021,04-10-2021 (English)
S.No. 484,Case Number,C.A. No.-004448-004448 / 2021,05-08-2021 (English)
S.No. 485,Case Number,C.A. No.-005641-005641 / 2021,17-09-2021 (English)
S.No. 486,Case Number,Crl.A. No.-000125-000125 / 2021,11-02-2021 (English)
S.No. 487,Case Number,Crl.A. No.-000347-000347 / 2021,22-03-2021 (English)
S.No. 488,Case Number,C.A. No.-001725-001725 / 2010,14-12-2020 (English)
S.No. 489,Case Number,C.A. No.-004901-004901 / 2021,07-09-2021 (English)
S.No. 490,Case Number,C.A. No.-001491-001491 / 2007,30-09-2021 (English)
S.No. 491,Case Number,C.A. No.-002506-002506 / 2021,01-10-2021 (English)
S.No. 492,Case Number,C.A. No.-004065 / 2020,15-03-2021 (English)
S.No. 493,Case Number,SLP(Crl) No.-006951 / 2018,14-12-2020 (English)
S.No. 494,Case Number,Crl.A. No.-000990-000990 / 2021,13-09-2021 (English)
S.No. 495,Case Number,Crl.A. No.-000152-000152 / 2013,29-10-2020 (English)
S.No. 496,Case Number,MA-002219 / 2020,12-02-2021 (English)
S.No. 497,Case Number,Crl.A. No.-001903-001903 / 2019,14-09-2021 (English)
S.No. 498,Case Number,C.A. No.-002402-002402 / 2019,14-12-2020 (English)
S.No. 499,Case Number,W.P.(C) No.-000980 / 2019,04-03-2021 (English)
S.No. 500,Case Number,C.A. No.-006093-006093 / 2021,29-09-2021 (English)
S.No. 501,Case Number,C.A. No.-004230-004234 / 2020,01-03-2021 (English)
S.No. 502,Case Number,C.A. No.-004028 / 2020,11-02-2021 (English)
S.No. 503,Case Number,Crl.A. No.-000298-000299 / 2021,15-03-2021 (English)
S.No. 504,Case Number,C.A. No.-004050 / 2020,09-02-2021 (English)
S.No. 505,Case Number,W.P.(Crl.) No.-000409 / 2020,26-03-2021 (English)
S.No. 506,Case Number,C.A. No.-003922-003925 / 2017,03-09-2021 (English)
S.No. 507,Case Number,W.P.(C) No.-000793 / 2017,08-04-2021 (English)
S.No. 508,Case Number,Crl.A. No.-000377-000377 / 2021,05-04-2021 (English)
S.No. 509,Case Number,C.A. No.-000155-000155 / 2021,28-01-2021 (English)
S.No. 510,Case Number,C.A. No.-000037-000037 / 2009,08-03-2021 (English)
S.No. 511,Case Number,C.A. No.-008971-008971 / 2010,16-11-2020 (English)
S.No. 512,Case Number,C.A. No.-007042 / 2019,22-07-2021 (English)
S.No. 513,Case Number,C.A. No.-007343-007350 / 2019,12-01-2021 (English)
S.No. 514,Case Number,C.A. No.-006187 / 2019,14-09-2021 (English)
S.No. 515,Case Number,C.A. No.-003523-003526 / 2010,"09-04-2021 (English)
09-04-2021 (தமிழ்)"
S.No. 516,Case Number,MA-002280-002281 / 2020,22-09-2021 (English)
S.No. 517,Case Number,W.P.(C) No.-000859-000859 / 2013,26-03-2021 (English)
S.No. 518,Case Number,T.P.(Crl.) No.-000452 / 2019,25-11-2020 (English)
S.No. 519,Case Number,W.P.(C) No.-000961 / 2018,03-12-2020 (English)
S.No. 520,Case Number,SLP(C) No.-000288-000289 / 2021,12-04-2021 (English)
S.No. 521,Case Number,C.A. No.-006145-006145 / 2010,30-04-2021 (English)
S.No. 522,Case Number,C.A. No.-005815-005815 / 2009,06-09-2021 (English)
S.No. 523,Case Number,C.A. No.-000810-000810 / 2021,04-03-2021 (English)
S.No. 524,Case Number,C.A. No.-003786-003787 / 2020,26-02-2021 (English)
S.No. 525,Case Number,Crl.A. No.-000286-000290 / 2021,08-03-2021 (English)
S.No. 526,Case Number,Crl.A. No.-000363-000363 / 2021,24-03-2021 (English)
S.No. 527,Case Number,MA-000042 / 2021,05-02-2021 (English)
S.No. 528,Case Number,C.A. No.-000706-000706 / 2021,24-02-2021 (English)
S.No. 529,Case Number,C.A. No.-000692-000692 / 2021,22-02-2021 (English)
S.No. 530,Case Number,MA-002309 / 2020,01-10-2021 (English)
S.No. 531,Case Number,C.A. No.-004222 / 2020,30-09-2021 (English)
S.No. 532,Case Number,C.A. No.-009050 / 2018,28-09-2021 (English)
S.No. 533,Case Number,C.A. No.-005033-005034 / 2009,09-09-2021 (English)
S.No. 534,Case Number,C.A. No.-003649-003650 / 2020,07-12-2020 (English)
S.No. 535,Case Number,C.A. No.-004627-004627 / 2021,10-08-2021 (English)
S.No. 536,Case Number,Crl.A. No.-000873-000873 / 2021,24-08-2021 (English)
S.No. 537,Case Number,W.P.(C) No.-001069 / 2019,12-08-2021 (English)
S.No. 538,Case Number,Crl.A. No.-001022-001022 / 2021,17-09-2021 (English)
S.No. 539,Case Number,T.P.(C) No.-001689 / 2017,04-10-2021 (English)
S.No. 540,Case Number,Crl.A. No.-000141-000141 / 2021,25-03-2021 (English)
S.No. 541,Case Number,C.A. No.-006141-006141 / 2021,01-10-2021 (English)
S.No. 542,Case Number,C.A. No.-006264-006264 / 2013,02-11-2020 (English)
S.No. 543,Case Number,Crl.A. No.-000216-000216 / 2015,28-04-2021 (English)
S.No. 544,Case Number,Crl.A. No.-000292-000292 / 2021,09-03-2021 (English)
S.No. 545,Case Number,Crl.A. No.-001206-001206 / 2021,08-10-2021 (English)
S.No. 546,Case Number,C.A. No.-001802-001806 / 2010,06-09-2021 (English)
S.No. 547,Case Number,C.A. No.-007380-007380 / 2009,07-09-2021 (English)
S.No. 548,Case Number,C.A. No.-004020-004020 / 2010,03-02-2021 (English)
S.No. 549,Case Number,C.A. No.-003681-003682 / 2020,16-11-2020 (English)
S.No. 550,Case Number,Crl.A. No.-001993-001993 / 2010,07-05-2021 (English)
S.No. 551,Case Number,Crl.A. No.-000540-000540 / 2018,24-08-2021 (English)
S.No. 552,Case Number,C.A. No.-003544-003545 / 2020,28-10-2020 (English)
S.No. 553,Case Number,C.A. No.-003832-003833 / 2020,26-11-2020 (English)
S.No. 554,Case Number,W.P.(C) No.-000940 / 2017,29-06-2021 (English)
S.No. 555,Case Number,T.P.(C) No.-002189 / 2019,04-10-2021 (English)
S.No. 556,Case Number,C.A. No.-000538-000538 / 2021,16-02-2021 (English)
S.No. 557,Case Number,C.A. No.-000187 / 2019,03-03-2021 (English)
S.No. 558,Case Number,Crl.A. No.-001008-001008 / 2010,23-02-2021 (English)
S.No. 559,Case Number,R.P.(Crl.) No.-000593 / 2018,09-12-2020 (English)
S.No. 560,Case Number,C.A. No.-006707 / 2019,23-02-2021 (English)
S.No. 561,Case Number,Crl.A. No.-000099-000099 / 2021,02-02-2021 (English)
S.No. 562,Case Number,SLP(C) No.-021660-021661 / 2019,01-10-2021 (English)
S.No. 563,Case Number,Crl.A. No.-000121-000121 / 2021,11-02-2021 (English)
S.No. 564,Case Number,Crl.A. No.-000760-000764 / 2020,17-11-2020 (English)
S.No. 565,Case Number,C.A. No.-001833-001833 / 2008,14-09-2021 (English)
S.No. 566,Case Number,C.A. No.-011141-011141 / 2018,23-09-2021 (English)
S.No. 567,Case Number,Crl.A. No.-001730-001730 / 2015,09-02-2021 (English)
S.No. 568,Case Number,C.A. No.-004522-004522 / 2021,03-08-2021 (English)
S.No. 569,Case Number,C.A. No.-003601-003601 / 2020,03-11-2020 (English)
S.No. 570,Case Number,Crl.A. No.-000142-000142 / 2021,01-03-2021 (English)
S.No. 571,Case Number,C.A. No.-001106-001106 / 2021,06-04-2021 (English)
S.No. 572,Case Number,C.A. No.-005848-005848 / 2021,21-09-2021 (English)
S.No. 573,Case Number,C.A. No.-007427-007427 / 2011,09-07-2021 (English)
S.No. 574,Case Number,C.A. No.-006111-006111 / 2021,27-09-2021 (English)
S.No. 575,Case Number,C.A. No.-003807-003807 / 2020,24-11-2020 (English)
S.No. 576,Case Number,C.A. No.-000414-000414 / 2021,10-02-2021 (English)
S.No. 577,Case Number,MA-002342 / 2019,28-04-2021 (English)
S.No. 578,Case Number,C.A. No.-007235-007235 / 2009,05-10-2021 (English)
S.No. 579,Case Number,Crl.A. No.-000262-000262 / 2021,03-03-2021 (English)
S.No. 580,Case Number,Crl.A. No.-000472-000472 / 2021,07-05-2021 (English)
S.No. 581,Case Number,C.A. No.-001870-001870 / 2011,28-09-2021 (English)
S.No. 582,Case Number,T.P.(C) No.-002344 / 2019,29-01-2021 (English)
S.No. 583,Case Number,C.A. No.-001631-001636 / 2021,19-04-2021 (English)
S.No. 584,Case Number,C.A. No.-005748-005748 / 2021,17-09-2021 (English)
S.No. 585,Case Number,Crl.A. No.-000989-000989 / 2007,25-02-2021 (English)
S.No. 586,Case Number,C.A. No.-001158-001158 / 2021,08-04-2021 (English)
S.No. 587,Case Number,C.A. No.-003820-003820 / 2020,25-11-2020 (English)
S.No. 588,Case Number,W.P.(C) No.-001236 / 2019,20-04-2021 (English)
S.No. 589,Case Number,C.A. No.-005712-005713 / 2021,20-09-2021 (English)
S.No. 590,Case Number,C.A. No.-000429-000430 / 2021,18-02-2021 (English)
S.No. 591,Case Number,C.A. No.-001376-001377 / 2010,07-10-2021 (English)
S.No. 592,Case Number,C.A. No.-006209-006209 / 2010,19-01-2021 (English)
S.No. 593,Case Number,C.A. No.-009546-009546 / 2010,26-02-2021 (English)
S.No. 594,Case Number,C.A. No.-009355-009356 / 2010,07-10-2021 (English)
S.No. 595,Case Number,C.A. No.-004850-004850 / 2021,06-09-2021 (English)
S.No. 596,Case Number,C.A. No.-010355 / 2018,01-03-2021 (English)
S.No. 597,Case Number,C.A. No.-006119-006119 / 2021,30-09-2021 (English)
S.No. 598,Case Number,C.A. No.-000946-000946 / 2016,01-03-2021 (English)
S.No. 599,Case Number,C.A. No.-004742-004743 / 2021,11-08-2021 (English)
S.No. 600,Case Number,C.A. No.-002691-002691 / 2021,15-07-2021 (English)
S.No. 601,Case Number,C.A. No.-001330-001332 / 2021,08-04-2021 (English)
S.No. 602,Case Number,T.P.(C) No.-002419 / 2019,20-04-2021 (English)
S.No. 603,Case Number,C.A. No.-010788-010788 / 2016,28-07-2021 (English)
S.No. 604,Case Number,C.A. No.-000913-000914 / 2021,31-08-2021 (English)
S.No. 605,Case Number,C.A. No.-000494-000495 / 2016,07-09-2021 (English)
S.No. 606,Case Number,C.A. No.-006223-006223 / 2021,07-10-2021 (English)
S.No. 607,Case Number,Crl.A. No.-001392-001392 / 2011,29-10-2020 (English)
S.No. 608,Case Number,SLP(C) No.-027879 / 2018,23-09-2021 (English)
S.No. 609,Case Number,SLP(C) No.-026484 / 2018,22-01-2021 (English)
S.No. 610,Case Number,T.P.(C) No.-002498 / 2019,01-10-2021 (English)
S.No. 611,Case Number,Crl.A. No.-001167-001167 / 2021,08-10-2021 (English)
S.No. 612,Case Number,C.A. No.-008548-008548 / 2009,01-09-2021 (English)
S.No. 613,Case Number,C.A. No.-001570-001578 / 2021,"29-06-2021 (English)
29-06-2021 (മലയാളം)"
S.No. 614,Case Number,Crl.A. No.-000267-000267 / 2021,04-03-2021 (English)
S.No. 615,Case Number,Crl.A. No.-000121 / 2019,23-03-2021 (English)
S.No. 616,Case Number,C.A. No.-002593-002593 / 2018,24-09-2021 (English)
S.No. 617,Case Number,Crl.A. No.-001348-001348 / 2013,02-03-2021 (English)
S.No. 618,Case Number,Crl.A. No.-001613-001613 / 2018,27-08-2021 (English)
S.No. 619,Case Number,C.A. No.-005760-005764 / 2021,17-09-2021 (English)
S.No. 620,Case Number,C.A. No.-005611-005612 / 2021,09-09-2021 (English)
S.No. 621,Case Number,C.A. No.-003657-003657 / 2010,01-09-2021 (English)
S.No. 622,Case Number,C.A. No.-001027 / 2020,30-09-2021 (English)
S.No. 623,Case Number,C.A. No.-005811-005814 / 2021,21-09-2021 (English)
S.No. 624,Case Number,Crl.A. No.-000730-000730 / 2020,04-11-2020 (English)
S.No. 625,Case Number,C.A. No.-006252-006252 / 2021,08-10-2021 (English)
S.No. 626,Case Number,Crl.A. No.-000378-000378 / 2021,05-04-2021 (English)
S.No. 627,Case Number,C.A. No.-006315-006315 / 2021,08-10-2021 (English)
S.No. 628,Case Number,Crl.A. No.-000088-000088 / 2021,29-01-2021 (English)
S.No. 629,Case Number,C.A. No.-004482-004482 / 2021,29-07-2021 (English)
S.No. 630,Case Number,C.A. No.-008733-008734 / 2018,02-03-2021 (English)
S.No. 631,Case Number,Crl.A. No.-000758-000758 / 2010,07-05-2021 (English)
S.No. 632,Case Number,C.A. No.-000274 / 2020,08-03-2021 (English)
S.No. 633,Case Number,C.A. No.-001713-001722 / 2021,03-05-2021 (English)
S.No. 634,Case Number,SLP(C) No.-002224-002225 / 2021,17-02-2021 (English)
S.No. 635,Case Number,C.A. No.-014665-014665 / 2015,06-01-2021 (English)
S.No. 636,Case Number,C.A. No.-006008-006009 / 2021,28-09-2021 (English)
S.No. 637,Case Number,C.A. No.-003699-003700 / 2018,28-07-2021 (English)
S.No. 638,Case Number,MA-002673 / 2019,22-01-2021 (English)
S.No. 639,Case Number,C.A. No.-004616-004618 / 2010,26-03-2021 (English)
S.No. 640,Case Number,C.A. No.-000398-000398 / 2010,29-09-2021 (English)
S.No. 641,Case Number,C.A. No.-005728-005728 / 2021,24-09-2021 (English)
S.No. 642,Case Number,T.P.(C) No.-001840 / 2018,04-10-2021 (English)
S.No. 643,Case Number,C.A. No.-004744-004744 / 2021,13-08-2021 (English)
S.No. 644,Case Number,Crl.A. No.-001154-001154 / 2018,10-08-2021 (English)
S.No. 645,Case Number,C.A. No.-004041-004041 / 2020,15-12-2020 (English)
S.No. 646,Case Number,ARBIT.CASE(C) No.-000048 / 2019,26-03-2021 (English)
S.No. 647,Case Number,C.A. No.-006096-006096 / 2021,29-09-2021 (English)
S.No. 648,Case Number,Crl.A. No.-000590-000590 / 2015,19-11-2020 (English)
S.No. 649,Case Number,C.A. No.-009207-009207 / 2012,20-09-2021 (English)
S.No. 650,Case Number,C.A. No.-005897-005897 / 2021,22-09-2021 (English)
S.No. 651,Case Number,SLP(C) No.-028592 / 2018,09-08-2021 (English)
S.No. 652,Case Number,C.A. No.-005117-005118 / 2021,03-09-2021 (English)
S.No. 653,Case Number,W.P.(C) No.-001352 / 2019,20-01-2021 (English)
S.No. 654,Case Number,Crl.A. No.-000800-000800 / 2020,20-11-2020 (English)
S.No. 655,Case Number,C.A. No.-005901-005902 / 2021,07-10-2021 (English)
S.No. 656,Case Number,Crl.A. No.-000098-000098 / 2021,01-02-2021 (English)
S.No. 657,Case Number,Crl.A. No.-001654-001654 / 2013,24-09-2021 (English)
S.No. 658,Case Number,C.A. No.-001653-001653 / 2021,30-04-2021 (English)
S.No. 659,Case Number,Crl.A. No.-001229-001229 / 2017,03-12-2020 (English)
S.No. 660,Case Number,W.P.(C) No.-001369 / 2018,26-07-2021 (English)
S.No. 661,Case Number,C.A. No.-001327-001327 / 2021,28-04-2021 (English)
S.No. 662,Case Number,Crl.A. No.-000035-000035 / 2013,25-03-2021 (English)
S.No. 663,Case Number,C.A. No.-001769-001769 / 2021,07-05-2021 (English)
S.No. 664,Case Number,C.A. No.-002887-002889 / 2021,23-07-2021 (English)
S.No. 665,Case Number,C.A. No.-001045-001052 / 2011,29-09-2021 (English)
S.No. 666,Case Number,T.P.(C) No.-002849-002859 / 2019,09-12-2020 (English)
S.No. 667,Case Number,C.A. No.-000325-000325 / 2021,18-02-2021 (English)
S.No. 668,Case Number,C.A. No.-009404 / 2019,15-02-2021 (English)
S.No. 669,Case Number,CONMT.PET.(C) No.-000638-000638 / 2017,01-10-2021 (English)
S.No. 670,Case Number,C.A. No.-012202 / 2018,28-10-2020 (English)
S.No. 671,Case Number,C.A. No.-009037 / 2019,27-11-2020 (English)
S.No. 672,Case Number,C.A. No.-002401-002402 / 2021,20-07-2021 (English)
S.No. 673,Case Number,C.A. No.-003340-003340 / 2020,29-10-2020 (English)
S.No. 674,Case Number,T.P.(C) No.-002792 / 2019,24-09-2021 (English)
S.No. 675,Case Number,Crl.A. No.-000953-000953 / 2021,14-09-2021 (English)
S.No. 676,Case Number,C.A. No.-000900-000902 / 2021,15-03-2021 (English)
S.No. 677,Case Number,Crl.A. No.-000123-000123 / 2021,10-02-2021 (English)
S.No. 678,Case Number,C.A. No.-004358-004358 / 2016,23-07-2021 (English)
S.No. 679,Case Number,Crl.A. No.-001032-001032 / 2013,26-10-2020 (English)
S.No. 680,Case Number,Crl.A. No.-000233-000233 / 2021,01-03-2021 (English)
S.No. 681,Case Number,C.A. No.-009241 / 2019,08-03-2021 (English)
S.No. 682,Case Number,Crl.A. No.-000856-000856 / 2021,15-09-2021 (English)
S.No. 683,Case Number,C.A. No.-004010-004011 / 2020,08-12-2020 (English)
S.No. 684,Case Number,T.P.(C) No.-000145 / 2018,01-10-2021 (English)
S.No. 685,Case Number,C.A. No.-005856-005856 / 2021,05-10-2021 (English)
S.No. 686,Case Number,C.A. No.-009198 / 2019,22-03-2021 (English)
S.No. 687,Case Number,Crl.A. No.-000988-000988 / 2021,13-09-2021 (English)
S.No. 688,Case Number,C.A. No.-009664 / 2019,15-03-2021 (English)
S.No. 689,Case Number,C.A. No.-005800-005800 / 2021,20-09-2021 (English)
S.No. 690,Case Number,C.A. No.-006204-006204 / 2021,07-10-2021 (English)
S.No. 691,Case Number,C.A. No.-000017-000018 / 2021,05-01-2021 (English)
S.No. 692,Case Number,C.A. No.-006098-006098 / 2021,04-10-2021 (English)
S.No. 693,Case Number,MA-002641 / 2019,18-12-2020 (English)
S.No. 694,Case Number,C.A. No.-006205-006205 / 2021,07-10-2021 (English)
S.No. 695,Case Number,C.A. No.-003822-003822 / 2020,15-12-2020 (English)
S.No. 696,Case Number,T.P.(C) No.-003021 / 2019,01-10-2021 (English)
S.No. 697,Case Number,C.A. No.-005920-005923 / 2021,23-09-2021 (English)
S.No. 698,Case Number,C.A. No.-005847-005847 / 2021,21-09-2021 (English)
S.No. 699,Case Number,R.P.(C) No.-000065 / 2021,11-01-2021 (English)
S.No. 700,Case Number,C.A. No.-003441-003441 / 2020,05-11-2020 (English)
S.No. 701,Case Number,Crl.A. No.-000852-000852 / 2021,18-08-2021 (English)
S.No. 702,Case Number,C.A. No.-012122-012123 / 2018,07-10-2021 (English)
S.No. 703,Case Number,SLP(Crl) No.-004206 / 2020,16-12-2020 (English)
S.No. 704,Case Number,C.A. No.-003894-003894 / 2020,24-03-2021 (English)
S.No. 705,Case Number,T.P.(C) No.-002241 / 2018,04-10-2021 (English)
S.No. 706,Case Number,Crl.A. No.-000556-000556 / 2021,06-07-2021 (English)
S.No. 707,Case Number,C.A. No.-000250-000252 / 2019,06-11-2020 (English)
S.No. 708,Case Number,Crl.A. No.-000313-000314 / 2020,21-09-2021 (English)
S.No. 709,Case Number,W.P.(C) No.-013029-013029 / 1985,"09-04-2021 (English)
02-11-2020 (English)"
S.No. 710,Case Number,Crl.A. No.-001735-001736 / 2010,28-05-2021 (English)
