﻿Column-0,Column-1,Column-2,Column-3
S.No. 1,Case Number,,"16-10-1998 (English)
15-10-1998 (English)
15-10-1998 (English)
12-10-1998 (English)
08-10-1998 (English)
25-09-1998 (English)
24-09-1998 (English)
24-09-1998 (English)
24-09-1998 (English)
24-09-1998 (English)
24-09-1998 (English)"
S.No. 2,Case Number,/,"10-08-1998 (English)
13-05-1998 (English)"
S.No. 3,Case Number,/,11-02-1998 (English)
S.No. 4,Case Number,/,19-08-1998 (English)
S.No. 5,Case Number,/,30-07-1998 (English)
S.No. 6,Case Number,/,04-08-1998 (English)
S.No. 7,Case Number,/,29-01-1998 (English)
S.No. 8,Case Number,/,24-02-1998 (English)
S.No. 9,Case Number,/,21-01-1998 (English)
S.No. 10,Case Number,/,25-11-1997 (English)
S.No. 11,Case Number,/,28-01-1998 (English)
S.No. 12,Case Number,/,04-08-1998 (English)
S.No. 13,Case Number,/,09-09-1998 (English)
S.No. 14,Case Number,/,09-12-1997 (English)
S.No. 15,Case Number,/,05-02-1998 (English)
S.No. 16,Case Number,/,02-09-1998 (English)
S.No. 17,Case Number,/,24-02-1998 (English)
S.No. 18,Case Number,/,01-09-1998 (English)
S.No. 19,Case Number,/,21-01-1998 (English)
S.No. 20,Case Number,/,19-08-1998 (English)
S.No. 21,Case Number,/,18-11-1997 (English)
S.No. 22,Case Number,/,02-09-1998 (English)
S.No. 23,Case Number,/,29-01-1998 (English)
S.No. 24,Case Number,/,13-08-1998 (English)
S.No. 25,Case Number,SLP(C) No.-004421-004421 / 1998,18-02-1998 (English)
S.No. 26,Case Number,SLP(C) No.-001079-001079 / 1998,06-02-1998 (English)
S.No. 27,Case Number,C.A. No.-000797-000797 / 1998,12-02-1998 (English)
S.No. 28,Case Number,C.A. No.-006257-006257 / 1995,08-12-1997 (English)
S.No. 29,Case Number,C.A. No.-001699-001699 / 1998,20-03-1998 (English)
S.No. 30,Case Number,C.A. No.-007771-007771 / 1997,18-11-1997 (English)
S.No. 31,Case Number,C.A. No.-004736-004736 / 1996,05-05-1998 (English)
S.No. 32,Case Number,Crl.A. No.-000219-000219 / 1998,20-02-1998 (English)
S.No. 33,Case Number,C.A. No.-004726-004741 / 1998,11-09-1998 (English)
S.No. 34,Case Number,C.A. No.-002250-002250 / 1997,15-04-1998 (English)
S.No. 35,Case Number,Crl.A. No.-000724-000724 / 1994,12-12-1997 (English)
S.No. 36,Case Number,Crl.A. No.-000121-000121 / 1996,03-09-1998 (English)
S.No. 37,Case Number,Crl.A. No.-000954-000954 / 1998,15-09-1998 (English)
S.No. 38,Case Number,C.A. No.-002085-002085 / 1998,16-04-1998 (English)
S.No. 39,Case Number,C.A. No.-001987-001987 / 1995,12-08-1998 (English)
S.No. 40,Case Number,C.A. No.-004212-004212 / 1997,08-09-1998 (English)
S.No. 41,Case Number,C.A. No.-003420-003420 / 1998,22-07-1998 (English)
S.No. 42,Case Number,SLP(C) No.-001412-001412 / 1998,05-02-1998 (English)
S.No. 43,Case Number,C.A. No.-000997-000997 / 1997,27-08-1998 (English)
S.No. 44,Case Number,C.A. No.-004890-004890 / 1998,"18-09-1998 (English)
18-09-1998 (English)"
S.No. 45,Case Number,W.P.(C) No.-000079-000079 / 1997,13-01-1998 (English)
S.No. 46,Case Number,Crl.A. No.-000149-000149 / 1998,13-07-1998 (English)
S.No. 47,Case Number,C.A. No.-008282-008295 / 1997,25-11-1997 (English)
S.No. 48,Case Number,Crl.A. No.-000765-000765 / 1998,12-08-1998 (English)
S.No. 49,Case Number,C.A. No.-004858-004858 / 1998,17-09-1998 (English)
S.No. 50,Case Number,C.A. No.-013707-013707 / 1996,"03-02-1998 (English)
03-02-1998 (English)"
S.No. 51,Case Number,C.A. No.-004753-004754 / 1998,14-09-1998 (English)
S.No. 52,Case Number,Crl.A. No.-000244-000246 / 1998,02-03-1998 (English)
S.No. 53,Case Number,C.A. No.-003021-003021 / 1997,08-10-1998 (English)
S.No. 54,Case Number,C.A. No.-001839-001839 / 1998,31-03-1998 (English)
S.No. 55,Case Number,Crl.A. No.-000224-000224 / 1997,02-09-1998 (English)
S.No. 56,Case Number,C.A. No.-016790-016790 / 1996,14-07-1998 (English)
S.No. 57,Case Number,C.A. No.-001647-001647 / 1997,"16-10-1998 (English)
16-10-1998 (English)"
S.No. 58,Case Number,C.A. No.-003520-003521 / 1998,28-07-1998 (English)
S.No. 59,Case Number,C.A. No.-005048-005048 / 1998,09-10-1998 (English)
S.No. 60,Case Number,C.A. No.-008474-008474 / 1997,02-12-1997 (English)
S.No. 61,Case Number,C.A. No.-005005-005005 / 1997,05-08-1998 (English)
S.No. 62,Case Number,C.A. No.-001702-001702 / 1997,01-12-1997 (English)
S.No. 63,Case Number,C.A. No.-002686-002686 / 1998,13-05-1998 (English)
S.No. 64,Case Number,C.A. No.-003237-003237 / 1998,14-07-1998 (English)
S.No. 65,Case Number,C.A. No.-000497-000497 / 1998,28-01-1998 (English)
S.No. 66,Case Number,C.A. No.-009826-009826 / 1995,16-09-1998 (English)
S.No. 67,Case Number,C.A. No.-005745-005745 / 1997,29-07-1998 (English)
S.No. 68,Case Number,C.A. No.-007333-007334 / 1995,08-06-1998 (English)
S.No. 69,Case Number,Crl.A. No.-000715-000716 / 1997,21-10-1997 (English)
S.No. 70,Case Number,C.A. No.-005039-005039 / 1998,"08-10-1998 (English)
08-10-1998 (English)"
S.No. 71,Case Number,C.A. No.-004465-004465 / 1997,20-01-1998 (English)
S.No. 72,Case Number,C.A. No.-003641-003641 / 1998,05-08-1998 (English)
S.No. 73,Case Number,Crl.A. No.-001114-001115 / 1997,27-11-1997 (English)
S.No. 74,Case Number,C.A. No.-007605-007610 / 1996,11-12-1997 (English)
S.No. 75,Case Number,C.A. No.-007845-007845 / 1997,18-11-1997 (English)
S.No. 76,Case Number,Crl.A. No.-000589-000589 / 1998,06-03-1998 (English)
S.No. 77,Case Number,C.A. No.-002485-002486 / 1998,24-04-1998 (English)
S.No. 78,Case Number,C.A. No.-007766-007766 / 1997,18-11-1997 (English)
S.No. 79,Case Number,C.A. No.-000796-000796 / 1998,12-02-1998 (English)
S.No. 80,Case Number,C.A. No.-007458-007458 / 1997,24-10-1997 (English)
S.No. 81,Case Number,Crl.A. No.-000343-000343 / 1997,03-03-1998 (English)
S.No. 82,Case Number,Crl.A. No.-000858-000858 / 1998,21-08-1998 (English)
S.No. 83,Case Number,C.A. No.-006201-006206 / 1995,04-03-1998 (English)
S.No. 84,Case Number,Crl.A. No.-000333-000335 / 1998,19-08-1998 (English)
S.No. 85,Case Number,W.P.(C) No.-000200-000200 / 1995,"17-04-1998 (English)
17-04-1998 (English)"
S.No. 86,Case Number,C.A. No.-004483-004483 / 1998,28-08-1998 (English)
S.No. 87,Case Number,C.A. No.-006069-006069 / 1994,15-04-1998 (English)
S.No. 88,Case Number,C.A. No.-003589-003589 / 1998,03-08-1998 (English)
S.No. 89,Case Number,C.A. No.-007153-007153 / 1996,26-08-1998 (English)
S.No. 90,Case Number,C.A. No.-001481-001483 / 1998,06-03-1998 (English)
S.No. 91,Case Number,Crl.A. No.-000918-000919 / 2001,06-03-1998 (English)
S.No. 92,Case Number,Crl.A. No.-000629-000629 / 1998,10-06-1998 (English)
S.No. 93,Case Number,C.A. No.-003503-003503 / 1997,07-04-1998 (English)
S.No. 94,Case Number,C.A. No.-004027-004028 / 1998,18-08-1998 (English)
S.No. 95,Case Number,Crl.A. No.-000511-000511 / 1995,19-08-1998 (English)
S.No. 96,Case Number,Crl.A. No.-000477-000477 / 1998,21-07-1998 (English)
S.No. 97,Case Number,Crl.A. No.-000567-000567 / 1997,04-11-1997 (English)
S.No. 98,Case Number,C.A. No.-002505-002505 / 1998,30-04-1998 (English)
S.No. 99,Case Number,C.A. No.-007749-007749 / 1997,18-11-1997 (English)
S.No. 100,Case Number,Crl.A. No.-001062-001062 / 1997,31-03-1998 (English)
S.No. 101,Case Number,C.A. No.-003692-003692 / 1998,07-08-1998 (English)
S.No. 102,Case Number,C.A. No.-006213-006213 / 1997,13-01-1998 (English)
S.No. 103,Case Number,C.A. No.-005057-005057 / 1998,09-10-1998 (English)
S.No. 104,Case Number,C.A. No.-000415-000415 / 1998,16-01-1998 (English)
S.No. 105,Case Number,C.A. No.-003294-003294 / 1997,29-04-1998 (English)
S.No. 106,Case Number,C.A. No.-008494-008494 / 1995,31-08-1998 (English)
S.No. 107,Case Number,C.A. No.-004575-004576 / 1998,03-09-1998 (English)
S.No. 108,Case Number,C.A. No.-001108-001108 / 1998,26-02-1998 (English)
S.No. 109,Case Number,C.A. No.-008595-008595 / 1997,10-12-1997 (English)
S.No. 110,Case Number,Crl.A. No.-000438-000438 / 1997,02-02-1998 (English)
S.No. 111,Case Number,C.A. No.-005326-005326 / 1995,"13-05-1998 (English)
13-05-1998 (English)"
S.No. 112,Case Number,C.A. No.-002284-002284 / 1998,27-04-1998 (English)
S.No. 113,Case Number,C.A. No.-002554-002556 / 1998,04-05-1998 (English)
S.No. 114,Case Number,C.A. No.-011527-011527 / 1995,01-09-1998 (English)
S.No. 115,Case Number,Crl.A. No.-000580-000581 / 1997,29-07-1998 (English)
S.No. 116,Case Number,Crl.A. No.-000982-000982 / 1998,22-09-1998 (English)
S.No. 117,Case Number,C.A. No.-007852-007852 / 1997,19-11-1997 (English)
S.No. 118,Case Number,C.A. No.-000623-000623 / 1998,05-02-1998 (English)
S.No. 119,Case Number,C.A. No.-008581-008581 / 1997,09-12-1997 (English)
S.No. 120,Case Number,C.A. No.-000613-000613 / 1998,04-02-1998 (English)
S.No. 121,Case Number,SLP(C) No.-008758-008764 / 1998,21-07-1998 (English)
S.No. 122,Case Number,Crl.A. No.-000475-000475 / 1998,23-04-1998 (English)
S.No. 123,Case Number,C.A. No.-001835-001835 / 1998,31-03-1998 (English)
S.No. 124,Case Number,C.A. No.-000502-000502 / 1998,20-01-1998 (English)
S.No. 125,Case Number,C.A. No.-007767-007767 / 1997,18-11-1997 (English)
S.No. 126,Case Number,W.P.(C) No.-000434-000434 / 1994,29-04-1998 (English)
S.No. 127,Case Number,C.A. No.-009862-009862 / 1996,19-08-1998 (English)
S.No. 128,Case Number,C.A. No.-006343-006343 / 1995,21-01-1998 (English)
S.No. 129,Case Number,Crl.A. No.-001142-001142 / 1997,06-08-1998 (English)
S.No. 130,Case Number,Crl.A. No.-000687-000687 / 1995,24-10-1997 (English)
S.No. 131,Case Number,C.A. No.-001292-001293 / 1998,27-02-1998 (English)
S.No. 132,Case Number,C.A. No.-000077-000077 / 1995,01-12-1997 (English)
S.No. 133,Case Number,Crl.A. No.-000532-000532 / 1998,01-05-1998 (English)
S.No. 134,Case Number,C.A. No.-002699-002699 / 1997,"13-05-1998 (English)
13-05-1998 (English)"
S.No. 135,Case Number,C.A. No.-002706-002706 / 1998,13-05-1998 (English)
S.No. 136,Case Number,C.A. No.-008327-008327 / 1997,25-11-1997 (English)
S.No. 137,Case Number,C.A. No.-004017-004017 / 1995,27-08-1998 (English)
S.No. 138,Case Number,W.P.(C) No.-000443-000443 / 1995,13-05-1998 (English)
S.No. 139,Case Number,C.A. No.-001672-001672 / 1998,18-03-1998 (English)
S.No. 140,Case Number,C.A. No.-005152-005152 / 1995,04-09-1998 (English)
S.No. 141,Case Number,C.A. No.-008637-008637 / 1997,05-12-1997 (English)
S.No. 142,Case Number,C.A. No.-007782-007783 / 1997,19-11-1997 (English)
S.No. 143,Case Number,C.A. No.-007357-007357 / 1996,20-08-1998 (English)
S.No. 144,Case Number,C.A. No.-004286-004286 / 1998,25-08-1998 (English)
S.No. 145,Case Number,Crl.A. No.-000247-000256 / 1998,02-03-1998 (English)
S.No. 146,Case Number,C.A. No.-004675-004675 / 1997,17-12-1997 (English)
S.No. 147,Case Number,Crl.A. No.-001091-001091 / 1998,16-10-1998 (English)
S.No. 148,Case Number,SLP(C) No.-011992-011992 / 1998,01-09-1998 (English)
S.No. 149,Case Number,Crl.A. No.-000595-000595 / 1997,22-01-1998 (English)
S.No. 150,Case Number,C.A. No.-005063-005063 / 1998,09-10-1998 (English)
S.No. 151,Case Number,Crl.A. No.-000915-000915 / 1995,07-11-1997 (English)
S.No. 152,Case Number,Crl.A. No.-000082-000082 / 1998,16-01-1998 (English)
S.No. 153,Case Number,C.A. No.-005546-005546 / 1995,29-04-1998 (English)
S.No. 154,Case Number,Crl.A. No.-000529-000529 / 1998,30-04-1998 (English)
S.No. 155,Case Number,C.A. No.-004996-004999 / 1994,09-09-1998 (English)
S.No. 156,Case Number,Crl.A. No.-001532-001532 / 1995,26-02-1998 (English)
S.No. 157,Case Number,C.A. No.-008638-008639 / 1997,05-12-1997 (English)
S.No. 158,Case Number,C.A. No.-000841-000841 / 1998,17-02-1998 (English)
S.No. 159,Case Number,C.A. No.-008256-008256 / 1996,17-03-1998 (English)
S.No. 160,Case Number,C.A. No.-005875-005875 / 1994,08-05-1998 (English)
S.No. 161,Case Number,Crl.A. No.-000742-000742 / 1997,30-07-1998 (English)
S.No. 162,Case Number,C.A. No.-012796-012796 / 1996,27-08-1998 (English)
S.No. 163,Case Number,C.A. No.-003407-003407 / 1998,23-09-1998 (English)
S.No. 164,Case Number,C.A. No.-011836-011836 / 1995,19-11-1997 (English)
S.No. 165,Case Number,C.A. No.-002140-002140 / 1998,20-04-1998 (English)
S.No. 166,Case Number,W.P.(Crl.) No.-000290-000290 / 1997,31-03-1998 (English)
S.No. 167,Case Number,Crl.A. No.-001239-001239 / 1997,16-12-1997 (English)
S.No. 168,Case Number,C.A. No.-005517-005518 / 1997,04-11-1997 (English)
S.No. 169,Case Number,C.A. No.-001111-001111 / 1998,26-02-1998 (English)
S.No. 170,Case Number,C.A. No.-000020-000020 / 1998,05-01-1998 (English)
S.No. 171,Case Number,C.A. No.-002569-002569 / 1998,05-05-1998 (English)
S.No. 172,Case Number,Crl.A. No.-000835-000835 / 1997,04-08-1998 (English)
S.No. 173,Case Number,Crl.A. No.-001234-001237 / 1997,"12-05-1998 (English)
12-05-1998 (English)"
S.No. 174,Case Number,C.A. No.-004597-004598 / 1998,07-09-1998 (English)
S.No. 175,Case Number,C.A. No.-004900-004900 / 1998,18-09-1998 (English)
S.No. 176,Case Number,Crl.A. No.-001087-001090 / 1998,16-10-1998 (English)
S.No. 177,Case Number,R.P.(C) No.-001749-001749 / 1997,"17-04-1998 (English)
17-04-1998 (English)"
S.No. 178,Case Number,C.A. No.-004721-004721 / 1996,04-02-1998 (English)
S.No. 179,Case Number,C.A. No.-001268-001268 / 1995,15-10-1998 (English)
S.No. 180,Case Number,C.A. No.-001469-001469 / 1998,05-03-1998 (English)
S.No. 181,Case Number,C.A. No.-004641-004641 / 1998,21-09-1998 (English)
S.No. 182,Case Number,Crl.A. No.-000361-000361 / 2000,26-11-1997 (English)
S.No. 183,Case Number,C.A. No.-006613-006613 / 1997,28-11-1997 (English)
S.No. 184,Case Number,Crl.A. No.-001190-001190 / 1997,04-02-1998 (English)
S.No. 185,Case Number,Crl.A. No.-000833-000833 / 1997,13-08-1998 (English)
S.No. 186,Case Number,Crl.A. No.-000270-000270 / 1998,06-03-1998 (English)
S.No. 187,Case Number,C.A. No.-006932-006932 / 1995,28-11-1997 (English)
S.No. 188,Case Number,C.A. No.-010755-010755 / 1995,01-09-1998 (English)
S.No. 189,Case Number,C.A. No.-002216-002216 / 1998,17-04-1998 (English)
S.No. 190,Case Number,C.A. No.-002572-002572 / 1998,05-05-1998 (English)
S.No. 191,Case Number,C.A. No.-001270-001270 / 1998,20-02-1998 (English)
S.No. 192,Case Number,C.A. No.-000467-000467 / 1998,27-01-1998 (English)
S.No. 193,Case Number,C.A. No.-003451-003455 / 1996,21-04-1998 (English)
S.No. 194,Case Number,C.A. No.-003752-003752 / 1998,07-08-1998 (English)
S.No. 195,Case Number,C.A. No.-001057-001057 / 1998,29-04-1998 (English)
S.No. 196,Case Number,Crl.A. No.-000688-000688 / 1998,22-07-1998 (English)
S.No. 197,Case Number,C.A. No.-003275-003275 / 1998,16-07-1998 (English)
S.No. 198,Case Number,Crl.A. No.-000912-000912 / 1997,26-08-1998 (English)
S.No. 199,Case Number,Crl.A. No.-000811-000811 / 1998,13-08-1998 (English)
S.No. 200,Case Number,C.A. No.-012448-012448 / 1996,04-03-1998 (English)
S.No. 201,Case Number,C.A. No.-005819-005819 / 1994,12-05-1998 (English)
S.No. 202,Case Number,Crl.A. No.-000069-000069 / 1998,15-01-1998 (English)
S.No. 203,Case Number,ELECT.PET.(C) No.-000001-000001 / 1997,24-11-1997 (English)
S.No. 204,Case Number,Crl.A. No.-000289-000293 / 1998,16-03-1998 (English)
S.No. 205,Case Number,C.A. No.-008830-008830 / 1997,17-12-1997 (English)
S.No. 206,Case Number,Crl.A. No.-000805-000806 / 1997,02-04-1998 (English)
S.No. 207,Case Number,C.A. No.-008665-008665 / 1997,11-12-1997 (English)
S.No. 208,Case Number,C.A. No.-005071-005071 / 1996,01-12-1997 (English)
S.No. 209,Case Number,C.A. No.-007904-007904 / 1996,09-02-1998 (English)
S.No. 210,Case Number,C.A. No.-003462-003462 / 1996,25-08-1998 (English)
S.No. 211,Case Number,Crl.A. No.-001116-001116 / 1997,28-11-1997 (English)
S.No. 212,Case Number,Crl.A. No.-000888-000888 / 1997,19-02-1998 (English)
S.No. 213,Case Number,C.A. No.-009282-009282 / 1995,06-10-1998 (English)
S.No. 214,Case Number,Crl.A. No.-000892-000892 / 1997,08-05-1998 (English)
S.No. 215,Case Number,Crl.A. No.-000327-000327 / 1998,16-03-1998 (English)
S.No. 216,Case Number,C.A. No.-006060-006061 / 1994,21-07-1998 (English)
S.No. 217,Case Number,C.A. No.-001410-001411 / 1998,05-03-1998 (English)
S.No. 218,Case Number,Crl.A. No.-000889-000892 / 1998,31-08-1998 (English)
S.No. 219,Case Number,W.P.(C) No.-000500-000500 / 1997,16-03-1998 (English)
S.No. 220,Case Number,C.A. No.-004570-004571 / 1998,02-09-1998 (English)
S.No. 221,Case Number,Crl.A. No.-000400-000403 / 1998,03-04-1998 (English)
S.No. 222,Case Number,Crl.A. No.-000395-000395 / 1996,27-11-1997 (English)
S.No. 223,Case Number,C.A. No.-006525-006525 / 1994,23-02-1998 (English)
S.No. 224,Case Number,Crl.A. No.-000258-000258 / 1998,03-03-1998 (English)
S.No. 225,Case Number,C.A. No.-008279-008279 / 1997,25-11-1997 (English)
S.No. 226,Case Number,C.A. No.-001734-001734 / 1998,24-03-1998 (English)
S.No. 227,Case Number,C.A. No.-006335-006337 / 1995,27-08-1998 (English)
S.No. 228,Case Number,C.A. No.-000972-000974 / 1998,19-02-1998 (English)
S.No. 229,Case Number,C.A. No.-012086-012086 / 1996,13-02-1998 (English)
S.No. 230,Case Number,C.A. No.-000638-000638 / 1998,06-02-1998 (English)
S.No. 231,Case Number,C.A. No.-010189-010189 / 1995,03-02-1998 (English)
S.No. 232,Case Number,C.A. No.-002647-002647 / 1998,08-05-1998 (English)
S.No. 233,Case Number,Crl.A. No.-001216-001216 / 1995,21-09-1998 (English)
S.No. 234,Case Number,C.A. No.-003421-003427 / 1998,22-07-1998 (English)
S.No. 235,Case Number,Crl.A. No.-001145-001145 / 1997,02-12-1997 (English)
S.No. 236,Case Number,C.A. No.-002755-002755 / 1998,05-08-1998 (English)
S.No. 237,Case Number,C.A. No.-004895-004895 / 1998,18-09-1998 (English)
S.No. 238,Case Number,SLP(C) No.-004639-004639 / 1998,02-02-1998 (English)
S.No. 239,Case Number,C.A. No.-002734-002735 / 1998,14-05-1998 (English)
S.No. 240,Case Number,Crl.A. No.-001207-001208 / 1997,"17-04-1998 (English)
17-04-1998 (English)
17-04-1998 (English)"
S.No. 241,Case Number,C.A. No.-004587-004587 / 1995,11-08-1998 (English)
S.No. 242,Case Number,Crl.A. No.-001004-001004 / 1997,24-10-1997 (English)
S.No. 243,Case Number,SLP(C) No.-018853-018853 / 1997,13-02-1998 (English)
S.No. 244,Case Number,Crl.A. No.-000900-000900 / 1997,22-04-1998 (English)
S.No. 245,Case Number,C.A. No.-000112-000112 / 1998,14-01-1998 (English)
S.No. 246,Case Number,C.A. No.-009392-009392 / 1996,23-03-1998 (English)
S.No. 247,Case Number,Crl.A. No.-001826-001826 / 1996,24-10-1997 (English)
S.No. 248,Case Number,C.A. No.-001944-001944 / 1998,03-04-1998 (English)
S.No. 249,Case Number,C.A. No.-005163-005163 / 1995,18-08-1998 (English)
S.No. 250,Case Number,C.A. No.-003751-003751 / 1996,10-09-1998 (English)
S.No. 251,Case Number,C.A. No.-003582-003583 / 1996,27-07-1998 (English)
S.No. 252,Case Number,C.A. No.-001402-001403 / 1995,03-03-1998 (English)
S.No. 253,Case Number,C.A. No.-004949-004949 / 1998,22-09-1998 (English)
S.No. 254,Case Number,C.A. No.-003524-003524 / 1998,29-07-1998 (English)
S.No. 255,Case Number,C.A. No.-007671-007672 / 1997,11-11-1997 (English)
S.No. 256,Case Number,C.A. No.-000098-000098 / 1997,21-10-1997 (English)
S.No. 257,Case Number,C.A. No.-004657-004657 / 1998,08-09-1998 (English)
S.No. 258,Case Number,C.A. No.-001271-001271 / 1998,20-02-1998 (English)
S.No. 259,Case Number,Crl.A. No.-000770-000770 / 1998,04-08-1998 (English)
S.No. 260,Case Number,Crl.A. No.-001032-001032 / 1997,06-08-1998 (English)
S.No. 261,Case Number,C.A. No.-007708-007708 / 1997,25-03-1998 (English)
S.No. 262,Case Number,C.A. No.-003091-003091 / 1995,02-02-1998 (English)
S.No. 263,Case Number,C.A. No.-003609-003609 / 1996,15-09-1998 (English)
S.No. 264,Case Number,C.A. No.-011597-011600 / 1995,17-09-1998 (English)
S.No. 265,Case Number,Crl.A. No.-000777-000777 / 1998,05-08-1998 (English)
S.No. 266,Case Number,Crl.A. No.-001181-001181 / 1997,06-08-1998 (English)
S.No. 267,Case Number,C.A. No.-000826-000826 / 1998,13-02-1998 (English)
S.No. 268,Case Number,Crl.A. No.-000022-000022 / 1998,08-01-1998 (English)
S.No. 269,Case Number,C.A. No.-001784-001784 / 1998,26-03-1998 (English)
S.No. 270,Case Number,C.A. No.-002369-002369 / 1998,"27-04-1998 (English)
27-04-1998 (English)"
S.No. 271,Case Number,C.A. No.-001155-001155 / 1998,14-05-1998 (English)
S.No. 272,Case Number,C.A. No.-002662-002662 / 1998,"12-05-1998 (English)
12-05-1998 (English)"
S.No. 273,Case Number,C.A. No.-008534-008534 / 1997,20-04-1998 (English)
S.No. 274,Case Number,C.A. No.-008864-008864 / 1997,19-12-1997 (English)
S.No. 275,Case Number,C.A. No.-003798-003798 / 1996,17-07-1998 (English)
S.No. 276,Case Number,C.A. No.-014144-014146 / 1996,27-08-1998 (English)
S.No. 277,Case Number,W.P.(C) No.-000744-000744 / 1994,27-04-1998 (English)
S.No. 278,Case Number,Crl.A. No.-000385-000385 / 1996,24-11-1997 (English)
S.No. 279,Case Number,R.P.(C) No.-000315-000315 / 1998,19-02-1998 (English)
S.No. 280,Case Number,C.A. No.-008858-008861 / 1997,17-12-1997 (English)
S.No. 281,Case Number,Crl.A. No.-000722-000723 / 1998,27-07-1998 (English)
S.No. 282,Case Number,Crl.A. No.-001264-001264 / 1997,29-07-1998 (English)
S.No. 283,Case Number,C.A. No.-004287-004287 / 1998,25-08-1998 (English)
S.No. 284,Case Number,C.A. No.-002165-002165 / 1998,21-04-1998 (English)
S.No. 285,Case Number,Crl.A. No.-000897-000898 / 1994,28-07-1998 (English)
S.No. 286,Case Number,C.A. No.-003674-003674 / 1998,07-04-1998 (English)
S.No. 287,Case Number,Crl.A. No.-000458-000458 / 1996,11-08-1998 (English)
S.No. 288,Case Number,Crl.A. No.-001112-001112 / 1997,26-11-1997 (English)
S.No. 289,Case Number,W.P.(C) No.-000649-000649 / 1997,27-02-1998 (English)
S.No. 290,Case Number,Crl.A. No.-001157-001157 / 1997,03-12-1997 (English)
S.No. 291,Case Number,C.A. No.-009108-009108 / 1995,07-04-1998 (English)
S.No. 292,Case Number,Crl.A. No.-001259-001260 / 1995,03-03-1998 (English)
S.No. 293,Case Number,C.A. No.-008467-008467 / 1997,02-12-1997 (English)
S.No. 294,Case Number,Crl.A. No.-000097-000100 / 1997,15-04-1998 (English)
S.No. 295,Case Number,C.A. No.-007755-007755 / 1997,17-12-1997 (English)
S.No. 296,Case Number,Crl.A. No.-000209-000209 / 1997,12-12-1997 (English)
S.No. 297,Case Number,Crl.A. No.-001185-001185 / 1997,28-04-1998 (English)
S.No. 298,Case Number,Crl.A. No.-001084-001084 / 1997,04-03-1998 (English)
S.No. 299,Case Number,C.A. No.-010453-010453 / 1995,03-09-1998 (English)
S.No. 300,Case Number,C.A. No.-003564-003564 / 1998,"30-07-1998 (English)
29-01-1998 (English)"
S.No. 301,Case Number,C.A. No.-003715-003715 / 1998,11-08-1998 (English)
S.No. 302,Case Number,C.A. No.-008336-008336 / 1997,20-11-1997 (English)
S.No. 303,Case Number,Crl.A. No.-000012-000012 / 1998,06-08-1998 (English)
S.No. 304,Case Number,C.A. No.-001785-001785 / 1998,26-03-1998 (English)
S.No. 305,Case Number,W.P.(Crl.) No.-000444-000444 / 1997,28-05-1998 (English)
S.No. 306,Case Number,C.A. No.-002723-002723 / 1998,05-05-1998 (English)
S.No. 307,Case Number,C.A. No.-002580-002581 / 1998,"05-05-1998 (English)
05-05-1998 (English)"
S.No. 308,Case Number,C.A. No.-007374-007374 / 1997,21-10-1997 (English)
S.No. 309,Case Number,Crl.A. No.-000057-000057 / 1997,"16-10-1998 (English)
16-10-1998 (English)"
S.No. 310,Case Number,SLP(C) No.-023360-023360 / 1997,31-07-1998 (English)
S.No. 311,Case Number,Crl.A. No.-000575-000577 / 1998,13-05-1998 (English)
S.No. 312,Case Number,Crl.A. No.-000020-000021 / 1998,26-02-1998 (English)
S.No. 313,Case Number,Crl.A. No.-000383-000383 / 1998,27-03-1998 (English)
S.No. 314,Case Number,Crl.A. No.-000002-000002 / 1994,29-04-1998 (English)
S.No. 315,Case Number,Crl.A. No.-001019-001019 / 1997,04-11-1997 (English)
S.No. 316,Case Number,C.A. No.-008258-008258 / 1997,24-11-1997 (English)
S.No. 317,Case Number,W.P.(C) No.-000060-000060 / 1994,08-05-1998 (English)
S.No. 318,Case Number,C.A. No.-001786-001786 / 1980,20-08-1998 (English)
S.No. 319,Case Number,C.A. No.-000211-000211 / 1982,08-10-1998 (English)
S.No. 320,Case Number,C.A. No.-009791-009795 / 1995,09-02-1998 (English)
S.No. 321,Case Number,C.A. No.-000142-000142 / 1997,06-03-1998 (English)
S.No. 322,Case Number,C.A. No.-013391-013391 / 1996,01-09-1998 (English)
S.No. 323,Case Number,C.A. No.-007957-007957 / 1996,08-09-1998 (English)
S.No. 324,Case Number,C.A. No.-003096-003102 / 1982,30-03-1998 (English)
S.No. 325,Case Number,W.P.(C) No.-013381-013381 / 1984,13-01-1998 (English)
S.No. 326,Case Number,C.A. No.-002141-002143 / 1982,23-01-1998 (English)
S.No. 327,Case Number,Crl.A. No.-000566-000568 / 1981,18-11-1997 (English)
S.No. 328,Case Number,C.A. No.-000435-000441 / 1982,04-05-1998 (English)
S.No. 329,Case Number,C.A. No.-003619-003619 / 1982,12-02-1998 (English)
S.No. 330,Case Number,W.P.(C) No.-004677-004677 / 1985,"07-01-1998 (English)
10-12-1997 (English)"
S.No. 331,Case Number,W.P.(C) No.-003727-003727 / 1985,20-11-1997 (English)
S.No. 332,Case Number,W.P.(C) No.-013029-013029 / 1985,"22-09-1998 (English)
12-05-1998 (English)
16-12-1997 (English)"
S.No. 333,Case Number,Crl.A. No.-000136-000136 / 1994,08-01-1998 (English)
S.No. 334,Case Number,C.A. No.-000389-000389 / 1994,18-03-1998 (English)
S.No. 335,Case Number,C.A. No.-007440-007440 / 1983,06-01-1998 (English)
S.No. 336,Case Number,C.A. No.-006815-006815 / 1983,02-03-1998 (English)
S.No. 337,Case Number,C.A. No.-006486-006486 / 1983,19-11-1997 (English)
S.No. 338,Case Number,C.A. No.-006251-006251 / 1983,07-01-1998 (English)
S.No. 339,Case Number,Crl.A. No.-000052-000053 / 1984,21-11-1997 (English)
S.No. 340,Case Number,W.P.(C) No.-012739-012739 / 1985,28-07-1998 (English)
S.No. 341,Case Number,C.A. No.-005509-005509 / 1985,05-03-1998 (English)
S.No. 342,Case Number,Crl.A. No.-000568-000568 / 1985,26-11-1997 (English)
S.No. 343,Case Number,C.A. No.-002971-002971 / 1986,21-04-1998 (English)
S.No. 344,Case Number,W.P.(C) No.-011742-011744 / 1984,14-10-1998 (English)
S.No. 345,Case Number,C.A. No.-000474-000476 / 1984,17-02-1998 (English)
S.No. 346,Case Number,Crl.A. No.-000448-000448 / 1987,28-04-1998 (English)
S.No. 347,Case Number,C.A. No.-002961-002962 / 1984,03-08-1998 (English)
S.No. 348,Case Number,C.A. No.-001502-001504 / 1984,08-01-1998 (English)
S.No. 349,Case Number,Crl.A. No.-000443-000445 / 1984,28-04-1998 (English)
S.No. 350,Case Number,C.A. No.-001798-001798 / 1986,07-09-1998 (English)
S.No. 351,Case Number,Crl.A. No.-000234-000234 / 1993,12-02-1998 (English)
S.No. 352,Case Number,Crl.A. No.-000091-000091 / 1988,23-10-1997 (English)
S.No. 353,Case Number,C.A. No.-001347-001347 / 1988,"15-05-1998 (English)
15-05-1998 (English)"
S.No. 354,Case Number,Crl.A. No.-000273-000276 / 1988,18-02-1998 (English)
S.No. 355,Case Number,C.A. No.-002623-002625 / 1998,08-05-1998 (English)
S.No. 356,Case Number,C.A. No.-000180-000182 / 1989,02-03-1998 (English)
S.No. 357,Case Number,C.A. No.-002423-002423 / 1989,05-02-1998 (English)
S.No. 358,Case Number,C.A. No.-004196-004196 / 1989,14-07-1998 (English)
S.No. 359,Case Number,C.A. No.-000140-000142 / 1988,19-11-1997 (English)
S.No. 360,Case Number,Crl.A. No.-000357-000358 / 1987,09-12-1997 (English)
S.No. 361,Case Number,C.A. No.-007645-007645 / 1997,10-11-1997 (English)
S.No. 362,Case Number,C.A. No.-000561-000562 / 1998,04-02-1998 (English)
S.No. 363,Case Number,C.A. No.-002511-002511 / 1998,30-04-1998 (English)
S.No. 364,Case Number,Crl.A. No.-000662-000663 / 1989,06-01-1998 (English)
S.No. 365,Case Number,Crl.A. No.-000632-000633 / 1989,10-12-1997 (English)
S.No. 366,Case Number,Crl.A. No.-000236-000237 / 1989,25-11-1997 (English)
S.No. 367,Case Number,Crl.A. No.-000626-000627 / 1989,08-01-1998 (English)
S.No. 368,Case Number,Crl.A. No.-000350-000352 / 1989,06-02-1998 (English)
S.No. 369,Case Number,C.A. No.-004223-004223 / 1994,28-01-1998 (English)
S.No. 370,Case Number,C.A. No.-001457-001457 / 1994,14-10-1998 (English)
S.No. 371,Case Number,C.A. No.-001735-001736 / 1989,04-03-1998 (English)
S.No. 372,Case Number,C.A. No.-004596-004598 / 1989,19-12-1997 (English)
S.No. 373,Case Number,C.A. No.-003030-003031 / 1989,09-12-1997 (English)
S.No. 374,Case Number,C.A. No.-003832-003837 / 1989,16-07-1998 (English)
S.No. 375,Case Number,C.A. No.-000500-000500 / 1994,20-10-1997 (English)
S.No. 376,Case Number,Crl.A. No.-000657-000657 / 1996,21-10-1997 (English)
S.No. 377,Case Number,C.A. No.-008570-008570 / 1997,08-12-1997 (English)
S.No. 378,Case Number,Crl.A. No.-000663-000663 / 1994,12-12-1997 (English)
S.No. 379,Case Number,Crl.A. No.-000740-000740 / 1994,05-02-1998 (English)
S.No. 380,Case Number,C.A. No.-005736-005737 / 1994,11-02-1998 (English)
S.No. 381,Case Number,C.A. No.-002195-002196 / 1996,17-03-1998 (English)
S.No. 382,Case Number,C.A. No.-006753-006753 / 1994,11-08-1998 (English)
S.No. 383,Case Number,C.A. No.-006788-006788 / 1994,14-10-1998 (English)
S.No. 384,Case Number,C.A. No.-009190-009190 / 1995,20-02-1998 (English)
S.No. 385,Case Number,C.A. No.-002709-002709 / 1998,13-05-1998 (English)
S.No. 386,Case Number,C.A. No.-001175-001175 / 1992,23-10-1997 (English)
S.No. 387,Case Number,C.A. No.-007168-007168 / 1996,19-11-1997 (English)
S.No. 388,Case Number,C.A. No.-001597-001597 / 1991,25-11-1997 (English)
S.No. 389,Case Number,SLP(C) No.-020173-020174 / 1996,24-10-1997 (English)
S.No. 390,Case Number,C.A. No.-004870-004870 / 1991,18-12-1997 (English)
S.No. 391,Case Number,C.A. No.-004266-004266 / 1991,07-01-1998 (English)
S.No. 392,Case Number,C.A. No.-003374-003374 / 1991,04-03-1998 (English)
S.No. 393,Case Number,C.A. No.-004073-004073 / 1991,06-08-1998 (English)
S.No. 394,Case Number,C.A. No.-006528-006528 / 1995,15-10-1998 (English)
S.No. 395,Case Number,C.A. No.-003237-003237 / 1990,18-12-1997 (English)
S.No. 396,Case Number,SLP(C) No.-021052-021052 / 1996,04-02-1998 (English)
S.No. 397,Case Number,C.A. No.-008743-008744 / 1994,25-08-1998 (English)
S.No. 398,Case Number,C.A. No.-001225-001230 / 1990,06-05-1998 (English)
S.No. 399,Case Number,Crl.A. No.-000025-000025 / 1990,07-11-1997 (English)
S.No. 400,Case Number,Crl.A. No.-000614-000614 / 1990,21-01-1998 (English)
S.No. 401,Case Number,Crl.A. No.-000500-000500 / 1990,21-04-1998 (English)
S.No. 402,Case Number,Crl.A. No.-000888-000888 / 1996,09-12-1997 (English)
S.No. 403,Case Number,Crl.A. No.-001947-001949 / 1996,11-12-1997 (English)
S.No. 404,Case Number,Crl.A. No.-002059-002059 / 1996,03-02-1998 (English)
S.No. 405,Case Number,Crl.A. No.-001631-001632 / 1996,19-02-1998 (English)
S.No. 406,Case Number,C.A. No.-001834-001834 / 1998,31-03-1998 (English)
S.No. 407,Case Number,C.A. No.-003450-003450 / 1998,23-07-1998 (English)
S.No. 408,Case Number,C.A. No.-000400-000400 / 1997,11-08-1998 (English)
S.No. 409,Case Number,Crl.A. No.-000137-000137 / 1997,02-09-1998 (English)
S.No. 410,Case Number,C.A. No.-012026-012030 / 1996,17-09-1998 (English)
S.No. 411,Case Number,C.A. No.-005164-005166 / 1990,28-04-1998 (English)
S.No. 412,Case Number,W.P.(C) No.-000883-000883 / 1990,02-09-1998 (English)
S.No. 413,Case Number,Crl.A. No.-000656-000656 / 1990,"03-04-1998 (English)
03-04-1998 (English)"
S.No. 414,Case Number,Crl.A. No.-000235-000236 / 1990,05-01-1998 (English)
S.No. 415,Case Number,C.A. No.-005365-005374 / 1990,16-09-1998 (English)
S.No. 416,Case Number,C.A. No.-001720-001721 / 1990,04-03-1998 (English)
S.No. 417,Case Number,Crl.A. No.-000180-000180 / 1990,08-05-1998 (English)
S.No. 418,Case Number,C.A. No.-004318-004319 / 1990,18-09-1998 (English)
S.No. 419,Case Number,Crl.A. No.-000290-000290 / 1990,21-09-1998 (English)
S.No. 420,Case Number,Crl.A. No.-000304-000304 / 1990,21-01-1998 (English)
S.No. 421,Case Number,Crl.A. No.-000222-000222 / 1990,31-07-1998 (English)
S.No. 422,Case Number,C.A. No.-001755-001755 / 1991,13-08-1998 (English)
S.No. 423,Case Number,Crl.A. No.-000666-000667 / 1990,03-02-1998 (English)
S.No. 424,Case Number,C.A. No.-005003-005003 / 1997,12-10-1998 (English)
S.No. 425,Case Number,C.A. No.-005309-005309 / 1992,02-12-1997 (English)
S.No. 426,Case Number,C.A. No.-003693-003693 / 1998,10-08-1998 (English)
S.No. 427,Case Number,C.A. No.-004451-004468 / 1991,25-11-1997 (English)
S.No. 428,Case Number,Crl.A. No.-000153-000154 / 1991,05-12-1997 (English)
S.No. 429,Case Number,C.A. No.-003829-003829 / 1996,05-12-1997 (English)
S.No. 430,Case Number,C.A. No.-016040-016040 / 1996,03-02-1998 (English)
S.No. 431,Case Number,Crl.A. No.-000799-000799 / 1996,15-04-1998 (English)
S.No. 432,Case Number,Crl.A. No.-002043-002043 / 1996,26-02-1998 (English)
S.No. 433,Case Number,C.A. No.-014747-014747 / 1996,27-02-1998 (English)
S.No. 434,Case Number,Crl.A. No.-001764-001764 / 1996,01-09-1998 (English)
S.No. 435,Case Number,C.A. No.-009134-009134 / 1996,09-02-1998 (English)
S.No. 436,Case Number,Crl.A. No.-002007-002007 / 1996,15-09-1998 (English)
S.No. 437,Case Number,C.A. No.-008870-008870 / 1996,25-09-1998 (English)
S.No. 438,Case Number,Crl.A. No.-002087-002087 / 1996,12-08-1998 (English)
S.No. 439,Case Number,C.A. No.-001852-001853 / 1991,17-12-1997 (English)
S.No. 440,Case Number,Crl.A. No.-000604-000604 / 1991,09-02-1998 (English)
S.No. 441,Case Number,Crl.A. No.-000522-000522 / 1991,07-11-1997 (English)
S.No. 442,Case Number,Crl.A. No.-000079-000079 / 1991,16-04-1998 (English)
S.No. 443,Case Number,Crl.A. No.-000593-000593 / 1991,01-04-1998 (English)
S.No. 444,Case Number,C.A. No.-002524-002524 / 1992,08-01-1998 (English)
S.No. 445,Case Number,Crl.A. No.-000219-000219 / 1991,05-11-1997 (English)
S.No. 446,Case Number,Crl.A. No.-000718-000719 / 1991,28-04-1998 (English)
S.No. 447,Case Number,Crl.A. No.-000562-000562 / 1991,31-03-1998 (English)
S.No. 448,Case Number,C.A. No.-002393-002393 / 1992,04-02-1998 (English)
S.No. 449,Case Number,C.A. No.-007264-007264 / 1996,20-03-1998 (English)
S.No. 450,Case Number,C.A. No.-001381-001384 / 1991,24-04-1998 (English)
S.No. 451,Case Number,C.A. No.-003491-003491 / 1992,17-07-1998 (English)
S.No. 452,Case Number,Crl.A. No.-000161-000161 / 1991,02-04-1998 (English)
S.No. 453,Case Number,C.A. No.-000122-000123 / 1991,05-03-1998 (English)
S.No. 454,Case Number,Crl.A. No.-000513-000513 / 1991,05-03-1998 (English)
S.No. 455,Case Number,Crl.A. No.-000572-000572 / 1991,26-03-1998 (English)
S.No. 456,Case Number,C.A. No.-005297-005297 / 1992,14-10-1998 (English)
S.No. 457,Case Number,C.A. No.-007785-007785 / 1997,19-11-1997 (English)
S.No. 458,Case Number,C.A. No.-008273-008273 / 1997,25-11-1997 (English)
S.No. 459,Case Number,C.A. No.-008334-008334 / 1997,21-11-1997 (English)
S.No. 460,Case Number,C.A. No.-008496-008496 / 1997,03-12-1997 (English)
S.No. 461,Case Number,C.A. No.-008580-008580 / 1997,09-12-1997 (English)
S.No. 462,Case Number,C.A. No.-008588-008589 / 1997,09-12-1997 (English)
S.No. 463,Case Number,Crl.A. No.-000633-000634 / 1991,22-07-1998 (English)
S.No. 464,Case Number,Crl.A. No.-000159-000160 / 1991,31-03-1998 (English)
S.No. 465,Case Number,C.A. No.-008676-008676 / 1997,03-12-1997 (English)
S.No. 466,Case Number,Crl.A. No.-000526-000526 / 1991,19-03-1998 (English)
S.No. 467,Case Number,Crl.A. No.-001176-001176 / 1997,08-12-1997 (English)
S.No. 468,Case Number,C.A. No.-000241-000242 / 1991,31-03-1998 (English)
S.No. 469,Case Number,Crl.A. No.-000223-000223 / 1997,23-07-1998 (English)
S.No. 470,Case Number,Crl.A. No.-000020-000020 / 1997,06-08-1998 (English)
S.No. 471,Case Number,Crl.A. No.-000825-000825 / 1997,12-12-1997 (English)
S.No. 472,Case Number,C.A. No.-000247-000247 / 1998,19-01-1998 (English)
S.No. 473,Case Number,C.A. No.-000313-000313 / 1998,20-01-1998 (English)
S.No. 474,Case Number,C.A. No.-000528-000528 / 1998,02-02-1998 (English)
S.No. 475,Case Number,C.A. No.-000757-000757 / 1998,10-02-1998 (English)
S.No. 476,Case Number,C.A. No.-001714-001714 / 1998,23-03-1998 (English)
S.No. 477,Case Number,C.A. No.-002510-002510 / 1998,30-04-1998 (English)
S.No. 478,Case Number,C.A. No.-003433-003433 / 1998,22-07-1998 (English)
S.No. 479,Case Number,C.A. No.-004472-004472 / 1998,27-08-1998 (English)
S.No. 480,Case Number,C.A. No.-004778-004778 / 1998,15-09-1998 (English)
S.No. 481,Case Number,Crl.A. No.-001047-001047 / 1998,08-10-1998 (English)
S.No. 482,Case Number,C.A. No.-006436-006436 / 1998,15-12-1997 (English)
S.No. 483,Case Number,Crl.A. No.-001045-001045 / 1998,08-10-1998 (English)
S.No. 484,Case Number,Crl.A. No.-000330-000330 / 1991,22-01-1998 (English)
S.No. 485,Case Number,W.P.(C) No.-000781-000781 / 1996,03-09-1998 (English)
S.No. 486,Case Number,W.P.(C) No.-000888-000888 / 1996,16-01-1998 (English)
S.No. 487,Case Number,C.A. No.-000655-000655 / 1994,23-10-1997 (English)
S.No. 488,Case Number,Crl.A. No.-000551-000551 / 1993,04-12-1997 (English)
S.No. 489,Case Number,Crl.A. No.-000293-000293 / 1993,12-12-1997 (English)
S.No. 490,Case Number,Crl.A. No.-000451-000451 / 1993,12-02-1998 (English)
S.No. 491,Case Number,C.A. No.-005962-005962 / 1994,05-03-1998 (English)
S.No. 492,Case Number,Crl.A. No.-000692-000692 / 1993,20-04-1998 (English)
S.No. 493,Case Number,C.A. No.-004569-004569 / 1996,14-08-1998 (English)
S.No. 494,Case Number,C.A. No.-002056-002056 / 1996,22-09-1998 (English)
S.No. 495,Case Number,Crl.A. No.-000589-000589 / 1992,28-08-1998 (English)
S.No. 496,Case Number,C.A. No.-000824-000824 / 1998,13-02-1998 (English)
S.No. 497,Case Number,C.A. No.-004589-004590 / 1992,09-12-1997 (English)
S.No. 498,Case Number,C.A. No.-000385-000389 / 1992,20-11-1997 (English)
S.No. 499,Case Number,Crl.A. No.-000252-000252 / 1992,01-12-1997 (English)
S.No. 500,Case Number,C.A. No.-004546-004548 / 1992,02-09-1998 (English)
S.No. 501,Case Number,C.A. No.-002676-002678 / 1992,14-07-1998 (English)
S.No. 502,Case Number,SLP(C) No.-009893-009893 / 1992,27-03-1998 (English)
S.No. 503,Case Number,Crl.A. No.-000356-000356 / 1992,31-03-1998 (English)
S.No. 504,Case Number,Crl.A. No.-000316-000316 / 1992,13-01-1998 (English)
S.No. 505,Case Number,C.A. No.-000835-000835 / 1994,19-02-1998 (English)
S.No. 506,Case Number,C.A. No.-000880-000880 / 1994,11-02-1998 (English)
S.No. 507,Case Number,C.A. No.-002245-002245 / 1996,21-08-1998 (English)
S.No. 508,Case Number,C.A. No.-007695-007695 / 1997,13-11-1997 (English)
S.No. 509,Case Number,W.P.(Crl.) No.-000340-000343 / 1993,18-12-1997 (English)
S.No. 510,Case Number,C.A. No.-002817-002818 / 1993,12-01-1998 (English)
S.No. 511,Case Number,C.A. No.-003311-003313 / 1993,03-02-1998 (English)
S.No. 512,Case Number,C.A. No.-007077-007078 / 1993,20-03-1998 (English)
S.No. 513,Case Number,C.A. No.-003315-003316 / 1993,12-02-1998 (English)
