﻿Column-0,Column-1,Column-2,Column-3
S.No. 1,Case Number,Special Leave Petition (crl.) 8596 of 2013,"18-10-2013 (English)
08-10-2013 (English)
30-09-2013 (English)
27-09-2013 (English)
26-09-2013 (English)
24-09-2013 (English)
13-09-2013 (English)
13-09-2013 (English)
12-09-2013 (English)
22-08-2013 (English)
21-08-2013 (English)"
S.No. 2,Case Number,C.A. No.-009024-009024 / 2012,13-03-2013 (English)
S.No. 3,Case Number,Crl.A. No.-000367-000367 / 2013,25-02-2013 (English)
S.No. 4,Case Number,Crl.A. No.-000189-000189 / 2009,05-12-2012 (English)
S.No. 5,Case Number,Crl.A. No.-002356-002356 / 2009,08-05-2013 (English)
S.No. 6,Case Number,C.A. No.-002050-002053 / 2013,01-03-2013 (English)
S.No. 7,Case Number,C.A. No.-008202-008205 / 2012,22-11-2012 (English)
S.No. 8,Case Number,C.A. No.-007603-007603 / 2012,19-10-2012 (English)
S.No. 9,Case Number,C.A. No.-000629-000629 / 2004,11-04-2013 (English)
S.No. 10,Case Number,C.A. No.-005477-005477 / 2013,12-07-2013 (English)
S.No. 11,Case Number,C.A. No.-004112-004113 / 2013,26-04-2013 (English)
S.No. 12,Case Number,SLP(C) No.-003265-003265 / 2012,10-05-2013 (English)
S.No. 13,Case Number,Crl.A. No.-000327-000327 / 2013,20-02-2013 (English)
S.No. 14,Case Number,C.A. No.-004500-004500 / 2002,18-07-2013 (English)
S.No. 15,Case Number,C.A. No.-001393-001394 / 2003,05-03-2013 (English)
S.No. 16,Case Number,C.A. No.-007780-007780 / 2012,02-11-2012 (English)
S.No. 17,Case Number,W.P.(C) No.-000010-000010 / 2013,17-07-2013 (English)
S.No. 18,Case Number,C.A. No.-004213-004214 / 2013,26-04-2013 (English)
S.No. 19,Case Number,Crl.A. No.-000353-000353 / 2008,19-03-2013 (English)
S.No. 20,Case Number,Crl.A. No.-001678-001678 / 2013,08-10-2013 (English)
S.No. 21,Case Number,C.A. No.-001137-001137 / 2013,12-02-2013 (English)
S.No. 22,Case Number,Crl.A. No.-001226-001226 / 2011,11-04-2013 (English)
S.No. 23,Case Number,C.A. No.-000966-000966 / 2013,16-07-2013 (English)
S.No. 24,Case Number,C.A. No.-009016-009016 / 2013,07-10-2013 (English)
S.No. 25,Case Number,Crl.A. No.-001231-001231 / 2013,22-08-2013 (English)
S.No. 26,Case Number,Crl.A. No.-001268-001268 / 2007,26-04-2013 (English)
S.No. 27,Case Number,Crl.A. No.-001962-001962 / 2010,09-04-2013 (English)
S.No. 28,Case Number,C.A. No.-004949-004949 / 2013,02-07-2013 (English)
S.No. 29,Case Number,Crl.A. No.-001533-001534 / 2005,14-12-2012 (English)
S.No. 30,Case Number,C.A. No.-000281-000282 / 2012,04-01-2013 (English)
S.No. 31,Case Number,C.A. No.-008333-008333 / 2013,16-09-2013 (English)
S.No. 32,Case Number,C.A. No.-002957-002957 / 2013,15-07-2013 (English)
S.No. 33,Case Number,C.A. No.-002554-002554 / 2013,15-03-2013 (English)
S.No. 34,Case Number,Crl.A. No.-000427-000427 / 2007,01-05-2013 (English)
S.No. 35,Case Number,Crl.A. No.-001037-001037 / 2008,07-01-2013 (English)
S.No. 36,Case Number,Crl.A. No.-001156-001156 / 2007,18-01-2013 (English)
S.No. 37,Case Number,C.A. No.-004814-004814 / 2013,01-07-2013 (English)
S.No. 38,Case Number,Crl.A. No.-001010-001010 / 2008,03-07-2013 (English)
S.No. 39,Case Number,C.A. No.-007760-007760 / 2012,02-11-2012 (English)
S.No. 40,Case Number,C.A. No.-002159-002159 / 2007,09-07-2013 (English)
S.No. 41,Case Number,C.A. No.-000129-000129 / 2013,08-01-2013 (English)
S.No. 42,Case Number,Crl.A. No.-001278-001279 / 2013,27-08-2013 (English)
S.No. 43,Case Number,C.A. No.-001273-001273 / 2004,11-02-2013 (English)
S.No. 44,Case Number,SLP(C) No.-011800-011800 / 2013,15-03-2013 (English)
S.No. 45,Case Number,C.A. No.-000291-000291 / 2012,19-02-2013 (English)
S.No. 46,Case Number,C.A. No.-006141-006141 / 2013,07-08-2013 (English)
S.No. 47,Case Number,C.A. No.-002159-002160 / 2012,04-04-2013 (English)
S.No. 48,Case Number,Crl.A. No.-001275-001275 / 2009,13-12-2012 (English)
S.No. 49,Case Number,C.A. No.-008653-008653 / 2012,"08-05-2013 (English)
03-12-2012 (English)"
S.No. 50,Case Number,C.A. No.-009324-009324 / 2012,02-07-2013 (English)
S.No. 51,Case Number,Crl.A. No.-000814-000814 / 2013,01-07-2013 (English)
S.No. 52,Case Number,C.A. No.-006257-006257 / 2013,05-08-2013 (English)
S.No. 53,Case Number,C.A. No.-008845-008850 / 2003,06-11-2012 (English)
S.No. 54,Case Number,SLP(Crl.)...CRLMP No.-002088-002088 / 2013,19-02-2013 (English)
S.No. 55,Case Number,C.A. No.-004835-004835 / 2013,01-07-2013 (English)
S.No. 56,Case Number,Crl.A. No.-000647-000647 / 2012,23-11-2012 (English)
S.No. 57,Case Number,C.A. No.-003937-003937 / 2013,18-04-2013 (English)
S.No. 58,Case Number,Crl.A. No.-002303-002303 / 2009,21-05-2013 (English)
S.No. 59,Case Number,C.A. No.-002600-002601 / 2013,19-03-2013 (English)
S.No. 60,Case Number,C.A. No.-007600-007600 / 2012,19-10-2012 (English)
S.No. 61,Case Number,Crl.A. No.-002302-002302 / 2010,23-07-2013 (English)
S.No. 62,Case Number,Crl.A. No.-001044-001044 / 2010,01-07-2013 (English)
S.No. 63,Case Number,Crl.A. No.-000228-000228 / 2008,23-07-2013 (English)
S.No. 64,Case Number,C.A. No.-004823-004823 / 2013,01-07-2013 (English)
S.No. 65,Case Number,C.A. No.-001145-001145 / 2004,25-04-2013 (English)
S.No. 66,Case Number,C.A. No.-007696-007696 / 2012,30-10-2012 (English)
S.No. 67,Case Number,Crl.A. No.-000067-000067 / 2013,11-01-2013 (English)
S.No. 68,Case Number,R.P.(C) No.-000362-000363 / 2013,14-03-2013 (English)
S.No. 69,Case Number,C.A. No.-001712-001713 / 2002,03-07-2013 (English)
S.No. 70,Case Number,Crl.A. No.-001623-001623 / 2009,11-09-2013 (English)
S.No. 71,Case Number,C.A. No.-007907-007907 / 2013,06-09-2013 (English)
S.No. 72,Case Number,Crl.A. No.-001204-001204 / 2009,13-12-2012 (English)
S.No. 73,Case Number,C.A. No.-008308-008308 / 2013,18-09-2013 (English)
S.No. 74,Case Number,C.A. No.-000764-000764 / 2013,22-01-2013 (English)
S.No. 75,Case Number,Crl.A. No.-000878-000879 / 2011,11-04-2013 (English)
S.No. 76,Case Number,Crl.A. No.-000014-000014 / 2007,03-07-2013 (English)
S.No. 77,Case Number,C.A. No.-005274-005274 / 2008,26-04-2013 (English)
S.No. 78,Case Number,Crl.A. No.-001614-001614 / 2010,12-08-2013 (English)
S.No. 79,Case Number,Crl.A. No.-000401-000401 / 2012,18-07-2013 (English)
S.No. 80,Case Number,Crl.A. No.-000985-000985 / 2004,08-02-2013 (English)
S.No. 81,Case Number,Crl.A. No.-001738-001738 / 2007,02-07-2013 (English)
S.No. 82,Case Number,Crl.A. No.-000683-000683 / 2005,16-04-2013 (English)
S.No. 83,Case Number,Crl.A. No.-000376-000376 / 2010,10-04-2013 (English)
S.No. 84,Case Number,C.A. No.-007384-007384 / 2013,06-09-2013 (English)
S.No. 85,Case Number,Crl.A. No.-000747-000747 / 2013,09-05-2013 (English)
S.No. 86,Case Number,SLP(C) No.-007735-007735 / 2010,02-11-2012 (English)
S.No. 87,Case Number,C.A. No.-004340-004340 / 2013,06-05-2013 (English)
S.No. 88,Case Number,C.A. No.-004560-004560 / 2008,09-04-2013 (English)
S.No. 89,Case Number,C.A. No.-007178-007180 / 2013,27-08-2013 (English)
S.No. 90,Case Number,C.A. No.-008244-008244 / 2013,16-09-2013 (English)
S.No. 91,Case Number,Crl.A. No.-000011-000011 / 2013,03-01-2013 (English)
S.No. 92,Case Number,C.A. No.-000713-000713 / 2013,22-01-2013 (English)
S.No. 93,Case Number,C.A. No.-004525-004525 / 2013,08-05-2013 (English)
S.No. 94,Case Number,C.A. No.-003215-003215 / 2011,09-09-2013 (English)
S.No. 95,Case Number,C.A. No.-007939-007940 / 2012,09-11-2012 (English)
S.No. 96,Case Number,C.A. No.-006767-006767 / 2013,12-08-2013 (English)
S.No. 97,Case Number,Crl.A. No.-000248-000248 / 2007,29-05-2013 (English)
S.No. 98,Case Number,C.A. No.-004834-004834 / 2013,01-07-2013 (English)
S.No. 99,Case Number,C.A. No.-007156-007156 / 2013,22-08-2013 (English)
S.No. 100,Case Number,C.A. No.-001310-001310 / 2013,13-02-2013 (English)
S.No. 101,Case Number,C.A. No.-005922-005922 / 2012,02-07-2013 (English)
S.No. 102,Case Number,W.P.(C) No.-000073-000073 / 2013,13-08-2013 (English)
S.No. 103,Case Number,C.A. No.-004168-004168 / 2013,01-05-2013 (English)
S.No. 104,Case Number,C.A. No.-006831-006831 / 2013,19-08-2013 (English)
S.No. 105,Case Number,Crl.A. No.-000624-000624 / 2013,25-04-2013 (English)
S.No. 106,Case Number,Crl.A. No.-001795-001795 / 2012,06-11-2012 (English)
S.No. 107,Case Number,C.A. No.-002326-002326 / 2013,11-03-2013 (English)
S.No. 108,Case Number,C.A. No.-005103-005103 / 2006,30-09-2013 (English)
S.No. 109,Case Number,C.A. No.-002102-002102 / 2004,10-05-2013 (English)
S.No. 110,Case Number,C.A. No.-002528-002528 / 2008,03-04-2013 (English)
S.No. 111,Case Number,C.A. No.-007843-007843 / 2012,03-12-2012 (English)
S.No. 112,Case Number,Crl.A. No.-001301-001301 / 2013,29-08-2013 (English)
S.No. 113,Case Number,Crl.A. No.-001870-001909 / 2012,27-11-2012 (English)
S.No. 114,Case Number,Crl.A. No.-000459-000459 / 2013,18-03-2013 (English)
S.No. 115,Case Number,Crl.A. No.-001354-001354 / 2012,11-04-2013 (English)
S.No. 116,Case Number,C.A. No.-000361-000362 / 2005,04-04-2013 (English)
S.No. 117,Case Number,Crl.A. No.-000229-000229 / 2007,11-03-2013 (English)
S.No. 118,Case Number,Crl.A. No.-000830-000830 / 2013,04-07-2013 (English)
S.No. 119,Case Number,Crl.A. No.-001258-001258 / 2013,23-08-2013 (English)
S.No. 120,Case Number,C.A. No.-006128-006128 / 2009,03-10-2013 (English)
S.No. 121,Case Number,Crl.A. No.-000269-000269 / 2007,03-07-2013 (English)
S.No. 122,Case Number,C.A. No.-004596-004596 / 2013,10-05-2013 (English)
S.No. 123,Case Number,C.A. No.-008469-008469 / 2013,23-09-2013 (English)
S.No. 124,Case Number,Crl.A. No.-000475-000475 / 2013,19-03-2013 (English)
S.No. 125,Case Number,C.A. No.-009015-009015 / 2013,07-10-2013 (English)
S.No. 126,Case Number,C.A. No.-002681-002681 / 2007,09-04-2013 (English)
S.No. 127,Case Number,C.A. No.-001361-001361 / 2006,03-09-2013 (English)
S.No. 128,Case Number,Crl.A. No.-000677-000677 / 2013,01-05-2013 (English)
S.No. 129,Case Number,Crl.A. No.-001946-001946 / 2009,21-05-2013 (English)
S.No. 130,Case Number,C.A. No.-008994-008994 / 2012,13-12-2012 (English)
S.No. 131,Case Number,Crl.A. No.-000534-000534 / 2009,06-12-2012 (English)
S.No. 132,Case Number,C.A. No.-004824-004824 / 2013,01-07-2013 (English)
S.No. 133,Case Number,Crl.A. No.-000562-000563 / 2010,01-07-2013 (English)
S.No. 134,Case Number,C.A. No.-002178-002179 / 2004,12-03-2013 (English)
S.No. 135,Case Number,C.A. No.-000619-000619 / 2013,18-01-2013 (English)
S.No. 136,Case Number,C.A. No.-009095-009095 / 2013,08-10-2013 (English)
S.No. 137,Case Number,C.A. No.-000630-000630 / 2013,23-01-2013 (English)
S.No. 138,Case Number,SLP(C) No.-003910-003910 / 2008,07-03-2013 (English)
S.No. 139,Case Number,Crl.A. No.-001941-001941 / 2013,10-09-2013 (English)
S.No. 140,Case Number,SLP(C) No.-007936-007936 / 2010,10-09-2013 (English)
S.No. 141,Case Number,C.A. No.-002557-002557 / 2013,02-04-2013 (English)
S.No. 142,Case Number,Crl.A. No.-001425-001426 / 2007,01-07-2013 (English)
S.No. 143,Case Number,Crl.A. No.-001735-001739 / 2012,02-11-2012 (English)
S.No. 144,Case Number,Crl.A. No.-001575-001575 / 2009,24-07-2013 (English)
S.No. 145,Case Number,Crl.A. No.-001693-001693 / 2012,19-10-2012 (English)
S.No. 146,Case Number,C.A. No.-005086-005086 / 2013,03-07-2013 (English)
S.No. 147,Case Number,C.A. No.-006748-006749 / 2013,13-08-2013 (English)
S.No. 148,Case Number,C.A. No.-001794-001794 / 2013,22-02-2013 (English)
S.No. 149,Case Number,C.A. No.-002675-002676 / 2013,07-03-2013 (English)
S.No. 150,Case Number,Crl.A. No.-001566-001567 / 2013,30-09-2013 (English)
S.No. 151,Case Number,C.A. No.-009031-009031 / 2013,07-10-2013 (English)
S.No. 152,Case Number,SLP(Crl) No.-001359-001359 / 2013,02-04-2013 (English)
S.No. 153,Case Number,Crl.A. No.-000261-000264 / 2002,10-09-2013 (English)
S.No. 154,Case Number,C.A. No.-000958-000958 / 2013,06-02-2013 (English)
S.No. 155,Case Number,W.P.(C) No.-000069-000069 / 2012,09-05-2013 (English)
S.No. 156,Case Number,C.A. No.-007710-007710 / 2012,31-10-2012 (English)
S.No. 157,Case Number,C.A. No.-001919-001919 / 2008,06-05-2013 (English)
S.No. 158,Case Number,Crl.A. No.-002048-002048 / 2012,14-12-2012 (English)
S.No. 159,Case Number,Crl.A. No.-000094-000095 / 2011,15-02-2013 (English)
S.No. 160,Case Number,W.P.(C) No.-000057-000057 / 2012,01-07-2013 (English)
S.No. 161,Case Number,Crl.A. No.-001866-001866 / 2012,26-11-2012 (English)
S.No. 162,Case Number,C.A. No.-008264-008264 / 2013,17-09-2013 (English)
S.No. 163,Case Number,C.A. No.-006284-006284 / 2013,06-08-2013 (English)
S.No. 164,Case Number,Crl.A. No.-000634-000634 / 2012,12-12-2012 (English)
S.No. 165,Case Number,Crl.A. No.-000824-000824 / 2007,01-07-2013 (English)
S.No. 166,Case Number,C.A. No.-007820-007820 / 2013,06-09-2013 (English)
S.No. 167,Case Number,C.A. No.-002206-002206 / 2013,06-03-2013 (English)
S.No. 168,Case Number,C.A. No.-004818-004818 / 2013,01-07-2013 (English)
S.No. 169,Case Number,C.A. No.-000377-000378 / 2013,08-01-2013 (English)
S.No. 170,Case Number,Crl.A. No.-000642-000642 / 2013,26-04-2013 (English)
S.No. 171,Case Number,C.A. No.-007160-007160 / 2013,27-08-2013 (English)
S.No. 172,Case Number,Crl.A. No.-000677-000677 / 2006,16-04-2013 (English)
S.No. 173,Case Number,C.A. No.-001099-001099 / 2013,11-02-2013 (English)
S.No. 174,Case Number,C.A. No.-009094-009094 / 2013,08-10-2013 (English)
S.No. 175,Case Number,C.A. No.-002155-002155 / 1999,31-07-2013 (English)
S.No. 176,Case Number,Crl.A. No.-000792-000793 / 2013,10-05-2013 (English)
S.No. 177,Case Number,Crl.A. No.-000603-000604 / 2013,18-04-2013 (English)
S.No. 178,Case Number,C.A. No.-008927-008928 / 2012,11-12-2012 (English)
S.No. 179,Case Number,C.A. No.-002521-002521 / 2013,13-03-2013 (English)
S.No. 180,Case Number,C.A. No.-003507-003507 / 2014,18-09-2013 (English)
S.No. 181,Case Number,C.A. No.-002735-002736 / 2005,22-03-2013 (English)
S.No. 182,Case Number,Crl.A. No.-000517-000517 / 2008,07-01-2013 (English)
S.No. 183,Case Number,C.A. No.-002688-002688 / 2006,14-01-2013 (English)
S.No. 184,Case Number,C.A. No.-004691-004691 / 2013,16-05-2013 (English)
S.No. 185,Case Number,C.A. No.-006795-006795 / 2013,16-08-2013 (English)
S.No. 186,Case Number,Crl.A. No.-001777-001777 / 2012,05-11-2012 (English)
S.No. 187,Case Number,C.A. No.-002208-002209 / 2013,06-03-2013 (English)
S.No. 188,Case Number,C.A. No.-002515-002516 / 2013,13-03-2013 (English)
S.No. 189,Case Number,C.A. No.-005228-005228 / 2013,08-07-2013 (English)
S.No. 190,Case Number,C.A. No.-000162-000162 / 2013,09-01-2013 (English)
S.No. 191,Case Number,Crl.A. No.-000862-000862 / 2008,04-12-2012 (English)
S.No. 192,Case Number,Crl.A. No.-000227-000227 / 2013,01-02-2013 (English)
S.No. 193,Case Number,Crl.A. No.-000176-000176 / 2013,23-01-2013 (English)
S.No. 194,Case Number,C.A. No.-002668-002668 / 2005,18-03-2013 (English)
S.No. 195,Case Number,C.A. No.-007597-007597 / 2012,19-10-2012 (English)
S.No. 196,Case Number,C.A. No.-007946-007946 / 2012,08-11-2012 (English)
S.No. 197,Case Number,C.A. No.-000647-000647 / 2005,12-03-2013 (English)
S.No. 198,Case Number,Crl.A. No.-000078-000078 / 2013,10-01-2013 (English)
S.No. 199,Case Number,Crl.A. No.-000175-000175 / 2013,23-01-2013 (English)
S.No. 200,Case Number,C.A. No.-007364-007364 / 2013,02-09-2013 (English)
S.No. 201,Case Number,Crl.A. No.-000570-000570 / 2007,13-02-2013 (English)
S.No. 202,Case Number,C.A. No.-006802-006802 / 2013,16-08-2013 (English)
S.No. 203,Case Number,C.A. No.-007212-007213 / 2013,29-08-2013 (English)
S.No. 204,Case Number,C.A. No.-004345-004429 / 2013,06-05-2013 (English)
S.No. 205,Case Number,C.A. No.-002853-002853 / 2002,04-07-2013 (English)
S.No. 206,Case Number,Crl.A. No.-001132-001132 / 2009,26-04-2013 (English)
S.No. 207,Case Number,Crl.A. No.-000629-000629 / 2010,13-12-2012 (English)
S.No. 208,Case Number,Crl.A. No.-000811-000811 / 2004,09-09-2013 (English)
S.No. 209,Case Number,C.A. No.-003026-003026 / 2004,18-10-2013 (English)
S.No. 210,Case Number,Crl.A. No.-001643-001643 / 2013,08-10-2013 (English)
S.No. 211,Case Number,SLP(C) No.-009967-009967 / 2013,03-05-2013 (English)
S.No. 212,Case Number,SLP(C) No.-008684-008684 / 2010,03-04-2013 (English)
S.No. 213,Case Number,W.P.(C) No.-000161-000161 / 2004,27-09-2013 (English)
S.No. 214,Case Number,Crl.A. No.-001961-001961 / 2012,26-11-2012 (English)
S.No. 215,Case Number,C.A. No.-009096-009096 / 2013,08-10-2013 (English)
S.No. 216,Case Number,C.A. No.-008398-008398 / 2013,20-09-2013 (English)
S.No. 217,Case Number,C.A. No.-002058-002058 / 2003,29-01-2013 (English)
S.No. 218,Case Number,C.A. No.-004652-004652 / 2013,10-05-2013 (English)
S.No. 219,Case Number,C.A. No.-008557-008557 / 2003,08-11-2012 (English)
S.No. 220,Case Number,Crl.A. No.-000852-000852 / 2013,05-07-2013 (English)
S.No. 221,Case Number,SLP(C) No.-011801-011801 / 2013,25-04-2013 (English)
S.No. 222,Case Number,W.P.(C) No.-000337-000337 / 1995,15-04-2013 (English)
S.No. 223,Case Number,C.A. No.-007263-007263 / 2012,15-04-2013 (English)
S.No. 224,Case Number,C.A. No.-008819-008819 / 2012,07-12-2012 (English)
S.No. 225,Case Number,R.P.(C) No.-000272-000272 / 2007,13-12-2012 (English)
S.No. 226,Case Number,Crl.A. No.-001141-001141 / 2013,02-08-2013 (English)
S.No. 227,Case Number,C.A. No.-002826-002826 / 2006,14-01-2013 (English)
S.No. 228,Case Number,C.A. No.-007749-007749 / 2012,01-11-2012 (English)
S.No. 229,Case Number,Crl.A. No.-000177-000177 / 2013,23-01-2013 (English)
S.No. 230,Case Number,C.A. No.-007292-007292 / 2013,27-08-2013 (English)
S.No. 231,Case Number,C.A. No.-003917-003917 / 2013,18-04-2013 (English)
S.No. 232,Case Number,Crl.A. No.-000937-000937 / 2006,03-07-2013 (English)
S.No. 233,Case Number,C.A. No.-004177-004177 / 2013,01-05-2013 (English)
S.No. 234,Case Number,C.A. No.-006124-006125 / 2013,23-07-2013 (English)
S.No. 235,Case Number,C.A. No.-002970-002975 / 2013,09-04-2013 (English)
S.No. 236,Case Number,C.A. No.-004170-004174 / 2013,29-04-2013 (English)
S.No. 237,Case Number,Crl.A. No.-001262-001264 / 2010,22-11-2012 (English)
S.No. 238,Case Number,W.P.(C) No.-000121-000121 / 2008,13-09-2013 (English)
S.No. 239,Case Number,C.A. No.-001961-001961 / 2010,30-10-2012 (English)
S.No. 240,Case Number,Crl.A. No.-001688-001688 / 2008,03-12-2012 (English)
S.No. 241,Case Number,C.A. No.-009095-009095 / 2012,13-12-2012 (English)
S.No. 242,Case Number,C.A. No.-008196-008196 / 2012,21-11-2012 (English)
S.No. 243,Case Number,C.A. No.-008486-008486 / 2013,13-09-2013 (English)
S.No. 244,Case Number,Crl.A. No.-000234-000234 / 2010,22-05-2013 (English)
S.No. 245,Case Number,C.A. No.-005476-005476 / 2013,11-07-2013 (English)
S.No. 246,Case Number,Crl.A. No.-001676-001677 / 2013,08-10-2013 (English)
S.No. 247,Case Number,Crl.A. No.-001118-001118 / 2004,04-07-2013 (English)
S.No. 248,Case Number,C.A. No.-007552-007552 / 2002,17-04-2013 (English)
S.No. 249,Case Number,C.A. No.-005346-005346 / 2013,01-08-2013 (English)
S.No. 250,Case Number,Crl.A. No.-000510-000510 / 2007,03-07-2013 (English)
S.No. 251,Case Number,C.A. No.-006142-006142 / 2013,29-07-2013 (English)
S.No. 252,Case Number,C.A. No.-005085-005085 / 2013,03-07-2013 (English)
S.No. 253,Case Number,C.A. No.-010195-010195 / 2013,16-09-2013 (English)
S.No. 254,Case Number,C.A. No.-006976-006980 / 2013,22-08-2013 (English)
S.No. 255,Case Number,C.A. No.-000153-000153 / 2013,09-01-2013 (English)
S.No. 256,Case Number,C.A. No.-006273-006273 / 2013,06-08-2013 (English)
S.No. 257,Case Number,Crl.A. No.-001327-001327 / 2010,21-05-2013 (English)
S.No. 258,Case Number,SLP(Crl) No.-004548-004548 / 2012,21-08-2013 (English)
S.No. 259,Case Number,Crl.A. No.-000488-000488 / 2013,22-03-2013 (English)
S.No. 260,Case Number,SLP(Crl.)...CRLMP No.-006815-006815 / 2004,02-04-2013 (English)
S.No. 261,Case Number,Crl.A. No.-000512-000512 / 2007,11-03-2013 (English)
S.No. 262,Case Number,C.A. No.-006766-006766 / 2003,23-07-2013 (English)
S.No. 263,Case Number,C.A. No.-004822-004822 / 2013,01-07-2013 (English)
S.No. 264,Case Number,Crl.A. No.-001935-001935 / 2011,29-01-2013 (English)
S.No. 265,Case Number,SLP(C) No.-010949-010949 / 2012,03-10-2013 (English)
S.No. 266,Case Number,Crl.A. No.-000433-000433 / 2013,11-03-2013 (English)
S.No. 267,Case Number,C.A. No.-004816-004817 / 2013,01-07-2013 (English)
S.No. 268,Case Number,C.A. No.-007306-007306 / 2013,29-08-2013 (English)
S.No. 269,Case Number,C.A. No.-002263-002263 / 2013,08-03-2013 (English)
S.No. 270,Case Number,C.A. No.-006040-006040 / 2013,22-07-2013 (English)
S.No. 271,Case Number,Crl.A. No.-000613-000613 / 2007,18-03-2013 (English)
S.No. 272,Case Number,Crl.A. No.-001707-001707 / 2009,13-12-2012 (English)
S.No. 273,Case Number,W.P.(C) No.-000200-000200 / 2006,27-11-2012 (English)
S.No. 274,Case Number,C.A. No.-006414-006414 / 2012,03-12-2012 (English)
S.No. 275,Case Number,C.A. No.-004629-004629 / 2005,15-07-2013 (English)
S.No. 276,Case Number,Crl.A. No.-002036-002036 / 2009,07-05-2013 (English)
S.No. 277,Case Number,Crl.A. No.-000303-000303 / 2013,12-02-2013 (English)
S.No. 278,Case Number,Crl.A. No.-000791-000791 / 2009,20-09-2013 (English)
S.No. 279,Case Number,C.A. No.-007328-007329 / 2013,23-08-2013 (English)
S.No. 280,Case Number,C.A. No.-001642-001642 / 2013,22-02-2013 (English)
S.No. 281,Case Number,C.A. No.-000617-000618 / 2013,22-01-2013 (English)
S.No. 282,Case Number,Crl.A. No.-001467-001467 / 2013,19-09-2013 (English)
S.No. 283,Case Number,C.A. No.-003040-003041 / 2004,10-07-2013 (English)
S.No. 284,Case Number,Crl.A. No.-000970-000970 / 2011,09-01-2013 (English)
S.No. 285,Case Number,C.A. No.-008848-008849 / 2012,17-01-2013 (English)
S.No. 286,Case Number,C.A. No.-004284-004284 / 2009,19-10-2012 (English)
S.No. 287,Case Number,C.A. No.-000200-000200 / 2011,23-07-2013 (English)
S.No. 288,Case Number,C.A. No.-004540-004540 / 2013,09-05-2013 (English)
S.No. 289,Case Number,Crl.A. No.-001692-001718 / 2013,17-10-2013 (English)
S.No. 290,Case Number,Crl.A. No.-001805-001805 / 2012,09-11-2012 (English)
S.No. 291,Case Number,C.A. No.-001629-001629 / 2011,16-04-2013 (English)
S.No. 292,Case Number,Crl.A. No.-001640-001640 / 2010,23-01-2013 (English)
S.No. 293,Case Number,C.A. No.-004064-004064 / 2004,05-07-2013 (English)
S.No. 294,Case Number,C.A. No.-000125-000125 / 2013,08-10-2013 (English)
S.No. 295,Case Number,Crl.A. No.-000659-000659 / 2006,27-09-2013 (English)
S.No. 296,Case Number,C.A. No.-007799-007799 / 2013,02-09-2013 (English)
S.No. 297,Case Number,C.A. No.-004665-004665 / 2013,29-05-2013 (English)
S.No. 298,Case Number,C.A. No.-000204-000205 / 2004,12-02-2013 (English)
S.No. 299,Case Number,W.P.(C) No.-000342-000342 / 1999,03-07-2013 (English)
S.No. 300,Case Number,C.A. No.-000077-000077 / 2013,04-01-2013 (English)
S.No. 301,Case Number,C.A. No.-008803-008805 / 2012,07-12-2012 (English)
S.No. 302,Case Number,Crl.A. No.-001026-001026 / 2013,23-07-2013 (English)
S.No. 303,Case Number,Crl.A. No.-008576-008576 / 2011,28-05-2013 (English)
S.No. 304,Case Number,C.A. No.-005520-005520 / 2013,01-07-2013 (English)
S.No. 305,Case Number,C.A. No.-001675-001675 / 2004,29-07-2013 (English)
S.No. 306,Case Number,Crl.A. No.-000896-000896 / 2011,29-05-2013 (English)
S.No. 307,Case Number,C.A. No.-002705-002705 / 2006,16-07-2013 (English)
S.No. 308,Case Number,Crl.A. No.-000732-000732 / 2008,30-10-2012 (English)
S.No. 309,Case Number,Crl.A. No.-001853-001853 / 2009,04-07-2013 (English)
S.No. 310,Case Number,C.A. No.-006794-006794 / 2013,16-08-2013 (English)
S.No. 311,Case Number,C.A. No.-000210-000210 / 2013,09-01-2013 (English)
S.No. 312,Case Number,C.A. No.-001466-001500 / 2013,20-02-2013 (English)
S.No. 313,Case Number,Crl.A. No.-000334-000334 / 2013,22-02-2013 (English)
S.No. 314,Case Number,Crl.A. No.-000148-000148 / 2007,13-12-2012 (English)
S.No. 315,Case Number,C.A. No.-009093-009093 / 2013,08-10-2013 (English)
S.No. 316,Case Number,Crl.A. No.-000693-000693 / 2007,08-10-2013 (English)
S.No. 317,Case Number,C.A. No.-009087-009087 / 2012,14-12-2012 (English)
S.No. 318,Case Number,Crl.A. No.-000061-000061 / 2013,09-01-2013 (English)
S.No. 319,Case Number,C.A. No.-002733-002733 / 2013,01-04-2013 (English)
S.No. 320,Case Number,Crl.A. No.-001040-001040 / 2008,05-12-2012 (English)
S.No. 321,Case Number,Crl.A. No.-000709-000709 / 2013,08-05-2013 (English)
S.No. 322,Case Number,Crl.A. No.-000730-000730 / 2013,09-05-2013 (English)
S.No. 323,Case Number,C.A. No.-000419-000426 / 2004,20-02-2013 (English)
S.No. 324,Case Number,Crl.A. No.-000088-000088 / 2007,02-04-2013 (English)
S.No. 325,Case Number,Crl.A. No.-001116-001116 / 2011,10-01-2013 (English)
S.No. 326,Case Number,C.A. No.-000006-000007 / 2013,03-01-2013 (English)
S.No. 327,Case Number,Crl.A. No.-001860-001860 / 2010,15-05-2013 (English)
S.No. 328,Case Number,Crl.A. No.-000592-000592 / 2008,16-01-2013 (English)
S.No. 329,Case Number,C.A. No.-005307-005308 / 2003,27-11-2012 (English)
S.No. 330,Case Number,C.A. No.-006988-006988 / 2003,14-08-2013 (English)
S.No. 331,Case Number,C.A. No.-004166-004166 / 2013,01-05-2013 (English)
S.No. 332,Case Number,C.A. No.-001967-001967 / 2013,27-02-2013 (English)
S.No. 333,Case Number,C.A. No.-009028-009028 / 2012,13-12-2012 (English)
S.No. 334,Case Number,Crl.A. No.-001915-001915 / 2008,11-01-2013 (English)
S.No. 335,Case Number,C.A. No.-004444-004444 / 2013,06-05-2013 (English)
S.No. 336,Case Number,Crl.A. No.-000763-000763 / 2003,10-07-2013 (English)
S.No. 337,Case Number,C.A. No.-002772-002772 / 2013,02-04-2013 (English)
S.No. 338,Case Number,C.A. No.-007045-007045 / 2005,07-05-2013 (English)
S.No. 339,Case Number,C.A. No.-001080-001080 / 2013,20-02-2013 (English)
S.No. 340,Case Number,Crl.A. No.-000817-000817 / 2008,09-01-2013 (English)
S.No. 341,Case Number,W.P.(C) No.-000215-000215 / 2012,07-05-2013 (English)
S.No. 342,Case Number,C.A. No.-004646-004646 / 2009,02-04-2013 (English)
S.No. 343,Case Number,Crl.A. No.-000456-000456 / 2008,09-01-2013 (English)
S.No. 344,Case Number,C.A. No.-005321-005322 / 2013,09-07-2013 (English)
S.No. 345,Case Number,Crl.A. No.-000737-000737 / 2006,24-05-2013 (English)
S.No. 346,Case Number,Crl.A. No.-002109-002109 / 2008,13-02-2013 (English)
S.No. 347,Case Number,C.A. No.-009488-009488 / 2013,18-10-2013 (English)
S.No. 348,Case Number,C.A. No.-008957-008958 / 2013,07-10-2013 (English)
S.No. 349,Case Number,C.A. No.-000240-000240 / 2013,08-01-2013 (English)
S.No. 350,Case Number,Crl.A. No.-001533-001533 / 2009,17-07-2013 (English)
S.No. 351,Case Number,C.A. No.-009049-009049 / 2012,13-12-2012 (English)
S.No. 352,Case Number,C.A. No.-000949-000949 / 2005,02-07-2013 (English)
S.No. 353,Case Number,SLP(C) No.-002908-002908 / 2013,05-04-2013 (English)
S.No. 354,Case Number,C.A. No.-006736-006736 / 2004,03-07-2013 (English)
S.No. 355,Case Number,C.A. No.-004465-004465 / 2005,02-04-2013 (English)
S.No. 356,Case Number,CONMT.PET.(C) No.-000363-000363 / 2011,13-02-2013 (English)
S.No. 357,Case Number,C.A. No.-002634-002634 / 2013,20-03-2013 (English)
S.No. 358,Case Number,C.A. No.-005499-005499 / 2013,16-07-2013 (English)
S.No. 359,Case Number,C.A. No.-001499-001499 / 2004,10-04-2013 (English)
S.No. 360,Case Number,C.A. No.-002760-002760 / 2013,02-04-2013 (English)
S.No. 361,Case Number,C.A. No.-001059-001059 / 2005,07-08-2013 (English)
S.No. 362,Case Number,C.A. No.-003914-003914 / 2013,18-04-2013 (English)
S.No. 363,Case Number,C.A. No.-005985-005985 / 2013,14-08-2013 (English)
S.No. 364,Case Number,C.A. No.-001557-001557 / 2004,17-01-2013 (English)
S.No. 365,Case Number,C.A. No.-006060-006060 / 2003,22-01-2013 (English)
S.No. 366,Case Number,Crl.A. No.-000642-000642 / 2008,28-05-2013 (English)
S.No. 367,Case Number,C.A. No.-007717-007717 / 2013,02-09-2013 (English)
S.No. 368,Case Number,C.A. No.-008245-008245 / 2013,16-09-2013 (English)
S.No. 369,Case Number,C.A. No.-000130-000130 / 2013,08-01-2013 (English)
S.No. 370,Case Number,Crl.A. No.-001339-001339 / 2013,30-08-2013 (English)
S.No. 371,Case Number,Crl.A. No.-001431-001431 / 2007,13-03-2013 (English)
S.No. 372,Case Number,C.A. No.-004950-004950 / 2013,02-07-2013 (English)
S.No. 373,Case Number,C.A. No.-005505-005508 / 2013,16-07-2013 (English)
S.No. 374,Case Number,C.A. No.-007177-007177 / 2013,27-08-2013 (English)
S.No. 375,Case Number,Crl.A. No.-002322-002322 / 2010,20-05-2013 (English)
S.No. 376,Case Number,C.A. No.-007605-007606 / 2004,10-04-2013 (English)
S.No. 377,Case Number,C.A. No.-003917-003917 / 2010,22-01-2013 (English)
S.No. 378,Case Number,C.A. No.-003914-003914 / 2010,22-01-2013 (English)
S.No. 379,Case Number,C.A. No.-006348-006348 / 2013,07-08-2013 (English)
S.No. 380,Case Number,W.P.(C) No.-000174-000174 / 2012,04-02-2013 (English)
S.No. 381,Case Number,C.A. No.-002840-002840 / 2007,09-04-2013 (English)
S.No. 382,Case Number,C.A. No.-007939-007939 / 2013,11-09-2013 (English)
S.No. 383,Case Number,Crl.A. No.-001303-001303 / 2005,20-09-2013 (English)
S.No. 384,Case Number,C.A. No.-005487-005487 / 2013,15-07-2013 (English)
S.No. 385,Case Number,C.A. No.-002250-002251 / 2013,08-03-2013 (English)
S.No. 386,Case Number,C.A. No.-002187-002187 / 2013,19-02-2013 (English)
S.No. 387,Case Number,C.A. No.-004540-004548 / 2000,08-07-2013 (English)
S.No. 388,Case Number,C.A. No.-007800-007802 / 2012,09-11-2012 (English)
S.No. 389,Case Number,Crl.A. No.-000283-000283 / 2013,08-02-2013 (English)
S.No. 390,Case Number,C.A. No.-002759-002759 / 2013,02-04-2013 (English)
S.No. 391,Case Number,C.A. No.-007632-007632 / 2012,19-10-2012 (English)
S.No. 392,Case Number,Crl.A. No.-001779-001779 / 2009,22-03-2013 (English)
S.No. 393,Case Number,Crl.A. No.-001542-001542 / 2013,27-09-2013 (English)
S.No. 394,Case Number,W.P.(C) No.-000354-000354 / 2005,09-09-2013 (English)
S.No. 395,Case Number,C.A. No.-002944-002944 / 2013,08-04-2013 (English)
S.No. 396,Case Number,C.A. No.-003282-003282 / 2008,14-01-2013 (English)
S.No. 397,Case Number,C.A. No.-005509-005510 / 2003,03-09-2013 (English)
S.No. 398,Case Number,C.A. No.-006989-006990 / 2013,22-08-2013 (English)
S.No. 399,Case Number,C.A. No.-003256-003256 / 2013,08-04-2013 (English)
S.No. 400,Case Number,C.A. No.-005096-005096 / 2005,29-11-2012 (English)
S.No. 401,Case Number,Crl.A. No.-000148-000148 / 2003,18-07-2013 (English)
S.No. 402,Case Number,C.A. No.-000197-000199 / 2013,11-01-2013 (English)
S.No. 403,Case Number,C.A. No.-004156-004157 / 2002,09-09-2013 (English)
S.No. 404,Case Number,C.A. No.-000952-000952 / 2013,23-01-2013 (English)
S.No. 405,Case Number,C.A. No.-007599-007599 / 2012,19-10-2012 (English)
S.No. 406,Case Number,Crl.A. No.-001163-001163 / 2009,08-01-2013 (English)
S.No. 407,Case Number,SLP(C) No.-017419-017419 / 2009,25-07-2013 (English)
S.No. 408,Case Number,C.A. No.-002885-002887 / 2005,10-04-2013 (English)
S.No. 409,Case Number,Crl.A. No.-002118-002118 / 2008,13-12-2012 (English)
S.No. 410,Case Number,C.A. No.-006690-006690 / 2004,21-02-2013 (English)
S.No. 411,Case Number,Crl.A. No.-000480-000480 / 2013,18-03-2013 (English)
S.No. 412,Case Number,C.A. No.-000735-000735 / 2013,18-01-2013 (English)
S.No. 413,Case Number,Crl.A. No.-000462-000462 / 2008,19-08-2013 (English)
S.No. 414,Case Number,C.A. No.-008197-008197 / 2012,21-11-2012 (English)
S.No. 415,Case Number,C.A. No.-002511-002511 / 2013,12-03-2013 (English)
S.No. 416,Case Number,C.A. No.-007141-007141 / 2005,01-04-2013 (English)
S.No. 417,Case Number,C.A. No.-001078-001079 / 2013,15-02-2013 (English)
S.No. 418,Case Number,C.A. No.-002555-002555 / 2013,15-03-2013 (English)
S.No. 419,Case Number,Crl.A. No.-001249-001249 / 2013,23-08-2013 (English)
S.No. 420,Case Number,Crl.A. No.-000911-000911 / 2007,01-05-2013 (English)
S.No. 421,Case Number,C.A. No.-007724-007724 / 2012,30-10-2012 (English)
S.No. 422,Case Number,Crl.A. No.-001803-001803 / 2012,09-11-2012 (English)
S.No. 423,Case Number,Crl.A. No.-001735-001735 / 2009,06-12-2012 (English)
S.No. 424,Case Number,Crl.A. No.-001316-001316 / 2012,07-10-2013 (English)
S.No. 425,Case Number,Crl.A. No.-002038-002038 / 2012,13-12-2012 (English)
S.No. 426,Case Number,C.A. No.-004802-004803 / 2013,25-06-2013 (English)
S.No. 427,Case Number,C.A. No.-007704-007705 / 2013,30-08-2013 (English)
S.No. 428,Case Number,Crl.A. No.-001804-001804 / 2012,09-11-2012 (English)
S.No. 429,Case Number,C.A. No.-004167-004167 / 2013,01-05-2013 (English)
S.No. 430,Case Number,Crl.A. No.-000888-000888 / 2013,09-07-2013 (English)
S.No. 431,Case Number,C.A. No.-008800-008801 / 2013,30-09-2013 (English)
S.No. 432,Case Number,C.A. No.-004722-004723 / 2013,29-05-2013 (English)
S.No. 433,Case Number,Crl.A. No.-000218-000218 / 2008,06-09-2013 (English)
S.No. 434,Case Number,C.A. No.-008137-008137 / 2003,01-02-2013 (English)
S.No. 435,Case Number,Crl.A. No.-001278-001279 / 2010,28-01-2013 (English)
S.No. 436,Case Number,C.A. No.-009226-009226 / 2013,08-10-2013 (English)
S.No. 437,Case Number,C.A. No.-006784-006784 / 2013,06-08-2013 (English)
S.No. 438,Case Number,Crl.A. No.-000968-000971 / 2013,12-07-2013 (English)
S.No. 439,Case Number,C.A. No.-009018-009018 / 2013,01-10-2013 (English)
S.No. 440,Case Number,C.A. No.-005281-005281 / 2004,15-07-2013 (English)
S.No. 441,Case Number,C.A. No.-006968-006968 / 2013,21-08-2013 (English)
S.No. 442,Case Number,Crl.A. No.-000171-000171 / 2013,21-01-2013 (English)
S.No. 443,Case Number,Crl.A. No.-001062-001062 / 2008,04-01-2013 (English)
S.No. 444,Case Number,Crl.A. No.-000921-000921 / 2013,12-07-2013 (English)
S.No. 445,Case Number,C.A. No.-000973-000973 / 2007,14-01-2013 (English)
S.No. 446,Case Number,C.A. No.-005162-005163 / 2013,05-07-2013 (English)
S.No. 447,Case Number,C.A. No.-008925-008925 / 2012,11-12-2012 (English)
S.No. 448,Case Number,SLP(C) No.-009711-009711 / 2013,08-04-2013 (English)
S.No. 449,Case Number,C.A. No.-009020-009021 / 2012,13-12-2012 (English)
S.No. 450,Case Number,Crl.A. No.-000089-000090 / 2013,10-01-2013 (English)
S.No. 451,Case Number,C.A. No.-004805-004805 / 2013,27-06-2013 (English)
S.No. 452,Case Number,C.A. No.-001306-001309 / 2013,13-02-2013 (English)
S.No. 453,Case Number,Crl.A. No.-001045-001045 / 2013,26-07-2013 (English)
S.No. 454,Case Number,Crl.A. No.-001001-001001 / 2001,01-07-2013 (English)
S.No. 455,Case Number,Crl.A. No.-000982-000982 / 2007,12-03-2013 (English)
S.No. 456,Case Number,C.A. No.-004715-004716 / 2013,28-05-2013 (English)
S.No. 457,Case Number,Crl.A. No.-002049-002066 / 2012,14-12-2012 (English)
S.No. 458,Case Number,C.A. No.-003346-003346 / 2007,03-04-2013 (English)
S.No. 459,Case Number,C.A. No.-008949-008949 / 2013,03-10-2013 (English)
S.No. 460,Case Number,Crl.A. No.-000174-000174 / 2013,23-01-2013 (English)
S.No. 461,Case Number,Crl.A. No.-000362-000363 / 2010,25-04-2013 (English)
S.No. 462,Case Number,Crl.A. No.-001323-001323 / 2011,28-05-2013 (English)
S.No. 463,Case Number,C.A. No.-009085-009085 / 2012,14-12-2012 (English)
S.No. 464,Case Number,C.A. No.-006162-006162 / 2005,18-03-2013 (English)
S.No. 465,Case Number,C.A. No.-008263-008263 / 2012,23-11-2012 (English)
S.No. 466,Case Number,Crl.A. No.-000387-000387 / 2007,29-05-2013 (English)
S.No. 467,Case Number,Crl.A. No.-000109-000110 / 2011,22-07-2013 (English)
S.No. 468,Case Number,C.A. No.-008258-008258 / 2013,13-09-2013 (English)
S.No. 469,Case Number,Crl.A. No.-001274-001274 / 2013,26-08-2013 (English)
S.No. 470,Case Number,Crl.A. No.-000316-000316 / 2008,11-12-2012 (English)
S.No. 471,Case Number,C.A. No.-007032-007032 / 2013,23-08-2013 (English)
S.No. 472,Case Number,C.A. No.-004843-004940 / 2013,02-07-2013 (English)
S.No. 473,Case Number,C.A. No.-002677-002677 / 2013,22-03-2013 (English)
S.No. 474,Case Number,Crl.A. No.-001833-001833 / 2012,21-11-2012 (English)
S.No. 475,Case Number,C.A. No.-006966-006966 / 2013,21-08-2013 (English)
S.No. 476,Case Number,C.A. No.-004821-004821 / 2013,01-07-2013 (English)
S.No. 477,Case Number,C.A. No.-007902-007902 / 2013,09-09-2013 (English)
S.No. 478,Case Number,C.A. No.-008355-008355 / 2013,19-09-2013 (English)
S.No. 479,Case Number,Crl.A. No.-001859-001860 / 2012,26-11-2012 (English)
S.No. 480,Case Number,Crl.A. No.-002026-002026 / 2009,04-12-2012 (English)
S.No. 481,Case Number,C.A. No.-000612-000612 / 2002,04-12-2012 (English)
S.No. 482,Case Number,C.A. No.-006572-006572 / 2004,12-03-2013 (English)
S.No. 483,Case Number,Crl.A. No.-001709-001709 / 2009,06-12-2012 (English)
S.No. 484,Case Number,SLP(C) No.-018394-018395 / 2012,02-05-2013 (English)
S.No. 485,Case Number,C.A. No.-003908-003909 / 2013,18-04-2013 (English)
S.No. 486,Case Number,Crl.A. No.-001548-001548 / 2007,02-04-2013 (English)
S.No. 487,Case Number,C.A. No.-002152-002152 / 2008,07-08-2013 (English)
S.No. 488,Case Number,C.A. No.-005517-005517 / 2005,11-03-2013 (English)
S.No. 489,Case Number,Crl.A. No.-000644-000644 / 2008,29-01-2013 (English)
S.No. 490,Case Number,Crl.A. No.-001706-001706 / 2008,19-02-2013 (English)
S.No. 491,Case Number,W.P.(C) No.-000232-000232 / 2012,10-04-2013 (English)
S.No. 492,Case Number,C.A. No.-000128-000128 / 2013,08-01-2013 (English)
S.No. 493,Case Number,Crl.A. No.-000915-000916 / 2008,12-12-2012 (English)
S.No. 494,Case Number,C.A. No.-009032-009032 / 2013,07-10-2013 (English)
S.No. 495,Case Number,Crl.A. No.-000595-000595 / 2013,15-04-2013 (English)
S.No. 496,Case Number,C.A. No.-006775-006775 / 2013,08-08-2013 (English)
S.No. 497,Case Number,W.P.(C) No.-000349-000349 / 2006,04-03-2013 (English)
S.No. 498,Case Number,C.A. No.-001155-001155 / 2006,29-07-2013 (English)
S.No. 499,Case Number,C.A. No.-001071-001071 / 2006,03-05-2013 (English)
S.No. 500,Case Number,C.A. No.-000561-000561 / 2013,21-01-2013 (English)
S.No. 501,Case Number,W.P.(C) No.-000490-000490 / 2005,10-07-2013 (English)
S.No. 502,Case Number,C.A. No.-002133-002134 / 2004,06-11-2012 (English)
S.No. 503,Case Number,C.A. No.-008289-008289 / 2013,17-09-2013 (English)
S.No. 504,Case Number,Crl.A. No.-001305-001305 / 2013,06-09-2013 (English)
S.No. 505,Case Number,C.A. No.-004189-004196 / 2010,11-12-2012 (English)
S.No. 506,Case Number,C.A. No.-001518-001518 / 2013,21-02-2013 (English)
S.No. 507,Case Number,C.A. No.-004944-004944 / 2013,02-07-2013 (English)
S.No. 508,Case Number,CONMT.PET.(C) No.-000195-000196 / 2012,13-12-2012 (English)
S.No. 509,Case Number,C.A. No.-005527-005543 / 2013,17-07-2013 (English)
S.No. 510,Case Number,C.A. No.-007252-007253 / 2003,12-02-2013 (English)
S.No. 511,Case Number,C.A. No.-000077-000084 / 2004,27-08-2013 (English)
S.No. 512,Case Number,C.A. No.-003357-003357 / 2008,03-04-2013 (English)
S.No. 513,Case Number,C.A. No.-007254-007254 / 2003,12-02-2013 (English)
S.No. 514,Case Number,Crl.A. No.-002083-002084 / 2008,18-04-2013 (English)
S.No. 515,Case Number,C.A. No.-000943-000943 / 2013,30-01-2013 (English)
S.No. 516,Case Number,C.A. No.-000331-000331 / 2007,26-09-2013 (English)
S.No. 517,Case Number,C.A. No.-009030-009030 / 2013,07-10-2013 (English)
S.No. 518,Case Number,C.A. No.-005311-005311 / 2012,01-07-2013 (English)
S.No. 519,Case Number,Crl.A. No.-001474-001474 / 2010,28-05-2013 (English)
S.No. 520,Case Number,Crl.A. No.-000221-000221 / 2007,15-02-2013 (English)
S.No. 521,Case Number,C.A. No.-004103-004103 / 2013,22-04-2013 (English)
S.No. 522,Case Number,C.A. No.-009052-009052 / 2012,13-12-2012 (English)
S.No. 523,Case Number,C.A. No.-000154-000154 / 2013,09-01-2013 (English)
S.No. 524,Case Number,C.A. No.-007137-007137 / 2013,26-08-2013 (English)
S.No. 525,Case Number,C.A. No.-001340-001341 / 2013,13-02-2013 (English)
S.No. 526,Case Number,Crl.A. No.-001190-001190 / 2013,16-08-2013 (English)
S.No. 527,Case Number,C.A. No.-007031-007031 / 2009,26-08-2013 (English)
S.No. 528,Case Number,C.A. No.-000005-000005 / 2013,03-01-2013 (English)
S.No. 529,Case Number,C.A. No.-000243-000247 / 2003,24-01-2013 (English)
S.No. 530,Case Number,C.A. No.-006363-006363 / 2004,10-12-2012 (English)
S.No. 531,Case Number,C.A. No.-005352-005352 / 2013,08-07-2013 (English)
S.No. 532,Case Number,C.A. No.-005892-005892 / 2006,23-04-2013 (English)
S.No. 533,Case Number,C.A. No.-002648-002648 / 2013,21-03-2013 (English)
S.No. 534,Case Number,Crl.A. No.-000452-000452 / 2013,15-03-2013 (English)
S.No. 535,Case Number,C.A. No.-007163-007163 / 2013,27-08-2013 (English)
S.No. 536,Case Number,C.A. No.-005885-005885 / 2013,22-07-2013 (English)
S.No. 537,Case Number,C.A. No.-006262-006262 / 2013,05-08-2013 (English)
S.No. 538,Case Number,C.A. No.-009193-009193 / 2013,18-10-2013 (English)
S.No. 539,Case Number,Crl.A. No.-001308-001308 / 2013,03-09-2013 (English)
S.No. 540,Case Number,C.A. No.-005166-005190 / 2013,05-07-2013 (English)
S.No. 541,Case Number,C.A. No.-008243-008243 / 2013,16-09-2013 (English)
S.No. 542,Case Number,Crl.A. No.-001273-001273 / 2013,26-08-2013 (English)
S.No. 543,Case Number,Crl.A. No.-000038-000038 / 2009,21-11-2012 (English)
S.No. 544,Case Number,SLP(Crl) No.-005513-005513 / 2013,13-08-2013 (English)
S.No. 545,Case Number,C.A. No.-001090-001090 / 2013,08-02-2013 (English)
S.No. 546,Case Number,C.A. No.-001012-001012 / 2013,07-02-2013 (English)
S.No. 547,Case Number,Crl.A. No.-000114-000114 / 2008,14-12-2012 (English)
S.No. 548,Case Number,C.A. No.-008263-008263 / 2013,17-09-2013 (English)
S.No. 549,Case Number,Crl.A. No.-001288-001288 / 2008,31-01-2013 (English)
S.No. 550,Case Number,Crl.A. No.-001375-001375 / 2008,13-12-2012 (English)
S.No. 551,Case Number,Crl.A. No.-000889-000889 / 2009,17-07-2013 (English)
S.No. 552,Case Number,C.A. No.-008056-008056 / 2013,10-09-2013 (English)
S.No. 553,Case Number,Crl.A. No.-001521-001522 / 2011,18-10-2013 (English)
S.No. 554,Case Number,Crl.A. No.-000700-000700 / 2006,11-04-2013 (English)
S.No. 555,Case Number,C.A. No.-002906-002906 / 2013,04-04-2013 (English)
S.No. 556,Case Number,C.A. No.-007821-007821 / 2013,06-09-2013 (English)
S.No. 557,Case Number,C.A. No.-001241-001241 / 2005,02-07-2013 (English)
S.No. 558,Case Number,C.A. No.-008246-008246 / 2013,16-09-2013 (English)
S.No. 559,Case Number,Crl.A. No.-000079-000079 / 2013,10-01-2013 (English)
S.No. 560,Case Number,Crl.A. No.-000532-000533 / 2013,04-04-2013 (English)
S.No. 561,Case Number,Crl.A. No.-001702-001702 / 2008,11-04-2013 (English)
S.No. 562,Case Number,Crl.A. No.-001590-001591 / 2013,01-10-2013 (English)
S.No. 563,Case Number,SLP(C) No.-022910-022910 / 2013,17-09-2013 (English)
S.No. 564,Case Number,C.A. No.-000936-000936 / 2013,05-02-2013 (English)
S.No. 565,Case Number,SLP(C) No.-014470-014470 / 2006,14-01-2013 (English)
S.No. 566,Case Number,C.A. No.-006704-006704 / 2013,08-08-2013 (English)
S.No. 567,Case Number,C.A. No.-008725-008725 / 2012,02-08-2013 (English)
S.No. 568,Case Number,W.P.(C) No.-000276-000276 / 2012,13-12-2012 (English)
S.No. 569,Case Number,SLP(C) No.-021780-021780 / 2008,05-08-2013 (English)
S.No. 570,Case Number,C.A. No.-008944-008944 / 2013,04-10-2013 (English)
S.No. 571,Case Number,C.A. No.-002678-002678 / 2013,22-03-2013 (English)
S.No. 572,Case Number,Crl.A. No.-000555-000555 / 2012,21-03-2013 (English)
S.No. 573,Case Number,C.A. No.-008635-008635 / 2012,30-11-2012 (English)
S.No. 574,Case Number,Crl.A. No.-000164-000164 / 2008,04-04-2013 (English)
S.No. 575,Case Number,C.A. No.-011387-011387 / 2013,11-07-2013 (English)
S.No. 576,Case Number,Crl.A. No.-000353-000353 / 2013,26-02-2013 (English)
S.No. 577,Case Number,C.A. No.-006082-006082 / 2008,09-05-2013 (English)
S.No. 578,Case Number,Crl.A. No.-000050-000050 / 2013,08-01-2013 (English)
S.No. 579,Case Number,C.A. No.-000708-000708 / 2013,23-01-2013 (English)
S.No. 580,Case Number,Crl.A. No.-000261-000261 / 2013,07-02-2013 (English)
S.No. 581,Case Number,C.A. No.-005475-005475 / 2013,15-07-2013 (English)
S.No. 582,Case Number,C.A. No.-006993-006993 / 2013,22-08-2013 (English)
S.No. 583,Case Number,Crl.A. No.-000931-000932 / 2009,06-05-2013 (English)
S.No. 584,Case Number,C.A. No.-001643-001643 / 2013,22-02-2013 (English)
S.No. 585,Case Number,C.A. No.-008948-008948 / 2013,04-10-2013 (English)
S.No. 586,Case Number,C.A. No.-006792-006792 / 2013,16-08-2013 (English)
S.No. 587,Case Number,C.A. No.-006815-006815 / 2013,23-08-2013 (English)
S.No. 588,Case Number,W.P.(C) No.-000585-000585 / 2013,06-09-2013 (English)
S.No. 589,Case Number,Crl.A. No.-001060-001060 / 2007,21-03-2013 (English)
S.No. 590,Case Number,W.P.(C) No.-000580-000580 / 2013,18-09-2013 (English)
S.No. 591,Case Number,C.A. No.-003878-003878 / 2013,16-04-2013 (English)
S.No. 592,Case Number,W.P.(C) No.-000590-000590 / 2013,12-09-2013 (English)
S.No. 593,Case Number,C.A. No.-007159-007159 / 2013,27-08-2013 (English)
S.No. 594,Case Number,Crl.A. No.-001052-001052 / 2013,30-07-2013 (English)
S.No. 595,Case Number,C.A. No.-004509-004509 / 2007,18-04-2013 (English)
S.No. 596,Case Number,W.P.(C) No.-000284-000284 / 2012,13-12-2012 (English)
S.No. 597,Case Number,Crl.A. No.-002032-002033 / 2012,12-12-2012 (English)
S.No. 598,Case Number,C.A. No.-007716-007716 / 2013,02-09-2013 (English)
S.No. 599,Case Number,Crl.A. No.-008109-008109 / 2011,13-12-2012 (English)
S.No. 600,Case Number,Crl.A. No.-001651-001651 / 2013,07-10-2013 (English)
S.No. 601,Case Number,Crl.A. No.-002260-002260 / 2009,24-07-2013 (English)
S.No. 602,Case Number,Crl.A. No.-000925-000925 / 2009,02-09-2013 (English)
S.No. 603,Case Number,Crl.A. No.-000673-000673 / 2008,12-03-2013 (English)
S.No. 604,Case Number,Crl.A. No.-001839-001839 / 2009,22-08-2013 (English)
S.No. 605,Case Number,C.A. No.-004117-004117 / 2006,18-09-2013 (English)
S.No. 606,Case Number,Crl.A. No.-000729-000729 / 2013,09-05-2013 (English)
S.No. 607,Case Number,W.P.(C) No.-000598-000598 / 2013,30-08-2013 (English)
S.No. 608,Case Number,C.A. No.-008572-008572 / 2013,23-09-2013 (English)
S.No. 609,Case Number,C.A. No.-004059-004059 / 2007,04-01-2013 (English)
S.No. 610,Case Number,Crl.A. No.-000031-000031 / 2013,07-01-2013 (English)
S.No. 611,Case Number,Crl.A. No.-001954-001954 / 2009,17-04-2013 (English)
S.No. 612,Case Number,Crl.A. No.-002042-002042 / 2010,13-09-2013 (English)
S.No. 613,Case Number,C.A. No.-001389-001389 / 2013,18-02-2013 (English)
S.No. 614,Case Number,Crl.A. No.-000805-000805 / 2009,26-04-2013 (English)
S.No. 615,Case Number,C.A. No.-006772-006772 / 2013,11-09-2013 (English)
S.No. 616,Case Number,Crl.A. No.-002022-002022 / 2012,10-12-2012 (English)
S.No. 617,Case Number,C.A. No.-004373-004373 / 2009,29-01-2013 (English)
S.No. 618,Case Number,C.A. No.-003861-003861 / 2013,15-04-2013 (English)
S.No. 619,Case Number,C.A. No.-005119-005119 / 2013,03-07-2013 (English)
S.No. 620,Case Number,Crl.A. No.-001960-001960 / 2012,30-11-2012 (English)
S.No. 621,Case Number,Crl.A. No.-001450-001450 / 2009,09-05-2013 (English)
S.No. 622,Case Number,C.A. No.-002706-002716 / 2013,01-04-2013 (English)
S.No. 623,Case Number,C.A. No.-008183-008184 / 2013,13-09-2013 (English)
S.No. 624,Case Number,C.A. No.-004833-004833 / 2013,01-07-2013 (English)
S.No. 625,Case Number,C.A. No.-009017-009017 / 2013,07-10-2013 (English)
S.No. 626,Case Number,Crl.A. No.-002280-002280 / 2009,19-08-2013 (English)
S.No. 627,Case Number,Crl.A. No.-002023-002023 / 2012,10-12-2012 (English)
S.No. 628,Case Number,SLP(C) No.-003306-003306 / 2011,12-09-2013 (English)
S.No. 629,Case Number,C.A. No.-023286-023286 / 2012,30-01-2013 (English)
S.No. 630,Case Number,C.A. No.-006967-006967 / 2013,21-08-2013 (English)
S.No. 631,Case Number,C.A. No.-004945-004946 / 2013,02-07-2013 (English)
S.No. 632,Case Number,Crl.A. No.-001279-001279 / 2008,11-04-2013 (English)
S.No. 633,Case Number,Crl.A. No.-000454-000454 / 2009,22-11-2012 (English)
S.No. 634,Case Number,Crl.A. No.-000628-000629 / 2013,26-04-2013 (English)
S.No. 635,Case Number,CONMT.PET.(C) No.-000303-000303 / 2013,30-08-2013 (English)
S.No. 636,Case Number,C.A. No.-006958-006958 / 2013,19-08-2013 (English)
S.No. 637,Case Number,Crl.A. No.-000043-000043 / 2010,22-03-2013 (English)
S.No. 638,Case Number,C.A. No.-007111-007111 / 2013,22-08-2013 (English)
S.No. 639,Case Number,Crl.A. No.-001209-001209 / 2010,01-07-2013 (English)
S.No. 640,Case Number,SLP(Crl.)...CRLMP No.-015766-015766 / 2008,03-07-2013 (English)
S.No. 641,Case Number,ARBIT.CASE(C) No.-000020-000020 / 2011,10-05-2013 (English)
S.No. 642,Case Number,SLP(C) No.-025848-025848 / 2011,29-01-2013 (English)
S.No. 643,Case Number,C.A. No.-007940-007940 / 2013,11-09-2013 (English)
S.No. 644,Case Number,C.A. No.-008672-008672 / 2013,26-09-2013 (English)
S.No. 645,Case Number,C.A. No.-007899-007901 / 2013,09-09-2013 (English)
S.No. 646,Case Number,Crl.A. No.-001178-001178 / 2007,21-03-2013 (English)
S.No. 647,Case Number,Crl.A. No.-001539-001539 / 2008,02-11-2012 (English)
S.No. 648,Case Number,Crl.A. No.-001547-001547 / 2013,30-09-2013 (English)
S.No. 649,Case Number,C.A. No.-005063-005065 / 2005,20-03-2013 (English)
S.No. 650,Case Number,C.A. No.-005644-005644 / 2003,07-03-2013 (English)
S.No. 651,Case Number,Crl.A. No.-000397-000397 / 2013,06-03-2013 (English)
S.No. 652,Case Number,SLP(C) No.-025698-025698 / 2013,27-08-2013 (English)
S.No. 653,Case Number,Crl.A. No.-002085-002085 / 2008,04-01-2013 (English)
S.No. 654,Case Number,Crl.A. No.-001109-001109 / 2009,17-07-2013 (English)
S.No. 655,Case Number,Crl.A. No.-000036-000036 / 2006,28-05-2013 (English)
S.No. 656,Case Number,C.A. No.-001276-001276 / 2013,12-02-2013 (English)
S.No. 657,Case Number,SLP(Crl) No.-006710-006713 / 2012,09-09-2013 (English)
S.No. 658,Case Number,Crl.A. No.-001605-001605 / 2007,01-04-2013 (English)
S.No. 659,Case Number,C.A. No.-009084-009084 / 2012,14-12-2012 (English)
S.No. 660,Case Number,Crl.A. No.-001186-001186 / 2008,07-10-2013 (English)
S.No. 661,Case Number,Crl.A. No.-000601-000601 / 2008,01-07-2013 (English)
S.No. 662,Case Number,Crl.A. No.-000470-000470 / 2012,"08-05-2013 (English)
08-05-2013 (English)"
S.No. 663,Case Number,Crl.A. No.-000072-000072 / 2008,01-05-2013 (English)
S.No. 664,Case Number,R.P.(C) No.-002381-002382 / 2012,10-07-2013 (English)
S.No. 665,Case Number,Crl.A. No.-001156-001156 / 2010,16-04-2013 (English)
S.No. 666,Case Number,C.A. No.-007445-007445 / 2004,15-07-2013 (English)
S.No. 667,Case Number,ARBIT.CASE(C) No.-000006-000006 / 2013,09-05-2013 (English)
S.No. 668,Case Number,C.A. No.-000605-000605 / 2013,21-01-2013 (English)
S.No. 669,Case Number,C.A. No.-000938-000939 / 2013,05-02-2013 (English)
S.No. 670,Case Number,Crl.A. No.-001055-001055 / 2006,07-02-2013 (English)
S.No. 671,Case Number,Crl.A. No.-000203-000203 / 2007,06-03-2013 (English)
S.No. 672,Case Number,Crl.A. No.-001393-001393 / 2008,21-11-2012 (English)
S.No. 673,Case Number,C.A. No.-001494-001494 / 2008,11-03-2013 (English)
S.No. 674,Case Number,Crl.A. No.-001108-001108 / 2006,22-04-2013 (English)
S.No. 675,Case Number,C.A. No.-007601-007602 / 2012,19-10-2012 (English)
S.No. 676,Case Number,Crl.A. No.-001457-001457 / 2013,17-09-2013 (English)
S.No. 677,Case Number,Crl.A. No.-001020-001020 / 2004,02-07-2013 (English)
S.No. 678,Case Number,Crl.A. No.-000926-000926 / 2009,18-04-2013 (English)
S.No. 679,Case Number,SLP(C) No.-026824-026824 / 2012,18-07-2013 (English)
S.No. 680,Case Number,C.A. No.-008283-008283 / 2013,17-09-2013 (English)
S.No. 681,Case Number,CONMT.PET.(C) No.-000320-000320 / 2009,02-04-2013 (English)
S.No. 682,Case Number,C.A. No.-000477-000477 / 2007,13-03-2013 (English)
S.No. 683,Case Number,C.A. No.-006332-006333 / 2009,01-07-2013 (English)
S.No. 684,Case Number,C.A. No.-008575-008575 / 2013,17-09-2013 (English)
S.No. 685,Case Number,Crl.A. No.-000973-000973 / 2008,07-05-2013 (English)
S.No. 686,Case Number,C.A. No.-003680-003680 / 2005,04-10-2013 (English)
S.No. 687,Case Number,C.A. No.-000516-000516 / 2013,18-01-2013 (English)
S.No. 688,Case Number,C.A. No.-005351-005351 / 2013,08-07-2013 (English)
S.No. 689,Case Number,Crl.A. No.-000135-000135 / 2005,08-01-2013 (English)
S.No. 690,Case Number,CONMT.PET.(C) No.-000312-000312 / 2013,22-08-2013 (English)
S.No. 691,Case Number,C.A. No.-001051-001051 / 2013,08-02-2013 (English)
S.No. 692,Case Number,Crl.A. No.-001079-001079 / 2006,26-08-2013 (English)
S.No. 693,Case Number,C.A. No.-008288-008288 / 2013,19-09-2013 (English)
S.No. 694,Case Number,W.P.(C) No.-000694-000694 / 2004,10-07-2013 (English)
S.No. 695,Case Number,SLP(C) No.-030469-030469 / 2009,11-12-2012 (English)
S.No. 696,Case Number,Crl.A. No.-000175-000175 / 2007,03-07-2013 (English)
S.No. 697,Case Number,C.A. No.-001004-001004 / 2013,07-02-2013 (English)
S.No. 698,Case Number,Crl.A. No.-001366-001366 / 2007,07-05-2013 (English)
S.No. 699,Case Number,Crl.A. No.-001199-001199 / 2010,20-02-2013 (English)
S.No. 700,Case Number,Crl.A. No.-000811-000811 / 2013,01-07-2013 (English)
S.No. 701,Case Number,Crl.A. No.-000809-000809 / 2013,01-07-2013 (English)
S.No. 702,Case Number,C.A. No.-006707-006707 / 2013,12-08-2013 (English)
S.No. 703,Case Number,C.A. No.-002802-002804 / 2013,03-04-2013 (English)
S.No. 704,Case Number,C.A. No.-008226-008227 / 2012,23-11-2012 (English)
S.No. 705,Case Number,C.A. No.-008758-008758 / 2013,27-09-2013 (English)
S.No. 706,Case Number,SLP(C) No.-024492-024494 / 2010,07-05-2013 (English)
S.No. 707,Case Number,C.A. No.-002683-002685 / 2013,22-03-2013 (English)
S.No. 708,Case Number,Crl.A. No.-000439-000439 / 2006,09-11-2012 (English)
S.No. 709,Case Number,Crl.A. No.-001333-001333 / 2013,08-10-2013 (English)
S.No. 710,Case Number,C.A. No.-008919-008919 / 2012,11-12-2012 (English)
S.No. 711,Case Number,C.A. No.-007640-007640 / 2011,15-02-2013 (English)
S.No. 712,Case Number,Crl.A. No.-001972-001973 / 2012,03-12-2012 (English)
S.No. 713,Case Number,Crl.A. No.-000152-000152 / 2013,08-10-2013 (English)
S.No. 714,Case Number,C.A. No.-008660-008660 / 2009,05-04-2013 (English)
S.No. 715,Case Number,Crl.A. No.-001853-001853 / 2012,09-07-2013 (English)
S.No. 716,Case Number,Crl.A. No.-000310-000310 / 2008,29-11-2012 (English)
S.No. 717,Case Number,C.A. No.-007514-007515 / 2005,27-11-2012 (English)
S.No. 718,Case Number,Crl.A. No.-000447-000447 / 2013,15-03-2013 (English)
S.No. 719,Case Number,C.A. No.-000368-000368 / 2013,09-01-2013 (English)
S.No. 720,Case Number,Crl.A. No.-000811-000811 / 2011,19-09-2013 (English)
S.No. 721,Case Number,C.A. No.-005339-005340 / 2013,08-07-2013 (English)
S.No. 722,Case Number,Crl.A. No.-000451-000451 / 2013,15-03-2013 (English)
S.No. 723,Case Number,C.A. No.-004941-004941 / 2013,02-07-2013 (English)
S.No. 724,Case Number,Crl.A. No.-001774-001774 / 2010,04-02-2013 (English)
S.No. 725,Case Number,R.P.(C) No.-000739-000739 / 2012,23-04-2013 (English)
S.No. 726,Case Number,Crl.A. No.-000905-000905 / 2009,13-12-2012 (English)
S.No. 727,Case Number,Crl.A. No.-002003-002003 / 2012,07-12-2012 (English)
S.No. 728,Case Number,Crl.A. No.-000611-000611 / 2013,18-04-2013 (English)
S.No. 729,Case Number,Crl.A. No.-001576-001576 / 2009,15-05-2013 (English)
S.No. 730,Case Number,C.A. No.-005115-005115 / 2005,29-11-2012 (English)
S.No. 731,Case Number,C.A. No.-003895-003896 / 2013,17-04-2013 (English)
S.No. 732,Case Number,Crl.A. No.-002040-002041 / 2012,13-12-2012 (English)
S.No. 733,Case Number,C.A. No.-008947-008947 / 2013,04-10-2013 (English)
S.No. 734,Case Number,C.A. No.-006770-006770 / 2013,14-08-2013 (English)
S.No. 735,Case Number,Crl.A. No.-001149-001149 / 2008,15-03-2013 (English)
S.No. 736,Case Number,C.A. No.-002699-002699 / 2013,22-03-2013 (English)
S.No. 737,Case Number,Crl.A. No.-000910-000910 / 2010,25-07-2013 (English)
S.No. 738,Case Number,C.A. No.-008920-008920 / 2012,11-12-2012 (English)
S.No. 739,Case Number,Crl.A. No.-000291-000291 / 2013,08-02-2013 (English)
S.No. 740,Case Number,Crl.A. No.-001156-001156 / 2013,12-08-2013 (English)
S.No. 741,Case Number,Crl.A. No.-001837-001837 / 2012,22-11-2012 (English)
S.No. 742,Case Number,C.A. No.-007933-007933 / 2012,09-11-2012 (English)
S.No. 743,Case Number,C.A. No.-009048-009048 / 2012,13-12-2012 (English)
S.No. 744,Case Number,Crl.A. No.-001142-001142 / 2013,02-08-2013 (English)
S.No. 745,Case Number,C.A. No.-001964-001964 / 2013,27-02-2013 (English)
S.No. 746,Case Number,Crl.A. No.-001614-001614 / 2009,27-11-2012 (English)
S.No. 747,Case Number,C.A. No.-008232-008234 / 2013,11-09-2013 (English)
S.No. 748,Case Number,C.A. No.-003279-003287 / 2013,11-04-2013 (English)
S.No. 749,Case Number,Crl.A. No.-001517-001517 / 2007,26-08-2013 (English)
S.No. 750,Case Number,C.A. No.-003902-003902 / 2013,17-04-2013 (English)
S.No. 751,Case Number,Crl.A. No.-000684-000684 / 2013,03-05-2013 (English)
S.No. 752,Case Number,C.A. No.-006721-006721 / 2013,05-08-2013 (English)
S.No. 753,Case Number,C.A. No.-006389-006389 / 2013,07-08-2013 (English)
S.No. 754,Case Number,C.A. No.-001053-001053 / 2013,08-02-2013 (English)
S.No. 755,Case Number,Crl.A. No.-001695-001697 / 2012,19-10-2012 (English)
S.No. 756,Case Number,C.A. No.-002649-002649 / 2013,21-03-2013 (English)
S.No. 757,Case Number,C.A. No.-003883-003883 / 2013,15-04-2013 (English)
S.No. 758,Case Number,C.A. No.-008612-008612 / 2013,03-10-2013 (English)
S.No. 759,Case Number,Crl.A. No.-000073-000073 / 2007,13-09-2013 (English)
S.No. 760,Case Number,Crl.A. No.-001324-001324 / 2008,24-01-2013 (English)
S.No. 761,Case Number,Crl.A. No.-001430-001430 / 2007,29-05-2013 (English)
S.No. 762,Case Number,C.A. No.-005338-005338 / 2013,08-07-2013 (English)
S.No. 763,Case Number,C.A. No.-005318-005319 / 2013,09-07-2013 (English)
S.No. 764,Case Number,Crl.A. No.-001421-001421 / 2007,03-05-2013 (English)
S.No. 765,Case Number,C.A. No.-008278-008278 / 2013,17-09-2013 (English)
S.No. 766,Case Number,Crl.A. No.-000928-000928 / 2009,08-01-2013 (English)
S.No. 767,Case Number,C.A. No.-001457-001457 / 2013,20-02-2013 (English)
S.No. 768,Case Number,C.A. No.-009007-009007 / 2012,13-12-2012 (English)
S.No. 769,Case Number,Crl.A. No.-001156-001156 / 2008,03-05-2013 (English)
S.No. 770,Case Number,SLP(C) No.-013255-013255 / 2012,17-07-2013 (English)
S.No. 771,Case Number,Crl.A. No.-000232-000232 / 2007,04-07-2013 (English)
S.No. 772,Case Number,Crl.A. No.-001039-001039 / 2008,17-04-2013 (English)
S.No. 773,Case Number,C.A. No.-006115-006115 / 2013,29-07-2013 (English)
S.No. 774,Case Number,Crl.A. No.-000143-000143 / 2007,11-12-2012 (English)
S.No. 775,Case Number,Crl.A. No.-000026-000026 / 2008,22-03-2013 (English)
S.No. 776,Case Number,W.P.(C) No.-000614-000614 / 2007,12-09-2013 (English)
S.No. 777,Case Number,C.A. No.-002948-002948 / 2013,08-04-2013 (English)
S.No. 778,Case Number,Crl.A. No.-001438-001438 / 2007,21-03-2013 (English)
S.No. 779,Case Number,Crl.A. No.-001963-001963 / 2012,30-11-2012 (English)
S.No. 780,Case Number,Crl.A. No.-000194-000194 / 2008,03-05-2013 (English)
S.No. 781,Case Number,Crl.A. No.-002052-002052 / 2010,12-08-2013 (English)
S.No. 782,Case Number,C.A. No.-003882-003882 / 2013,16-04-2013 (English)
S.No. 783,Case Number,C.A. No.-000090-000090 / 2013,07-01-2013 (English)
S.No. 784,Case Number,C.A. No.-003958-003958 / 2013,22-04-2013 (English)
S.No. 785,Case Number,SLP(C) No.-020763-020764 / 2007,13-08-2013 (English)
S.No. 786,Case Number,C.A. No.-004440-004440 / 2013,06-05-2013 (English)
S.No. 787,Case Number,C.A. No.-004176-004176 / 2013,29-04-2013 (English)
S.No. 788,Case Number,C.A. No.-007909-007911 / 2013,05-09-2013 (English)
S.No. 789,Case Number,C.A. No.-000480-000480 / 2013,11-02-2013 (English)
S.No. 790,Case Number,C.A. No.-008513-008513 / 2012,30-11-2012 (English)
S.No. 791,Case Number,Crl.A. No.-000196-000196 / 2008,19-02-2013 (English)
S.No. 792,Case Number,Crl.A. No.-001690-001691 / 2012,19-10-2012 (English)
S.No. 793,Case Number,Crl.A. No.-001551-001551 / 2007,19-03-2013 (English)
S.No. 794,Case Number,Crl.A. No.-001580-001580 / 2013,01-10-2013 (English)
S.No. 795,Case Number,C.A. No.-009082-009082 / 2012,14-12-2012 (English)
S.No. 796,Case Number,Crl.A. No.-001285-001285 / 2013,27-08-2013 (English)
S.No. 797,Case Number,C.A. No.-001345-001346 / 2009,20-11-2012 (English)
S.No. 798,Case Number,C.A. No.-006263-006263 / 2013,05-08-2013 (English)
S.No. 799,Case Number,Crl.A. No.-000594-000594 / 2013,15-04-2013 (English)
S.No. 800,Case Number,C.A. No.-008426-008426 / 2013,23-09-2013 (English)
S.No. 801,Case Number,C.A. No.-005117-005117 / 2013,04-07-2013 (English)
S.No. 802,Case Number,Crl.A. No.-002345-002345 / 2009,28-05-2013 (English)
S.No. 803,Case Number,Crl.A. No.-000043-000043 / 2013,07-01-2013 (English)
S.No. 804,Case Number,Crl.A. No.-001567-001567 / 2007,25-07-2013 (English)
S.No. 805,Case Number,C.A. No.-002776-002783 / 2013,02-04-2013 (English)
S.No. 806,Case Number,Crl.A. No.-001680-001680 / 2013,07-10-2013 (English)
S.No. 807,Case Number,C.A. No.-007755-007756 / 2012,04-01-2013 (English)
S.No. 808,Case Number,Crl.A. No.-001091-001091 / 2010,14-12-2012 (English)
S.No. 809,Case Number,SLP(C) No.-031250-031250 / 2011,03-07-2013 (English)
S.No. 810,Case Number,Crl.A. No.-000641-000641 / 2013,26-04-2013 (English)
S.No. 811,Case Number,Crl.A. No.-000084-000084 / 2011,04-09-2013 (English)
S.No. 812,Case Number,C.A. No.-005522-005522 / 2013,16-07-2013 (English)
S.No. 813,Case Number,Crl.A. No.-001794-001794 / 2008,08-04-2013 (English)
S.No. 814,Case Number,SLP(C) No.-001118-001118 / 2011,04-12-2012 (English)
S.No. 815,Case Number,C.A. No.-003265-003265 / 2013,11-04-2013 (English)
S.No. 816,Case Number,C.A. No.-004150-004163 / 2013,06-05-2013 (English)
S.No. 817,Case Number,Crl.A. No.-001851-001851 / 2010,21-02-2013 (English)
S.No. 818,Case Number,S.L.P.(C)...CC No.-018558-018558 / 2012,15-04-2013 (English)
S.No. 819,Case Number,C.A. No.-002969-002969 / 2013,09-04-2013 (English)
S.No. 820,Case Number,Crl.A. No.-000836-000851 / 2013,05-07-2013 (English)
S.No. 821,Case Number,W.P.(C) No.-000417-000417 / 2012,01-05-2013 (English)
S.No. 822,Case Number,Crl.A. No.-002069-002069 / 2012,14-12-2012 (English)
S.No. 823,Case Number,Crl.A. No.-000490-000491 / 2011,20-11-2012 (English)
S.No. 824,Case Number,C.A. No.-000100-000100 / 2013,07-01-2013 (English)
S.No. 825,Case Number,C.A. No.-008206-008206 / 2012,22-11-2012 (English)
S.No. 826,Case Number,C.A. No.-006974-006974 / 2013,22-08-2013 (English)
S.No. 827,Case Number,Crl.A. No.-001839-001839 / 2012,22-11-2012 (English)
S.No. 828,Case Number,C.A. No.-000531-000532 / 2013,29-01-2013 (English)
S.No. 829,Case Number,SLP(C) No.-024220-024221 / 2007,06-09-2013 (English)
S.No. 830,Case Number,C.A. No.-007728-007728 / 2012,08-11-2012 (English)
S.No. 831,Case Number,C.A. No.-004169-004169 / 2013,01-05-2013 (English)
S.No. 832,Case Number,C.A. No.-008468-008468 / 2012,26-11-2012 (English)
S.No. 833,Case Number,C.A. No.-007132-007132 / 2013,23-08-2013 (English)
S.No. 834,Case Number,C.A. No.-009650-009650 / 2013,05-08-2013 (English)
S.No. 835,Case Number,C.A. No.-009172-009172 / 2013,18-10-2013 (English)
S.No. 836,Case Number,C.A. No.-002366-002367 / 2011,25-07-2013 (English)
S.No. 837,Case Number,C.A. No.-007706-007706 / 2013,27-08-2013 (English)
S.No. 838,Case Number,Crl.A. No.-000579-000579 / 2009,21-11-2012 (English)
S.No. 839,Case Number,SLP(C) No.-028609-028609 / 2011,16-04-2013 (English)
S.No. 840,Case Number,Crl.A. No.-001110-001110 / 2009,06-08-2013 (English)
S.No. 841,Case Number,C.A. No.-000674-000674 / 2013,24-01-2013 (English)
S.No. 842,Case Number,Crl.A. No.-000689-000689 / 2013,03-05-2013 (English)
S.No. 843,Case Number,C.A. No.-007279-007279 / 2013,30-08-2013 (English)
S.No. 844,Case Number,Crl.A. No.-001300-001300 / 2009,01-07-2013 (English)
S.No. 845,Case Number,C.A. No.-004539-004539 / 2013,09-05-2013 (English)
S.No. 846,Case Number,C.A. No.-008499-008499 / 2012,26-11-2012 (English)
S.No. 847,Case Number,C.A. No.-001517-001517 / 2013,21-02-2013 (English)
S.No. 848,Case Number,R.P.(C) No.-000106-000106 / 2012,23-04-2013 (English)
S.No. 849,Case Number,C.A. No.-001843-001843 / 2013,26-02-2013 (English)
S.No. 850,Case Number,Crl.A. No.-000815-000815 / 2013,01-07-2013 (English)
S.No. 851,Case Number,C.A. No.-000855-000855 / 2013,01-02-2013 (English)
S.No. 852,Case Number,SLP(Crl) No.-008234-008234 / 2012,04-12-2012 (English)
S.No. 853,Case Number,SLP(C) No.-029589-029589 / 2009,17-09-2013 (English)
S.No. 854,Case Number,C.A. No.-008916-008916 / 2012,11-12-2012 (English)
S.No. 855,Case Number,C.A. No.-004282-004282 / 2013,03-05-2013 (English)
S.No. 856,Case Number,C.A. No.-004561-004561 / 2013,10-05-2013 (English)
S.No. 857,Case Number,Crl.A. No.-000223-000223 / 2008,18-04-2013 (English)
S.No. 858,Case Number,C.A. No.-011150-011150 / 2013,25-07-2013 (English)
S.No. 859,Case Number,C.A. No.-005130-005130 / 2013,05-07-2013 (English)
S.No. 860,Case Number,Crl.A. No.-001523-001523 / 2008,11-01-2013 (English)
S.No. 861,Case Number,CONMT.PET.(C) No.-000427-000427 / 2012,10-05-2013 (English)
S.No. 862,Case Number,C.A. No.-008634-008634 / 2013,23-09-2013 (English)
S.No. 863,Case Number,C.A. No.-005084-005084 / 2013,03-07-2013 (English)
S.No. 864,Case Number,C.A. No.-007368-007368 / 2013,02-09-2013 (English)
S.No. 865,Case Number,C.A. No.-005527-005527 / 2012,02-07-2013 (English)
S.No. 866,Case Number,C.A. No.-009101-009101 / 2012,14-12-2012 (English)
S.No. 867,Case Number,C.A. No.-006997-006997 / 2013,22-08-2013 (English)
S.No. 868,Case Number,C.A. No.-005373-005375 / 2013,01-08-2013 (English)
S.No. 869,Case Number,C.A. No.-005370-005372 / 2013,01-08-2013 (English)
S.No. 870,Case Number,Crl.A. No.-000824-000824 / 2013,02-07-2013 (English)
S.No. 871,Case Number,R.P.(C) No.-002309-002309 / 2012,03-09-2013 (English)
S.No. 872,Case Number,C.A. No.-000662-000663 / 2013,23-01-2013 (English)
S.No. 873,Case Number,Crl.A. No.-001782-001782 / 2008,21-11-2012 (English)
S.No. 874,Case Number,Crl.A. No.-001728-001728 / 2007,21-03-2013 (English)
S.No. 875,Case Number,C.A. No.-000109-000109 / 2013,07-01-2013 (English)
S.No. 876,Case Number,C.A. No.-008487-008487 / 2013,24-09-2013 (English)
S.No. 877,Case Number,C.A. No.-001013-001013 / 2013,07-02-2013 (English)
S.No. 878,Case Number,Crl.A. No.-001623-001623 / 2013,04-10-2013 (English)
S.No. 879,Case Number,SLP(C) No.-030143-030143 / 2009,13-09-2013 (English)
S.No. 880,Case Number,Crl.A. No.-000393-000393 / 2009,27-11-2012 (English)
S.No. 881,Case Number,SLP(C) No.-031892-031892 / 2012,06-03-2013 (English)
S.No. 882,Case Number,C.A. No.-000678-000678 / 2013,24-01-2013 (English)
S.No. 883,Case Number,C.A. No.-001465-001465 / 2013,18-02-2013 (English)
S.No. 884,Case Number,Crl.A. No.-002039-002039 / 2012,13-12-2012 (English)
S.No. 885,Case Number,Crl.A. No.-000819-000819 / 2013,02-07-2013 (English)
S.No. 886,Case Number,C.A. No.-008658-008660 / 2012,03-12-2012 (English)
S.No. 887,Case Number,Crl.A. No.-000752-000752 / 2008,02-07-2013 (English)
S.No. 888,Case Number,C.A. No.-008251-008251 / 2013,03-10-2013 (English)
S.No. 889,Case Number,SLP(C) No.-035092-035092 / 2012,13-03-2013 (English)
S.No. 890,Case Number,C.A. No.-005160-005160 / 2013,05-07-2013 (English)
S.No. 891,Case Number,Crl.A. No.-002093-002094 / 2012,"11-12-2012 (English)
11-12-2012 (English)"
S.No. 892,Case Number,Crl.A. No.-000922-000922 / 2013,12-07-2013 (English)
S.No. 893,Case Number,C.A. No.-000039-000039 / 2014,12-04-2013 (English)
S.No. 894,Case Number,Crl.A. No.-001971-001971 / 2012,03-12-2012 (English)
S.No. 895,Case Number,Crl.A. No.-002070-002070 / 2012,14-12-2012 (English)
S.No. 896,Case Number,C.A. No.-000433-000433 / 2012,03-12-2012 (English)
S.No. 897,Case Number,Crl.A. No.-000306-000306 / 2013,14-02-2013 (English)
S.No. 898,Case Number,C.A. No.-000102-000102 / 2013,07-01-2013 (English)
S.No. 899,Case Number,C.A. No.-006799-006799 / 2013,16-08-2013 (English)
S.No. 900,Case Number,C.A. No.-008276-008276 / 2009,26-08-2013 (English)
S.No. 901,Case Number,Crl.A. No.-001073-001073 / 2008,09-04-2013 (English)
S.No. 902,Case Number,C.A. No.-008220-008220 / 2013,12-09-2013 (English)
S.No. 903,Case Number,C.A. No.-011201-011202 / 2011,02-05-2013 (English)
S.No. 904,Case Number,C.A. No.-008772-008772 / 2012,05-12-2012 (English)
S.No. 905,Case Number,C.A. No.-008514-008515 / 2012,30-11-2012 (English)
S.No. 906,Case Number,W.P.(C) No.-000562-000562 / 2009,18-04-2013 (English)
S.No. 907,Case Number,Crl.A. No.-001078-001080 / 2009,06-12-2012 (English)
S.No. 908,Case Number,C.A. No.-011381-011386 / 2013,01-07-2013 (English)
S.No. 909,Case Number,C.A. No.-006918-006919 / 2011,22-03-2013 (English)
S.No. 910,Case Number,C.A. No.-002968-002968 / 2013,09-04-2013 (English)
S.No. 911,Case Number,C.A. No.-005466-005466 / 2012,01-07-2013 (English)
S.No. 912,Case Number,Crl.A. No.-001438-001438 / 2013,13-09-2013 (English)
S.No. 913,Case Number,Crl.A. No.-001712-001712 / 2008,22-11-2012 (English)
S.No. 914,Case Number,C.A. No.-009029-009029 / 2012,13-12-2012 (English)
S.No. 915,Case Number,C.A. No.-001787-001787 / 2013,22-02-2013 (English)
S.No. 916,Case Number,C.A. No.-007750-007750 / 2012,01-11-2012 (English)
S.No. 917,Case Number,C.A. No.-010640-010646 / 2013,02-07-2013 (English)
S.No. 918,Case Number,C.A. No.-004815-004815 / 2013,01-07-2013 (English)
S.No. 919,Case Number,Crl.A. No.-001564-001564 / 2008,08-04-2013 (English)
S.No. 920,Case Number,C.A. No.-008708-008709 / 2012,04-12-2012 (English)
S.No. 921,Case Number,C.A. No.-000919-000919 / 2013,05-02-2013 (English)
S.No. 922,Case Number,C.A. No.-000673-000673 / 2013,24-01-2013 (English)
S.No. 923,Case Number,C.A. No.-004842-004842 / 2013,02-07-2013 (English)
S.No. 924,Case Number,C.A. No.-008207-008207 / 2012,22-11-2012 (English)
S.No. 925,Case Number,C.A. No.-008425-008425 / 2013,23-09-2013 (English)
S.No. 926,Case Number,C.A. No.-007139-007139 / 2013,26-08-2013 (English)
S.No. 927,Case Number,C.A. No.-004119-004120 / 2013,26-04-2013 (English)
S.No. 928,Case Number,C.A. No.-007324-007324 / 2013,30-08-2013 (English)
S.No. 929,Case Number,C.A. No.-002673-002673 / 2013,22-03-2013 (English)
S.No. 930,Case Number,C.A. No.-005100-005100 / 2013,08-07-2013 (English)
S.No. 931,Case Number,C.A. No.-001362-001362 / 2013,15-02-2013 (English)
S.No. 932,Case Number,Crl.A. No.-000136-000136 / 2013,18-01-2013 (English)
S.No. 933,Case Number,C.A. No.-007934-007934 / 2012,27-02-2013 (English)
S.No. 934,Case Number,C.A. No.-008479-008480 / 2012,27-11-2012 (English)
S.No. 935,Case Number,Crl.A. No.-000219-000219 / 2013,01-02-2013 (English)
S.No. 936,Case Number,Crl.A. No.-001772-001772 / 2008,22-02-2013 (English)
S.No. 937,Case Number,C.A. No.-000263-000263 / 2013,14-01-2013 (English)
S.No. 938,Case Number,SLP(C) No.-010587-010587 / 2013,08-04-2013 (English)
S.No. 939,Case Number,CONMT.PET.(C) No.-000003-000003 / 2012,02-09-2013 (English)
S.No. 940,Case Number,Crl.A. No.-000813-000813 / 2013,01-07-2013 (English)
S.No. 941,Case Number,C.A. No.-000469-000469 / 2013,17-01-2013 (English)
S.No. 942,Case Number,SLP(C) No.-017688-017688 / 2013,08-04-2013 (English)
S.No. 943,Case Number,C.A. No.-005513-005513 / 2012,03-05-2013 (English)
S.No. 944,Case Number,Crl.A. No.-000126-000126 / 2009,22-11-2012 (English)
S.No. 945,Case Number,Crl.A. No.-000300-000300 / 2009,22-11-2012 (English)
S.No. 946,Case Number,C.A. No.-008652-008652 / 2012,03-12-2012 (English)
S.No. 947,Case Number,C.A. No.-008415-008415 / 2009,31-01-2013 (English)
S.No. 948,Case Number,Crl.A. No.-001454-001454 / 2013,17-09-2013 (English)
S.No. 949,Case Number,C.A. No.-000615-000615 / 2013,22-01-2013 (English)
S.No. 950,Case Number,C.A. No.-007298-007298 / 2013,06-09-2013 (English)
S.No. 951,Case Number,Crl.A. No.-001432-001432 / 2013,13-09-2013 (English)
S.No. 952,Case Number,Crl.A. No.-000305-000305 / 2013,14-02-2013 (English)
S.No. 953,Case Number,Crl.A. No.-001981-001981 / 2012,03-12-2012 (English)
S.No. 954,Case Number,Crl.A. No.-000501-000501 / 2013,22-03-2013 (English)
S.No. 955,Case Number,C.A. No.-007841-007842 / 2012,03-12-2012 (English)
S.No. 956,Case Number,C.A. No.-008914-008914 / 2012,18-10-2013 (English)
S.No. 957,Case Number,C.A. No.-008260-008260 / 2012,10-05-2013 (English)
S.No. 958,Case Number,C.A. No.-001334-001334 / 2013,13-02-2013 (English)
S.No. 959,Case Number,C.A. No.-008440-008445 / 2013,23-09-2013 (English)
S.No. 960,Case Number,C.A. No.-002768-002769 / 2013,02-04-2013 (English)
S.No. 961,Case Number,Crl.A. No.-000810-000810 / 2013,01-07-2013 (English)
S.No. 962,Case Number,C.A. No.-002771-002771 / 2013,02-04-2013 (English)
S.No. 963,Case Number,Crl.A. No.-000808-000808 / 2013,01-07-2013 (English)
S.No. 964,Case Number,Crl.A. No.-000818-000818 / 2013,02-07-2013 (English)
S.No. 965,Case Number,Crl.A. No.-000418-000418 / 2011,21-03-2013 (English)
S.No. 966,Case Number,C.A. No.-005828-005828 / 2013,18-07-2013 (English)
S.No. 967,Case Number,C.A. No.-007921-007921 / 2013,10-09-2013 (English)
S.No. 968,Case Number,Crl.A. No.-000696-000696 / 2013,03-05-2013 (English)
S.No. 969,Case Number,C.A. No.-003935-003935 / 2013,26-04-2013 (English)
S.No. 970,Case Number,C.A. No.-002432-002432 / 2019,19-10-2012 (English)
S.No. 971,Case Number,C.A. No.-008163-008163 / 2012,20-11-2012 (English)
S.No. 972,Case Number,Crl.A. No.-001834-001834 / 2012,22-11-2012 (English)
S.No. 973,Case Number,Crl.A. No.-000609-000609 / 2013,18-04-2013 (English)
S.No. 974,Case Number,C.A. No.-006736-006736 / 2013,13-08-2013 (English)
S.No. 975,Case Number,C.A. No.-002147-002147 / 2010,17-04-2013 (English)
S.No. 976,Case Number,C.A. No.-007899-007899 / 2012,09-11-2012 (English)
S.No. 977,Case Number,C.A. No.-008216-008216 / 2013,13-09-2013 (English)
S.No. 978,Case Number,C.A. No.-007761-007761 / 2013,05-09-2013 (English)
S.No. 979,Case Number,SLP(C) No.-004616-004616 / 2010,08-04-2013 (English)
S.No. 980,Case Number,C.A. No.-008643-008643 / 2012,05-12-2012 (English)
S.No. 981,Case Number,C.A. No.-008072-008072 / 2013,10-09-2013 (English)
S.No. 982,Case Number,Crl.A. No.-000300-000301 / 2011,05-02-2013 (English)
S.No. 983,Case Number,Crl.A. No.-000188-000188 / 2013,28-01-2013 (English)
S.No. 984,Case Number,Crl.A. No.-000785-000785 / 2013,16-05-2013 (English)
S.No. 985,Case Number,C.A. No.-006842-006842 / 2014,25-07-2013 (English)
S.No. 986,Case Number,C.A. No.-002770-002770 / 2013,02-04-2013 (English)
S.No. 987,Case Number,C.A. No.-004127-004127 / 2013,29-04-2013 (English)
S.No. 988,Case Number,C.A. No.-002323-002323 / 2013,12-03-2013 (English)
S.No. 989,Case Number,C.A. No.-002537-002537 / 2013,15-03-2013 (English)
S.No. 990,Case Number,Crl.A. No.-000120-000120 / 2012,11-04-2013 (English)
S.No. 991,Case Number,Crl.A. No.-000249-000250 / 2011,19-09-2013 (English)
S.No. 992,Case Number,C.A. No.-005498-005498 / 2013,16-07-2013 (English)
S.No. 993,Case Number,C.A. No.-005428-005428 / 2013,11-07-2013 (English)
S.No. 994,Case Number,Crl.A. No.-001778-001779 / 2012,05-11-2012 (English)
S.No. 995,Case Number,C.A. No.-008187-008188 / 2012,21-11-2012 (English)
S.No. 996,Case Number,Crl.A. No.-000012-000012 / 2013,03-01-2013 (English)
S.No. 997,Case Number,Crl.A. No.-000165-000166 / 2011,10-09-2013 (English)
S.No. 998,Case Number,Crl.A. No.-000728-000728 / 2013,09-05-2013 (English)
S.No. 999,Case Number,C.A. No.-006086-006086 / 2013,26-07-2013 (English)
S.No. 1000,Case Number,Crl.A. No.-000445-000445 / 2013,14-03-2013 (English)
S.No. 1001,Case Number,W.P.(C) No.-000548-000548 / 2012,03-09-2013 (English)
S.No. 1002,Case Number,Crl.A. No.-001689-001689 / 2012,19-10-2012 (English)
S.No. 1003,Case Number,Crl.A. No.-000934-000936 / 2013,16-07-2013 (English)
S.No. 1004,Case Number,Crl.A. No.-001465-001465 / 2013,18-09-2013 (English)
S.No. 1005,Case Number,C.A. No.-003840-003840 / 2013,12-04-2013 (English)
S.No. 1006,Case Number,C.A. No.-002316-002316 / 2013,11-03-2013 (English)
S.No. 1007,Case Number,C.A. No.-000937-000937 / 2013,05-02-2013 (English)
S.No. 1008,Case Number,C.A. No.-008071-008071 / 2013,10-09-2013 (English)
S.No. 1009,Case Number,C.A. No.-004832-004832 / 2013,01-07-2013 (English)
S.No. 1010,Case Number,C.A. No.-005888-005888 / 2013,18-07-2013 (English)
S.No. 1011,Case Number,C.A. No.-006150-006150 / 2013,30-07-2013 (English)
S.No. 1012,Case Number,C.A. No.-000087-000088 / 2013,18-01-2013 (English)
S.No. 1013,Case Number,SLP(C) No.-039105-039105 / 2012,04-07-2013 (English)
S.No. 1014,Case Number,SLP(C) No.-002671-002671 / 2011,20-02-2013 (English)
S.No. 1015,Case Number,Crl.A. No.-000887-000887 / 2013,09-07-2013 (English)
S.No. 1016,Case Number,Crl.A. No.-001436-001436 / 2013,13-09-2013 (English)
S.No. 1017,Case Number,W.P.(C) No.-000180-000180 / 2011,18-04-2013 (English)
S.No. 1018,Case Number,Crl.A. No.-000766-000766 / 2008,13-12-2012 (English)
S.No. 1019,Case Number,Crl.A. No.-001447-001448 / 2007,13-03-2013 (English)
S.No. 1020,Case Number,Crl.A. No.-000539-000539 / 2013,05-04-2013 (English)
S.No. 1021,Case Number,Crl.A. No.-000556-000556 / 2004,18-07-2013 (English)
S.No. 1022,Case Number,C.A. No.-008645-008645 / 2012,30-11-2012 (English)
S.No. 1023,Case Number,Crl.A. No.-002173-002173 / 2009,04-10-2013 (English)
S.No. 1024,Case Number,Crl.A. No.-001987-001987 / 2012,04-12-2012 (English)
S.No. 1025,Case Number,Crl.A. No.-000373-000373 / 2013,01-03-2013 (English)
S.No. 1026,Case Number,W.P.(C) No.-000876-000876 / 1996,17-07-2013 (English)
S.No. 1027,Case Number,C.A. No.-006392-006392 / 2003,01-03-2013 (English)
S.No. 1028,Case Number,Crl.A. No.-001771-001771 / 2011,15-01-2013 (English)
