﻿Column-0,Column-1,Column-2,Column-3
S.No. 1,Case Number,Appeal Civil 25 of 1971,"14-10-1977 (English)
14-10-1977 (English)
14-10-1977 (English)
14-10-1977 (English)
13-10-1977 (English)
12-10-1977 (English)
12-10-1977 (English)
12-10-1977 (English)
11-10-1977 (English)
11-10-1977 (English)
10-10-1977 (English)"
S.No. 2,Case Number,Crl.A. No.-000325-000325 / 1995,05-11-1976 (English)
S.No. 3,Case Number,Crl.A. No.-000165-000166 / 2000,25-02-1977 (English)
S.No. 4,Case Number,C.A. No.-003715-003715 / 1984,03-03-1977 (English)
