﻿Column-0,Column-1,Column-2,Column-3
S.No. 1,Case Number,Writ Petition (crl.) 284-285 of 2005,"11-10-2006 (English)
11-10-2006 (English)
10-10-2006 (English)
10-10-2006 (English)
24-08-2006 (English)
24-08-2006 (English)
21-08-2006 (English)
21-08-2006 (English)
21-08-2006 (English)
11-08-2006 (English)
11-07-2006 (English)"
S.No. 2,Case Number,/,12-05-2006 (English)
S.No. 3,Case Number,/,25-04-2006 (English)
S.No. 4,Case Number,/,24-04-2006 (English)
S.No. 5,Case Number,/,03-04-2006 (English)
S.No. 6,Case Number,/,22-05-2006 (English)
S.No. 7,Case Number,/,12-05-2006 (English)
S.No. 8,Case Number,/,26-04-2006 (English)
S.No. 9,Case Number,Crl.A. No.-000689-000689 / 2006,05-06-2006 (English)
S.No. 10,Case Number,/,08-05-2006 (English)
S.No. 11,Case Number,Crl.A. No.-001078-001079 / 2005,08-08-2006 (English)
S.No. 12,Case Number,Crl.A. No.-000682-000682 / 1999,23-11-2005 (English)
S.No. 13,Case Number,C.A. No.-004108-004108 / 2006,13-09-2006 (English)
S.No. 14,Case Number,C.A. No.-001276-001276 / 2006,"24-02-2006 (English)
24-02-2006 (English)"
S.No. 15,Case Number,SLP(C) No.-000063-000063 / 2006,31-01-2006 (English)
S.No. 16,Case Number,C.A. No.-001100-001100 / 2000,"05-05-2006 (English)
18-01-2006 (English)"
S.No. 17,Case Number,C.A. No.-001150-001150 / 2006,28-04-2006 (English)
S.No. 18,Case Number,C.A. No.-001263-001263 / 2006,24-02-2006 (English)
S.No. 19,Case Number,C.A. No.-003536-003536 / 2006,18-08-2006 (English)
S.No. 20,Case Number,C.A. No.-005124-005124 / 2004,07-11-2005 (English)
S.No. 21,Case Number,C.A. No.-000351-000355 / 2005,17-11-2005 (English)
S.No. 22,Case Number,C.A. No.-001266-001266 / 2006,24-02-2006 (English)
S.No. 23,Case Number,Crl.A. No.-000362-000362 / 1999,12-05-2006 (English)
S.No. 24,Case Number,C.A. No.-001913-001913 / 2004,26-10-2005 (English)
S.No. 25,Case Number,C.A. No.-000919-000919 / 2002,31-01-2006 (English)
S.No. 26,Case Number,C.A. No.-001876-001876 / 2006,03-04-2006 (English)
S.No. 27,Case Number,C.A. No.-000894-000895 / 2002,06-03-2006 (English)
S.No. 28,Case Number,C.A. No.-004126-004126 / 2006,14-09-2006 (English)
S.No. 29,Case Number,Crl.A. No.-000186-000186 / 2000,04-01-2006 (English)
S.No. 30,Case Number,ARBIT.CASE(C) No.-000004-000004 / 2006,24-05-2006 (English)
S.No. 31,Case Number,C.A. No.-000729-000729 / 2004,13-09-2006 (English)
S.No. 32,Case Number,C.A. No.-006951-006951 / 2005,18-11-2005 (English)
S.No. 33,Case Number,C.A. No.-007306-007306 / 2005,08-12-2005 (English)
S.No. 34,Case Number,W.P.(C) No.-000009-000009 / 2001,19-05-2006 (English)
S.No. 35,Case Number,Crl.A. No.-000520-000520 / 2005,04-01-2006 (English)
S.No. 36,Case Number,C.A. No.-006677-006677 / 2004,12-07-2006 (English)
S.No. 37,Case Number,C.A. No.-000691-000691 / 2005,10-07-2006 (English)
S.No. 38,Case Number,C.A. No.-003370-003370 / 2003,21-10-2005 (English)
S.No. 39,Case Number,C.A. No.-004488-004488 / 2004,12-07-2006 (English)
S.No. 40,Case Number,Crl.A. No.-000786-000786 / 2006,24-07-2006 (English)
S.No. 41,Case Number,C.A. No.-005505-005507 / 2003,05-04-2006 (English)
S.No. 42,Case Number,C.A. No.-003734-003734 / 2000,29-03-2006 (English)
S.No. 43,Case Number,C.A. No.-003951-003951 / 2002,22-03-2006 (English)
S.No. 44,Case Number,C.A. No.-003371-003371 / 2006,04-08-2006 (English)
S.No. 45,Case Number,Crl.A. No.-000329-000329 / 2000,21-09-2006 (English)
S.No. 46,Case Number,Crl.A. No.-000797-000797 / 2006,27-07-2006 (English)
S.No. 47,Case Number,C.A. No.-003087-003087 / 2006,21-07-2006 (English)
S.No. 48,Case Number,C.A. No.-002409-002409 / 2006,02-05-2006 (English)
S.No. 49,Case Number,Crl.A. No.-000367-000367 / 2005,20-09-2006 (English)
S.No. 50,Case Number,C.A. No.-002728-002728 / 2001,09-05-2006 (English)
S.No. 51,Case Number,C.A. No.-005502-005502 / 2004,08-11-2005 (English)
S.No. 52,Case Number,Crl.A. No.-000582-000582 / 2000,04-07-2006 (English)
S.No. 53,Case Number,C.A. No.-006200-006200 / 2004,25-11-2005 (English)
S.No. 54,Case Number,Crl.A. No.-001368-001368 / 2004,25-04-2006 (English)
S.No. 55,Case Number,C.A. No.-000976-000976 / 1998,19-10-2005 (English)
S.No. 56,Case Number,C.A. No.-001364-001364 / 1999,19-09-2006 (English)
S.No. 57,Case Number,C.A. No.-001197-001197 / 2005,18-01-2006 (English)
S.No. 58,Case Number,Crl.A. No.-001047-001047 / 2006,12-10-2006 (English)
S.No. 59,Case Number,C.A. No.-001501-001501 / 2000,06-02-2006 (English)
S.No. 60,Case Number,C.A. No.-007378-007378 / 2003,17-04-2006 (English)
S.No. 61,Case Number,C.A. No.-002335-002335 / 2006,28-04-2006 (English)
S.No. 62,Case Number,C.A. No.-009668-009668 / 2003,25-10-2005 (English)
S.No. 63,Case Number,C.A. No.-002579-002579 / 1998,30-08-2006 (English)
S.No. 64,Case Number,Crl.A. No.-000974-000974 / 2006,18-09-2006 (English)
S.No. 65,Case Number,C.A. No.-002066-002066 / 2006,15-09-2006 (English)
S.No. 66,Case Number,C.A. No.-004191-004191 / 2004,22-09-2006 (English)
S.No. 67,Case Number,C.A. No.-002576-002576 / 2001,09-05-2006 (English)
S.No. 68,Case Number,Crl.A. No.-000640-000640 / 2006,12-05-2006 (English)
S.No. 69,Case Number,C.A. No.-006777-006777 / 2003,15-02-2006 (English)
S.No. 70,Case Number,C.A. No.-001489-001489 / 2001,17-04-2006 (English)
S.No. 71,Case Number,C.A. No.-004066-004067 / 2003,28-08-2006 (English)
S.No. 72,Case Number,Crl.A. No.-000849-000849 / 2004,23-11-2005 (English)
S.No. 73,Case Number,C.A. No.-003870-003870 / 2006,30-08-2006 (English)
S.No. 74,Case Number,C.A. No.-005573-005574 / 2004,22-03-2006 (English)
S.No. 75,Case Number,C.A. No.-002082-002082 / 2003,11-05-2006 (English)
S.No. 76,Case Number,C.A. No.-001015-001015 / 2005,03-02-2006 (English)
S.No. 77,Case Number,Crl.A. No.-000421-000421 / 2006,13-04-2006 (English)
S.No. 78,Case Number,C.A. No.-001294-001294 / 2001,11-09-2006 (English)
S.No. 79,Case Number,C.A. No.-001433-001433 / 2006,03-03-2006 (English)
S.No. 80,Case Number,C.A. No.-004114-004114 / 2001,05-09-2006 (English)
S.No. 81,Case Number,C.A. No.-005551-005551 / 2004,18-04-2006 (English)
S.No. 82,Case Number,C.A. No.-007405-007405 / 2000,12-05-2006 (English)
S.No. 83,Case Number,C.A. No.-002122-002122 / 2006,02-05-2006 (English)
S.No. 84,Case Number,Crl.A. No.-000446-000449 / 2004,08-03-2006 (English)
S.No. 85,Case Number,C.A. No.-003280-003280 / 2002,06-03-2006 (English)
S.No. 86,Case Number,Crl.A. No.-000798-000798 / 2006,27-07-2006 (English)
S.No. 87,Case Number,C.A. No.-006449-006450 / 2005,21-10-2005 (English)
S.No. 88,Case Number,Crl.A. No.-000236-000236 / 2006,05-07-2006 (English)
S.No. 89,Case Number,C.A. No.-001073-001073 / 2006,10-02-2006 (English)
S.No. 90,Case Number,C.A. No.-004552-004552 / 2000,04-07-2006 (English)
S.No. 91,Case Number,C.A. No.-004757-004758 / 2000,08-11-2005 (English)
S.No. 92,Case Number,C.A. No.-000024-000024 / 2005,12-12-2005 (English)
S.No. 93,Case Number,C.A. No.-003170-003173 / 2000,05-01-2006 (English)
S.No. 94,Case Number,C.A. No.-002380-002380 / 2001,27-09-2006 (English)
S.No. 95,Case Number,C.A. No.-001558-001558 / 1999,22-03-2006 (English)
S.No. 96,Case Number,C.A. No.-006164-006164 / 1999,24-08-2006 (English)
S.No. 97,Case Number,C.A. No.-001646-001646 / 1999,21-10-2005 (English)
S.No. 98,Case Number,C.A. No.-002153-002153 / 2006,21-04-2006 (English)
S.No. 99,Case Number,C.A. No.-002408-002408 / 2001,01-08-2006 (English)
S.No. 100,Case Number,C.A. No.-002532-002532 / 2001,31-08-2006 (English)
S.No. 101,Case Number,C.A. No.-006572-006572 / 2005,26-10-2005 (English)
S.No. 102,Case Number,Crl.A. No.-000219-000219 / 1999,25-04-2006 (English)
S.No. 103,Case Number,C.A. No.-002578-002578 / 2006,10-05-2006 (English)
S.No. 104,Case Number,C.A. No.-003468-003469 / 2003,03-01-2006 (English)
S.No. 105,Case Number,Crl.A. No.-000403-000403 / 2004,03-04-2006 (English)
S.No. 106,Case Number,C.A. No.-004819-004819 / 2000,05-04-2006 (English)
S.No. 107,Case Number,W.P.(C) No.-000202-000202 / 1995,"17-10-2006 (English)
10-04-2006 (English)
10-04-2006 (English)"
S.No. 108,Case Number,C.A. No.-002338-002338 / 2001,08-02-2006 (English)
S.No. 109,Case Number,C.A. No.-001882-001882 / 2004,24-08-2006 (English)
S.No. 110,Case Number,C.A. No.-002781-002784 / 2004,23-02-2006 (English)
S.No. 111,Case Number,C.A. No.-000346-000346 / 2005,05-04-2006 (English)
S.No. 112,Case Number,C.A. No.-003848-003848 / 2000,27-03-2006 (English)
S.No. 113,Case Number,C.A. No.-004492-004492 / 2000,04-05-2006 (English)
S.No. 114,Case Number,C.A. No.-003595-003612 / 1999,"10-04-2006 (English)
10-04-2006 (English)"
S.No. 115,Case Number,C.A. No.-001457-001457 / 2004,05-07-2006 (English)
S.No. 116,Case Number,C.A. No.-004241-004243 / 2000,25-07-2006 (English)
S.No. 117,Case Number,C.A. No.-004128-004128 / 2006,14-09-2006 (English)
S.No. 118,Case Number,C.A. No.-002947-002948 / 2001,01-08-2006 (English)
S.No. 119,Case Number,C.A. No.-006704-006780 / 2005,11-11-2005 (English)
S.No. 120,Case Number,C.A. No.-003376-003377 / 2000,21-02-2006 (English)
S.No. 121,Case Number,Crl.A. No.-000903-000903 / 2006,31-08-2006 (English)
S.No. 122,Case Number,Crl.A. No.-001451-001451 / 2005,24-10-2005 (English)
S.No. 123,Case Number,C.A. No.-006626-006675 / 2001,03-01-2006 (English)
S.No. 124,Case Number,Crl.A. No.-000791-000791 / 1998,12-05-2006 (English)
S.No. 125,Case Number,C.A. No.-003415-003415 / 2006,08-08-2006 (English)
S.No. 126,Case Number,C.A. No.-002398-002398 / 2000,19-01-2006 (English)
S.No. 127,Case Number,C.A. No.-001102-001102 / 2004,27-10-2005 (English)
S.No. 128,Case Number,Crl.A. No.-001051-001051 / 2006,13-10-2006 (English)
S.No. 129,Case Number,C.A. No.-004326-004326 / 2006,29-09-2006 (English)
S.No. 130,Case Number,C.A. No.-001836-001836 / 2001,20-04-2006 (English)
S.No. 131,Case Number,C.A. No.-004331-004331 / 2006,29-09-2006 (English)
S.No. 132,Case Number,Crl.A. No.-001375-001375 / 1999,06-07-2006 (English)
S.No. 133,Case Number,C.A. No.-006986-006987 / 2005,23-11-2005 (English)
S.No. 134,Case Number,W.P.(C) No.-000136-000136 / 2003,09-11-2005 (English)
S.No. 135,Case Number,C.A. No.-002234-002234 / 2006,24-04-2006 (English)
S.No. 136,Case Number,C.A. No.-004487-004487 / 2003,03-04-2006 (English)
S.No. 137,Case Number,Crl.A. No.-000660-000660 / 1999,25-10-2005 (English)
S.No. 138,Case Number,C.A. No.-002023-002023 / 2004,29-08-2006 (English)
S.No. 139,Case Number,C.A. No.-007472-007472 / 2003,08-08-2006 (English)
S.No. 140,Case Number,C.A. No.-002582-002582 / 2006,"10-05-2006 (English)
10-04-2006 (English)"
S.No. 141,Case Number,C.A. No.-003066-003066 / 2000,13-02-2006 (English)
S.No. 142,Case Number,Crl.A. No.-000793-000793 / 1999,18-08-2006 (English)
S.No. 143,Case Number,C.A. No.-001912-001912 / 2006,05-04-2006 (English)
S.No. 144,Case Number,C.A. No.-004292-004292 / 2006,28-09-2006 (English)
S.No. 145,Case Number,C.A. No.-004249-004249 / 2006,"25-09-2006 (English)
25-09-2006 (English)"
S.No. 146,Case Number,C.A. No.-002402-002402 / 2006,01-05-2006 (English)
S.No. 147,Case Number,T.P.(C) No.-000291-000291 / 2005,14-02-2006 (English)
S.No. 148,Case Number,Crl.A. No.-001352-001352 / 2005,20-10-2005 (English)
S.No. 149,Case Number,Crl.A. No.-000722-000722 / 2005,31-08-2006 (English)
S.No. 150,Case Number,C.A. No.-002595-002596 / 2000,19-09-2006 (English)
S.No. 151,Case Number,Crl.A. No.-000630-000630 / 2005,22-02-2006 (English)
S.No. 152,Case Number,C.A. No.-006735-006736 / 2003,24-11-2005 (English)
S.No. 153,Case Number,Crl.A. No.-000541-000541 / 1999,08-12-2005 (English)
S.No. 154,Case Number,C.A. No.-003294-003295 / 2005,08-11-2005 (English)
S.No. 155,Case Number,Crl.A. No.-000605-000605 / 2005,05-07-2006 (English)
S.No. 156,Case Number,C.A. No.-002487-002487 / 2000,16-01-2006 (English)
S.No. 157,Case Number,C.A. No.-002414-002414 / 2006,02-05-2006 (English)
S.No. 158,Case Number,C.A. No.-002413-002413 / 2006,02-05-2006 (English)
S.No. 159,Case Number,W.P.(C) No.-000210-000210 / 1999,"22-08-2006 (English)
22-08-2006 (English)"
S.No. 160,Case Number,C.A. No.-002027-002028 / 2000,26-07-2006 (English)
S.No. 161,Case Number,C.A. No.-000942-000942 / 2006,02-02-2006 (English)
S.No. 162,Case Number,Crl.A. No.-001430-001431 / 2003,28-10-2005 (English)
S.No. 163,Case Number,Crl.A. No.-001526-001526 / 2005,16-11-2005 (English)
S.No. 164,Case Number,Crl.A. No.-000557-000557 / 1999,04-01-2006 (English)
S.No. 165,Case Number,C.A. No.-003482-003482 / 2000,02-03-2006 (English)
S.No. 166,Case Number,C.A. No.-002272-002272 / 1998,09-12-2005 (English)
S.No. 167,Case Number,C.A. No.-003006-003006 / 2001,24-10-2005 (English)
S.No. 168,Case Number,SLP(C) No.-004413-004413 / 2006,03-03-2006 (English)
S.No. 169,Case Number,C.A. No.-003453-003453 / 2002,"14-07-2006 (English)
13-04-2006 (English)
13-04-2006 (English)"
S.No. 170,Case Number,C.A. No.-008307-008307 / 2002,11-10-2006 (English)
S.No. 171,Case Number,Crl.A. No.-000405-000405 / 2006,10-04-2006 (English)
S.No. 172,Case Number,C.A. No.-004150-004150 / 2003,27-04-2006 (English)
S.No. 173,Case Number,Crl.A. No.-000772-000772 / 2005,22-09-2006 (English)
S.No. 174,Case Number,C.A. No.-002262-002262 / 2005,20-09-2006 (English)
S.No. 175,Case Number,C.A. No.-000939-000939 / 2003,03-01-2006 (English)
S.No. 176,Case Number,C.A. No.-005024-005025 / 1998,23-02-2006 (English)
S.No. 177,Case Number,C.A. No.-007091-007091 / 2001,16-11-2005 (English)
S.No. 178,Case Number,C.A. No.-003354-003354 / 2001,11-05-2006 (English)
S.No. 179,Case Number,C.A. No.-000183-000183 / 2000,11-07-2006 (English)
S.No. 180,Case Number,C.A. No.-004101-004101 / 2003,25-10-2005 (English)
S.No. 181,Case Number,C.A. No.-003936-003936 / 2006,05-09-2006 (English)
S.No. 182,Case Number,C.A. No.-000313-000313 / 2005,24-03-2006 (English)
S.No. 183,Case Number,C.A. No.-001251-001251 / 2006,23-02-2006 (English)
S.No. 184,Case Number,C.A. No.-003914-003914 / 2001,05-07-2006 (English)
S.No. 185,Case Number,C.A. No.-007948-007948 / 2004,21-03-2006 (English)
S.No. 186,Case Number,C.A. No.-002560-002560 / 2005,16-12-2005 (English)
S.No. 187,Case Number,C.A. No.-004168-004168 / 2003,"26-10-2005 (English)
26-10-2005 (English)"
S.No. 188,Case Number,C.A. No.-003584-003588 / 2001,07-08-2006 (English)
S.No. 189,Case Number,C.A. No.-002521-002521 / 2000,12-05-2006 (English)
S.No. 190,Case Number,C.A. No.-008548-008548 / 2003,24-02-2006 (English)
S.No. 191,Case Number,C.A. No.-002126-002127 / 2001,05-05-2006 (English)
S.No. 192,Case Number,C.A. No.-000510-000510 / 2006,18-08-2006 (English)
S.No. 193,Case Number,C.A. No.-003548-003548 / 2006,18-08-2006 (English)
S.No. 194,Case Number,C.A. No.-003418-003418 / 2006,08-08-2006 (English)
S.No. 195,Case Number,C.A. No.-006445-006445 / 2000,14-02-2006 (English)
S.No. 196,Case Number,Crl.A. No.-000721-000721 / 2006,06-07-2006 (English)
S.No. 197,Case Number,C.A. No.-004369-004370 / 2000,07-12-2005 (English)
S.No. 198,Case Number,C.A. No.-004330-004330 / 2000,04-07-2006 (English)
S.No. 199,Case Number,ARBIT.CASE(C) No.-000008-000008 / 2005,28-04-2006 (English)
S.No. 200,Case Number,C.A. No.-001269-001269 / 2006,24-02-2006 (English)
S.No. 201,Case Number,C.A. No.-006588-006588 / 2003,12-05-2006 (English)
S.No. 202,Case Number,Crl.A. No.-000732-000732 / 2006,10-07-2006 (English)
S.No. 203,Case Number,Crl.A. No.-000118-000118 / 2006,19-01-2006 (English)
S.No. 204,Case Number,C.A. No.-006396-006396 / 2001,16-02-2006 (English)
S.No. 205,Case Number,C.A. No.-008078-008078 / 2004,18-11-2005 (English)
S.No. 206,Case Number,C.A. No.-004056-004056 / 2006,11-09-2006 (English)
S.No. 207,Case Number,C.A. No.-007686-007686 / 2004,28-04-2006 (English)
S.No. 208,Case Number,C.A. No.-006337-006337 / 2003,12-05-2006 (English)
S.No. 209,Case Number,C.A. No.-002949-002950 / 2001,22-03-2006 (English)
S.No. 210,Case Number,C.A. No.-004092-004092 / 2001,16-12-2005 (English)
S.No. 211,Case Number,C.A. No.-002791-002793 / 2002,04-07-2006 (English)
S.No. 212,Case Number,Crl.A. No.-001368-001368 / 2005,25-08-2006 (English)
S.No. 213,Case Number,Crl.A. No.-000977-000977 / 2006,18-09-2006 (English)
S.No. 214,Case Number,C.A. No.-006703-006703 / 2005,11-11-2005 (English)
S.No. 215,Case Number,C.A. No.-003535-003535 / 2006,18-08-2006 (English)
S.No. 216,Case Number,C.A. No.-002539-002540 / 2005,23-05-2006 (English)
S.No. 217,Case Number,Crl.A. No.-001521-001521 / 2005,29-09-2006 (English)
S.No. 218,Case Number,Crl.A. No.-001354-001354 / 2005,20-10-2005 (English)
S.No. 219,Case Number,C.A. No.-003953-003953 / 2006,06-09-2006 (English)
S.No. 220,Case Number,C.A. No.-002034-002034 / 2003,03-01-2006 (English)
S.No. 221,Case Number,C.A. No.-004223-004223 / 2006,21-09-2006 (English)
S.No. 222,Case Number,SLP(C) No.-004957-004957 / 2006,24-08-2006 (English)
S.No. 223,Case Number,C.A. No.-004101-004103 / 2004,24-05-2006 (English)
S.No. 224,Case Number,C.A. No.-002249-002249 / 2006,25-04-2006 (English)
S.No. 225,Case Number,C.A. No.-003537-003537 / 2006,18-08-2006 (English)
S.No. 226,Case Number,Crl.A. No.-000905-000905 / 2006,31-08-2006 (English)
S.No. 227,Case Number,C.A. No.-007840-007840 / 2002,18-11-2005 (English)
S.No. 228,Case Number,W.P.(C) No.-000216-000216 / 1999,10-03-2006 (English)
S.No. 229,Case Number,C.A. No.-002981-002981 / 2006,14-07-2006 (English)
S.No. 230,Case Number,C.A. No.-005572-005573 / 2000,27-03-2006 (English)
S.No. 231,Case Number,Crl.A. No.-001081-001081 / 2005,24-02-2006 (English)
S.No. 232,Case Number,C.A. No.-004532-004532 / 2006,18-10-2006 (English)
S.No. 233,Case Number,C.A. No.-002152-002152 / 2006,21-04-2006 (English)
S.No. 234,Case Number,Crl.A. No.-000588-000588 / 2005,06-01-2006 (English)
S.No. 235,Case Number,C.A. No.-003727-003727 / 1999,30-03-2006 (English)
S.No. 236,Case Number,C.A. No.-007032-007032 / 2001,05-09-2006 (English)
S.No. 237,Case Number,C.A. No.-004334-004334 / 2006,29-09-2006 (English)
S.No. 238,Case Number,C.A. No.-000039-000039 / 1999,08-11-2005 (English)
S.No. 239,Case Number,C.A. No.-007308-007309 / 2005,08-12-2005 (English)
S.No. 240,Case Number,C.A. No.-002475-002475 / 2006,"05-05-2006 (English)
05-05-2006 (English)
05-05-2006 (English)"
S.No. 241,Case Number,C.A. No.-004058-004058 / 2006,11-09-2006 (English)
S.No. 242,Case Number,Crl.A. No.-000661-000661 / 2005,01-09-2006 (English)
S.No. 243,Case Number,Crl.A. No.-000495-000495 / 2004,25-10-2005 (English)
S.No. 244,Case Number,C.A. No.-008267-008267 / 2004,05-04-2006 (English)
S.No. 245,Case Number,C.A. No.-001271-001271 / 2006,24-02-2006 (English)
S.No. 246,Case Number,C.A. No.-001101-001101 / 2006,13-02-2006 (English)
S.No. 247,Case Number,C.A. No.-004328-004328 / 2006,29-09-2006 (English)
S.No. 248,Case Number,Crl.A. No.-001476-001476 / 2005,27-10-2005 (English)
S.No. 249,Case Number,C.A. No.-000723-000723 / 2006,01-09-2006 (English)
S.No. 250,Case Number,C.A. No.-004172-004185 / 2000,21-11-2005 (English)
S.No. 251,Case Number,C.A. No.-004436-004436 / 2001,20-07-2006 (English)
S.No. 252,Case Number,Crl.A. No.-000756-000756 / 1999,08-12-2005 (English)
S.No. 253,Case Number,W.P.(C) No.-000183-000183 / 2003,"02-03-2006 (English)
02-03-2006 (English)"
S.No. 254,Case Number,C.A. No.-003019-003019 / 2004,22-09-2006 (English)
S.No. 255,Case Number,Crl.A. No.-000927-000927 / 2005,11-10-2006 (English)
S.No. 256,Case Number,C.A. No.-001600-001600 / 2005,27-01-2006 (English)
S.No. 257,Case Number,C.A. No.-001251-001251 / 2005,10-07-2006 (English)
S.No. 258,Case Number,C.A. No.-000945-000946 / 2003,24-02-2006 (English)
S.No. 259,Case Number,C.A. No.-000773-000773 / 2001,23-03-2006 (English)
S.No. 260,Case Number,C.A. No.-000774-000775 / 2001,23-03-2006 (English)
S.No. 261,Case Number,C.A. No.-007307-007307 / 2005,08-12-2005 (English)
S.No. 262,Case Number,SLP(C) No.-011279-011279 / 2006,03-07-2006 (English)
S.No. 263,Case Number,C.A. No.-002999-002999 / 2006,17-07-2006 (English)
S.No. 264,Case Number,Crl.A. No.-000245-000245 / 2006,24-02-2006 (English)
S.No. 265,Case Number,Crl.A. No.-000773-000773 / 2000,04-01-2006 (English)
S.No. 266,Case Number,C.A. No.-004256-004256 / 2006,25-09-2006 (English)
S.No. 267,Case Number,C.A. No.-003877-003878 / 2001,23-03-2006 (English)
S.No. 268,Case Number,C.A. No.-001367-001367 / 2006,28-02-2006 (English)
S.No. 269,Case Number,C.A. No.-006492-006492 / 2005,24-10-2005 (English)
S.No. 270,Case Number,C.A. No.-002554-002554 / 2003,16-12-2005 (English)
S.No. 271,Case Number,C.A. No.-008357-008357 / 2003,12-01-2006 (English)
S.No. 272,Case Number,C.A. No.-003813-003813 / 2005,31-08-2006 (English)
S.No. 273,Case Number,C.A. No.-002637-002637 / 2006,12-05-2006 (English)
S.No. 274,Case Number,C.A. No.-007938-007938 / 2004,25-05-2006 (English)
S.No. 275,Case Number,C.A. No.-004121-004121 / 2006,14-09-2006 (English)
S.No. 276,Case Number,C.A. No.-003322-003322 / 1998,01-05-2006 (English)
S.No. 277,Case Number,C.A. No.-002079-002079 / 2006,17-04-2006 (English)
S.No. 278,Case Number,C.A. No.-003086-003086 / 2006,21-07-2006 (English)
S.No. 279,Case Number,C.A. No.-004670-004670 / 2004,11-07-2006 (English)
S.No. 280,Case Number,CONMT.PET.(C) No.-000148-000148 / 2003,12-04-2006 (English)
S.No. 281,Case Number,Crl.A. No.-000002-000002 / 2006,02-01-2006 (English)
S.No. 282,Case Number,C.A. No.-001426-001426 / 2001,11-09-2006 (English)
S.No. 283,Case Number,C.A. No.-006808-006808 / 2005,14-11-2005 (English)
S.No. 284,Case Number,C.A. No.-004262-004262 / 2001,20-07-2006 (English)
S.No. 285,Case Number,C.A. No.-007105-007105 / 1999,24-04-2006 (English)
S.No. 286,Case Number,C.A. No.-003552-003552 / 2005,24-07-2006 (English)
S.No. 287,Case Number,C.A. No.-003972-003972 / 2001,29-09-2006 (English)
S.No. 288,Case Number,C.A. No.-001732-001732 / 2006,24-03-2006 (English)
S.No. 289,Case Number,Crl.A. No.-001027-001027 / 2006,09-10-2006 (English)
S.No. 290,Case Number,C.A. No.-001396-001396 / 2006,13-07-2006 (English)
S.No. 291,Case Number,Crl.A. No.-000861-000861 / 1997,"27-10-2005 (English)
27-10-2005 (English)"
S.No. 292,Case Number,C.A. No.-004263-004263 / 2006,26-09-2006 (English)
S.No. 293,Case Number,C.A. No.-006373-006373 / 2001,24-05-2006 (English)
S.No. 294,Case Number,C.A. No.-007040-007040 / 2000,19-05-2006 (English)
S.No. 295,Case Number,C.A. No.-001216-001256 / 2003,12-04-2006 (English)
S.No. 296,Case Number,C.A. No.-003419-003419 / 2006,08-08-2006 (English)
S.No. 297,Case Number,C.A. No.-004766-004766 / 2001,11-07-2006 (English)
S.No. 298,Case Number,C.A. No.-004147-004147 / 2003,12-05-2006 (English)
S.No. 299,Case Number,C.A. No.-007305-007305 / 2003,17-01-2006 (English)
S.No. 300,Case Number,C.A. No.-001520-001522 / 2004,25-04-2006 (English)
S.No. 301,Case Number,CONMT.PET.(C) No.-000083-000083 / 2005,10-05-2006 (English)
S.No. 302,Case Number,C.A. No.-004492-004492 / 1998,12-05-2006 (English)
S.No. 303,Case Number,C.A. No.-006495-006495 / 2005,04-07-2006 (English)
S.No. 304,Case Number,S.L.P.(C)...CC No.-004998-004998 / 2004,08-06-2006 (English)
S.No. 305,Case Number,C.A. No.-010252-010269 / 2003,20-03-2006 (English)
S.No. 306,Case Number,Crl.A. No.-000982-000983 / 2003,08-11-2005 (English)
S.No. 307,Case Number,C.A. No.-003640-003640 / 2006,24-08-2006 (English)
S.No. 308,Case Number,C.A. No.-003593-003593 / 2006,08-09-2006 (English)
S.No. 309,Case Number,Crl.A. No.-001112-001113 / 1999,24-11-2005 (English)
S.No. 310,Case Number,Crl.A. No.-000698-000698 / 2006,03-07-2006 (English)
S.No. 311,Case Number,C.A. No.-003632-003632 / 2006,24-08-2006 (English)
S.No. 312,Case Number,Crl.A. No.-001229-001229 / 2002,21-02-2006 (English)
S.No. 313,Case Number,C.A. No.-004482-004482 / 2003,"22-11-2005 (English)
22-11-2005 (English)"
S.No. 314,Case Number,C.A. No.-000519-000524 / 2006,16-01-2006 (English)
S.No. 315,Case Number,SLP(C) No.-009479-009479 / 2005,05-05-2006 (English)
S.No. 316,Case Number,Crl.A. No.-000959-000959 / 2006,15-09-2006 (English)
S.No. 317,Case Number,C.A. No.-004507-004508 / 2005,16-01-2006 (English)
S.No. 318,Case Number,Crl.A. No.-001355-001355 / 2005,20-10-2005 (English)
S.No. 319,Case Number,Crl.A. No.-000871-000871 / 2005,05-05-2006 (English)
S.No. 320,Case Number,C.A. No.-003633-003633 / 2006,24-08-2006 (English)
S.No. 321,Case Number,C.A. No.-001442-001442 / 2005,20-06-2006 (English)
S.No. 322,Case Number,C.A. No.-002670-002670 / 2006,12-05-2006 (English)
S.No. 323,Case Number,C.A. No.-007586-007587 / 2002,18-05-2006 (English)
S.No. 324,Case Number,C.A. No.-004103-004103 / 2006,13-09-2006 (English)
S.No. 325,Case Number,C.A. No.-001468-001468 / 2005,22-09-2006 (English)
S.No. 326,Case Number,C.A. No.-004891-004891 / 2005,25-07-2006 (English)
S.No. 327,Case Number,W.P.(C) No.-000217-000217 / 2004,"22-08-2006 (English)
22-08-2006 (English)"
S.No. 328,Case Number,C.A. No.-004251-004251 / 2006,25-09-2006 (English)
S.No. 329,Case Number,Crl.A. No.-000910-000910 / 2006,04-09-2006 (English)
S.No. 330,Case Number,C.A. No.-007150-007151 / 2003,26-04-2006 (English)
S.No. 331,Case Number,C.A. No.-003967-003968 / 2004,23-03-2006 (English)
S.No. 332,Case Number,C.A. No.-003773-003773 / 2006,29-08-2006 (English)
S.No. 333,Case Number,C.A. No.-004422-004422 / 2001,25-09-2006 (English)
S.No. 334,Case Number,C.A. No.-003676-003676 / 2006,24-08-2006 (English)
S.No. 335,Case Number,C.A. No.-006885-006886 / 2003,10-01-2006 (English)
S.No. 336,Case Number,C.A. No.-004408-004408 / 2001,20-07-2006 (English)
S.No. 337,Case Number,C.A. No.-004448-004448 / 2006,11-10-2006 (English)
S.No. 338,Case Number,C.A. No.-001318-001318 / 2005,31-01-2006 (English)
S.No. 339,Case Number,C.A. No.-003719-003719 / 2006,28-08-2006 (English)
S.No. 340,Case Number,C.A. No.-008292-008293 / 2003,16-01-2006 (English)
S.No. 341,Case Number,C.A. No.-002896-002896 / 2006,11-07-2006 (English)
S.No. 342,Case Number,C.A. No.-003540-003540 / 2006,18-08-2006 (English)
S.No. 343,Case Number,C.A. No.-001682-001682 / 1999,13-10-2006 (English)
S.No. 344,Case Number,C.A. No.-003698-003698 / 2006,28-08-2006 (English)
S.No. 345,Case Number,C.A. No.-002381-002381 / 2006,01-05-2006 (English)
S.No. 346,Case Number,C.A. No.-007051-007051 / 2002,08-08-2006 (English)
S.No. 347,Case Number,Crl.A. No.-001353-001353 / 2005,20-10-2005 (English)
S.No. 348,Case Number,C.A. No.-006046-006058 / 2003,16-12-2005 (English)
S.No. 349,Case Number,C.A. No.-000066-000066 / 2000,18-08-2006 (English)
S.No. 350,Case Number,Crl.A. No.-000763-000763 / 2004,08-11-2005 (English)
S.No. 351,Case Number,C.A. No.-000477-000477 / 2006,13-01-2006 (English)
S.No. 352,Case Number,C.A. No.-004531-004531 / 2003,28-10-2005 (English)
S.No. 353,Case Number,C.A. No.-005416-005424 / 2000,18-10-2006 (English)
S.No. 354,Case Number,C.A. No.-007449-007449 / 2003,31-07-2006 (English)
S.No. 355,Case Number,C.A. No.-007986-007986 / 2004,10-03-2006 (English)
S.No. 356,Case Number,C.A. No.-000959-000960 / 2000,27-04-2006 (English)
S.No. 357,Case Number,C.A. No.-004678-004679 / 2000,24-04-2006 (English)
S.No. 358,Case Number,C.A. No.-003725-003725 / 2006,28-08-2006 (English)
S.No. 359,Case Number,C.A. No.-002013-002015 / 1999,31-01-2006 (English)
S.No. 360,Case Number,C.A. No.-003471-003471 / 2006,11-08-2006 (English)
S.No. 361,Case Number,C.A. No.-001342-001342 / 2006,"28-02-2006 (English)
28-02-2006 (English)"
S.No. 362,Case Number,C.A. No.-001389-001389 / 2006,12-05-2006 (English)
S.No. 363,Case Number,C.A. No.-000705-000706 / 2006,04-04-2006 (English)
S.No. 364,Case Number,C.A. No.-003253-003253 / 2005,03-07-2006 (English)
S.No. 365,Case Number,Crl.A. No.-001012-001012 / 1999,04-07-2006 (English)
S.No. 366,Case Number,SLP(C) No.-005647-005647 / 2005,25-08-2006 (English)
S.No. 367,Case Number,W.P.(C) No.-000199-000199 / 2006,08-05-2006 (English)
S.No. 368,Case Number,C.A. No.-004332-004332 / 2006,29-09-2006 (English)
S.No. 369,Case Number,C.A. No.-003492-003494 / 2005,20-04-2006 (English)
S.No. 370,Case Number,Crl.A. No.-001387-001387 / 1999,12-05-2006 (English)
S.No. 371,Case Number,C.A. No.-007623-007623 / 2005,11-09-2006 (English)
S.No. 372,Case Number,Crl.A. No.-001493-001493 / 2004,21-08-2006 (English)
S.No. 373,Case Number,Crl.A. No.-000489-000489 / 2006,25-04-2006 (English)
S.No. 374,Case Number,Crl.A. No.-000911-000911 / 2006,04-09-2006 (English)
S.No. 375,Case Number,Crl.A. No.-001369-001369 / 2004,29-09-2006 (English)
S.No. 376,Case Number,Crl.A. No.-000631-000631 / 2000,14-08-2006 (English)
S.No. 377,Case Number,C.A. No.-004333-004333 / 2006,29-09-2006 (English)
S.No. 378,Case Number,C.A. No.-007358-007358 / 2003,24-02-2006 (English)
S.No. 379,Case Number,C.A. No.-004366-004366 / 2002,25-04-2006 (English)
S.No. 380,Case Number,C.A. No.-002836-002836 / 2006,07-07-2006 (English)
S.No. 381,Case Number,C.A. No.-000908-000908 / 2000,24-08-2006 (English)
S.No. 382,Case Number,C.A. No.-001726-001726 / 2005,25-07-2006 (English)
S.No. 383,Case Number,C.A. No.-001514-001514 / 2000,17-01-2006 (English)
S.No. 384,Case Number,C.A. No.-002291-002291 / 2000,04-04-2006 (English)
S.No. 385,Case Number,C.A. No.-004950-004950 / 1999,20-10-2005 (English)
S.No. 386,Case Number,C.A. No.-004391-004392 / 2000,20-01-2006 (English)
S.No. 387,Case Number,C.A. No.-006979-006979 / 2004,23-05-2006 (English)
S.No. 388,Case Number,C.A. No.-008302-008302 / 2003,30-08-2006 (English)
S.No. 389,Case Number,C.A. No.-001500-001500 / 2004,08-11-2005 (English)
S.No. 390,Case Number,C.A. No.-003844-003844 / 2000,28-11-2005 (English)
S.No. 391,Case Number,C.A. No.-006622-006622 / 2005,07-11-2005 (English)
S.No. 392,Case Number,C.A. No.-002672-002672 / 2003,22-05-2006 (English)
S.No. 393,Case Number,C.A. No.-002903-002903 / 2001,27-07-2006 (English)
S.No. 394,Case Number,C.A. No.-007553-007553 / 2005,16-12-2005 (English)
S.No. 395,Case Number,Crl.A. No.-001176-001176 / 2005,16-02-2006 (English)
S.No. 396,Case Number,C.A. No.-007690-007690 / 1995,22-11-2005 (English)
S.No. 397,Case Number,C.A. No.-003362-003362 / 2006,03-08-2006 (English)
S.No. 398,Case Number,C.A. No.-001902-001903 / 2000,16-01-2006 (English)
S.No. 399,Case Number,C.A. No.-004937-004940 / 1998,"26-10-2005 (English)
26-10-2005 (English)
26-10-2005 (English)"
S.No. 400,Case Number,Crl.A. No.-001016-001016 / 2006,29-09-2006 (English)
S.No. 401,Case Number,C.A. No.-004109-004109 / 2006,13-09-2006 (English)
S.No. 402,Case Number,W.P.(C) No.-000257-000257 / 2005,"24-01-2006 (English)
24-01-2006 (English)
24-01-2006 (English)
24-01-2006 (English)"
S.No. 403,Case Number,C.A. No.-004424-004424 / 2004,02-02-2006 (English)
S.No. 404,Case Number,C.A. No.-007170-007170 / 2000,08-11-2005 (English)
S.No. 405,Case Number,C.A. No.-000933-000933 / 2006,02-02-2006 (English)
S.No. 406,Case Number,W.P.(C) No.-000232-000232 / 2006,17-07-2006 (English)
S.No. 407,Case Number,C.A. No.-004247-004248 / 2000,16-12-2005 (English)
S.No. 408,Case Number,C.A. No.-001766-001766 / 2005,31-01-2006 (English)
S.No. 409,Case Number,C.A. No.-005784-005784 / 2002,16-05-2006 (English)
S.No. 410,Case Number,C.A. No.-008815-008816 / 2003,29-08-2006 (English)
S.No. 411,Case Number,SLP(C) No.-008506-008506 / 2006,19-05-2006 (English)
S.No. 412,Case Number,C.A. No.-004052-004053 / 2004,02-05-2006 (English)
S.No. 413,Case Number,C.A. No.-009595-009595 / 2003,21-08-2006 (English)
S.No. 414,Case Number,C.A. No.-004573-004573 / 2005,21-08-2006 (English)
S.No. 415,Case Number,Crl.A. No.-001150-001150 / 2004,28-10-2005 (English)
S.No. 416,Case Number,C.A. No.-003023-003023 / 2006,18-07-2006 (English)
S.No. 417,Case Number,C.A. No.-000613-000613 / 2005,25-08-2006 (English)
S.No. 418,Case Number,C.A. No.-006544-006544 / 1999,09-11-2005 (English)
S.No. 419,Case Number,Crl.A. No.-001036-001036 / 2005,29-09-2006 (English)
S.No. 420,Case Number,Crl.A. No.-000711-000711 / 1995,09-11-2005 (English)
S.No. 421,Case Number,C.A. No.-001233-001233 / 2006,23-02-2006 (English)
S.No. 422,Case Number,C.A. No.-006248-006248 / 1997,15-12-2005 (English)
S.No. 423,Case Number,C.A. No.-005261-005261 / 2003,22-02-2006 (English)
S.No. 424,Case Number,C.A. No.-004854-004854 / 2000,02-08-2006 (English)
S.No. 425,Case Number,C.A. No.-001622-001622 / 2004,12-07-2006 (English)
S.No. 426,Case Number,Crl.A. No.-001470-001470 / 2005,26-10-2005 (English)
S.No. 427,Case Number,C.A. No.-003043-003043 / 2006,19-07-2006 (English)
S.No. 428,Case Number,C.A. No.-004552-004552 / 1998,"28-04-2006 (English)
28-04-2006 (English)"
S.No. 429,Case Number,C.A. No.-005030-005030 / 1999,21-10-2005 (English)
S.No. 430,Case Number,C.A. No.-005616-005617 / 2000,15-02-2006 (English)
S.No. 431,Case Number,C.A. No.-004171-004171 / 2006,18-09-2006 (English)
S.No. 432,Case Number,Crl.A. No.-000632-000632 / 2006,11-05-2006 (English)
S.No. 433,Case Number,C.A. No.-000041-000041 / 1998,18-07-2006 (English)
S.No. 434,Case Number,C.A. No.-004447-004447 / 2006,11-10-2006 (English)
S.No. 435,Case Number,C.A. No.-002410-002410 / 2006,02-05-2006 (English)
S.No. 436,Case Number,C.A. No.-005367-005367 / 2001,24-02-2006 (English)
S.No. 437,Case Number,Crl.A. No.-000773-000773 / 2005,24-11-2005 (English)
S.No. 438,Case Number,C.A. No.-001066-001066 / 2000,10-01-2006 (English)
S.No. 439,Case Number,C.A. No.-006597-006597 / 2005,27-10-2005 (English)
S.No. 440,Case Number,C.A. No.-007659-007659 / 2002,25-04-2006 (English)
S.No. 441,Case Number,Crl.A. No.-000964-000964 / 2005,17-10-2006 (English)
S.No. 442,Case Number,C.A. No.-007305-007305 / 2005,08-12-2005 (English)
S.No. 443,Case Number,C.A. No.-001731-001731 / 2006,24-03-2006 (English)
S.No. 444,Case Number,C.A. No.-004153-004153 / 2002,28-04-2006 (English)
S.No. 445,Case Number,C.A. No.-000302-000302 / 2004,21-11-2005 (English)
S.No. 446,Case Number,C.A. No.-005430-005434 / 2004,08-05-2006 (English)
S.No. 447,Case Number,C.A. No.-006319-006321 / 2003,08-03-2006 (English)
S.No. 448,Case Number,C.A. No.-001337-001340 / 2005,27-01-2006 (English)
S.No. 449,Case Number,C.A. No.-003861-003861 / 1999,19-10-2005 (English)
S.No. 450,Case Number,C.A. No.-000310-000310 / 2001,01-05-2006 (English)
S.No. 451,Case Number,C.A. No.-005397-005397 / 2002,13-12-2005 (English)
S.No. 452,Case Number,C.A. No.-004329-004329 / 2006,29-09-2006 (English)
S.No. 453,Case Number,C.A. No.-006980-006980 / 2005,22-11-2005 (English)
S.No. 454,Case Number,C.A. No.-009446-009446 / 2003,21-03-2006 (English)
S.No. 455,Case Number,Crl.A. No.-000685-000685 / 2006,"16-06-2006 (English)
16-06-2006 (English)"
S.No. 456,Case Number,C.A. No.-001520-001520 / 2001,10-04-2006 (English)
S.No. 457,Case Number,C.A. No.-004499-004499 / 2006,16-10-2006 (English)
S.No. 458,Case Number,C.A. No.-000937-000937 / 2006,02-02-2006 (English)
S.No. 459,Case Number,C.A. No.-006708-006708 / 2001,14-12-2005 (English)
S.No. 460,Case Number,C.A. No.-002751-002751 / 2006,15-06-2006 (English)
S.No. 461,Case Number,C.A. No.-001488-001489 / 2000,02-02-2006 (English)
S.No. 462,Case Number,C.A. No.-001392-001392 / 2003,04-04-2006 (English)
S.No. 463,Case Number,W.P.(C) No.-000559-000559 / 1994,13-04-2006 (English)
S.No. 464,Case Number,C.A. No.-003088-003088 / 2006,21-07-2006 (English)
S.No. 465,Case Number,C.A. No.-007304-007304 / 2005,08-12-2005 (English)
S.No. 466,Case Number,C.A. No.-007351-007351 / 2001,25-04-2006 (English)
S.No. 467,Case Number,C.A. No.-003343-003554 / 1999,26-10-2005 (English)
S.No. 468,Case Number,C.A. No.-003418-003418 / 2003,22-09-2006 (English)
S.No. 469,Case Number,C.A. No.-004147-004147 / 2006,15-09-2006 (English)
S.No. 470,Case Number,C.A. No.-001417-001417 / 2001,29-03-2006 (English)
S.No. 471,Case Number,Crl.A. No.-001447-001447 / 2005,24-10-2005 (English)
S.No. 472,Case Number,C.A. No.-000171-000171 / 2004,05-07-2006 (English)
S.No. 473,Case Number,Crl.A. No.-000530-000530 / 2006,05-05-2006 (English)
S.No. 474,Case Number,C.A. No.-005660-005660 / 2000,09-03-2006 (English)
S.No. 475,Case Number,Crl.A. No.-001642-001642 / 2005,31-03-2006 (English)
S.No. 476,Case Number,C.A. No.-014185-014188 / 1996,18-08-2006 (English)
S.No. 477,Case Number,C.A. No.-004730-004730 / 1996,12-05-2006 (English)
S.No. 478,Case Number,C.A. No.-001421-001421 / 1999,19-10-2005 (English)
S.No. 479,Case Number,C.A. No.-000694-000695 / 2005,25-04-2006 (English)
S.No. 480,Case Number,C.A. No.-003623-003623 / 2006,"22-08-2006 (English)
22-08-2006 (English)"
S.No. 481,Case Number,C.A. No.-007817-007817 / 2003,25-07-2006 (English)
S.No. 482,Case Number,C.A. No.-006382-006382 / 2003,03-05-2006 (English)
S.No. 483,Case Number,C.A. No.-002708-002708 / 2002,11-11-2005 (English)
S.No. 484,Case Number,C.A. No.-000940-000940 / 2006,02-02-2006 (English)
S.No. 485,Case Number,Crl.A. No.-000300-000300 / 2005,20-07-2006 (English)
S.No. 486,Case Number,C.A. No.-005297-005297 / 2005,"18-10-2006 (English)
18-10-2006 (English)"
S.No. 487,Case Number,C.A. No.-003185-003185 / 2006,28-07-2006 (English)
S.No. 488,Case Number,Crl.A. No.-001067-001067 / 1999,06-07-2006 (English)
S.No. 489,Case Number,C.A. No.-003005-003005 / 2005,03-02-2006 (English)
S.No. 490,Case Number,C.A. No.-002977-002977 / 2004,25-10-2005 (English)
S.No. 491,Case Number,Crl.A. No.-001401-001402 / 1999,14-02-2006 (English)
S.No. 492,Case Number,C.A. No.-002137-002137 / 2000,20-02-2006 (English)
S.No. 493,Case Number,Crl.A. No.-001507-001507 / 2005,03-05-2006 (English)
S.No. 494,Case Number,C.A. No.-004089-004089 / 2006,12-09-2006 (English)
S.No. 495,Case Number,C.A. No.-003246-003246 / 2005,04-07-2006 (English)
S.No. 496,Case Number,W.P.(C) No.-000585-000585 / 1994,12-10-2006 (English)
S.No. 497,Case Number,C.A. No.-002823-002823 / 2005,19-07-2006 (English)
S.No. 498,Case Number,C.A. No.-000149-000149 / 2004,12-05-2006 (English)
S.No. 499,Case Number,Crl.A. No.-000691-000691 / 2003,28-10-2005 (English)
S.No. 500,Case Number,Crl.A. No.-001446-001450 / 2004,13-07-2006 (English)
S.No. 501,Case Number,C.A. No.-004139-004139 / 2006,14-09-2006 (English)
S.No. 502,Case Number,C.A. No.-003417-003417 / 2006,08-08-2006 (English)
S.No. 503,Case Number,C.A. No.-006894-006894 / 1997,10-04-2006 (English)
S.No. 504,Case Number,C.A. No.-004335-004335 / 2006,29-09-2006 (English)
S.No. 505,Case Number,C.A. No.-006907-006907 / 2005,18-11-2005 (English)
S.No. 506,Case Number,C.A. No.-005458-005458 / 2004,17-11-2005 (English)
S.No. 507,Case Number,C.A. No.-004388-004388 / 2006,11-10-2006 (English)
S.No. 508,Case Number,C.A. No.-001727-001727 / 2002,25-05-2006 (English)
S.No. 509,Case Number,Crl.A. No.-000834-000834 / 2002,20-07-2006 (English)
S.No. 510,Case Number,W.P.(C) No.-000386-000386 / 2001,27-02-2006 (English)
S.No. 511,Case Number,C.A. No.-003041-003041 / 2006,19-07-2006 (English)
S.No. 512,Case Number,Crl.A. No.-001266-001266 / 1998,17-11-2005 (English)
S.No. 513,Case Number,C.A. No.-001159-001170 / 2004,15-12-2005 (English)
S.No. 514,Case Number,C.A. No.-006114-006114 / 1999,25-09-2006 (English)
S.No. 515,Case Number,Crl.A. No.-000639-000639 / 2005,20-07-2006 (English)
S.No. 516,Case Number,C.A. No.-006580-006580 / 1999,10-11-2005 (English)
S.No. 517,Case Number,C.A. No.-005773-005776 / 2000,12-05-2006 (English)
S.No. 518,Case Number,C.A. No.-003347-003347 / 2000,08-02-2006 (English)
S.No. 519,Case Number,C.A. No.-004125-004125 / 2006,14-09-2006 (English)
S.No. 520,Case Number,C.A. No.-000486-000486 / 2003,18-09-2006 (English)
S.No. 521,Case Number,C.A. No.-004351-004351 / 2004,11-07-2006 (English)
S.No. 522,Case Number,C.A. No.-002956-002956 / 2000,01-02-2006 (English)
S.No. 523,Case Number,C.A. No.-003113-003113 / 2006,24-07-2006 (English)
S.No. 524,Case Number,C.A. No.-007898-007900 / 2002,10-04-2006 (English)
S.No. 525,Case Number,C.A. No.-005757-005759 / 2002,21-07-2006 (English)
S.No. 526,Case Number,C.A. No.-003465-003465 / 2000,25-04-2006 (English)
S.No. 527,Case Number,C.A. No.-006960-006960 / 2005,28-04-2006 (English)
S.No. 528,Case Number,C.A. No.-009442-009442 / 2003,16-02-2006 (English)
S.No. 529,Case Number,C.A. No.-010074-010075 / 2003,"18-04-2006 (English)
18-04-2006 (English)"
S.No. 530,Case Number,C.A. No.-000623-000623 / 2005,23-01-2006 (English)
S.No. 531,Case Number,Crl.A. No.-000596-000596 / 2005,05-04-2006 (English)
S.No. 532,Case Number,C.A. No.-002084-002084 / 2003,18-07-2006 (English)
S.No. 533,Case Number,C.A. No.-014817-014817 / 1996,17-11-2005 (English)
S.No. 534,Case Number,C.A. No.-001015-001015 / 2000,17-08-2006 (English)
S.No. 535,Case Number,W.P.(C) No.-000393-000393 / 2003,07-12-2005 (English)
S.No. 536,Case Number,C.A. No.-003134-003134 / 2002,04-04-2006 (English)
S.No. 537,Case Number,C.A. No.-004406-004406 / 2005,19-10-2005 (English)
S.No. 538,Case Number,C.A. No.-002325-002325 / 2006,28-04-2006 (English)
S.No. 539,Case Number,C.A. No.-001209-001210 / 2003,19-07-2006 (English)
S.No. 540,Case Number,Crl.A. No.-000199-000199 / 2000,10-11-2005 (English)
S.No. 541,Case Number,C.A. No.-001790-001790 / 2005,01-08-2006 (English)
S.No. 542,Case Number,C.A. No.-002972-002972 / 2001,07-11-2005 (English)
S.No. 543,Case Number,C.A. No.-002474-002474 / 2006,05-05-2006 (English)
S.No. 544,Case Number,Crl.A. No.-000330-000330 / 2006,"24-03-2006 (English)
24-03-2006 (English)"
S.No. 545,Case Number,C.A. No.-003411-003421 / 2005,"03-05-2006 (English)
03-05-2006 (English)"
S.No. 546,Case Number,Crl.A. No.-001123-001123 / 1999,12-05-2006 (English)
S.No. 547,Case Number,C.A. No.-000306-000307 / 2005,02-05-2006 (English)
S.No. 548,Case Number,C.A. No.-007535-007535 / 2005,16-12-2005 (English)
S.No. 549,Case Number,C.A. No.-004982-004982 / 2000,29-08-2006 (English)
S.No. 550,Case Number,C.A. No.-003221-003221 / 2006,01-08-2006 (English)
S.No. 551,Case Number,C.A. No.-003443-003443 / 2006,"18-10-2006 (English)
18-10-2006 (English)"
S.No. 552,Case Number,C.A. No.-007244-007244 / 2005,06-12-2005 (English)
S.No. 553,Case Number,ARBIT.CASE(C) No.-000022-000022 / 2005,29-11-2005 (English)
S.No. 554,Case Number,C.A. No.-003166-003166 / 2006,26-07-2006 (English)
S.No. 555,Case Number,Crl.A. No.-000546-000546 / 2000,04-07-2006 (English)
S.No. 556,Case Number,C.A. No.-005625-005625 / 2002,16-02-2006 (English)
S.No. 557,Case Number,C.A. No.-008015-008015 / 2002,17-08-2006 (English)
S.No. 558,Case Number,C.A. No.-004224-004224 / 2006,21-09-2006 (English)
S.No. 559,Case Number,C.A. No.-007015-007015 / 2005,"23-11-2005 (English)
22-11-2005 (English)"
S.No. 560,Case Number,Crl.A. No.-000175-000175 / 2000,08-11-2005 (English)
S.No. 561,Case Number,C.A. No.-003980-003980 / 2006,08-09-2006 (English)
S.No. 562,Case Number,Crl.A. No.-001644-001644 / 2005,24-08-2006 (English)
S.No. 563,Case Number,Crl.A. No.-000842-000842 / 2003,09-10-2006 (English)
S.No. 564,Case Number,Crl.A. No.-000805-000805 / 2004,28-10-2005 (English)
S.No. 565,Case Number,C.A. No.-001635-001635 / 2006,10-03-2006 (English)
S.No. 566,Case Number,C.A. No.-004226-004226 / 2006,21-09-2006 (English)
S.No. 567,Case Number,C.A. No.-006451-006452 / 2000,22-09-2006 (English)
S.No. 568,Case Number,C.A. No.-006122-006122 / 2000,04-01-2006 (English)
S.No. 569,Case Number,C.A. No.-002062-002062 / 2000,17-02-2006 (English)
S.No. 570,Case Number,C.A. No.-004100-004100 / 2006,13-09-2006 (English)
S.No. 571,Case Number,Crl.A. No.-000107-000107 / 2003,04-07-2006 (English)
S.No. 572,Case Number,C.A. No.-001760-001761 / 2001,02-08-2006 (English)
S.No. 573,Case Number,Crl.A. No.-001255-001255 / 2004,25-05-2006 (English)
S.No. 574,Case Number,C.A. No.-005900-005900 / 2004,28-10-2005 (English)
S.No. 575,Case Number,C.A. No.-007161-007161 / 2003,01-12-2005 (English)
S.No. 576,Case Number,C.A. No.-000126-000126 / 2005,04-04-2006 (English)
S.No. 577,Case Number,C.A. No.-006930-006930 / 1999,15-12-2005 (English)
S.No. 578,Case Number,C.A. No.-001267-001267 / 2006,24-02-2006 (English)
S.No. 579,Case Number,C.A. No.-003528-003528 / 2006,17-08-2006 (English)
S.No. 580,Case Number,C.A. No.-006588-006588 / 2005,27-10-2005 (English)
S.No. 581,Case Number,C.A. No.-004202-004202 / 2003,"04-07-2006 (English)
04-07-2006 (English)"
S.No. 582,Case Number,C.A. No.-002636-002636 / 2006,12-05-2006 (English)
S.No. 583,Case Number,C.A. No.-000812-000812 / 2004,21-03-2006 (English)
S.No. 584,Case Number,C.A. No.-004107-004107 / 2006,13-09-2006 (English)
S.No. 585,Case Number,C.A. No.-001727-001727 / 2005,17-07-2006 (English)
S.No. 586,Case Number,Crl.A. No.-000182-000182 / 2006,03-02-2006 (English)
S.No. 587,Case Number,C.A. No.-000938-000938 / 2006,02-02-2006 (English)
S.No. 588,Case Number,C.A. No.-006269-006269 / 2003,24-02-2006 (English)
S.No. 589,Case Number,C.A. No.-004330-004330 / 2006,29-09-2006 (English)
S.No. 590,Case Number,C.A. No.-006642-006642 / 2004,17-07-2006 (English)
S.No. 591,Case Number,Crl.A. No.-000972-000972 / 2006,18-09-2006 (English)
S.No. 592,Case Number,C.A. No.-003735-003735 / 2005,28-10-2005 (English)
S.No. 593,Case Number,C.A. No.-000224-000226 / 2003,03-01-2006 (English)
S.No. 594,Case Number,C.A. No.-004222-004222 / 2006,21-09-2006 (English)
S.No. 595,Case Number,Crl.A. No.-001491-001491 / 2005,27-04-2006 (English)
S.No. 596,Case Number,C.A. No.-009687-009687 / 2003,02-08-2006 (English)
S.No. 597,Case Number,C.A. No.-000877-000877 / 2006,18-07-2006 (English)
S.No. 598,Case Number,W.P.(C) No.-000507-000507 / 2002,27-10-2005 (English)
S.No. 599,Case Number,C.A. No.-007559-007559 / 2005,01-08-2006 (English)
S.No. 600,Case Number,C.A. No.-003151-003151 / 2006,25-07-2006 (English)
S.No. 601,Case Number,Crl.A. No.-000759-000759 / 2006,13-07-2006 (English)
S.No. 602,Case Number,C.A. No.-004091-004091 / 2006,12-09-2006 (English)
S.No. 603,Case Number,C.A. No.-006573-006573 / 2004,24-03-2006 (English)
S.No. 604,Case Number,Crl.A. No.-001449-001449 / 2005,24-10-2005 (English)
S.No. 605,Case Number,Crl.A. No.-001448-001448 / 2005,24-10-2005 (English)
S.No. 606,Case Number,C.A. No.-004327-004327 / 2006,29-09-2006 (English)
S.No. 607,Case Number,Crl.A. No.-000920-000920 / 2003,07-12-2005 (English)
S.No. 608,Case Number,C.A. No.-001288-001288 / 2006,24-02-2006 (English)
S.No. 609,Case Number,C.A. No.-006663-006663 / 2004,05-01-2006 (English)
S.No. 610,Case Number,ARBIT.CASE(C) No.-000003-000003 / 2005,16-11-2005 (English)
S.No. 611,Case Number,C.A. No.-008124-008124 / 2004,19-05-2006 (English)
S.No. 612,Case Number,C.A. No.-000433-000433 / 2000,15-09-2006 (English)
S.No. 613,Case Number,C.A. No.-002333-002333 / 2006,"28-04-2006 (English)
28-04-2006 (English)"
S.No. 614,Case Number,C.A. No.-004494-004494 / 2000,04-05-2006 (English)
S.No. 615,Case Number,C.A. No.-001807-001807 / 2001,08-12-2005 (English)
S.No. 616,Case Number,Crl.A. No.-000997-000997 / 2005,24-03-2006 (English)
S.No. 617,Case Number,C.A. No.-003656-003656 / 2006,24-08-2006 (English)
S.No. 618,Case Number,C.A. No.-002726-002726 / 2000,14-12-2005 (English)
S.No. 619,Case Number,C.A. No.-005750-005750 / 2005,18-09-2006 (English)
S.No. 620,Case Number,C.A. No.-004443-004443 / 2006,11-10-2006 (English)
S.No. 621,Case Number,C.A. No.-003892-003892 / 1999,28-10-2005 (English)
S.No. 622,Case Number,C.A. No.-002411-002411 / 2006,02-05-2006 (English)
S.No. 623,Case Number,Crl.A. No.-001183-001185 / 2004,20-01-2006 (English)
S.No. 624,Case Number,C.A. No.-004257-004257 / 2006,26-09-2006 (English)
S.No. 625,Case Number,Crl.A. No.-000500-000500 / 2005,16-11-2005 (English)
S.No. 626,Case Number,C.A. No.-005120-005132 / 1999,07-08-2006 (English)
S.No. 627,Case Number,ARBIT.CASE(C) No.-000025-000025 / 2005,17-04-2006 (English)
S.No. 628,Case Number,C.A. No.-000941-000941 / 2006,02-02-2006 (English)
S.No. 629,Case Number,Crl.A. No.-000238-000238 / 2006,29-09-2006 (English)
S.No. 630,Case Number,C.A. No.-005270-005270 / 2004,08-03-2006 (English)
S.No. 631,Case Number,C.A. No.-003631-003631 / 2006,24-08-2006 (English)
S.No. 632,Case Number,C.A. No.-000867-000867 / 2006,30-01-2006 (English)
S.No. 633,Case Number,C.A. No.-001748-001748 / 1999,24-02-2006 (English)
S.No. 634,Case Number,Crl.A. No.-000242-000242 / 2005,08-12-2005 (English)
S.No. 635,Case Number,C.A. No.-002324-002324 / 2006,27-04-2006 (English)
S.No. 636,Case Number,C.A. No.-006394-006394 / 2004,19-07-2006 (English)
S.No. 637,Case Number,C.A. No.-006473-006473 / 2005,05-07-2006 (English)
S.No. 638,Case Number,C.A. No.-007567-007567 / 2002,18-05-2006 (English)
S.No. 639,Case Number,C.A. No.-004282-004282 / 2006,27-09-2006 (English)
S.No. 640,Case Number,Crl.A. No.-000326-000326 / 1999,05-04-2006 (English)
S.No. 641,Case Number,C.A. No.-003424-003424 / 2000,24-02-2006 (English)
S.No. 642,Case Number,C.A. No.-003976-003976 / 2006,07-09-2006 (English)
S.No. 643,Case Number,C.A. No.-004196-004196 / 2006,19-09-2006 (English)
S.No. 644,Case Number,C.A. No.-000553-000554 / 2001,14-02-2006 (English)
S.No. 645,Case Number,C.A. No.-001196-001196 / 2006,20-02-2006 (English)
S.No. 646,Case Number,C.A. No.-000150-000151 / 2001,25-05-2006 (English)
S.No. 647,Case Number,C.A. No.-003846-003846 / 2006,30-08-2006 (English)
S.No. 648,Case Number,Crl.A. No.-000830-000830 / 2005,24-03-2006 (English)
S.No. 649,Case Number,C.A. No.-003842-003842 / 2000,12-05-2006 (English)
S.No. 650,Case Number,Crl.A. No.-001673-001673 / 2005,16-12-2005 (English)
S.No. 651,Case Number,C.A. No.-005147-005148 / 2005,23-06-2006 (English)
S.No. 652,Case Number,C.A. No.-004386-004386 / 2006,10-10-2006 (English)
S.No. 653,Case Number,C.A. No.-003059-003059 / 2006,20-07-2006 (English)
S.No. 654,Case Number,C.A. No.-006626-006626 / 2004,17-02-2006 (English)
S.No. 655,Case Number,C.A. No.-002982-002982 / 2006,14-07-2006 (English)
S.No. 656,Case Number,C.A. No.-005361-005361 / 2005,13-07-2006 (English)
S.No. 657,Case Number,C.A. No.-002562-002562 / 2006,"09-05-2006 (English)
09-05-2006 (English)"
S.No. 658,Case Number,C.A. No.-002314-002314 / 2000,08-08-2006 (English)
S.No. 659,Case Number,C.A. No.-002055-002055 / 2003,11-08-2006 (English)
S.No. 660,Case Number,C.A. No.-006654-006654 / 2005,13-07-2006 (English)
S.No. 661,Case Number,C.A. No.-003361-003361 / 2002,28-03-2006 (English)
S.No. 662,Case Number,C.A. No.-003270-003270 / 2003,15-09-2006 (English)
S.No. 663,Case Number,Crl.A. No.-001050-001050 / 2006,13-10-2006 (English)
S.No. 664,Case Number,Crl.A. No.-000629-000629 / 2006,11-05-2006 (English)
S.No. 665,Case Number,C.A. No.-002273-002273 / 2002,27-10-2005 (English)
S.No. 666,Case Number,C.A. No.-003801-003801 / 1999,24-08-2006 (English)
S.No. 667,Case Number,Crl.A. No.-000110-000110 / 2006,17-01-2006 (English)
S.No. 668,Case Number,C.A. No.-010272-010272 / 2003,24-03-2006 (English)
S.No. 669,Case Number,C.A. No.-000887-000887 / 2006,31-01-2006 (English)
S.No. 670,Case Number,R.P.(C) No.-001615-001615 / 2005,29-11-2005 (English)
S.No. 671,Case Number,Crl.A. No.-000814-000814 / 2006,04-08-2006 (English)
S.No. 672,Case Number,C.A. No.-006992-006995 / 2004,22-09-2006 (English)
S.No. 673,Case Number,C.A. No.-002083-002083 / 2006,18-04-2006 (English)
S.No. 674,Case Number,C.A. No.-005895-005895 / 2004,20-01-2006 (English)
S.No. 675,Case Number,Crl.A. No.-000650-000650 / 1999,05-04-2006 (English)
S.No. 676,Case Number,C.A. No.-001641-001641 / 2004,24-02-2006 (English)
S.No. 677,Case Number,C.A. No.-001854-001854 / 2003,08-09-2006 (English)
S.No. 678,Case Number,C.A. No.-006052-006052 / 2004,25-04-2006 (English)
S.No. 679,Case Number,C.A. No.-009527-009527 / 2003,11-05-2006 (English)
S.No. 680,Case Number,Crl.A. No.-000311-000311 / 2006,10-03-2006 (English)
S.No. 681,Case Number,C.A. No.-001569-001569 / 2004,24-04-2006 (English)
S.No. 682,Case Number,C.A. No.-000955-000955 / 2006,03-02-2006 (English)
S.No. 683,Case Number,C.A. No.-005087-005087 / 2002,03-01-2006 (English)
S.No. 684,Case Number,C.A. No.-006527-006527 / 2005,23-05-2006 (English)
S.No. 685,Case Number,Crl.A. No.-000529-000529 / 2006,05-05-2006 (English)
S.No. 686,Case Number,C.A. No.-002945-002945 / 2006,"13-07-2006 (English)
13-07-2006 (English)"
S.No. 687,Case Number,C.A. No.-001617-001617 / 2006,10-03-2006 (English)
S.No. 688,Case Number,C.A. No.-009688-009689 / 2003,28-03-2006 (English)
S.No. 689,Case Number,C.A. No.-002992-003004 / 2003,05-07-2006 (English)
S.No. 690,Case Number,Crl.A. No.-001304-001304 / 2005,13-10-2006 (English)
S.No. 691,Case Number,C.A. No.-001070-001070 / 2006,10-02-2006 (English)
S.No. 692,Case Number,C.A. No.-002024-002024 / 1999,25-10-2005 (English)
S.No. 693,Case Number,C.A. No.-003731-003732 / 2002,01-03-2006 (English)
S.No. 694,Case Number,C.A. No.-005302-005302 / 2004,28-03-2006 (English)
S.No. 695,Case Number,C.A. No.-003679-003679 / 2006,25-08-2006 (English)
S.No. 696,Case Number,C.A. No.-005739-005739 / 2005,09-06-2006 (English)
S.No. 697,Case Number,Crl.A. No.-000784-000784 / 2004,12-07-2006 (English)
S.No. 698,Case Number,C.A. No.-001153-001153 / 2003,09-05-2006 (English)
S.No. 699,Case Number,Crl.A. No.-000946-000946 / 2004,18-05-2006 (English)
S.No. 700,Case Number,C.A. No.-003128-003128 / 2000,18-08-2006 (English)
S.No. 701,Case Number,C.A. No.-006433-006433 / 2005,21-10-2005 (English)
S.No. 702,Case Number,C.A. No.-005072-005072 / 1998,04-04-2006 (English)
S.No. 703,Case Number,C.A. No.-000007-000007 / 2006,03-01-2006 (English)
S.No. 704,Case Number,C.A. No.-000939-000939 / 2006,02-02-2006 (English)
S.No. 705,Case Number,W.P.(C) No.-000569-000569 / 2001,04-01-2006 (English)
S.No. 706,Case Number,C.A. No.-003726-003726 / 2000,04-04-2006 (English)
S.No. 707,Case Number,C.A. No.-000918-000918 / 2000,14-11-2005 (English)
S.No. 708,Case Number,Crl.A. No.-000434-000434 / 2005,18-08-2006 (English)
S.No. 709,Case Number,C.A. No.-002117-002117 / 2001,16-11-2005 (English)
S.No. 710,Case Number,C.A. No.-004715-004715 / 2000,08-05-2006 (English)
S.No. 711,Case Number,C.A. No.-002554-002554 / 2005,17-11-2005 (English)
S.No. 712,Case Number,C.A. No.-000979-000979 / 2000,08-12-2005 (English)
S.No. 713,Case Number,C.A. No.-001004-001004 / 2003,06-09-2006 (English)
S.No. 714,Case Number,C.A. No.-000840-000840 / 2000,20-03-2006 (English)
S.No. 715,Case Number,C.A. No.-003594-003594 / 2006,22-08-2006 (English)
S.No. 716,Case Number,C.A. No.-001100-001101 / 2001,13-09-2006 (English)
S.No. 717,Case Number,C.A. No.-002456-002456 / 1998,17-01-2006 (English)
S.No. 718,Case Number,C.A. No.-003000-003000 / 2006,17-07-2006 (English)
S.No. 719,Case Number,Crl.A. No.-000487-000487 / 2000,09-03-2006 (English)
S.No. 720,Case Number,C.A. No.-000978-000978 / 2000,30-01-2006 (English)
S.No. 721,Case Number,C.A. No.-000754-000754 / 2001,22-08-2006 (English)
S.No. 722,Case Number,C.A. No.-005350-005351 / 2002,22-03-2006 (English)
S.No. 723,Case Number,C.A. No.-002447-002447 / 2006,03-05-2006 (English)
S.No. 724,Case Number,Crl.A. No.-000420-000420 / 2006,12-04-2006 (English)
S.No. 725,Case Number,C.A. No.-003502-003502 / 2004,18-11-2005 (English)
S.No. 726,Case Number,Crl.A. No.-000480-000480 / 2002,07-12-2005 (English)
S.No. 727,Case Number,Crl.A. No.-000466-000466 / 2006,19-04-2006 (English)
S.No. 728,Case Number,T.P.(C) No.-000947-000947 / 2005,11-07-2006 (English)
S.No. 729,Case Number,C.A. No.-005352-005352 / 2002,25-05-2006 (English)
S.No. 730,Case Number,C.A. No.-000034-000034 / 2004,24-02-2006 (English)
S.No. 731,Case Number,C.A. No.-007308-007308 / 2003,01-08-2006 (English)
S.No. 732,Case Number,C.A. No.-005847-005847 / 2005,18-10-2006 (English)
S.No. 733,Case Number,C.A. No.-003536-003536 / 2004,24-05-2006 (English)
S.No. 734,Case Number,C.A. No.-001270-001270 / 2006,24-02-2006 (English)
S.No. 735,Case Number,Crl.A. No.-001341-001341 / 2005,11-10-2006 (English)
S.No. 736,Case Number,C.A. No.-005302-005302 / 2006,12-12-2005 (English)
S.No. 737,Case Number,C.A. No.-003582-003582 / 2006,22-08-2006 (English)
S.No. 738,Case Number,C.A. No.-002228-002228 / 2006,24-04-2006 (English)
S.No. 739,Case Number,Crl.A. No.-000971-000971 / 2006,18-09-2006 (English)
S.No. 740,Case Number,Crl.A. No.-000774-000774 / 2002,29-09-2006 (English)
S.No. 741,Case Number,C.A. No.-004517-004517 / 2006,17-10-2006 (English)
S.No. 742,Case Number,C.A. No.-006701-006701 / 2005,10-11-2005 (English)
S.No. 743,Case Number,C.A. No.-003416-003416 / 2006,08-08-2006 (English)
S.No. 744,Case Number,C.A. No.-004053-004053 / 2006,11-09-2006 (English)
S.No. 745,Case Number,C.A. No.-003831-003831 / 2000,25-04-2006 (English)
S.No. 746,Case Number,C.A. No.-000043-000044 / 1998,14-08-2006 (English)
S.No. 747,Case Number,C.A. No.-000881-000881 / 2006,31-01-2006 (English)
S.No. 748,Case Number,C.A. No.-002103-002103 / 2004,04-07-2006 (English)
S.No. 749,Case Number,C.A. No.-006319-006319 / 2004,25-01-2006 (English)
S.No. 750,Case Number,C.A. No.-001634-001634 / 2006,"10-03-2006 (English)
10-03-2006 (English)"
S.No. 751,Case Number,C.A. No.-000691-000691 / 2006,09-06-2006 (English)
S.No. 752,Case Number,Crl.A. No.-001335-001335 / 2004,24-08-2006 (English)
S.No. 753,Case Number,Crl.A. No.-001018-001018 / 2006,29-09-2006 (English)
S.No. 754,Case Number,C.A. No.-004449-004449 / 2006,03-05-2006 (English)
S.No. 755,Case Number,C.A. No.-007494-007494 / 2004,24-05-2006 (English)
S.No. 756,Case Number,C.A. No.-003044-003044 / 2003,02-02-2006 (English)
S.No. 757,Case Number,C.A. No.-001859-001859 / 2006,31-03-2006 (English)
S.No. 758,Case Number,C.A. No.-004138-004138 / 2006,14-09-2006 (English)
S.No. 759,Case Number,C.A. No.-007902-007902 / 2004,17-07-2006 (English)
S.No. 760,Case Number,C.A. No.-002501-002501 / 2002,21-10-2005 (English)
S.No. 761,Case Number,Crl.A. No.-000036-000036 / 2002,10-08-2006 (English)
S.No. 762,Case Number,C.A. No.-007488-007488 / 2004,05-04-2006 (English)
S.No. 763,Case Number,C.A. No.-004454-004454 / 2006,12-10-2006 (English)
S.No. 764,Case Number,C.A. No.-009523-009524 / 2003,23-05-2006 (English)
S.No. 765,Case Number,C.A. No.-003071-003071 / 2004,24-02-2006 (English)
S.No. 766,Case Number,C.A. No.-000059-000059 / 2004,08-08-2006 (English)
S.No. 767,Case Number,C.A. No.-004527-004528 / 1999,23-03-2006 (English)
S.No. 768,Case Number,C.A. No.-009561-009562 / 2003,28-03-2006 (English)
S.No. 769,Case Number,C.A. No.-007147-007147 / 2004,12-05-2006 (English)
S.No. 770,Case Number,C.A. No.-007993-007993 / 2004,17-07-2006 (English)
S.No. 771,Case Number,C.A. No.-002412-002412 / 2006,02-05-2006 (English)
S.No. 772,Case Number,Crl.A. No.-000510-000510 / 2005,05-04-2006 (English)
S.No. 773,Case Number,C.A. No.-006678-006678 / 2004,07-12-2005 (English)
S.No. 774,Case Number,C.A. No.-003666-003666 / 2006,25-08-2006 (English)
S.No. 775,Case Number,C.A. No.-001156-001156 / 2006,17-02-2006 (English)
S.No. 776,Case Number,C.A. No.-002639-002639 / 2006,12-05-2006 (English)
S.No. 777,Case Number,C.A. No.-001005-001005 / 2006,"07-02-2006 (English)
07-02-2006 (English)"
S.No. 778,Case Number,Crl.A. No.-000950-000950 / 2006,13-09-2006 (English)
S.No. 779,Case Number,C.A. No.-004267-004267 / 2002,13-07-2006 (English)
S.No. 780,Case Number,Crl.A. No.-000397-000397 / 2005,05-04-2006 (English)
S.No. 781,Case Number,C.A. No.-006527-006527 / 2004,12-07-2006 (English)
S.No. 782,Case Number,C.A. No.-004261-004261 / 2006,26-09-2006 (English)
S.No. 783,Case Number,Crl.A. No.-000694-000694 / 2006,15-06-2006 (English)
S.No. 784,Case Number,C.A. No.-000240-000240 / 2005,29-09-2006 (English)
S.No. 785,Case Number,C.A. No.-004006-004006 / 2004,23-03-2006 (English)
S.No. 786,Case Number,Crl.A. No.-001533-001533 / 2004,05-05-2006 (English)
S.No. 787,Case Number,C.A. No.-002801-002801 / 2006,06-07-2006 (English)
S.No. 788,Case Number,C.A. No.-000719-000719 / 2006,23-01-2006 (English)
S.No. 789,Case Number,C.A. No.-002332-002332 / 2006,28-04-2006 (English)
S.No. 790,Case Number,Crl.A. No.-000345-000345 / 2005,17-01-2006 (English)
S.No. 791,Case Number,Crl.A. No.-000368-000368 / 2006,31-03-2006 (English)
S.No. 792,Case Number,C.A. No.-001867-001867 / 2006,03-04-2006 (English)
S.No. 793,Case Number,Crl.A. No.-001450-001450 / 2005,24-10-2005 (English)
S.No. 794,Case Number,C.A. No.-006511-006511 / 2005,25-10-2005 (English)
S.No. 795,Case Number,C.A. No.-006383-006383 / 2005,03-07-2006 (English)
S.No. 796,Case Number,C.A. No.-003024-003024 / 2006,18-07-2006 (English)
S.No. 797,Case Number,Crl.A. No.-000303-000303 / 2006,08-03-2006 (English)
S.No. 798,Case Number,Crl.A. No.-000762-000762 / 2006,14-07-2006 (English)
S.No. 799,Case Number,Crl.A. No.-000779-000779 / 2005,05-04-2006 (English)
S.No. 800,Case Number,Crl.A. No.-000751-000751 / 2006,"11-07-2006 (English)
11-07-2006 (English)"
S.No. 801,Case Number,C.A. No.-003430-003430 / 2006,08-08-2006 (English)
S.No. 802,Case Number,C.A. No.-007645-007645 / 2004,05-04-2006 (English)
S.No. 803,Case Number,Crl.A. No.-000501-000501 / 2006,28-04-2006 (English)
S.No. 804,Case Number,C.A. No.-002024-002024 / 2006,13-04-2006 (English)
S.No. 805,Case Number,Crl.A. No.-000834-000834 / 2006,14-08-2006 (English)
S.No. 806,Case Number,C.A. No.-003563-003563 / 2006,21-08-2006 (English)
S.No. 807,Case Number,C.A. No.-001053-001053 / 2004,24-02-2006 (English)
S.No. 808,Case Number,Crl.A. No.-000702-000702 / 2006,04-07-2006 (English)
S.No. 809,Case Number,C.A. No.-001586-001586 / 2006,08-03-2006 (English)
S.No. 810,Case Number,C.A. No.-003018-003018 / 2006,18-07-2006 (English)
S.No. 811,Case Number,C.A. No.-002379-002379 / 2006,01-05-2006 (English)
S.No. 812,Case Number,C.A. No.-001519-001519 / 2006,07-03-2006 (English)
S.No. 813,Case Number,C.A. No.-001687-001687 / 2006,21-03-2006 (English)
S.No. 814,Case Number,C.A. No.-004238-004238 / 2006,22-09-2006 (English)
S.No. 815,Case Number,C.A. No.-005572-005644 / 2005,24-03-2006 (English)
S.No. 816,Case Number,C.A. No.-002635-002635 / 2006,12-05-2006 (English)
S.No. 817,Case Number,Crl.A. No.-000955-000955 / 2005,19-04-2006 (English)
S.No. 818,Case Number,Crl.A. No.-000945-000945 / 2004,18-08-2006 (English)
S.No. 819,Case Number,Crl.A. No.-001017-001017 / 2006,29-09-2006 (English)
S.No. 820,Case Number,ARBIT.CASE(C) No.-000001-000001 / 2006,20-04-2006 (English)
S.No. 821,Case Number,C.A. No.-005517-005517 / 2003,30-01-2006 (English)
S.No. 822,Case Number,C.A. No.-003981-003981 / 2006,08-09-2006 (English)
S.No. 823,Case Number,C.A. No.-006715-006715 / 2004,11-05-2006 (English)
S.No. 824,Case Number,C.A. No.-001492-001492 / 2006,06-03-2006 (English)
S.No. 825,Case Number,ARBIT.CASE(C) No.-000002-000002 / 2006,20-04-2006 (English)
S.No. 826,Case Number,Crl.A. No.-000263-000263 / 2006,"28-02-2006 (English)
28-02-2006 (English)"
S.No. 827,Case Number,C.A. No.-007522-007522 / 2005,15-12-2005 (English)
S.No. 828,Case Number,C.A. No.-001909-001909 / 2005,23-11-2005 (English)
S.No. 829,Case Number,Crl.A. No.-000757-000757 / 2006,13-07-2006 (English)
S.No. 830,Case Number,C.A. No.-002638-002638 / 2006,12-05-2006 (English)
S.No. 831,Case Number,Crl.A. No.-000986-000986 / 2006,20-09-2006 (English)
S.No. 832,Case Number,C.A. No.-004460-004460 / 2005,16-12-2005 (English)
S.No. 833,Case Number,ARBIT.CASE(C) No.-000001-000001 / 2005,31-01-2006 (English)
S.No. 834,Case Number,C.A. No.-003596-003596 / 2006,22-08-2006 (English)
S.No. 835,Case Number,C.A. No.-001273-001273 / 2006,24-02-2006 (English)
S.No. 836,Case Number,Crl.A. No.-001056-001056 / 2006,16-10-2006 (English)
S.No. 837,Case Number,C.A. No.-006202-006203 / 2004,21-10-2005 (English)
S.No. 838,Case Number,C.A. No.-000667-000671 / 2004,03-01-2006 (English)
S.No. 839,Case Number,C.A. No.-001260-001260 / 2006,24-02-2006 (English)
S.No. 840,Case Number,Crl.A. No.-000754-000754 / 2006,12-07-2006 (English)
S.No. 841,Case Number,C.A. No.-003490-003490 / 2006,08-08-2006 (English)
S.No. 842,Case Number,C.A. No.-004516-004516 / 2006,17-10-2006 (English)
S.No. 843,Case Number,C.A. No.-007908-007908 / 2004,08-12-2005 (English)
S.No. 844,Case Number,Crl.A. No.-000865-000865 / 2006,22-08-2006 (English)
S.No. 845,Case Number,C.A. No.-001551-001551 / 2006,07-03-2006 (English)
S.No. 846,Case Number,Crl.A. No.-000957-000957 / 2005,26-09-2006 (English)
S.No. 847,Case Number,C.A. No.-001546-001546 / 2006,07-03-2006 (English)
S.No. 848,Case Number,Crl.A. No.-000506-000506 / 2005,24-08-2006 (English)
S.No. 849,Case Number,W.P.(C) No.-000675-000675 / 2004,13-09-2006 (English)
S.No. 850,Case Number,C.A. No.-003164-003164 / 2006,26-07-2006 (English)
S.No. 851,Case Number,C.A. No.-000619-000619 / 2005,29-09-2006 (English)
S.No. 852,Case Number,C.A. No.-002802-002802 / 2006,06-07-2006 (English)
S.No. 853,Case Number,C.A. No.-007381-007381 / 2005,09-12-2005 (English)
S.No. 854,Case Number,C.A. No.-002970-002970 / 2006,14-07-2006 (English)
S.No. 855,Case Number,Crl.A. No.-000049-000049 / 2005,24-02-2006 (English)
S.No. 856,Case Number,C.A. No.-004123-004123 / 2006,14-09-2006 (English)
S.No. 857,Case Number,C.A. No.-004098-004098 / 2006,13-09-2006 (English)
S.No. 858,Case Number,C.A. No.-006201-006201 / 2004,11-07-2006 (English)
S.No. 859,Case Number,C.A. No.-003420-003420 / 2006,"08-08-2006 (English)
08-08-2006 (English)"
S.No. 860,Case Number,C.A. No.-001027-001027 / 2005,26-10-2005 (English)
S.No. 861,Case Number,C.A. No.-006490-006491 / 2004,23-05-2006 (English)
S.No. 862,Case Number,C.A. No.-003989-003989 / 2006,"08-09-2006 (English)
08-09-2006 (English)"
S.No. 863,Case Number,C.A. No.-001548-001548 / 2006,07-03-2006 (English)
S.No. 864,Case Number,Crl.A. No.-000044-000044 / 2005,26-10-2005 (English)
S.No. 865,Case Number,C.A. No.-001265-001265 / 2006,24-02-2006 (English)
S.No. 866,Case Number,C.A. No.-002528-002528 / 2006,08-05-2006 (English)
S.No. 867,Case Number,C.A. No.-000402-000403 / 2004,18-01-2006 (English)
S.No. 868,Case Number,Crl.A. No.-001039-001039 / 2006,11-10-2006 (English)
S.No. 869,Case Number,C.A. No.-007534-007534 / 2005,16-12-2005 (English)
S.No. 870,Case Number,C.A. No.-006857-006857 / 2005,17-11-2005 (English)
S.No. 871,Case Number,C.A. No.-003179-003179 / 2006,28-07-2006 (English)
S.No. 872,Case Number,C.A. No.-003165-003165 / 2006,26-07-2006 (English)
S.No. 873,Case Number,C.A. No.-004129-004129 / 2006,14-09-2006 (English)
S.No. 874,Case Number,C.A. No.-005025-005026 / 2005,12-05-2006 (English)
S.No. 875,Case Number,Crl.A. No.-000012-000012 / 2006,03-01-2006 (English)
S.No. 876,Case Number,Crl.A. No.-000349-000349 / 2005,28-07-2006 (English)
S.No. 877,Case Number,C.A. No.-000845-000845 / 2005,16-12-2005 (English)
S.No. 878,Case Number,C.A. No.-000706-000706 / 2005,08-09-2006 (English)
S.No. 879,Case Number,C.A. No.-001610-001610 / 2006,21-09-2006 (English)
S.No. 880,Case Number,C.A. No.-003951-003951 / 2006,06-09-2006 (English)
S.No. 881,Case Number,C.A. No.-003957-003957 / 2006,06-09-2006 (English)
S.No. 882,Case Number,C.A. No.-003982-003982 / 2006,08-09-2006 (English)
S.No. 883,Case Number,C.A. No.-003019-003019 / 2006,18-07-2006 (English)
S.No. 884,Case Number,C.A. No.-004101-004101 / 2006,13-09-2006 (English)
S.No. 885,Case Number,W.P.(C) No.-001022-001022 / 1989,28-04-2006 (English)
S.No. 886,Case Number,C.A. No.-001148-001148 / 2006,16-02-2006 (English)
S.No. 887,Case Number,C.A. No.-002275-002275 / 2002,05-05-2006 (English)
S.No. 888,Case Number,C.A. No.-007424-007424 / 2002,05-04-2006 (English)
S.No. 889,Case Number,C.A. No.-003632-003632 / 2003,13-09-2006 (English)
S.No. 890,Case Number,Crl.A. No.-000165-000165 / 2003,03-08-2006 (English)
S.No. 891,Case Number,C.A. No.-000206-000206 / 2003,10-01-2006 (English)
S.No. 892,Case Number,W.P.(C) No.-004677-004677 / 1985,"29-09-2006 (English)
13-04-2006 (English)
16-02-2006 (English)
14-02-2006 (English)"
S.No. 893,Case Number,C.A. No.-003609-003609 / 2006,23-08-2006 (English)
S.No. 894,Case Number,C.A. No.-004339-004339 / 1995,28-09-2006 (English)
S.No. 895,Case Number,C.A. No.-003890-003891 / 1999,23-05-2006 (English)
S.No. 896,Case Number,C.A. No.-000410-000429 / 2002,31-01-2006 (English)
S.No. 897,Case Number,C.A. No.-004010-004032 / 1997,01-03-2006 (English)
S.No. 898,Case Number,C.A. No.-007038-007039 / 1996,22-11-2005 (English)
S.No. 899,Case Number,C.A. No.-003968-003968 / 1994,29-03-2006 (English)
S.No. 900,Case Number,W.P.(C) No.-000310-000310 / 1996,22-09-2006 (English)
