﻿Column-0,Column-1,Column-2,Column-3
S.No. 1,Case Number,Appeal Civil 2129 of 1984,"14-10-1988 (English)
14-10-1988 (English)
14-10-1988 (English)
14-10-1988 (English)
11-10-1988 (English)
11-10-1988 (English)
11-10-1988 (English)
11-10-1988 (English)
10-10-1988 (English)
10-10-1988 (English)
06-10-1988 (English)"
S.No. 2,Case Number,W.P.(C) No.-000434-000434 / 1994,24-02-1988 (English)
S.No. 3,Case Number,C.A. No.-006514-006516 / 1994,23-03-1988 (English)
S.No. 4,Case Number,Crl.A. No.-000158-000158 / 1998,02-06-1988 (English)
S.No. 5,Case Number,Crl.A. No.-001524-001524 / 1995,27-01-1988 (English)
S.No. 6,Case Number,C.A. No.-002165-002165 / 1998,21-04-1988 (English)
S.No. 7,Case Number,C.A. No.-002723-002723 / 1998,05-05-1988 (English)
S.No. 8,Case Number,C.A. No.-000869-000869 / 1973,12-09-1988 (English)
S.No. 9,Case Number,C.A. No.-000877-000877 / 1974,16-02-1988 (English)
S.No. 10,Case Number,CONMT.PET.(C) No.-000281-000281 / 1998,11-11-1987 (English)
S.No. 11,Case Number,W.P.(C) No.-000516-000516 / 1992,26-05-1988 (English)
S.No. 12,Case Number,C.A. No.-000317-000317 / 1984,03-05-1988 (English)
S.No. 13,Case Number,W.P.(C) No.-008209-008209 / 1983,30-08-1988 (English)
S.No. 14,Case Number,C.A. No.-002640-002641 / 1980,15-07-1988 (English)
S.No. 15,Case Number,W.P.(C) No.-004677-004677 / 1985,12-01-1988 (English)
S.No. 16,Case Number,C.A. No.-000485-000485 / 1985,09-05-1988 (English)
S.No. 17,Case Number,W.P.(Crl.) No.-001451-001451 / 1985,29-08-1988 (English)
S.No. 18,Case Number,C.A. No.-000973-000974 / 1985,21-07-1988 (English)
S.No. 19,Case Number,W.P.(C) No.-001670-001670 / 1986,04-12-1987 (English)
S.No. 20,Case Number,W.P.(C) No.-017165-017186 / 1984,24-02-1988 (English)
S.No. 21,Case Number,W.P.(C) No.-000339-000339 / 1986,27-09-1988 (English)
S.No. 22,Case Number,C.A. No.-002796-002796 / 1987,11-11-1987 (English)
S.No. 23,Case Number,C.A. No.-002366-002366 / 1988,28-07-1988 (English)
S.No. 24,Case Number,C.A. No.-003054-003054 / 1988,16-08-1988 (English)
S.No. 25,Case Number,W.P.(C) No.-000422-000422 / 1987,12-01-1988 (English)
S.No. 26,Case Number,C.A. No.-001702-001702 / 1987,20-04-1988 (English)
S.No. 27,Case Number,C.A. No.-000061-000061 / 1988,10-12-1987 (English)
S.No. 28,Case Number,C.A. No.-000840-000840 / 1988,10-11-1987 (English)
S.No. 29,Case Number,W.P.(Crl.) No.-000163-000163 / 1988,04-08-1988 (English)
S.No. 30,Case Number,Crl.A. No.-000468-000469 / 1994,29-04-1988 (English)
S.No. 31,Case Number,C.A. No.-005101-005101 / 1996,26-08-1988 (English)
