﻿Column-0,Column-1,Column-2,Column-3
S.No. 1,Case Number,Appeal Civil 2357 of 1989,"15-10-1993 (English)
15-10-1993 (English)
15-10-1993 (English)
14-10-1993 (English)
14-10-1993 (English)
14-10-1993 (English)
14-10-1993 (English)
14-10-1993 (English)
13-10-1993 (English)
12-10-1993 (English)
12-10-1993 (English)"
S.No. 2,Case Number,/,14-01-1993 (English)
S.No. 3,Case Number,/,19-03-1993 (English)
S.No. 4,Case Number,/,07-04-1993 (English)
S.No. 5,Case Number,/,12-04-1993 (English)
S.No. 6,Case Number,/,03-02-1993 (English)
S.No. 7,Case Number,/,02-02-1993 (English)
S.No. 8,Case Number,/,15-06-1993 (English)
S.No. 9,Case Number,/,12-05-1993 (English)
S.No. 10,Case Number,/,02-03-1993 (English)
S.No. 11,Case Number,/,19-02-1993 (English)
S.No. 12,Case Number,/,05-03-1993 (English)
S.No. 13,Case Number,/,04-05-1993 (English)
S.No. 14,Case Number,/,13-04-1993 (English)
S.No. 15,Case Number,/,05-05-1993 (English)
S.No. 16,Case Number,/,15-04-1993 (English)
S.No. 17,Case Number,/,18-01-1993 (English)
S.No. 18,Case Number,/,13-01-1993 (English)
S.No. 19,Case Number,/,31-03-1993 (English)
S.No. 20,Case Number,/,02-03-1993 (English)
S.No. 21,Case Number,/,05-02-1993 (English)
S.No. 22,Case Number,/,18-02-1993 (English)
S.No. 23,Case Number,/,16-02-1993 (English)
S.No. 24,Case Number,/,21-04-1993 (English)
S.No. 25,Case Number,/,17-02-1993 (English)
S.No. 26,Case Number,/,19-02-1993 (English)
S.No. 27,Case Number,/,30-03-1993 (English)
S.No. 28,Case Number,/,13-05-1993 (English)
S.No. 29,Case Number,/,14-05-1993 (English)
S.No. 30,Case Number,/,27-04-1993 (English)
S.No. 31,Case Number,/,05-05-1993 (English)
S.No. 32,Case Number,/,30-04-1993 (English)
S.No. 33,Case Number,/,14-05-1993 (English)
S.No. 34,Case Number,/,14-05-1993 (English)
S.No. 35,Case Number,/,21-06-1993 (English)
S.No. 36,Case Number,/,04-05-1993 (English)
S.No. 37,Case Number,/,14-05-1993 (English)
S.No. 38,Case Number,/,07-04-1993 (English)
S.No. 39,Case Number,/,11-05-1993 (English)
S.No. 40,Case Number,/,26-03-1993 (English)
S.No. 41,Case Number,/,19-03-1993 (English)
S.No. 42,Case Number,/,24-03-1993 (English)
S.No. 43,Case Number,/,17-03-1993 (English)
S.No. 44,Case Number,/,18-02-1993 (English)
S.No. 45,Case Number,/,30-03-1993 (English)
S.No. 46,Case Number,/,12-01-1993 (English)
S.No. 47,Case Number,/,05-03-1993 (English)
S.No. 48,Case Number,/,27-09-1993 (English)
S.No. 49,Case Number,/,15-10-1993 (English)
S.No. 50,Case Number,/,28-09-1993 (English)
S.No. 51,Case Number,/,"12-01-1993 (English)
12-01-1993 (English)"
S.No. 52,Case Number,/,17-09-1993 (English)
S.No. 53,Case Number,/,28-01-1993 (English)
S.No. 54,Case Number,/,13-05-1993 (English)
S.No. 55,Case Number,/,27-01-1993 (English)
S.No. 56,Case Number,C.A. No.-007462-007462 / 1995,03-08-1993 (English)
S.No. 57,Case Number,C.A. No.-001402-001403 / 1995,03-03-1993 (English)
S.No. 58,Case Number,C.A. No.-000977-000977 / 1991,18-03-1993 (English)
S.No. 59,Case Number,C.A. No.-000429-000429 / 1993,05-02-1993 (English)
S.No. 60,Case Number,W.P.(C) No.-000001-000001 / 1972,17-12-1992 (English)
S.No. 61,Case Number,C.A. No.-001374-001374 / 1974,31-03-1993 (English)
S.No. 62,Case Number,C.A. No.-000998-000998 / 1976,18-02-1993 (English)
S.No. 63,Case Number,C.A. No.-001418-001418 / 1986,27-01-1993 (English)
S.No. 64,Case Number,SLP(C) No.-004925-004925 / 1977,24-03-1993 (English)
S.No. 65,Case Number,C.A. No.-000662-000668 / 1991,25-01-1993 (English)
S.No. 66,Case Number,T.P.(C) No.-000078-000078 / 1982,10-02-1993 (English)
S.No. 67,Case Number,W.P.(C) No.-000071-000071 / 1992,13-05-1993 (English)
S.No. 68,Case Number,C.A. No.-002213-002213 / 1978,13-11-1992 (English)
S.No. 69,Case Number,W.P.(C) No.-001303-001303 / 1987,06-10-1993 (English)
S.No. 70,Case Number,C.A. No.-001279-001279 / 1977,06-04-1993 (English)
S.No. 71,Case Number,C.A. No.-001583-001584 / 1977,13-04-1993 (English)
S.No. 72,Case Number,C.A. No.-002123-002123 / 1977,15-10-1993 (English)
S.No. 73,Case Number,W.P.(C) No.-000857-000857 / 1987,13-04-1993 (English)
S.No. 74,Case Number,W.P.(C) No.-001699-001699 / 1987,12-05-1993 (English)
S.No. 75,Case Number,C.A. No.-001788-001789 / 1977,18-11-1992 (English)
S.No. 76,Case Number,W.P.(C) No.-001526-001526 / 1987,05-02-1993 (English)
S.No. 77,Case Number,C.A. No.-002605-002616 / 1977,04-03-1993 (English)
S.No. 78,Case Number,C.A. No.-002621-002622 / 1977,22-04-1993 (English)
S.No. 79,Case Number,C.A. No.-000047-000047 / 1979,29-01-1993 (English)
S.No. 80,Case Number,C.A. No.-002860-002860 / 1979,23-03-1993 (English)
S.No. 81,Case Number,C.A. No.-003522-003522 / 1979,31-03-1993 (English)
S.No. 82,Case Number,C.A. No.-000819-000819 / 1979,31-03-1993 (English)
S.No. 83,Case Number,C.A. No.-003377-003377 / 1979,18-12-1992 (English)
S.No. 84,Case Number,C.A. No.-001527-001527 / 1986,10-05-1993 (English)
S.No. 85,Case Number,C.A. No.-001391-001393 / 1979,31-03-1993 (English)
S.No. 86,Case Number,C.A. No.-001840-001841 / 1979,31-03-1993 (English)
S.No. 87,Case Number,C.A. No.-000156-000157 / 1979,26-03-1993 (English)
S.No. 88,Case Number,SLP(C) No.-006324-006324 / 1992,13-01-1993 (English)
S.No. 89,Case Number,W.P.(C) No.-000003-000003 / 1983,12-01-1993 (English)
S.No. 90,Case Number,C.A. No.-002629-002629 / 1980,03-02-1993 (English)
S.No. 91,Case Number,C.A. No.-001799-001799 / 1980,06-04-1993 (English)
S.No. 92,Case Number,C.A. No.-001367-001367 / 1980,13-05-1993 (English)
S.No. 93,Case Number,C.A. No.-000266-000266 / 1980,13-05-1993 (English)
S.No. 94,Case Number,Crl.A. No.-000024-000024 / 1993,11-01-1993 (English)
S.No. 95,Case Number,Crl.A. No.-000918-000918 / 1981,11-02-1993 (English)
S.No. 96,Case Number,Crl.A. No.-000827-000827 / 1981,23-02-1993 (English)
S.No. 97,Case Number,Crl.A. No.-000295-000295 / 1981,05-05-1993 (English)
S.No. 98,Case Number,W.P.(C) No.-000655-000655 / 1991,23-03-1993 (English)
S.No. 99,Case Number,C.A. No.-000940-000940 / 1992,07-01-1993 (English)
S.No. 100,Case Number,W.P.(C) No.-001732-001732 / 1981,26-03-1993 (English)
S.No. 101,Case Number,Crl.A. No.-000032-000032 / 1982,11-01-1993 (English)
S.No. 102,Case Number,C.A. No.-000251-000251 / 1982,18-03-1993 (English)
S.No. 103,Case Number,C.A. No.-002945-002945 / 1981,22-10-1992 (English)
S.No. 104,Case Number,C.A. No.-003115-003116 / 1980,19-02-1993 (English)
S.No. 105,Case Number,C.A. No.-001287-001287 / 1982,06-04-1993 (English)
S.No. 106,Case Number,W.P.(C) No.-006493-006495 / 1982,07-04-1993 (English)
S.No. 107,Case Number,W.P.(C) No.-007900-007902 / 1982,18-06-1993 (English)
S.No. 108,Case Number,/,13-10-1993 (English)
S.No. 109,Case Number,C.A. No.-002919-000020 / 1981,31-03-1993 (English)
S.No. 110,Case Number,Crl.A. No.-000554-000554 / 1984,18-03-1993 (English)
S.No. 111,Case Number,C.A. No.-002684-002690 / 1982,20-10-1992 (English)
S.No. 112,Case Number,SLP(C) No.-017098-017098 / 1992,15-03-1993 (English)
S.No. 113,Case Number,C.A. No.-000100-000100 / 1993,02-03-1993 (English)
S.No. 114,Case Number,SLP(C) No.-010784-010784 / 1992,20-04-1993 (English)
S.No. 115,Case Number,SLP(C) No.-001244-001244 / 1993,02-04-1993 (English)
S.No. 116,Case Number,C.A. No.-005899-005899 / 1983,02-03-1993 (English)
S.No. 117,Case Number,C.A. No.-006120-006120 / 1983,07-04-1993 (English)
S.No. 118,Case Number,C.A. No.-000166-000166 / 1983,07-05-1993 (English)
S.No. 119,Case Number,Crl.A. No.-000540-000540 / 1983,14-09-1993 (English)
S.No. 120,Case Number,C.A. No.-003119-003119 / 1983,17-11-1992 (English)
S.No. 121,Case Number,C.A. No.-008670-008670 / 1983,11-05-1993 (English)
S.No. 122,Case Number,SLP(C) No.-004304-004304 / 1993,23-04-1993 (English)
S.No. 123,Case Number,C.A. No.-001657-001657 / 1984,27-01-1993 (English)
S.No. 124,Case Number,W.P.(C) No.-000047-000047 / 1992,05-02-1993 (English)
S.No. 125,Case Number,C.A. No.-003715-003715 / 1984,12-02-1993 (English)
S.No. 126,Case Number,C.A. No.-004792-004792 / 1984,17-03-1993 (English)
S.No. 127,Case Number,C.A. No.-004233-004233 / 1984,29-04-1993 (English)
S.No. 128,Case Number,C.A. No.-001543-001630 / 1984,23-09-1993 (English)
S.No. 129,Case Number,C.A. No.-002235-002235 / 1984,07-10-1993 (English)
S.No. 130,Case Number,SLP(C) No.-005624-005624 / 1993,30-04-1993 (English)
S.No. 131,Case Number,Crl.A. No.-000462-000462 / 1985,02-03-1993 (English)
S.No. 132,Case Number,Crl.A. No.-000123-000123 / 1985,05-03-1993 (English)
S.No. 133,Case Number,C.A. No.-002924-002924 / 1985,16-03-1993 (English)
S.No. 134,Case Number,Crl.A. No.-000629-000629 / 1985,26-03-1993 (English)
S.No. 135,Case Number,C.A. No.-005073-005075 / 1985,26-03-1993 (English)
S.No. 136,Case Number,Crl.A. No.-000818-000818 / 1985,26-03-1993 (English)
S.No. 137,Case Number,Crl.A. No.-000540-000540 / 1985,07-04-1993 (English)
S.No. 138,Case Number,Crl.A. No.-000781-000781 / 1985,30-03-1993 (English)
S.No. 139,Case Number,Crl.A. No.-000724-000724 / 1985,31-03-1993 (English)
S.No. 140,Case Number,Crl.A. No.-000698-000698 / 1985,13-04-1993 (English)
S.No. 141,Case Number,Crl.A. No.-000618-000618 / 1985,05-05-1993 (English)
S.No. 142,Case Number,Crl.A. No.-000830-000830 / 1985,14-05-1993 (English)
S.No. 143,Case Number,C.A. No.-004152-004153 / 1983,08-09-1993 (English)
S.No. 144,Case Number,W.P.(C) No.-000655-000669 / 1983,22-10-1992 (English)
S.No. 145,Case Number,C.A. No.-000990-000990 / 1991,17-11-1992 (English)
S.No. 146,Case Number,W.P.(C) No.-009835-009838 / 1983,28-04-1993 (English)
S.No. 147,Case Number,Crl.A. No.-000375-000375 / 1985,26-03-1993 (English)
S.No. 148,Case Number,C.A. No.-003255-003255 / 1984,28-07-1993 (English)
S.No. 149,Case Number,C.A. No.-000289-000289 / 1993,29-01-1993 (English)
S.No. 150,Case Number,C.A. No.-000405-000405 / 1993,03-02-1993 (English)
S.No. 151,Case Number,SLP(C) No.-004460-004460 / 1993,30-04-1993 (English)
S.No. 152,Case Number,C.A. No.-001290-001293 / 1985,04-02-1993 (English)
S.No. 153,Case Number,SLP(C) No.-000003-000003 / 1992,18-03-1993 (English)
S.No. 154,Case Number,C.A. No.-002198-002198 / 1986,05-05-1993 (English)
S.No. 155,Case Number,W.P.(C) No.-000003-000005 / 1990,17-03-1993 (English)
S.No. 156,Case Number,C.A. No.-000380-000380 / 1993,03-02-1993 (English)
S.No. 157,Case Number,C.A. No.-000498-000498 / 1993,09-02-1993 (English)
S.No. 158,Case Number,Crl.A. No.-000237-000237 / 1993,24-02-1993 (English)
S.No. 159,Case Number,C.A. No.-000405-000405 / 1986,06-10-1993 (English)
S.No. 160,Case Number,C.A. No.-003607-003607 / 1988,02-04-1993 (English)
S.No. 161,Case Number,C.A. No.-003244-003244 / 1988,23-10-1992 (English)
S.No. 162,Case Number,Crl.A. No.-000275-000275 / 1993,16-03-1993 (English)
S.No. 163,Case Number,C.A. No.-000491-000491 / 1993,29-01-1993 (English)
S.No. 164,Case Number,Crl.A. No.-000277-000277 / 1993,16-03-1993 (English)
S.No. 165,Case Number,C.A. No.-000859-000859 / 1987,07-05-1993 (English)
S.No. 166,Case Number,W.P.(C) No.-001141-001141 / 1988,07-01-1993 (English)
S.No. 167,Case Number,SLP(C) No.-004748-004748 / 1991,21-10-1992 (English)
S.No. 168,Case Number,Crl.A. No.-000645-000645 / 1989,23-02-1993 (English)
S.No. 169,Case Number,C.A. No.-002394-002394 / 1989,15-10-1993 (English)
S.No. 170,Case Number,C.A. No.-003465-003469 / 1988,16-03-1993 (English)
S.No. 171,Case Number,C.A. No.-001458-001469 / 1988,05-02-1993 (English)
S.No. 172,Case Number,SLP(C) No.-016041-016042 / 1988,03-11-1992 (English)
S.No. 173,Case Number,C.A. No.-003134-003134 / 1992,16-06-1993 (English)
S.No. 174,Case Number,C.A. No.-010271-010271 / 1995,27-04-1993 (English)
S.No. 175,Case Number,C.A. No.-003187-003193 / 1989,13-01-1993 (English)
S.No. 176,Case Number,C.A. No.-001639-001639 / 1990,28-01-1993 (English)
S.No. 177,Case Number,C.A. No.-001710-001710 / 1990,03-02-1993 (English)
S.No. 178,Case Number,SLP(C) No.-004325-004325 / 1992,23-10-1992 (English)
S.No. 179,Case Number,C.A. No.-000046-000046 / 1990,20-10-1992 (English)
S.No. 180,Case Number,T.P.(C) No.-000779-000779 / 1993,23-08-1993 (English)
S.No. 181,Case Number,/,11-10-1993 (English)
S.No. 182,Case Number,Crl.A. No.-000326-000326 / 1993,27-04-1993 (English)
S.No. 183,Case Number,C.A. No.-004126-004126 / 1991,26-02-1993 (English)
S.No. 184,Case Number,C.A. No.-003719-003719 / 1991,16-03-1993 (English)
S.No. 185,Case Number,Crl.A. No.-000646-000646 / 1992,02-11-1992 (English)
S.No. 186,Case Number,Crl.A. No.-000341-000341 / 1990,20-10-1992 (English)
S.No. 187,Case Number,C.A. No.-000313-000313 / 1993,27-01-1993 (English)
S.No. 188,Case Number,W.P.(C) No.-000715-000715 / 1990,13-05-1993 (English)
S.No. 189,Case Number,C.A. No.-002736-002736 / 1991,13-11-1992 (English)
S.No. 190,Case Number,Crl.A. No.-000276-000276 / 1993,16-03-1993 (English)
S.No. 191,Case Number,Crl.A. No.-000183-000183 / 1993,02-11-1992 (English)
S.No. 192,Case Number,C.A. No.-000182-000182 / 1993,25-02-1993 (English)
S.No. 193,Case Number,C.A. No.-002640-002641 / 1991,05-03-1993 (English)
S.No. 194,Case Number,Crl.A. No.-000642-000642 / 1991,16-03-1993 (English)
S.No. 195,Case Number,W.P.(C) No.-000499-000499 / 1991,11-11-1992 (English)
S.No. 196,Case Number,W.P.(C) No.-000509-000509 / 1991,08-04-1993 (English)
S.No. 197,Case Number,C.A. No.-003111-003116 / 1991,11-02-1993 (English)
S.No. 198,Case Number,C.A. No.-001301-001307 / 1991,02-04-1993 (English)
S.No. 199,Case Number,C.A. No.-004611-004611 / 1992,17-03-1993 (English)
S.No. 200,Case Number,C.A. No.-001094-001094 / 1992,31-03-1993 (English)
S.No. 201,Case Number,C.A. No.-004474-004474 / 1992,"27-04-1993 (English)
27-04-1993 (English)"
S.No. 202,Case Number,Crl.A. No.-000738-000738 / 1992,14-05-1993 (English)
S.No. 203,Case Number,C.A. No.-002684-002684 / 1993,11-05-1993 (English)
S.No. 204,Case Number,Crl.A. No.-000229-000229 / 1993,15-02-1993 (English)
S.No. 205,Case Number,C.A. No.-002485-002485 / 1992,03-05-1993 (English)
S.No. 206,Case Number,C.A. No.-001944-001944 / 1993,22-04-1993 (English)
S.No. 207,Case Number,C.A. No.-004507-004507 / 1992,20-10-1992 (English)
S.No. 208,Case Number,C.A. No.-004650-004650 / 1992,05-11-1992 (English)
S.No. 209,Case Number,C.A. No.-004734-004734 / 1992,02-11-1992 (English)
S.No. 210,Case Number,C.A. No.-004733-004733 / 1992,04-11-1992 (English)
S.No. 211,Case Number,C.A. No.-004731-004731 / 1992,11-11-1992 (English)
S.No. 212,Case Number,C.A. No.-001496-001496 / 1993,31-03-1993 (English)
S.No. 213,Case Number,C.A. No.-004799-004799 / 1992,09-11-1992 (English)
S.No. 214,Case Number,C.A. No.-002221-002221 / 1993,14-05-1993 (English)
S.No. 215,Case Number,C.A. No.-002544-002544 / 1993,11-05-1993 (English)
S.No. 216,Case Number,W.P.(C) No.-000607-000607 / 1992,04-02-1993 (English)
S.No. 217,Case Number,C.A. No.-009461-009462 / 1996,18-02-1993 (English)
S.No. 218,Case Number,Crl.A. No.-000626-000626 / 1993,08-10-1993 (English)
S.No. 219,Case Number,C.A. No.-001007-001008 / 1992,11-06-1993 (English)
S.No. 220,Case Number,C.A. No.-001749-001751 / 1992,11-01-1993 (English)
S.No. 221,Case Number,Crl.A. No.-000269-000269 / 1992,11-06-1993 (English)
S.No. 222,Case Number,W.P.(C) No.-000351-000351 / 1992,21-10-1992 (English)
S.No. 223,Case Number,W.P.(C) No.-000090-000090 / 1992,14-05-1993 (English)
S.No. 224,Case Number,SLP(C) No.-011897-011898 / 1992,"15-04-1993 (English)
14-01-1993 (English)"
S.No. 225,Case Number,W.P.(C) No.-000317-000317 / 1993,07-10-1993 (English)
S.No. 226,Case Number,C.A. No.-000722-000723 / 1993,15-06-1993 (English)
S.No. 227,Case Number,T.P.(C) No.-000669-000675 / 1993,24-09-1993 (English)
S.No. 228,Case Number,W.P.(Crl.) No.-000084-000084 / 1993,06-04-1993 (English)
S.No. 229,Case Number,C.A. No.-000430-000430 / 1993,03-02-1993 (English)
S.No. 230,Case Number,C.A. No.-002476-002476 / 1993,30-04-1993 (English)
S.No. 231,Case Number,C.A. No.-000241-000241 / 1993,07-05-1993 (English)
S.No. 232,Case Number,C.A. No.-001450-001451 / 1993,14-05-1993 (English)
S.No. 233,Case Number,C.A. No.-000297-000298 / 1993,15-03-1993 (English)
S.No. 234,Case Number,W.P.(C) No.-000536-000536 / 1993,12-10-1993 (English)
S.No. 235,Case Number,C.A. No.-000611-000611 / 1993,12-02-1993 (English)
S.No. 236,Case Number,T.P.(C) No.-000336-000371 / 1993,05-05-1993 (English)
