﻿Column-0,Column-1,Column-2,Column-3
S.No. 1,Case Number,Election Petition 1-2 of 1992,"17-09-1992 (English)
27-08-1992 (English)
27-08-1992 (English)
24-08-1992 (English)
20-08-1992 (English)
14-08-1992 (English)
11-08-1992 (English)
06-08-1992 (English)
04-08-1992 (English)
24-07-1992 (English)
22-07-1992 (English)"
S.No. 2,Case Number,/,29-04-1992 (English)
S.No. 3,Case Number,C.A. No.-000138-000138 / 1992,07-01-1992 (English)
S.No. 4,Case Number,W.P.(C) No.-001022-001022 / 1989,13-11-1991 (English)
S.No. 5,Case Number,C.A. No.-001360-001360 / 1974,04-02-1992 (English)
S.No. 6,Case Number,C.A. No.-000338-000338 / 1987,25-03-1992 (English)
S.No. 7,Case Number,C.A. No.-000847-000847 / 1992,18-02-1992 (English)
S.No. 8,Case Number,W.P.(C) No.-000323-000325 / 1989,04-02-1992 (English)
S.No. 9,Case Number,C.A. No.-001254-001254 / 1976,14-01-1992 (English)
S.No. 10,Case Number,C.A. No.-001109-001109 / 1976,15-01-1992 (English)
S.No. 11,Case Number,C.A. No.-000301-000302 / 1976,06-03-1992 (English)
S.No. 12,Case Number,Crl.A. No.-000144-000144 / 1992,28-02-1992 (English)
S.No. 13,Case Number,Crl.A. No.-000066-000066 / 1978,28-04-1992 (English)
S.No. 14,Case Number,C.A. No.-000369-000393 / 1991,14-02-1992 (English)
S.No. 15,Case Number,C.A. No.-001267-001268 / 1978,21-07-1992 (English)
S.No. 16,Case Number,C.A. No.-002460-002460 / 1977,15-05-1992 (English)
S.No. 17,Case Number,C.A. No.-000800-000801 / 1977,30-07-1992 (English)
S.No. 18,Case Number,C.A. No.-002107-002107 / 1977,11-08-1992 (English)
S.No. 19,Case Number,C.A. No.-001836-001836 / 1977,21-07-1992 (English)
S.No. 20,Case Number,C.A. No.-000678-000679 / 1977,13-03-1992 (English)
S.No. 21,Case Number,W.P.(C) No.-000677-000677 / 1991,30-01-1992 (English)
S.No. 22,Case Number,Crl.A. No.-000404-000404 / 1979,29-10-1991 (English)
S.No. 23,Case Number,C.A. No.-002407-002407 / 1979,10-03-1992 (English)
S.No. 24,Case Number,Crl.A. No.-000688-000688 / 1979,31-03-1992 (English)
S.No. 25,Case Number,C.A. No.-002201-002203 / 1979,22-04-1992 (English)
S.No. 26,Case Number,Crl.A. No.-000124-000124 / 1979,28-04-1992 (English)
S.No. 27,Case Number,Crl.A. No.-000383-000384 / 1979,29-04-1992 (English)
S.No. 28,Case Number,C.A. No.-001404-001404 / 1979,12-11-1991 (English)
S.No. 29,Case Number,C.A. No.-002822-002822 / 1979,15-10-1992 (English)
S.No. 30,Case Number,C.A. No.-002626-002628 / 1979,28-04-1992 (English)
S.No. 31,Case Number,C.A. No.-002832-002833 / 1979,05-03-1992 (English)
S.No. 32,Case Number,W.P.(C) No.-001868-001868 / 1980,06-12-1991 (English)
S.No. 33,Case Number,C.A. No.-001511-001511 / 1980,13-03-1992 (English)
S.No. 34,Case Number,C.A. No.-002805-002805 / 1980,21-04-1992 (English)
S.No. 35,Case Number,C.A. No.-002916-002916 / 1980,29-04-1992 (English)
S.No. 36,Case Number,C.A. No.-002945-002945 / 1980,23-04-1992 (English)
S.No. 37,Case Number,C.A. No.-002593-002593 / 1980,19-08-1992 (English)
S.No. 38,Case Number,Crl.A. No.-000483-000483 / 1980,15-10-1992 (English)
S.No. 39,Case Number,SLP(C) No.-008788-008788 / 1989,13-02-1992 (English)
S.No. 40,Case Number,W.P.(C) No.-000964-000964 / 1991,15-05-1992 (English)
S.No. 41,Case Number,W.P.(C) No.-002426-002449 / 1980,04-08-1992 (English)
S.No. 42,Case Number,C.A. No.-000660-000660 / 1981,06-04-1992 (English)
S.No. 43,Case Number,Crl.A. No.-000531-000531 / 1981,21-04-1992 (English)
S.No. 44,Case Number,C.A. No.-001265-001265 / 1981,21-04-1992 (English)
S.No. 45,Case Number,Crl.A. No.-000715-000715 / 1981,21-04-1992 (English)
S.No. 46,Case Number,Crl.A. No.-000572-000572 / 1981,21-04-1992 (English)
S.No. 47,Case Number,Crl.A. No.-000388-000388 / 1981,08-05-1992 (English)
S.No. 48,Case Number,W.P.(C) No.-001438-001438 / 1981,08-05-1992 (English)
S.No. 49,Case Number,Crl.A. No.-000149-000149 / 1981,21-01-1992 (English)
S.No. 50,Case Number,Crl.A. No.-000373-000373 / 1981,21-07-1992 (English)
S.No. 51,Case Number,Crl.A. No.-000282-000282 / 1981,19-08-1992 (English)
S.No. 52,Case Number,C.A. No.-002838-002839 / 1980,13-03-1992 (English)
S.No. 53,Case Number,C.A. No.-001773-001773 / 1981,10-03-1992 (English)
S.No. 54,Case Number,Crl.A. No.-000273-000274 / 1980,31-01-1992 (English)
S.No. 55,Case Number,C.A. No.-000227-000227 / 1982,21-07-1992 (English)
S.No. 56,Case Number,C.A. No.-000608-000608 / 1982,19-08-1992 (English)
S.No. 57,Case Number,W.P.(Crl.) No.-001061-001061 / 1982,19-02-1992 (English)
S.No. 58,Case Number,SLP(C) No.-008543-008543 / 1990,11-02-1992 (English)
S.No. 59,Case Number,W.P.(C) No.-002603-002611 / 1982,04-08-1992 (English)
S.No. 60,Case Number,W.P.(C) No.-000651-000651 / 1986,01-11-1991 (English)
S.No. 61,Case Number,C.A. No.-010803-010805 / 1983,24-07-1992 (English)
S.No. 62,Case Number,W.P.(C) No.-004677-004677 / 1985,"15-05-1992 (English)
22-11-1991 (English)"
S.No. 63,Case Number,SLP(C) No.-008076-008076 / 1988,29-10-1991 (English)
S.No. 64,Case Number,Crl.A. No.-000206-000206 / 1983,31-03-1992 (English)
S.No. 65,Case Number,Crl.A. No.-000567-000567 / 1983,31-03-1992 (English)
S.No. 66,Case Number,C.A. No.-003785-003785 / 1983,22-04-1992 (English)
S.No. 67,Case Number,C.A. No.-003847-003847 / 1983,22-04-1992 (English)
S.No. 68,Case Number,C.A. No.-010574-010583 / 1983,15-11-1991 (English)
S.No. 69,Case Number,C.A. No.-000378-000378 / 1992,21-01-1992 (English)
S.No. 70,Case Number,C.A. No.-000194-000194 / 1983,15-05-1992 (English)
S.No. 71,Case Number,C.A. No.-000752-000752 / 1984,22-01-1992 (English)
S.No. 72,Case Number,C.A. No.-007356-007360 / 1983,03-04-1992 (English)
S.No. 73,Case Number,C.A. No.-006650-006650 / 1983,24-01-1992 (English)
S.No. 74,Case Number,SLP(C) No.-016066-016066 / 1991,18-11-1991 (English)
S.No. 75,Case Number,Crl.A. No.-000022-000023 / 1983,10-04-1992 (English)
S.No. 76,Case Number,C.A. No.-000112-000112 / 1992,14-01-1992 (English)
S.No. 77,Case Number,Crl.A. No.-000722-000722 / 1991,22-11-1991 (English)
S.No. 78,Case Number,C.A. No.-001720-001720 / 1986,31-10-1991 (English)
S.No. 79,Case Number,C.A. No.-000243-000243 / 1992,24-01-1992 (English)
S.No. 80,Case Number,C.A. No.-001432-001433 / 1984,14-05-1992 (English)
S.No. 81,Case Number,SLP(C) No.-000647-000647 / 1992,01-05-1992 (English)
S.No. 82,Case Number,SLP(C) No.-010330-010330 / 1991,28-01-1992 (English)
S.No. 83,Case Number,C.A. No.-001626-001626 / 1988,24-01-1992 (English)
S.No. 84,Case Number,C.A. No.-003082-003082 / 1988,03-04-1992 (English)
S.No. 85,Case Number,Crl.A. No.-000447-000447 / 1988,29-04-1992 (English)
S.No. 86,Case Number,SLP(C) No.-005781-005781 / 1992,14-05-1992 (English)
S.No. 87,Case Number,SLP(Crl) No.-002369-002369 / 1991,26-03-1992 (English)
S.No. 88,Case Number,SLP(C) No.-010436-010436 / 1991,21-04-1992 (English)
S.No. 89,Case Number,C.A. No.-002979-002979 / 1992,12-08-1992 (English)
S.No. 90,Case Number,C.A. No.-005281-005281 / 1996,24-03-1992 (English)
S.No. 91,Case Number,C.A. No.-000733-000751 / 1986,19-08-1992 (English)
S.No. 92,Case Number,C.A. No.-001790-001790 / 1992,23-04-1992 (English)
S.No. 93,Case Number,SLP(C) No.-005594-005594 / 1992,06-08-1992 (English)
S.No. 94,Case Number,C.A. No.-000585-000585 / 1992,12-08-1992 (English)
S.No. 95,Case Number,C.A. No.-002309-002310 / 1989,16-01-1992 (English)
S.No. 96,Case Number,C.A. No.-003012-003012 / 1990,19-11-1991 (English)
S.No. 97,Case Number,C.A. No.-004437-004437 / 1990,22-04-1992 (English)
S.No. 98,Case Number,C.A. No.-004542-004542 / 1991,22-11-1991 (English)
S.No. 99,Case Number,C.A. No.-004375-004375 / 1991,29-10-1991 (English)
S.No. 100,Case Number,W.P.(C) No.-000930-000930 / 1990,04-12-1991 (English)
S.No. 101,Case Number,C.A. No.-003145-003145 / 1991,26-02-1992 (English)
S.No. 102,Case Number,W.P.(Crl.) No.-001339-001339 / 1991,29-10-1991 (English)
S.No. 103,Case Number,C.A. No.-004380-004380 / 1991,01-11-1991 (English)
S.No. 104,Case Number,C.A. No.-004488-004488 / 1991,31-10-1991 (English)
S.No. 105,Case Number,Crl.A. No.-000710-000710 / 1991,19-11-1991 (English)
S.No. 106,Case Number,C.A. No.-004135-004135 / 1991,17-01-1992 (English)
S.No. 107,Case Number,C.A. No.-002023-002024 / 1990,20-02-1992 (English)
S.No. 108,Case Number,Crl.A. No.-000631-000632 / 1990,28-04-1992 (English)
S.No. 109,Case Number,Crl.A. No.-000732-000732 / 1991,10-04-1992 (English)
S.No. 110,Case Number,C.A. No.-002553-002553 / 1991,29-04-1992 (English)
S.No. 111,Case Number,C.A. No.-002446-002446 / 1991,06-05-1992 (English)
S.No. 112,Case Number,C.A. No.-004105-004105 / 1991,14-05-1992 (English)
S.No. 113,Case Number,W.P.(C) No.-000456-000456 / 1991,30-07-1992 (English)
S.No. 114,Case Number,C.A. No.-004209-004209 / 1991,06-08-1992 (English)
S.No. 115,Case Number,W.P.(Crl.) No.-001385-001385 / 1991,19-08-1992 (English)
S.No. 116,Case Number,W.P.(C) No.-000873-000873 / 1990,29-01-1992 (English)
S.No. 117,Case Number,C.A. No.-004693-004694 / 1990,19-08-1992 (English)
S.No. 118,Case Number,C.A. No.-004916-004916 / 1991,25-11-1991 (English)
S.No. 119,Case Number,C.A. No.-004366-004366 / 1991,31-10-1991 (English)
S.No. 120,Case Number,C.A. No.-003062-003062 / 1991,20-02-1992 (English)
S.No. 121,Case Number,C.A. No.-004560-004562 / 1990,05-08-1992 (English)
S.No. 122,Case Number,C.A. No.-001720-001721 / 1990,04-03-1992 (English)
S.No. 123,Case Number,C.A. No.-004559-004559 / 1991,22-11-1991 (English)
S.No. 124,Case Number,C.A. No.-001783-001784 / 1990,04-02-1992 (English)
S.No. 125,Case Number,C.A. No.-000223-000223 / 1992,21-01-1992 (English)
S.No. 126,Case Number,C.A. No.-002945-002945 / 1992,14-08-1992 (English)
S.No. 127,Case Number,C.A. No.-000916-000916 / 1992,26-02-1992 (English)
S.No. 128,Case Number,C.A. No.-002247-002247 / 1992,12-03-1992 (English)
S.No. 129,Case Number,C.A. No.-002259-002259 / 1992,13-03-1992 (English)
S.No. 130,Case Number,C.A. No.-002255-002255 / 1992,13-03-1992 (English)
S.No. 131,Case Number,C.A. No.-002004-002012 / 1992,12-03-1992 (English)
S.No. 132,Case Number,C.A. No.-001054-001054 / 1992,06-03-1992 (English)
S.No. 133,Case Number,C.A. No.-002257-002257 / 1992,13-03-1992 (English)
S.No. 134,Case Number,C.A. No.-001117-001117 / 1992,24-03-1992 (English)
S.No. 135,Case Number,C.A. No.-001205-001205 / 1992,31-03-1992 (English)
S.No. 136,Case Number,C.A. No.-001111-001111 / 1992,13-03-1992 (English)
S.No. 137,Case Number,C.A. No.-001210-001210 / 1992,31-03-1992 (English)
S.No. 138,Case Number,C.A. No.-001627-001627 / 1992,10-04-1992 (English)
S.No. 139,Case Number,C.A. No.-001806-001806 / 1992,27-04-1992 (English)
S.No. 140,Case Number,C.A. No.-001888-001888 / 1992,30-04-1992 (English)
S.No. 141,Case Number,C.A. No.-001813-001813 / 1992,29-04-1992 (English)
S.No. 142,Case Number,C.A. No.-001978-001978 / 1992,07-05-1992 (English)
S.No. 143,Case Number,C.A. No.-002425-002425 / 1992,15-05-1992 (English)
S.No. 144,Case Number,C.A. No.-002413-002413 / 1992,15-05-1992 (English)
S.No. 145,Case Number,C.A. No.-001875-001875 / 1992,28-04-1992 (English)
S.No. 146,Case Number,W.P.(C) No.-000451-000451 / 1992,30-07-1992 (English)
S.No. 147,Case Number,C.A. No.-002862-002862 / 1992,07-08-1992 (English)
S.No. 148,Case Number,C.A. No.-002944-002944 / 1992,11-08-1992 (English)
S.No. 149,Case Number,C.A. No.-003047-003047 / 1992,18-08-1992 (English)
S.No. 150,Case Number,C.A. No.-002588-002588 / 1992,17-07-1992 (English)
S.No. 151,Case Number,C.A. No.-003284-003284 / 1992,19-08-1992 (English)
S.No. 152,Case Number,C.A. No.-003303-003303 / 1992,14-08-1992 (English)
S.No. 153,Case Number,C.A. No.-002683-002683 / 1992,29-07-1992 (English)
S.No. 154,Case Number,C.A. No.-002932-002932 / 1992,11-08-1992 (English)
S.No. 155,Case Number,C.A. No.-004255-004255 / 1992,15-10-1992 (English)
S.No. 156,Case Number,Crl.A. No.-000626-000626 / 1992,16-10-1992 (English)
S.No. 157,Case Number,C.A. No.-001819-001819 / 1992,17-07-1992 (English)
S.No. 158,Case Number,Crl.A. No.-000207-000208 / 1992,31-03-1992 (English)
S.No. 159,Case Number,Crl.A. No.-000254-000254 / 1992,20-04-1992 (English)
S.No. 160,Case Number,C.A. No.-002933-002934 / 1992,12-08-1992 (English)
S.No. 161,Case Number,C.A. No.-002457-002458 / 1992,28-05-1992 (English)
S.No. 162,Case Number,Crl.A. No.-000269-000269 / 1992,28-04-1992 (English)
S.No. 163,Case Number,C.A. No.-002652-002653 / 1992,24-07-1992 (English)
S.No. 164,Case Number,C.A. No.-002946-002947 / 1992,14-08-1992 (English)
S.No. 165,Case Number,C.A. No.-001826-001837 / 1992,28-04-1992 (English)
S.No. 166,Case Number,Crl.A. No.-000167-000169 / 1992,13-03-1992 (English)
S.No. 167,Case Number,Crl.A. No.-000392-000392 / 1992,21-07-1992 (English)
S.No. 168,Case Number,Crl.A. No.-000047-000047 / 1992,21-01-1992 (English)
S.No. 169,Case Number,C.A. No.-002449-002450 / 1992,14-05-1992 (English)
