﻿Column-0,Column-1,Column-2,Column-3
S.No. 1,Case Number,Appeal (civil) 2248 of 1968,"17-10-1974 (English)
17-10-1974 (English)
17-10-1974 (English)
16-10-1974 (English)
16-10-1974 (English)
16-10-1974 (English)
16-10-1974 (English)
15-10-1974 (English)
15-10-1974 (English)
15-10-1974 (English)
14-10-1974 (English)"
S.No. 2,Case Number,Crl.A. No.-000980-000980 / 1997,14-12-1973 (English)
S.No. 3,Case Number,W.P.(C) No.-000129-000131 / 1969,01-05-1974 (English)
S.No. 4,Case Number,C.A. No.-003471-003471 / 1991,05-03-1974 (English)
