﻿Column-0,Column-1,Column-2,Column-3
S.No. 1,Case Number,Writ Petition (crl.) 102 of 2007,"05-05-2017 (English)
03-05-2017 (English)
27-04-2017 (English)
25-04-2017 (English)
31-03-2017 (English)
30-03-2017 (English)
03-03-2017 (English)
21-02-2017 (English)
15-02-2017 (English)
13-02-2017 (English)
09-02-2017 (English)"
S.No. 2,Case Number,Crl.A. No.-001140-001140 / 2016,22-11-2016 (English)
S.No. 3,Case Number,SLP(C) No.-001750-001751 / 2001,04-05-2017 (English)
S.No. 4,Case Number,C.A. No.-008943-008943 / 2017,11-07-2017 (English)
S.No. 5,Case Number,C.A. No.-006125-006125 / 2001,08-05-2017 (English)
S.No. 6,Case Number,SLP(C) No.-002165-002166 / 2016,28-02-2017 (English)
S.No. 7,Case Number,C.A. No.-001349-001349 / 2007,05-09-2017 (English)
S.No. 8,Case Number,C.A. No.-005540-005540 / 2017,24-04-2017 (English)
S.No. 9,Case Number,C.A. No.-000641-000641 / 2012,18-01-2017 (English)
S.No. 10,Case Number,Crl.A. No.-001362-001362 / 2017,09-08-2017 (English)
S.No. 11,Case Number,C.A. No.-000752-000752 / 2017,20-01-2017 (English)
S.No. 12,Case Number,C.A. No.-011577-011577 / 2016,02-12-2016 (English)
S.No. 13,Case Number,C.A. No.-001368-001368 / 2007,22-02-2017 (English)
S.No. 14,Case Number,C.A. No.-001587-001636 / 2017,21-02-2017 (English)
S.No. 15,Case Number,C.A. No.-009358-009360 / 2017,20-07-2017 (English)
S.No. 16,Case Number,Crl.A. No.-000454-000454 / 2017,03-03-2017 (English)
S.No. 17,Case Number,C.A. No.-003831-003831 / 2017,07-03-2017 (English)
S.No. 18,Case Number,Crl.A. No.-000400-000400 / 2006,30-03-2017 (English)
S.No. 19,Case Number,C.A. No.-006276-006276 / 2013,19-06-2017 (English)
S.No. 20,Case Number,Crl.A. No.-000605-000605 / 2017,28-03-2017 (English)
S.No. 21,Case Number,C.A. No.-005040-005040 / 2009,20-09-2017 (English)
S.No. 22,Case Number,Crl.A. No.-001363-001363 / 2017,09-08-2017 (English)
S.No. 23,Case Number,C.A. No.-001223-001224 / 2017,30-01-2017 (English)
S.No. 24,Case Number,W.P.(C) No.-000017-000017 / 2017,16-01-2017 (English)
S.No. 25,Case Number,C.A. No.-010200-010200 / 2017,04-08-2017 (English)
S.No. 26,Case Number,C.A. No.-000361-000361 / 2007,02-12-2016 (English)
S.No. 27,Case Number,C.A. No.-010802-010802 / 2017,21-08-2017 (English)
S.No. 28,Case Number,C.A. No.-009831-009832 / 2017,27-07-2017 (English)
S.No. 29,Case Number,Crl.A. No.-001399-001399 / 2007,01-12-2016 (English)
S.No. 30,Case Number,CONMT.PET.(C) No.-000972-000972 / 2017,19-06-2017 (English)
S.No. 31,Case Number,C.A. No.-002740-002740 / 2007,21-11-2016 (English)
S.No. 32,Case Number,Crl.A. No.-000577-000577 / 2017,31-03-2017 (English)
S.No. 33,Case Number,C.A. No.-015571-015572 / 2017,04-10-2017 (English)
S.No. 34,Case Number,C.A. No.-000831-000831 / 2017,23-01-2017 (English)
S.No. 35,Case Number,Crl.A. No.-001300-001300 / 2010,31-01-2017 (English)
S.No. 36,Case Number,C.A. No.-003055-003055 / 2017,21-02-2017 (English)
S.No. 37,Case Number,C.A. No.-006805-006805 / 2013,17-04-2017 (English)
S.No. 38,Case Number,C.A. No.-001345-001345 / 2017,02-02-2017 (English)
S.No. 39,Case Number,Crl.A. No.-000483-000483 / 2013,20-02-2017 (English)
S.No. 40,Case Number,C.A. No.-001798-001798 / 2005,08-11-2016 (English)
S.No. 41,Case Number,Crl.A. No.-000051-000051 / 2007,26-07-2017 (English)
S.No. 42,Case Number,C.A. No.-011735-011740 / 2016,01-12-2016 (English)
S.No. 43,Case Number,C.A. No.-001718-001719 / 2001,24-10-2016 (English)
S.No. 44,Case Number,Crl.A. No.-000430-000430 / 2017,23-02-2017 (English)
S.No. 45,Case Number,C.A. No.-007823-007823 / 2014,24-03-2017 (English)
S.No. 46,Case Number,Crl.A. No.-001261-001262 / 2017,01-08-2017 (English)
S.No. 47,Case Number,C.A. No.-008720-008720 / 2017,06-07-2017 (English)
S.No. 48,Case Number,C.A. No.-003849-003849 / 2017,24-04-2017 (English)
S.No. 49,Case Number,Crl.A. No.-000790-000790 / 2017,24-04-2017 (English)
S.No. 50,Case Number,C.A. No.-010866-010867 / 2017,25-08-2017 (English)
S.No. 51,Case Number,C.A. No.-001379-001380 / 2017,03-02-2017 (English)
S.No. 52,Case Number,C.A. No.-003867-003867 / 2017,09-03-2017 (English)
S.No. 53,Case Number,C.A. No.-010824-010824 / 2011,15-09-2017 (English)
S.No. 54,Case Number,C.A. No.-010830-010830 / 2011,15-09-2017 (English)
S.No. 55,Case Number,C.A. No.-005654-005654 / 2008,30-03-2017 (English)
S.No. 56,Case Number,C.A. No.-005780-005780 / 2008,13-07-2017 (English)
S.No. 57,Case Number,C.A. No.-011992-011992 / 2016,09-12-2016 (English)
S.No. 58,Case Number,C.A. No.-004311-004312 / 2017,21-03-2017 (English)
S.No. 59,Case Number,Crl.A. No.-000337-000337 / 2006,28-02-2017 (English)
S.No. 60,Case Number,Crl.A. No.-001418-001418 / 2013,18-07-2017 (English)
S.No. 61,Case Number,W.P.(C) No.-000055-000055 / 2003,11-11-2016 (English)
S.No. 62,Case Number,Crl.A. No.-000156-000157 / 2017,20-01-2017 (English)
S.No. 63,Case Number,Crl.A. No.-000865-000866 / 2013,07-04-2017 (English)
S.No. 64,Case Number,C.A. No.-003798-003798 / 2017,09-03-2017 (English)
S.No. 65,Case Number,C.A. No.-006442-006442 / 2011,24-01-2017 (English)
S.No. 66,Case Number,C.A. No.-002120-002120 / 2004,09-08-2017 (English)
S.No. 67,Case Number,Crl.A. No.-001499-001499 / 2017,24-08-2017 (English)
S.No. 68,Case Number,C.A. No.-004918-004918 / 2017,09-06-2017 (English)
S.No. 69,Case Number,C.A. No.-003672-003672 / 2009,01-09-2017 (English)
S.No. 70,Case Number,C.A. No.-002596-002596 / 2013,20-09-2017 (English)
S.No. 71,Case Number,C.A. No.-002595-002595 / 2013,20-09-2017 (English)
S.No. 72,Case Number,C.A. No.-006908-006908 / 2008,22-03-2017 (English)
S.No. 73,Case Number,CONMT.PET.(C) No.-000153-000153 / 2015,19-06-2017 (English)
S.No. 74,Case Number,SLP(C) No.-002879-002879 / 2017,04-04-2017 (English)
S.No. 75,Case Number,Crl.A. No.-001367-001367 / 2017,18-08-2017 (English)
S.No. 76,Case Number,C.A. No.-000691-000693 / 2017,20-01-2017 (English)
S.No. 77,Case Number,CONMT.PET.(C) No.-000103-000103 / 2015,19-06-2017 (English)
S.No. 78,Case Number,C.A. No.-000418-000418 / 2017,13-01-2017 (English)
S.No. 79,Case Number,C.A. No.-001381-001384 / 2017,03-02-2017 (English)
S.No. 80,Case Number,C.A. No.-003836-003836 / 2011,13-10-2017 (English)
S.No. 81,Case Number,C.A. No.-011199-011199 / 2017,05-09-2017 (English)
S.No. 82,Case Number,W.P.(C) No.-000123-000123 / 2016,21-07-2017 (English)
S.No. 83,Case Number,CONMT.PET.(C) No.-000152-000152 / 2015,19-06-2017 (English)
S.No. 84,Case Number,C.A. No.-016355-016355 / 2017,10-10-2017 (English)
S.No. 85,Case Number,C.A. No.-004859-004860 / 2015,16-12-2016 (English)
S.No. 86,Case Number,C.A. No.-011074-011074 / 2017,29-08-2017 (English)
S.No. 87,Case Number,Crl.A. No.-001102-001104 / 2017,11-07-2017 (English)
S.No. 88,Case Number,C.A. No.-007600-007600 / 2014,02-01-2017 (English)
S.No. 89,Case Number,C.A. No.-005335-005335 / 2017,18-04-2017 (English)
S.No. 90,Case Number,C.A. No.-001715-001715 / 2005,22-03-2017 (English)
S.No. 91,Case Number,C.A. No.-010432-010432 / 2016,28-10-2016 (English)
S.No. 92,Case Number,C.A. No.-006388-006388 / 2009,15-09-2017 (English)
S.No. 93,Case Number,C.A. No.-000512-000512 / 2009,10-08-2017 (English)
S.No. 94,Case Number,C.A. No.-000661-000661 / 2008,28-03-2017 (English)
S.No. 95,Case Number,C.A. No.-010268-010268 / 2017,23-08-2017 (English)
S.No. 96,Case Number,C.A. No.-011064-011065 / 2017,25-08-2017 (English)
S.No. 97,Case Number,C.A. No.-002776-002776 / 2009,09-08-2017 (English)
S.No. 98,Case Number,C.A. No.-011003-011003 / 2016,21-11-2016 (English)
S.No. 99,Case Number,C.A. No.-001549-001549 / 2011,05-09-2017 (English)
S.No. 100,Case Number,Crl.A. No.-000285-000285 / 2017,09-03-2017 (English)
S.No. 101,Case Number,C.A. No.-001398-001399 / 2011,17-02-2017 (English)
S.No. 102,Case Number,C.A. No.-005100-005102 / 2017,10-04-2017 (English)
S.No. 103,Case Number,Crl.A. No.-001460-001460 / 2011,20-01-2017 (English)
S.No. 104,Case Number,CONMT.PET.(C) No.-000151-000151 / 2015,19-06-2017 (English)
S.No. 105,Case Number,CONMT.PET.(C) No.-000158-000158 / 2015,19-06-2017 (English)
S.No. 106,Case Number,T.C.(C) No.-000001-000001 / 2017,12-10-2017 (English)
S.No. 107,Case Number,C.A. No.-003798-003798 / 2015,12-01-2017 (English)
S.No. 108,Case Number,W.P.(C) No.-000081-000081 / 2017,07-02-2017 (English)
S.No. 109,Case Number,Crl.A. No.-000455-000455 / 2006,01-03-2017 (English)
S.No. 110,Case Number,CONMT.PET.(C) No.-000050-000050 / 2015,19-06-2017 (English)
S.No. 111,Case Number,C.A. No.-010829-010829 / 2011,15-09-2017 (English)
S.No. 112,Case Number,C.A. No.-010828-010828 / 2011,15-09-2017 (English)
S.No. 113,Case Number,C.A. No.-010826-010827 / 2011,15-09-2017 (English)
S.No. 114,Case Number,C.A. No.-010825-010825 / 2011,15-09-2017 (English)
S.No. 115,Case Number,CONMT.PET.(C) No.-000107-000107 / 2015,19-06-2017 (English)
S.No. 116,Case Number,CONMT.PET.(C) No.-000104-000104 / 2015,19-06-2017 (English)
S.No. 117,Case Number,Crl.A. No.-001411-001411 / 2017,16-08-2017 (English)
S.No. 118,Case Number,Crl.A. No.-000254-000262 / 2012,02-01-2017 (English)
S.No. 119,Case Number,C.A. No.-002320-002321 / 2010,01-09-2017 (English)
S.No. 120,Case Number,CONMT.PET.(C) No.-000154-000154 / 2015,19-06-2017 (English)
S.No. 121,Case Number,CONMT.PET.(C) No.-000102-000102 / 2015,19-06-2017 (English)
S.No. 122,Case Number,C.A. No.-003110-003110 / 2012,25-04-2017 (English)
S.No. 123,Case Number,CONMT.PET.(C) No.-000120-000120 / 2015,19-06-2017 (English)
S.No. 124,Case Number,Crl.A. No.-000533-000533 / 2017,12-04-2017 (English)
S.No. 125,Case Number,CONMT.PET.(C) No.-000111-000111 / 2015,19-06-2017 (English)
S.No. 126,Case Number,CONMT.PET.(C) No.-000106-000106 / 2015,19-06-2017 (English)
S.No. 127,Case Number,CONMT.PET.(C) No.-000101-000101 / 2015,19-06-2017 (English)
S.No. 128,Case Number,C.A. No.-009845-009858 / 2017,28-07-2017 (English)
S.No. 129,Case Number,C.A. No.-011114-011119 / 2016,23-11-2016 (English)
S.No. 130,Case Number,C.A. No.-008597-008597 / 2010,18-11-2016 (English)
S.No. 131,Case Number,CONMT.PET.(C) No.-000112-000112 / 2015,19-06-2017 (English)
S.No. 132,Case Number,SLP(Crl) No.-002073-002073 / 2017,19-03-2017 (English)
S.No. 133,Case Number,C.A. No.-010821-010823 / 2011,15-09-2017 (English)
S.No. 134,Case Number,C.A. No.-001542-001542 / 2011,05-09-2017 (English)
S.No. 135,Case Number,W.P.(C) No.-000148-000148 / 2017,19-06-2017 (English)
S.No. 136,Case Number,Crl.A. No.-001176-001176 / 2017,17-07-2017 (English)
S.No. 137,Case Number,Crl.A. No.-000841-000841 / 2007,21-04-2017 (English)
S.No. 138,Case Number,C.A. No.-000491-000491 / 2007,03-02-2017 (English)
S.No. 139,Case Number,CONMT.PET.(C) No.-000157-000157 / 2015,19-06-2017 (English)
S.No. 140,Case Number,CONMT.PET.(C) No.-000131-000131 / 2015,19-06-2017 (English)
S.No. 141,Case Number,C.A. No.-008665-008668 / 2010,"24-11-2016 (English)
23-11-2016 (English)"
S.No. 142,Case Number,C.A. No.-007524-007524 / 2009,20-07-2017 (English)
S.No. 143,Case Number,CONMT.PET.(C) No.-000110-000110 / 2015,19-06-2017 (English)
S.No. 144,Case Number,Crl.A. No.-000498-000498 / 2012,27-04-2017 (English)
S.No. 145,Case Number,CONMT.PET.(C) No.-000128-000128 / 2015,19-06-2017 (English)
S.No. 146,Case Number,CONMT.PET.(C) No.-000129-000129 / 2015,19-06-2017 (English)
S.No. 147,Case Number,SLP(C) No.-004754-004754 / 2014,14-12-2016 (English)
S.No. 148,Case Number,CONMT.PET.(C) No.-000109-000109 / 2015,19-06-2017 (English)
S.No. 149,Case Number,CONMT.PET.(C) No.-000108-000108 / 2015,19-06-2017 (English)
S.No. 150,Case Number,CONMT.PET.(C) No.-000105-000105 / 2015,19-06-2017 (English)
S.No. 151,Case Number,CONMT.PET.(C) No.-000150-000150 / 2015,19-06-2017 (English)
S.No. 152,Case Number,C.A. No.-011773-011773 / 2016,05-12-2016 (English)
S.No. 153,Case Number,CONMT.PET.(C) No.-000149-000149 / 2015,19-06-2017 (English)
S.No. 154,Case Number,C.A. No.-010833-010833 / 2010,10-10-2017 (English)
S.No. 155,Case Number,C.A. No.-005366-005366 / 2017,01-05-2017 (English)
S.No. 156,Case Number,W.P.(C) No.-000114-000114 / 2014,02-08-2017 (English)
S.No. 157,Case Number,W.P.(C) No.-000103-000103 / 2014,14-12-2016 (English)
S.No. 158,Case Number,SMC(C) No.-000001-000001 / 2017,09-05-2017 (English)
S.No. 159,Case Number,C.A. No.-010732-010733 / 2017,22-08-2017 (English)
S.No. 160,Case Number,C.A. No.-010734-010735 / 2017,22-08-2017 (English)
S.No. 161,Case Number,C.A. No.-006749-006749 / 2008,31-08-2017 (English)
S.No. 162,Case Number,C.A. No.-011236-011236 / 2016,22-11-2016 (English)
S.No. 163,Case Number,CONMT.PET.(C) No.-000127-000127 / 2015,19-06-2017 (English)
S.No. 164,Case Number,C.A. No.-011106-011106 / 2017,30-08-2017 (English)
S.No. 165,Case Number,CONMT.PET.(C) No.-000134-000134 / 2015,19-06-2017 (English)
S.No. 166,Case Number,SLP(C) No.-005386-005386 / 2014,29-05-2017 (English)
S.No. 167,Case Number,ARBIT.CASE(C) No.-000013-000013 / 2016,14-12-2016 (English)
S.No. 168,Case Number,CONMT.PET.(C) No.-000155-000155 / 2015,19-06-2017 (English)
S.No. 169,Case Number,C.A. No.-012114-012114 / 2016,08-12-2016 (English)
S.No. 170,Case Number,Crl.A. No.-000382-000382 / 2015,07-02-2017 (English)
S.No. 171,Case Number,C.A. No.-003588-003588 / 2017,30-03-2017 (English)
S.No. 172,Case Number,C.A. No.-002368-002368 / 2011,09-02-2017 (English)
S.No. 173,Case Number,Crl.A. No.-000751-000751 / 2017,"19-04-2017 (English)
19-04-2017 (English)"
S.No. 174,Case Number,C.A. No.-015608-015608 / 2017,04-10-2017 (English)
S.No. 175,Case Number,C.A. No.-015607-015607 / 2017,04-10-2017 (English)
S.No. 176,Case Number,C.A. No.-015605-015606 / 2017,04-10-2017 (English)
S.No. 177,Case Number,Crl.A. No.-001534-001534 / 2017,30-08-2017 (English)
S.No. 178,Case Number,CONMT.PET.(C) No.-000174-000174 / 2015,19-06-2017 (English)
S.No. 179,Case Number,C.A. No.-011107-011108 / 2017,24-08-2017 (English)
S.No. 180,Case Number,C.A. No.-011855-011855 / 2016,29-11-2016 (English)
S.No. 181,Case Number,C.A. No.-007245-007246 / 2011,09-08-2017 (English)
S.No. 182,Case Number,C.A. No.-007544-007546 / 2008,"23-03-2017 (English)
28-02-2017 (English)"
S.No. 183,Case Number,C.A. No.-012847-012847 / 2017,06-09-2017 (English)
S.No. 184,Case Number,C.A. No.-009124-009124 / 2017,17-07-2017 (English)
S.No. 185,Case Number,C.A. No.-002991-002991 / 2017,"09-05-2017 (English)
09-05-2017 (English)"
S.No. 186,Case Number,C.A. No.-003453-003453 / 2002,11-11-2016 (English)
S.No. 187,Case Number,Crl.A. No.-001279-001279 / 2017,09-08-2017 (English)
S.No. 188,Case Number,C.A. No.-004427-004427 / 2017,24-03-2017 (English)
S.No. 189,Case Number,T.P.(C) No.-000350-000350 / 2017,05-05-2017 (English)
S.No. 190,Case Number,C.A. No.-011060-011060 / 2017,25-08-2017 (English)
S.No. 191,Case Number,C.A. No.-016814-016814 / 2017,12-10-2017 (English)
S.No. 192,Case Number,R.P.(Crl.) No.-000192-000193 / 2011,07-07-2017 (English)
S.No. 193,Case Number,C.A. No.-010945-010945 / 2016,18-11-2016 (English)
S.No. 194,Case Number,C.A. No.-005812-005812 / 2017,01-05-2017 (English)
S.No. 195,Case Number,Crl.A. No.-000805-000805 / 2017,28-04-2017 (English)
S.No. 196,Case Number,C.A. No.-007849-007849 / 2009,21-09-2017 (English)
S.No. 197,Case Number,C.A. No.-012076-012076 / 2016,08-12-2016 (English)
S.No. 198,Case Number,C.A. No.-005548-005548 / 2017,20-04-2017 (English)
S.No. 199,Case Number,C.A. No.-000092-000093 / 2017,04-01-2017 (English)
S.No. 200,Case Number,C.A. No.-007444-007444 / 2009,12-09-2017 (English)
S.No. 201,Case Number,C.A. No.-004080-004080 / 2014,24-01-2017 (English)
S.No. 202,Case Number,C.A. No.-000213-000213 / 2013,26-10-2016 (English)
S.No. 203,Case Number,C.A. No.-000238-000238 / 2012,09-10-2017 (English)
S.No. 204,Case Number,C.A. No.-003903-003903 / 2017,10-03-2017 (English)
S.No. 205,Case Number,C.A. No.-005547-005547 / 2017,24-04-2017 (English)
S.No. 206,Case Number,C.A. No.-005839-005839 / 2005,15-02-2017 (English)
S.No. 207,Case Number,Crl.A. No.-001241-001241 / 2017,24-07-2017 (English)
S.No. 208,Case Number,C.A. No.-002666-002666 / 2013,20-09-2017 (English)
S.No. 209,Case Number,C.A. No.-001231-001231 / 2017,30-01-2017 (English)
S.No. 210,Case Number,C.A. No.-000721-000721 / 2013,11-01-2017 (English)
S.No. 211,Case Number,C.A. No.-000398-000400 / 2017,12-01-2017 (English)
S.No. 212,Case Number,C.A. No.-004387-004387 / 2017,20-03-2017 (English)
S.No. 213,Case Number,C.A. No.-004399-004399 / 2007,"18-04-2017 (English)
18-04-2017 (English)"
S.No. 214,Case Number,Crl.A. No.-000357-000357 / 2008,11-04-2017 (English)
S.No. 215,Case Number,C.A. No.-004280-004280 / 2017,20-03-2017 (English)
S.No. 216,Case Number,C.A. No.-006356-006356 / 2017,04-05-2017 (English)
S.No. 217,Case Number,CONMT.PET.(C) No.-000132-000132 / 2015,19-06-2017 (English)
S.No. 218,Case Number,CONMT.PET.(C) No.-000113-000113 / 2015,19-06-2017 (English)
S.No. 219,Case Number,C.A. No.-005227-005227 / 2017,24-04-2017 (English)
S.No. 220,Case Number,C.A. No.-003862-003862 / 2013,23-01-2017 (English)
S.No. 221,Case Number,Crl.A. No.-000298-000298 / 2006,25-11-2016 (English)
S.No. 222,Case Number,C.A. No.-007023-007023 / 2012,01-08-2017 (English)
S.No. 223,Case Number,C.A. No.-011487-011487 / 2016,29-11-2016 (English)
S.No. 224,Case Number,C.A. No.-001488-001488 / 2017,30-03-2017 (English)
S.No. 225,Case Number,C.A. No.-004248-004248 / 2017,09-03-2017 (English)
S.No. 226,Case Number,C.A. No.-008834-008834 / 2015,25-07-2017 (English)
S.No. 227,Case Number,C.A. No.-000287-000288 / 2011,01-09-2017 (English)
S.No. 228,Case Number,CONMT.PET.(C) No.-006277-006277 / 2017,19-06-2017 (English)
S.No. 229,Case Number,C.A. No.-006178-006178 / 2009,18-07-2017 (English)
S.No. 230,Case Number,Crl.A. No.-000484-000487 / 2008,23-02-2017 (English)
S.No. 231,Case Number,C.A. No.-011072-011072 / 2017,29-08-2017 (English)
S.No. 232,Case Number,Crl.A. No.-000767-000767 / 2017,20-04-2017 (English)
S.No. 233,Case Number,Crl.A. No.-001265-001265 / 2017,27-07-2017 (English)
S.No. 234,Case Number,Crl.A. No.-002285-002285 / 2011,21-03-2017 (English)
S.No. 235,Case Number,CONMT.PET.(C) No.-000121-000121 / 2015,19-06-2017 (English)
S.No. 236,Case Number,W.P.(C) No.-000118-000118 / 2016,22-08-2017 (English)
S.No. 237,Case Number,C.A. No.-003362-003362 / 2017,27-02-2017 (English)
S.No. 238,Case Number,C.A. No.-003910-003910 / 2017,10-03-2017 (English)
S.No. 239,Case Number,Crl.A. No.-000768-000769 / 2017,21-04-2017 (English)
S.No. 240,Case Number,C.A. No.-004944-004945 / 2016,08-11-2016 (English)
S.No. 241,Case Number,Crl.A. No.-000435-000435 / 2006,02-03-2017 (English)
S.No. 242,Case Number,SLP(Crl) No.-002009-002009 / 2017,16-08-2017 (English)
S.No. 243,Case Number,C.A. No.-004747-004747 / 2017,31-03-2017 (English)
S.No. 244,Case Number,C.A. No.-008485-008485 / 2011,21-09-2017 (English)
S.No. 245,Case Number,C.A. No.-003381-003400 / 1998,09-10-2017 (English)
S.No. 246,Case Number,Crl.A. No.-001231-001231 / 2016,15-12-2016 (English)
S.No. 247,Case Number,Crl.A. No.-001432-001434 / 2011,02-05-2017 (English)
S.No. 248,Case Number,Crl.A. No.-001213-001213 / 2016,09-12-2016 (English)
S.No. 249,Case Number,C.A. No.-000123-000123 / 2017,05-01-2017 (English)
S.No. 250,Case Number,C.A. No.-002464-002464 / 2016,"10-11-2016 (English)
10-11-2016 (English)"
S.No. 251,Case Number,C.A. No.-004925-004925 / 2017,31-03-2017 (English)
S.No. 252,Case Number,W.P.(C) No.-000245-000245 / 2014,27-04-2017 (English)
S.No. 253,Case Number,C.A. No.-011585-011585 / 2016,02-12-2016 (English)
S.No. 254,Case Number,W.P.(C) No.-000140-000140 / 2006,15-12-2016 (English)
S.No. 255,Case Number,C.A. No.-006761-006761 / 2009,29-03-2017 (English)
S.No. 256,Case Number,C.A. No.-005198-005198 / 2017,"28-04-2017 (English)
28-04-2017 (English)"
S.No. 257,Case Number,Crl.A. No.-000615-000615 / 2017,30-03-2017 (English)
S.No. 258,Case Number,CONMT.PET.(C) No.-000133-000133 / 2015,19-06-2017 (English)
S.No. 259,Case Number,C.A. No.-005988-005988 / 2007,02-05-2017 (English)
S.No. 260,Case Number,C.A. No.-010262-010263 / 2017,04-10-2017 (English)
S.No. 261,Case Number,Crl.A. No.-001217-001219 / 2017,21-07-2017 (English)
S.No. 262,Case Number,C.A. No.-008935-008936 / 2017,11-07-2017 (English)
S.No. 263,Case Number,C.A. No.-010692-010692 / 2017,21-08-2017 (English)
S.No. 264,Case Number,Crl.A. No.-001553-001553 / 2017,04-09-2017 (English)
S.No. 265,Case Number,C.A. No.-010831-010831 / 2011,15-09-2017 (English)
S.No. 266,Case Number,C.A. No.-001168-001168 / 2007,19-06-2017 (English)
S.No. 267,Case Number,C.A. No.-011856-011856 / 2016,29-11-2016 (English)
S.No. 268,Case Number,C.A. No.-003249-003249 / 2016,29-08-2017 (English)
S.No. 269,Case Number,C.A. No.-006112-006112 / 2017,04-05-2017 (English)
S.No. 270,Case Number,Crl.A. No.-000067-000067 / 2011,21-08-2017 (English)
S.No. 271,Case Number,C.A. No.-008754-008754 / 2017,10-07-2017 (English)
S.No. 272,Case Number,C.A. No.-010786-010786 / 2017,23-08-2017 (English)
S.No. 273,Case Number,C.A. No.-002714-002714 / 2008,06-03-2017 (English)
S.No. 274,Case Number,C.A. No.-009310-009310 / 2017,14-07-2017 (English)
S.No. 275,Case Number,C.A. No.-004187-004187 / 2008,27-04-2017 (English)
S.No. 276,Case Number,C.A. No.-004822-004825 / 2015,12-10-2017 (English)
S.No. 277,Case Number,W.P.(C) No.-000174-000174 / 2017,27-03-2017 (English)
S.No. 278,Case Number,C.A. No.-004615-004615 / 2017,30-03-2017 (English)
S.No. 279,Case Number,CONMT.PET.(C) No.-008429-008429 / 2016,19-06-2017 (English)
S.No. 280,Case Number,Crl.A. No.-000763-000763 / 2017,27-04-2017 (English)
S.No. 281,Case Number,C.A. No.-003840-003843 / 2017,08-03-2017 (English)
S.No. 282,Case Number,C.A. No.-010852-010852 / 2017,24-08-2017 (English)
S.No. 283,Case Number,SLP(C) No.-006828-006831 / 2016,09-05-2017 (English)
S.No. 284,Case Number,C.A. No.-005423-005423 / 2017,18-04-2017 (English)
S.No. 285,Case Number,W.P.(C) No.-000183-000183 / 2013,24-04-2017 (English)
S.No. 286,Case Number,Crl.A. No.-000253-000253 / 2017,02-08-2017 (English)
S.No. 287,Case Number,C.A. No.-010874-010874 / 2016,16-11-2016 (English)
S.No. 288,Case Number,C.A. No.-002649-002649 / 2016,28-10-2016 (English)
S.No. 289,Case Number,C.A. No.-001339-001339 / 2017,02-02-2017 (English)
S.No. 290,Case Number,T.P.(C) No.-000644-000644 / 2012,05-05-2017 (English)
S.No. 291,Case Number,C.A. No.-001412-001412 / 2008,07-03-2017 (English)
S.No. 292,Case Number,W.P.(C) No.-000299-000299 / 2017,19-06-2017 (English)
S.No. 293,Case Number,Crl.A. No.-000251-000251 / 2017,02-08-2017 (English)
S.No. 294,Case Number,C.A. No.-004204-004204 / 2007,11-01-2017 (English)
S.No. 295,Case Number,Crl.A. No.-000808-000808 / 2017,28-04-2017 (English)
S.No. 296,Case Number,C.A. No.-004403-004403 / 2017,30-03-2017 (English)
S.No. 297,Case Number,C.A. No.-007131-007132 / 2010,20-04-2017 (English)
S.No. 298,Case Number,C.A. No.-009879-009879 / 2017,28-08-2017 (English)
S.No. 299,Case Number,Crl.A. No.-000607-000608 / 2017,"05-05-2017 (English)
05-05-2017 (हिन्दी)
05-05-2017 (हिन्दी)"
S.No. 300,Case Number,C.A. No.-010923-010923 / 2017,25-08-2017 (English)
S.No. 301,Case Number,C.A. No.-010808-010808 / 2017,23-08-2017 (English)
S.No. 302,Case Number,C.A. No.-001327-001327 / 2017,01-02-2017 (English)
S.No. 303,Case Number,C.A. No.-010946-010946 / 2016,18-11-2016 (English)
S.No. 304,Case Number,Crl.A. No.-000885-000885 / 2017,03-05-2017 (English)
S.No. 305,Case Number,C.A. No.-011788-011789 / 2016,05-12-2016 (English)
S.No. 306,Case Number,C.A. No.-001699-001699 / 2007,15-09-2017 (English)
S.No. 307,Case Number,C.A. No.-002062-002062 / 2009,08-09-2017 (English)
S.No. 308,Case Number,Crl.A. No.-000119-000122 / 2017,31-01-2017 (English)
S.No. 309,Case Number,C.A. No.-003842-003842 / 2011,03-01-2017 (English)
S.No. 310,Case Number,C.A. No.-001338-001338 / 2017,24-04-2017 (English)
S.No. 311,Case Number,C.A. No.-005968-005968 / 2011,"28-02-2017 (English)
28-02-2017 (English)"
S.No. 312,Case Number,Crl.A. No.-000463-000463 / 2006,21-10-2016 (English)
S.No. 313,Case Number,C.A. No.-005212-005212 / 2017,13-04-2017 (English)
S.No. 314,Case Number,Crl.A. No.-001760-001760 / 2009,04-10-2017 (English)
S.No. 315,Case Number,C.A. No.-003888-003888 / 2015,16-11-2016 (English)
S.No. 316,Case Number,C.A. No.-005233-005233 / 2008,21-02-2017 (English)
S.No. 317,Case Number,Crl.A. No.-001360-001360 / 2017,14-08-2017 (English)
S.No. 318,Case Number,C.A. No.-004600-004600 / 2017,28-03-2017 (English)
S.No. 319,Case Number,Crl.A. No.-001305-001305 / 2011,02-02-2017 (English)
S.No. 320,Case Number,C.A. No.-005284-005284 / 2006,12-04-2017 (English)
S.No. 321,Case Number,W.P.(C) No.-000328-000328 / 2002,08-02-2017 (English)
S.No. 322,Case Number,CONMT.PET.(C) No.-000288-000288 / 2015,19-06-2017 (English)
S.No. 323,Case Number,C.A. No.-006475-006475 / 2008,05-04-2017 (English)
S.No. 324,Case Number,Crl.A. No.-001581-001581 / 2013,24-04-2017 (English)
S.No. 325,Case Number,Crl.A. No.-001135-001135 / 2016,02-12-2016 (English)
S.No. 326,Case Number,C.A. No.-010857-010857 / 2017,24-08-2017 (English)
S.No. 327,Case Number,C.A. No.-011337-011337 / 2017,07-09-2017 (English)
S.No. 328,Case Number,T.P.(C) No.-000567-000567 / 2017,31-07-2017 (English)
S.No. 329,Case Number,C.A. No.-012164-012166 / 2016,"31-03-2017 (English)
15-12-2016 (English)"
S.No. 330,Case Number,C.A. No.-011337-011337 / 2016,28-11-2016 (English)
S.No. 331,Case Number,Crl.A. No.-000547-000547 / 2007,22-03-2017 (English)
S.No. 332,Case Number,C.A. No.-012073-012073 / 2016,14-12-2016 (English)
S.No. 333,Case Number,C.A. No.-004426-004426 / 2011,15-12-2016 (English)
S.No. 334,Case Number,C.A. No.-009160-009160 / 2017,17-07-2017 (English)
S.No. 335,Case Number,C.A. No.-006345-006345 / 2017,04-05-2017 (English)
S.No. 336,Case Number,C.A. No.-002597-002597 / 2016,04-10-2017 (English)
S.No. 337,Case Number,C.A. No.-010617-010617 / 2017,18-08-2017 (English)
S.No. 338,Case Number,C.A. No.-005875-005875 / 1994,02-01-2017 (English)
S.No. 339,Case Number,Crl.A. No.-000587-000587 / 2017,27-03-2017 (English)
S.No. 340,Case Number,C.A. No.-000353-000353 / 2017,"25-01-2017 (English)
25-01-2017 (English)"
S.No. 341,Case Number,Crl.A. No.-000231-000233 / 2009,09-12-2016 (English)
S.No. 342,Case Number,CONMT.PET.(C) No.-000284-000284 / 2015,19-06-2017 (English)
S.No. 343,Case Number,CONMT.PET.(C) No.-000286-000286 / 2015,19-06-2017 (English)
S.No. 344,Case Number,CONMT.PET.(C) No.-000287-000287 / 2015,19-06-2017 (English)
S.No. 345,Case Number,Crl.A. No.-001624-001625 / 2013,20-10-2016 (English)
S.No. 346,Case Number,SMC(Crl) No.-000005-000005 / 2017,17-08-2017 (English)
S.No. 347,Case Number,C.A. No.-007068-007068 / 2010,05-09-2017 (English)
S.No. 348,Case Number,C.A. No.-000210-000210 / 2017,06-01-2017 (English)
S.No. 349,Case Number,C.A. No.-010244-010244 / 2017,08-08-2017 (English)
S.No. 350,Case Number,Crl.A. No.-001799-001799 / 2010,04-10-2017 (English)
S.No. 351,Case Number,C.A. No.-009732-009732 / 2017,25-07-2017 (English)
S.No. 352,Case Number,Crl.A. No.-000695-000695 / 2016,18-04-2017 (English)
S.No. 353,Case Number,CONMT.PET.(C) No.-000283-000283 / 2015,19-06-2017 (English)
S.No. 354,Case Number,Crl.A. No.-000216-000216 / 2017,03-02-2017 (English)
S.No. 355,Case Number,C.A. No.-004309-004309 / 2017,21-03-2017 (English)
S.No. 356,Case Number,C.A. No.-005165-005165 / 2010,20-07-2017 (English)
S.No. 357,Case Number,C.A. No.-001749-001749 / 2008,19-07-2017 (English)
S.No. 358,Case Number,C.A. No.-005170-005170 / 2010,27-01-2017 (English)
S.No. 359,Case Number,C.A. No.-009291-009291 / 2017,19-07-2017 (English)
S.No. 360,Case Number,C.A. No.-007365-007365 / 2016,02-12-2016 (English)
S.No. 361,Case Number,C.A. No.-010736-010737 / 2017,22-08-2017 (English)
S.No. 362,Case Number,C.A. No.-015444-015444 / 2017,22-09-2017 (English)
S.No. 363,Case Number,C.A. No.-009161-009161 / 2017,17-07-2017 (English)
S.No. 364,Case Number,C.A. No.-004507-004507 / 2004,14-02-2017 (English)
S.No. 365,Case Number,C.A. No.-002763-002764 / 2008,19-06-2017 (English)
S.No. 366,Case Number,C.A. No.-010837-010837 / 2011,15-09-2017 (English)
S.No. 367,Case Number,C.A. No.-010833-010833 / 2011,15-09-2017 (English)
S.No. 368,Case Number,C.A. No.-010832-010832 / 2011,15-09-2017 (English)
S.No. 369,Case Number,C.A. No.-010834-010835 / 2011,15-09-2017 (English)
S.No. 370,Case Number,C.A. No.-010353-010353 / 2016,26-10-2016 (English)
S.No. 371,Case Number,CONMT.PET.(C) No.-000290-000290 / 2015,19-06-2017 (English)
S.No. 372,Case Number,C.A. No.-010223-010223 / 2016,20-10-2016 (English)
S.No. 373,Case Number,C.A. No.-011259-011259 / 2016,"25-11-2016 (English)
25-11-2016 (English)"
S.No. 374,Case Number,CONMT.PET.(C) No.-011857-011857 / 2017,19-06-2017 (English)
S.No. 375,Case Number,CONMT.PET.(C) No.-000285-000285 / 2015,19-06-2017 (English)
S.No. 376,Case Number,C.A. No.-005630-005630 / 2017,04-05-2017 (English)
S.No. 377,Case Number,C.A. No.-007460-007460 / 2009,03-08-2017 (English)
S.No. 378,Case Number,C.A. No.-006269-006269 / 2013,19-06-2017 (English)
S.No. 379,Case Number,C.A. No.-004415-004415 / 2011,11-01-2017 (English)
S.No. 380,Case Number,C.A. No.-012851-012851 / 2017,14-09-2017 (English)
S.No. 381,Case Number,C.A. No.-001093-001093 / 2006,22-09-2017 (English)
S.No. 382,Case Number,C.A. No.-006455-006460 / 2017,09-05-2017 (English)
S.No. 383,Case Number,Crl.A. No.-000898-000898 / 2005,"28-02-2017 (English)
28-02-2017 (English)"
S.No. 384,Case Number,Crl.A. No.-001339-001339 / 2017,04-08-2017 (English)
S.No. 385,Case Number,Crl.A. No.-000967 / 2017,10-08-2017 (English)
S.No. 386,Case Number,C.A. No.-010363-010363 / 2017,09-08-2017 (English)
S.No. 387,Case Number,C.A. No.-005103-005104 / 2017,10-04-2017 (English)
S.No. 388,Case Number,C.A. No.-010006-010006 / 2017,02-08-2017 (English)
S.No. 389,Case Number,Crl.A. No.-001062-001062 / 2007,21-04-2017 (English)
S.No. 390,Case Number,Crl.A. No.-001171-001171 / 2016,02-02-2017 (English)
S.No. 391,Case Number,Crl.A. No.-000757-000758 / 2016,26-05-2017 (English)
S.No. 392,Case Number,Crl.A. No.-001159-001159 / 2007,05-04-2017 (English)
S.No. 393,Case Number,C.A. No.-009361-009361 / 2017,20-07-2017 (English)
S.No. 394,Case Number,C.A. No.-010792-010794 / 2011,15-09-2017 (English)
S.No. 395,Case Number,C.A. No.-001008-001008 / 2017,07-02-2017 (English)
S.No. 396,Case Number,C.A. No.-004491-004491 / 2010,27-07-2017 (English)
S.No. 397,Case Number,Crl.A. No.-001418-001418 / 2014,23-02-2017 (English)
S.No. 398,Case Number,CONMT.PET.(C) No.-012967-012967 / 2015,19-06-2017 (English)
S.No. 399,Case Number,C.A. No.-005677-005677 / 2017,04-10-2017 (English)
S.No. 400,Case Number,C.A. No.-011256-011256 / 2016,23-11-2016 (English)
S.No. 401,Case Number,C.A. No.-012856-012856 / 2017,14-09-2017 (English)
S.No. 402,Case Number,C.A. No.-001016-001016 / 2017,27-01-2017 (English)
S.No. 403,Case Number,Crl.A. No.-001482-001482 / 2013,20-10-2016 (English)
S.No. 404,Case Number,C.A. No.-005690-005691 / 2017,28-04-2017 (English)
S.No. 405,Case Number,C.A. No.-006314-006314 / 2017,03-05-2017 (English)
S.No. 406,Case Number,C.A. No.-005675-005675 / 2017,13-07-2017 (English)
S.No. 407,Case Number,C.A. No.-000020-000020 / 2010,11-07-2017 (English)
S.No. 408,Case Number,C.A. No.-001110-001110 / 2006,06-04-2017 (English)
S.No. 409,Case Number,Crl.A. No.-002281-002281 / 2014,04-01-2017 (English)
S.No. 410,Case Number,C.A. No.-001698-001698 / 2020,23-01-2017 (English)
S.No. 411,Case Number,C.A. No.-001745-001745 / 2010,21-09-2017 (English)
S.No. 412,Case Number,CONMT.PET.(C) No.-013520-013520 / 2017,19-06-2017 (English)
S.No. 413,Case Number,Crl.A. No.-001448-001448 / 2017,21-08-2017 (English)
S.No. 414,Case Number,Crl.A. No.-000509-000509 / 2017,09-03-2017 (English)
S.No. 415,Case Number,C.A. No.-003173-003173 / 2017,23-02-2017 (English)
S.No. 416,Case Number,C.A. No.-011933-011933 / 2016,08-12-2016 (English)
S.No. 417,Case Number,C.A. No.-003893-003893 / 2006,"09-03-2017 (English)
09-03-2017 (English)"
S.No. 418,Case Number,Crl.A. No.-000939-000940 / 2017,23-08-2017 (English)
S.No. 419,Case Number,C.A. No.-010589-010590 / 2017,17-08-2017 (English)
S.No. 420,Case Number,C.A. No.-005459-005459 / 2007,18-04-2017 (English)
S.No. 421,Case Number,C.A. No.-000901-000901 / 2014,16-11-2016 (English)
S.No. 422,Case Number,C.A. No.-001431-001431 / 2008,29-03-2017 (English)
S.No. 423,Case Number,C.A. No.-011865-011866 / 2016,29-11-2016 (English)
S.No. 424,Case Number,C.A. No.-004484-004484 / 2009,11-07-2017 (English)
S.No. 425,Case Number,C.A. No.-011359-011359 / 2017,08-09-2017 (English)
S.No. 426,Case Number,C.A. No.-000329-000329 / 2005,21-10-2016 (English)
S.No. 427,Case Number,C.A. No.-001182-001182 / 2007,"07-03-2017 (English)
07-03-2017 (English)"
S.No. 428,Case Number,C.A. No.-001059-001059 / 2017,10-02-2017 (English)
S.No. 429,Case Number,Crl.A. No.-001143-001143 / 2010,27-01-2017 (English)
S.No. 430,Case Number,C.A. No.-010463-010463 / 2017,17-08-2017 (English)
S.No. 431,Case Number,C.A. No.-010017-010017 / 2017,03-08-2017 (English)
S.No. 432,Case Number,Crl.A. No.-000888-000888 / 2017,04-05-2017 (English)
S.No. 433,Case Number,C.A. No.-011491-011491 / 2016,02-01-2017 (English)
S.No. 434,Case Number,C.A. No.-004406-004418 / 2017,24-03-2017 (English)
S.No. 435,Case Number,C.A. No.-006485-006486 / 2008,09-08-2017 (English)
S.No. 436,Case Number,C.A. No.-009321-009321 / 2017,19-07-2017 (English)
S.No. 437,Case Number,C.A. No.-001329-001329 / 2017,02-02-2017 (English)
S.No. 438,Case Number,C.A. No.-005598-005598 / 2017,26-04-2017 (English)
S.No. 439,Case Number,Crl.A. No.-000988-000989 / 2016,28-10-2016 (English)
S.No. 440,Case Number,C.A. No.-012857-012857 / 2017,14-09-2017 (English)
S.No. 441,Case Number,C.A. No.-000719-000719 / 2008,21-02-2017 (English)
S.No. 442,Case Number,C.A. No.-008765-008765 / 2017,10-07-2017 (English)
S.No. 443,Case Number,C.A. No.-004165-004165 / 2008,23-08-2017 (English)
S.No. 444,Case Number,C.A. No.-010574-010574 / 2017,17-08-2017 (English)
S.No. 445,Case Number,C.A. No.-010647-010647 / 2010,09-08-2017 (English)
S.No. 446,Case Number,C.A. No.-010286-010286 / 2016,21-10-2016 (English)
S.No. 447,Case Number,C.A. No.-005883-005883 / 2013,11-08-2017 (English)
S.No. 448,Case Number,C.A. No.-005698-005698 / 2017,25-04-2017 (English)
S.No. 449,Case Number,C.A. No.-008498-008498 / 2013,16-12-2016 (English)
S.No. 450,Case Number,C.A. No.-015443-015443 / 2017,22-09-2017 (English)
S.No. 451,Case Number,C.A. No.-006346-006354 / 2017,04-05-2017 (English)
S.No. 452,Case Number,Crl.A. No.-001549-001549 / 2007,10-04-2017 (English)
S.No. 453,Case Number,C.A. No.-006310-006310 / 2017,04-05-2017 (English)
S.No. 454,Case Number,C.A. No.-015036-015036 / 2017,20-09-2017 (English)
S.No. 455,Case Number,C.A. No.-009140-009140 / 2017,17-07-2017 (English)
S.No. 456,Case Number,Crl.A. No.-001141-001141 / 2007,09-11-2016 (English)
S.No. 457,Case Number,C.A. No.-000858-000858 / 2017,24-01-2017 (English)
S.No. 458,Case Number,Crl.A. No.-000630-000630 / 2009,19-09-2017 (English)
S.No. 459,Case Number,C.A. No.-001888-001888 / 2008,30-03-2017 (English)
S.No. 460,Case Number,C.A. No.-002147-002147 / 2011,27-10-2016 (English)
S.No. 461,Case Number,Crl.A. No.-000333-000333 / 2013,25-04-2017 (English)
S.No. 462,Case Number,C.A. No.-010665-010667 / 2016,01-05-2017 (English)
S.No. 463,Case Number,C.A. No.-000243-000243 / 2011,17-08-2017 (English)
S.No. 464,Case Number,C.A. No.-005811-005811 / 2017,01-05-2017 (English)
S.No. 465,Case Number,C.A. No.-011120-011120 / 2016,23-11-2016 (English)
S.No. 466,Case Number,C.A. No.-010106-010106 / 2016,09-12-2016 (English)
S.No. 467,Case Number,C.A. No.-004731-004732 / 2010,21-03-2017 (English)
S.No. 468,Case Number,C.A. No.-009843-009844 / 2017,28-07-2017 (English)
S.No. 469,Case Number,C.A. No.-006468-006469 / 2017,09-05-2017 (English)
S.No. 470,Case Number,C.A. No.-006077-006077 / 2017,02-05-2017 (English)
S.No. 471,Case Number,C.A. No.-003771-003771 / 2017,07-03-2017 (English)
S.No. 472,Case Number,C.A. No.-001464-001464 / 2010,"30-03-2017 (English)
28-03-2017 (English)"
S.No. 473,Case Number,C.A. No.-002812-002812 / 2015,05-12-2016 (English)
S.No. 474,Case Number,C.A. No.-003864-003864 / 2009,07-09-2017 (English)
S.No. 475,Case Number,SPL.REF. No.-000001-000001 / 2004,10-11-2016 (English)
S.No. 476,Case Number,W.P.(C) No.-000388 / 2017,30-05-2017 (English)
S.No. 477,Case Number,C.A. No.-005881-005882 / 2016,08-12-2016 (English)
S.No. 478,Case Number,C.A. No.-003912-003912 / 2017,13-04-2017 (English)
S.No. 479,Case Number,C.A. No.-003770-003770 / 2017,07-03-2017 (English)
S.No. 480,Case Number,C.A. No.-011150-011150 / 2017,04-09-2017 (English)
S.No. 481,Case Number,C.A. No.-000460-000460 / 2008,21-04-2017 (English)
S.No. 482,Case Number,C.A. No.-012457-012457 / 2017,11-09-2017 (English)
S.No. 483,Case Number,C.A. No.-002811-002811 / 2016,24-02-2017 (English)
S.No. 484,Case Number,C.A. No.-010787-010788 / 2017,23-08-2017 (English)
S.No. 485,Case Number,C.A. No.-005184-005184 / 2017,11-04-2017 (English)
S.No. 486,Case Number,C.A. No.-003962-003962 / 2016,13-02-2017 (English)
S.No. 487,Case Number,C.A. No.-010430-010430 / 2016,28-10-2016 (English)
S.No. 488,Case Number,C.A. No.-006066-006066 / 2017,03-05-2017 (English)
S.No. 489,Case Number,C.A. No.-003713-003713 / 2007,11-07-2017 (English)
S.No. 490,Case Number,C.A. No.-011139-011139 / 2017,01-09-2017 (English)
S.No. 491,Case Number,C.A. No.-005085-005089 / 2004,06-02-2017 (English)
S.No. 492,Case Number,C.A. No.-004511-004512 / 2017,27-03-2017 (English)
S.No. 493,Case Number,Crl.A. No.-001209-001209 / 2017,19-07-2017 (English)
S.No. 494,Case Number,ARBIT.CASE(C) No.-000030-000030 / 2016,10-10-2017 (English)
S.No. 495,Case Number,C.A. No.-015545-015546 / 2017,03-10-2017 (English)
S.No. 496,Case Number,C.A. No.-010418-010419 / 2016,28-10-2016 (English)
S.No. 497,Case Number,C.A. No.-008337-008338 / 2017,31-08-2017 (English)
S.No. 498,Case Number,Crl.A. No.-000717-000717 / 2013,17-02-2017 (English)
S.No. 499,Case Number,C.A. No.-002633-002633 / 2017,22-02-2017 (English)
S.No. 500,Case Number,W.P.(C) No.-000411 / 2017,01-08-2017 (English)
S.No. 501,Case Number,C.A. No.-008400 / 2017,19-09-2017 (English)
S.No. 502,Case Number,C.A. No.-011094-011094 / 2017,13-09-2017 (English)
S.No. 503,Case Number,C.A. No.-004951-004951 / 2009,17-08-2017 (English)
S.No. 504,Case Number,C.A. No.-000302-000302 / 2017,10-01-2017 (English)
S.No. 505,Case Number,Crl.A. No.-001096-001096 / 2016,28-11-2016 (English)
S.No. 506,Case Number,C.A. No.-003939-003939 / 2007,22-03-2017 (English)
S.No. 507,Case Number,C.A. No.-008938-008938 / 2011,17-08-2017 (English)
S.No. 508,Case Number,C.A. No.-005360-005363 / 2013,16-12-2016 (English)
S.No. 509,Case Number,C.A. No.-012683-012683 / 2017,12-09-2017 (English)
S.No. 510,Case Number,W.P.(C) No.-000382-000382 / 2013,11-10-2017 (English)
S.No. 511,Case Number,W.P.(C) No.-000426 / 2017,08-09-2017 (English)
S.No. 512,Case Number,C.A. No.-001918-001918 / 2016,27-07-2017 (English)
S.No. 513,Case Number,C.A. No.-010464-010464 / 2017,11-09-2017 (English)
S.No. 514,Case Number,C.A. No.-004249-004249 / 2007,11-04-2017 (English)
S.No. 515,Case Number,C.A. No.-003878-003878 / 2009,22-09-2017 (English)
S.No. 516,Case Number,C.A. No.-005924-005924 / 2005,09-03-2017 (English)
S.No. 517,Case Number,Crl.A. No.-001794-001794 / 2013,19-04-2017 (English)
S.No. 518,Case Number,C.A. No.-009151-009151 / 2017,17-07-2017 (English)
S.No. 519,Case Number,C.A. No.-002690-002690 / 2017,13-02-2017 (English)
S.No. 520,Case Number,Crl.A. No.-000130-000130 / 2012,14-02-2017 (English)
S.No. 521,Case Number,W.P.(C) No.-000445 / 2017,01-09-2017 (English)
S.No. 522,Case Number,W.P.(C) No.-000448 / 2017,01-09-2017 (English)
S.No. 523,Case Number,C.A. No.-012274-012274 / 2016,04-01-2017 (English)
S.No. 524,Case Number,C.A. No.-010587-010587 / 2017,17-08-2017 (English)
S.No. 525,Case Number,C.A. No.-002689-002689 / 2017,13-02-2017 (English)
S.No. 526,Case Number,C.A. No.-004288-004288 / 2017,"21-03-2017 (English)
21-03-2017 (English)"
S.No. 527,Case Number,C.A. No.-002342-002342 / 2017,"10-02-2017 (English)
10-02-2017 (English)"
S.No. 528,Case Number,C.A. No.-006357-006357 / 2017,04-05-2017 (English)
S.No. 529,Case Number,C.A. No.-005205-005206 / 2017,13-04-2017 (English)
S.No. 530,Case Number,C.A. No.-003131-003131 / 2006,10-08-2017 (English)
S.No. 531,Case Number,W.P.(C) No.-000468 / 2017,30-08-2017 (English)
S.No. 532,Case Number,Crl.A. No.-001685-001685 / 2017,19-09-2017 (English)
S.No. 533,Case Number,C.A. No.-011578-011579 / 2016,02-12-2016 (English)
S.No. 534,Case Number,W.P.(C) No.-000406-000406 / 2013,15-09-2017 (English)
S.No. 535,Case Number,CONMT.PET.(C) No.-018567-018567 / 2016,19-06-2017 (English)
S.No. 536,Case Number,Crl.A. No.-000245-000245 / 2010,31-08-2017 (English)
S.No. 537,Case Number,Crl.A. No.-000847-000847 / 2006,09-06-2017 (English)
S.No. 538,Case Number,Crl.A. No.-001138-001139 / 2016,22-11-2016 (English)
S.No. 539,Case Number,Crl.A. No.-001144-001144 / 2016,06-01-2017 (English)
S.No. 540,Case Number,C.A. No.-005829-005829 / 2014,20-09-2017 (English)
S.No. 541,Case Number,W.P.(C) No.-000349-000349 / 2006,08-11-2016 (English)
S.No. 542,Case Number,W.P.(C) No.-000480 / 2017,08-09-2017 (English)
S.No. 543,Case Number,C.A. No.-000826-000827 / 2017,11-07-2017 (English)
S.No. 544,Case Number,C.A. No.-003764-003764 / 2017,15-02-2017 (English)
S.No. 545,Case Number,W.P.(C) No.-000373-000373 / 2006,13-10-2017 (English)
S.No. 546,Case Number,W.P.(C) No.-000444-000444 / 2013,08-05-2017 (English)
S.No. 547,Case Number,C.A. No.-009198-009198 / 2017,18-07-2017 (English)
S.No. 548,Case Number,C.A. No.-014874-014874 / 2017,15-09-2017 (English)
S.No. 549,Case Number,C.A. No.-010719-010719 / 2013,24-04-2017 (English)
S.No. 550,Case Number,C.A. No.-010738-010739 / 2017,22-08-2017 (English)
S.No. 551,Case Number,W.P.(C) No.-000496 / 2017,31-08-2017 (English)
S.No. 552,Case Number,W.P.(C) No.-000514 / 2017,05-09-2017 (English)
S.No. 553,Case Number,C.A. No.-010864-010864 / 2017,25-08-2017 (English)
S.No. 554,Case Number,C.A. No.-011826-011826 / 2016,29-11-2016 (English)
S.No. 555,Case Number,Crl.A. No.-000513-000514 / 2014,09-01-2017 (English)
S.No. 556,Case Number,C.A. No.-004490-004490 / 2017,27-03-2017 (English)
S.No. 557,Case Number,C.A. No.-006671-006671 / 2008,01-12-2016 (English)
S.No. 558,Case Number,C.A. No.-003790-003790 / 2017,01-05-2017 (English)
S.No. 559,Case Number,Crl.A. No.-000349-000349 / 2012,25-04-2017 (English)
S.No. 560,Case Number,Crl.A. No.-000300-000303 / 2017,14-02-2017 (English)
S.No. 561,Case Number,Crl.A. No.-001119-001120 / 2016,30-11-2016 (English)
S.No. 562,Case Number,C.A. No.-011868-011868 / 2016,29-11-2016 (English)
S.No. 563,Case Number,Crl.A. No.-001525-001525 / 2017,29-08-2017 (English)
S.No. 564,Case Number,C.A. No.-007391-007395 / 2013,31-01-2017 (English)
S.No. 565,Case Number,Crl.A. No.-000665-000665 / 2017,10-04-2017 (English)
S.No. 566,Case Number,C.A. No.-005823-005823 / 2008,11-04-2017 (English)
S.No. 567,Case Number,W.P.(C) No.-000502 / 2017,01-08-2017 (English)
S.No. 568,Case Number,C.A. No.-009141-009141 / 2017,17-07-2017 (English)
S.No. 569,Case Number,C.A. No.-004631-004631 / 2009,23-03-2017 (English)
S.No. 570,Case Number,C.A. No.-006138-006138 / 2009,03-07-2017 (English)
S.No. 571,Case Number,C.A. No.-008928-008928 / 2015,06-07-2017 (English)
S.No. 572,Case Number,C.A. No.-001595-001595 / 2007,15-02-2017 (English)
S.No. 573,Case Number,CONMT.PET.(C) No.-020025-020025 / 2016,19-06-2017 (English)
S.No. 574,Case Number,C.A. No.-003881-003881 / 2009,22-09-2017 (English)
S.No. 575,Case Number,C.A. No.-006691-006691 / 2014,07-03-2017 (English)
S.No. 576,Case Number,W.P.(C) No.-000504-000504 / 2015,15-12-2016 (English)
S.No. 577,Case Number,W.P.(C) No.-000513 / 2017,30-08-2017 (English)
S.No. 578,Case Number,C.A. No.-005463-005466 / 2017,21-04-2017 (English)
S.No. 579,Case Number,C.A. No.-002386-002388 / 2011,13-07-2017 (English)
S.No. 580,Case Number,W.P.(C) No.-000515 / 2017,01-09-2017 (English)
S.No. 581,Case Number,C.A. No.-009405 / 2017,21-09-2017 (English)
S.No. 582,Case Number,C.A. No.-004546-004546 / 2017,24-03-2017 (English)
S.No. 583,Case Number,C.A. No.-010238-010238 / 2017,08-08-2017 (English)
S.No. 584,Case Number,Crl.A. No.-001565-001565 / 2017,05-09-2017 (English)
S.No. 585,Case Number,C.A. No.-008381-008381 / 2017,03-07-2017 (English)
S.No. 586,Case Number,C.A. No.-008954-008954 / 2017,11-07-2017 (English)
S.No. 587,Case Number,C.A. No.-005399-005400 / 2016,11-04-2017 (English)
S.No. 588,Case Number,W.P.(C) No.-000525 / 2017,14-09-2017 (English)
S.No. 589,Case Number,Crl.A. No.-001448-001448 / 2010,04-01-2017 (English)
S.No. 590,Case Number,C.A. No.-012450-012450 / 2017,11-09-2017 (English)
S.No. 591,Case Number,C.A. No.-010795-010795 / 2011,15-09-2017 (English)
S.No. 592,Case Number,C.A. No.-012686-012686 / 2017,12-09-2017 (English)
S.No. 593,Case Number,C.A. No.-002162-002162 / 2007,28-03-2017 (English)
S.No. 594,Case Number,SLP(C) No.-000888-000888 / 2000,24-01-2017 (English)
S.No. 595,Case Number,C.A. No.-004535-004535 / 2017,28-03-2017 (English)
S.No. 596,Case Number,SLP(C) No.-004145-004145 / 2000,13-02-2017 (English)
S.No. 597,Case Number,Crl.A. No.-001650-001650 / 2011,01-02-2017 (English)
S.No. 598,Case Number,Crl.A. No.-001702-001702 / 2011,01-02-2017 (English)
S.No. 599,Case Number,W.P.(C) No.-000541 / 2017,24-08-2017 (English)
S.No. 600,Case Number,C.A. No.-016850-016850 / 2017,12-10-2017 (English)
S.No. 601,Case Number,Crl.A. No.-001731-001731 / 2017,05-10-2017 (English)
S.No. 602,Case Number,T.P.(C) No.-000094-000094 / 2000,23-03-2017 (English)
S.No. 603,Case Number,C.A. No.-005817-005817 / 2012,13-04-2017 (English)
S.No. 604,Case Number,Crl.A. No.-001720-001720 / 2017,04-10-2017 (English)
S.No. 605,Case Number,C.A. No.-009921-009921 / 2017,31-07-2017 (English)
S.No. 606,Case Number,C.A. No.-009390-009390 / 2013,20-07-2017 (English)
S.No. 607,Case Number,C.A. No.-003883-003883 / 2007,07-04-2017 (English)
S.No. 608,Case Number,SLP(C) No.-019166 / 2017,11-08-2017 (English)
S.No. 609,Case Number,C.A. No.-006056-006056 / 2011,13-07-2017 (English)
S.No. 610,Case Number,C.A. No.-009793-009793 / 2010,31-01-2017 (English)
S.No. 611,Case Number,CONMT.PET.(C) No.-021713-021713 / 2015,19-06-2017 (English)
S.No. 612,Case Number,Crl.A. No.-001015-001015 / 2010,08-11-2016 (English)
S.No. 613,Case Number,C.A. No.-001885-001885 / 2008,16-08-2017 (English)
S.No. 614,Case Number,W.P.(C) No.-000454-000454 / 2015,"12-10-2017 (English)
02-01-2017 (English)"
S.No. 615,Case Number,W.P.(C) No.-000616-000616 / 2013,02-01-2017 (English)
S.No. 616,Case Number,C.A. No.-000083-000083 / 2008,18-04-2017 (English)
S.No. 617,Case Number,C.A. No.-011126-011126 / 2017,31-08-2017 (English)
S.No. 618,Case Number,Crl.A. No.-001724-001724 / 2017,03-10-2017 (English)
S.No. 619,Case Number,W.P.(C) No.-000571 / 2017,16-08-2017 (English)
S.No. 620,Case Number,Crl.A. No.-001750-001750 / 2017,09-10-2017 (English)
S.No. 621,Case Number,C.A. No.-004937-004937 / 2017,10-04-2017 (English)
S.No. 622,Case Number,C.A. No.-004483-004483 / 2017,27-03-2017 (English)
S.No. 623,Case Number,C.A. No.-012247-012247 / 2016,16-12-2016 (English)
S.No. 624,Case Number,C.A. No.-002640-002640 / 2016,27-04-2017 (English)
S.No. 625,Case Number,C.A. No.-005805-005807 / 2009,27-04-2017 (English)
S.No. 626,Case Number,Crl.A. No.-000505-000505 / 2017,09-03-2017 (English)
S.No. 627,Case Number,CONMT.PET.(C) No.-000338-000338 / 2014,18-11-2016 (English)
S.No. 628,Case Number,Crl.A. No.-001758-001758 / 2017,10-10-2017 (English)
S.No. 629,Case Number,C.A. No.-003938-003938 / 2017,24-03-2017 (English)
S.No. 630,Case Number,C.A. No.-000897-000897 / 2010,20-07-2017 (English)
S.No. 631,Case Number,C.A. No.-010831-010831 / 2016,29-11-2016 (English)
S.No. 632,Case Number,W.P.(C) No.-000683-000683 / 2014,11-01-2017 (English)
S.No. 633,Case Number,Crl.A. No.-002133-002133 / 2009,26-07-2017 (English)
S.No. 634,Case Number,C.A. No.-000049-000056 / 2017,"04-01-2017 (English)
04-01-2017 (English)"
S.No. 635,Case Number,C.A. No.-003361-003361 / 2017,27-02-2017 (English)
S.No. 636,Case Number,Crl.A. No.-000827-000827 / 2011,07-03-2017 (English)
S.No. 637,Case Number,C.A. No.-010924-010924 / 2017,25-08-2017 (English)
S.No. 638,Case Number,C.A. No.-007816-007816 / 2003,17-08-2017 (English)
S.No. 639,Case Number,C.A. No.-011158-011158 / 2017,12-09-2017 (English)
S.No. 640,Case Number,C.A. No.-000473-000473 / 2009,24-10-2016 (English)
S.No. 641,Case Number,Crl.A. No.-000499-000499 / 2014,15-09-2017 (English)
S.No. 642,Case Number,C.A. No.-000717-000717 / 2006,14-12-2016 (English)
S.No. 643,Case Number,C.A. No.-011258-011258 / 2016,23-11-2016 (English)
S.No. 644,Case Number,C.A. No.-011257-011257 / 2016,23-11-2016 (English)
S.No. 645,Case Number,W.P.(C) No.-000633 / 2017,21-09-2017 (English)
S.No. 646,Case Number,CONMT.PET.(C) No.-023037-023037 / 2016,19-06-2017 (English)
S.No. 647,Case Number,C.A. No.-003001-003001 / 2008,20-07-2017 (English)
S.No. 648,Case Number,C.A. No.-003420-003421 / 2011,14-02-2017 (English)
S.No. 649,Case Number,C.A. No.-005517-005517 / 2007,09-10-2017 (English)
S.No. 650,Case Number,C.A. No.-000269-000269 / 2008,05-09-2017 (English)
S.No. 651,Case Number,Crl.A. No.-000729-000729 / 2011,15-12-2016 (English)
S.No. 652,Case Number,C.A. No.-016144-016144 / 2017,06-10-2017 (English)
S.No. 653,Case Number,C.A. No.-010402-010404 / 2016,26-10-2016 (English)
S.No. 654,Case Number,C.A. No.-003902-003902 / 2017,10-03-2017 (English)
S.No. 655,Case Number,W.P.(C) No.-000737-000737 / 2014,10-02-2017 (English)
S.No. 656,Case Number,C.A. No.-011818-011818 / 2016,29-11-2016 (English)
S.No. 657,Case Number,C.A. No.-011231-011232 / 2016,14-12-2016 (English)
S.No. 658,Case Number,CONMT.PET.(C) No.-000411-000411 / 2014,19-06-2017 (English)
S.No. 659,Case Number,C.A. No.-016809-016810 / 2017,12-10-2017 (English)
S.No. 660,Case Number,C.A. No.-004313-004314 / 2017,21-03-2017 (English)
S.No. 661,Case Number,Crl.A. No.-001878-001878 / 2009,10-08-2017 (English)
S.No. 662,Case Number,C.A. No.-005671-005671 / 2017,"27-04-2017 (English)
20-04-2017 (English)"
S.No. 663,Case Number,C.A. No.-005680-005683 / 2017,28-04-2017 (English)
S.No. 664,Case Number,C.A. No.-015549-015549 / 2017,03-10-2017 (English)
S.No. 665,Case Number,C.A. No.-010242 / 2017,10-08-2017 (English)
S.No. 666,Case Number,C.A. No.-005003-005003 / 2006,05-01-2017 (English)
S.No. 667,Case Number,C.A. No.-002841-002843 / 2017,04-07-2017 (English)
S.No. 668,Case Number,C.A. No.-012845-012845 / 2017,14-09-2017 (English)
S.No. 669,Case Number,C.A. No.-003337-003337 / 2007,05-09-2017 (English)
S.No. 670,Case Number,C.A. No.-010704-010704 / 2017,21-08-2017 (English)
S.No. 671,Case Number,Crl.A. No.-000701-000701 / 2012,06-10-2017 (English)
S.No. 672,Case Number,C.A. No.-003048-003048 / 2017,20-02-2017 (English)
S.No. 673,Case Number,C.A. No.-005708-005708 / 2006,29-03-2017 (English)
S.No. 674,Case Number,CONMT.PET.(C) No.-023904-023904 / 2015,19-06-2017 (English)
S.No. 675,Case Number,C.A. No.-004397-004400 / 2017,23-03-2017 (English)
S.No. 676,Case Number,W.P.(C) No.-000674 / 2017,12-09-2017 (English)
S.No. 677,Case Number,C.A. No.-009546-009546 / 2017,25-07-2017 (English)
S.No. 678,Case Number,W.P.(C) No.-000673 / 2017,12-09-2017 (English)
S.No. 679,Case Number,W.P.(C) No.-000680 / 2017,08-09-2017 (English)
S.No. 680,Case Number,C.A. No.-008081-008081 / 2013,17-08-2017 (English)
S.No. 681,Case Number,C.A. No.-004235-004235 / 2014,"03-01-2017 (English)
02-01-2017 (English)
21-10-2016 (English)"
S.No. 682,Case Number,C.A. No.-010413-010413 / 2016,27-10-2016 (English)
S.No. 683,Case Number,SLP(C) No.-025331-025333 / 2015,01-03-2017 (English)
S.No. 684,Case Number,Crl.A. No.-001218-001218 / 2016,28-11-2016 (English)
S.No. 685,Case Number,C.A. No.-002740-002740 / 2010,27-07-2017 (English)
S.No. 686,Case Number,C.A. No.-000632-000632 / 2008,18-08-2017 (English)
S.No. 687,Case Number,C.A. No.-002078-002078 / 2008,01-12-2016 (English)
S.No. 688,Case Number,Crl.A. No.-001422-001423 / 2017,17-08-2017 (English)
S.No. 689,Case Number,Crl.A. No.-000034-000034 / 2009,17-08-2017 (English)
S.No. 690,Case Number,C.A. No.-007612-007612 / 2009,11-09-2017 (English)
S.No. 691,Case Number,C.A. No.-000632-000633 / 2017,17-01-2017 (English)
S.No. 692,Case Number,C.A. No.-016122-016130 / 2017,09-10-2017 (English)
S.No. 693,Case Number,C.A. No.-010808-010808 / 2011,15-09-2017 (English)
S.No. 694,Case Number,C.A. No.-004509-004509 / 2017,27-03-2017 (English)
S.No. 695,Case Number,W.P.(C) No.-000709 / 2017,31-08-2017 (English)
S.No. 696,Case Number,C.A. No.-008643-008643 / 2009,15-12-2016 (English)
S.No. 697,Case Number,W.P.(C) No.-000573-000573 / 2003,03-01-2017 (English)
S.No. 698,Case Number,C.A. No.-004164-004164 / 2007,11-01-2017 (English)
S.No. 699,Case Number,C.A. No.-005576-005577 / 2017,25-04-2017 (English)
S.No. 700,Case Number,C.A. No.-000303-000303 / 2017,10-01-2017 (English)
S.No. 701,Case Number,CONMT.PET.(C) No.-000385-000385 / 2014,19-06-2017 (English)
S.No. 702,Case Number,Crl.A. No.-000703-000703 / 2008,09-03-2017 (English)
S.No. 703,Case Number,C.A. No.-000301-000301 / 2017,10-01-2017 (English)
S.No. 704,Case Number,C.A. No.-010955-010971 / 2016,18-01-2017 (English)
S.No. 705,Case Number,C.A. No.-000305-000306 / 2017,10-01-2017 (English)
S.No. 706,Case Number,C.A. No.-000115-000116 / 2017,05-01-2017 (English)
S.No. 707,Case Number,C.A. No.-007114-007115 / 2014,08-03-2017 (English)
S.No. 708,Case Number,C.A. No.-010805-010805 / 2011,15-09-2017 (English)
S.No. 709,Case Number,CONMT.PET.(C) No.-025423-025423 / 2015,19-06-2017 (English)
S.No. 710,Case Number,CONMT.PET.(C) No.-025424-025424 / 2015,19-06-2017 (English)
S.No. 711,Case Number,CONMT.PET.(C) No.-025425-025425 / 2015,19-06-2017 (English)
S.No. 712,Case Number,CONMT.PET.(C) No.-025426-025426 / 2015,19-06-2017 (English)
S.No. 713,Case Number,CONMT.PET.(C) No.-025427-025427 / 2015,19-06-2017 (English)
S.No. 714,Case Number,CONMT.PET.(C) No.-025430-025430 / 2015,19-06-2017 (English)
S.No. 715,Case Number,CONMT.PET.(C) No.-025431-025431 / 2015,19-06-2017 (English)
S.No. 716,Case Number,CONMT.PET.(C) No.-025432-025432 / 2015,19-06-2017 (English)
S.No. 717,Case Number,C.A. No.-011886-011887 / 2016,07-12-2016 (English)
S.No. 718,Case Number,C.A. No.-006078-006078 / 2017,02-05-2017 (English)
S.No. 719,Case Number,CONMT.PET.(C) No.-000374-000374 / 2014,15-12-2016 (English)
S.No. 720,Case Number,C.A. No.-011807-011807 / 2016,06-12-2016 (English)
S.No. 721,Case Number,W.P.(C) No.-000729-000729 / 2016,21-11-2016 (English)
S.No. 722,Case Number,CONMT.PET.(C) No.-025577-025577 / 2015,19-06-2017 (English)
S.No. 723,Case Number,CONMT.PET.(C) No.-025578-025578 / 2015,19-06-2017 (English)
S.No. 724,Case Number,CONMT.PET.(C) No.-025579-025579 / 2015,19-06-2017 (English)
S.No. 725,Case Number,CONMT.PET.(C) No.-025581-025581 / 2015,19-06-2017 (English)
S.No. 726,Case Number,Crl.A. No.-000690-000690 / 2017,11-04-2017 (English)
S.No. 727,Case Number,CONMT.PET.(C) No.-025583-025583 / 2015,19-06-2017 (English)
S.No. 728,Case Number,C.A. No.-004160-004160 / 2008,12-10-2017 (English)
S.No. 729,Case Number,C.A. No.-004890-004890 / 2017,01-03-2017 (English)
S.No. 730,Case Number,C.A. No.-005655-005655 / 2007,18-04-2017 (English)
S.No. 731,Case Number,C.A. No.-003829-003829 / 2011,29-11-2016 (English)
S.No. 732,Case Number,C.A. No.-011080-011080 / 2017,29-08-2017 (English)
S.No. 733,Case Number,C.A. No.-003422-003422 / 2017,01-03-2017 (English)
S.No. 734,Case Number,C.A. No.-002795-002797 / 2017,14-09-2017 (English)
S.No. 735,Case Number,C.A. No.-000210-000210 / 2007,08-11-2016 (English)
S.No. 736,Case Number,C.A. No.-001923-001923 / 2010,27-07-2017 (English)
S.No. 737,Case Number,C.A. No.-015686-015686 / 2017,05-10-2017 (English)
S.No. 738,Case Number,C.A. No.-001260-001260 / 2017,31-01-2017 (English)
S.No. 739,Case Number,C.A. No.-010807-010807 / 2011,15-09-2017 (English)
S.No. 740,Case Number,C.A. No.-003580-003580 / 2006,14-02-2017 (English)
S.No. 741,Case Number,C.A. No.-010804-010804 / 2011,15-09-2017 (English)
S.No. 742,Case Number,C.A. No.-012182-012182 / 2016,15-12-2016 (English)
S.No. 743,Case Number,C.A. No.-010913-010913 / 2016,18-11-2016 (English)
S.No. 744,Case Number,CONMT.PET.(C) No.-026077-026077 / 2015,19-06-2017 (English)
S.No. 745,Case Number,CONMT.PET.(C) No.-026078-026078 / 2015,19-06-2017 (English)
S.No. 746,Case Number,C.A. No.-008345-008346 / 2009,13-09-2017 (English)
S.No. 747,Case Number,C.A. No.-002015-002015 / 2007,17-08-2017 (English)
S.No. 748,Case Number,W.P.(C) No.-000747 / 2017,12-09-2017 (English)
S.No. 749,Case Number,W.P.(C) No.-000787 / 2017,12-09-2017 (English)
S.No. 750,Case Number,C.A. No.-010948-010948 / 2016,18-11-2016 (English)
S.No. 751,Case Number,C.A. No.-012843-012844 / 2017,14-09-2017 (English)
S.No. 752,Case Number,CONMT.PET.(C) No.-026256-026256 / 2015,19-06-2017 (English)
S.No. 753,Case Number,C.A. No.-006448 / 2017,09-05-2017 (English)
S.No. 754,Case Number,C.A. No.-005027-005029 / 2012,20-09-2017 (English)
S.No. 755,Case Number,C.A. No.-001311-001311 / 2017,01-02-2017 (English)
S.No. 756,Case Number,W.P.(C) No.-000819-000819 / 2016,12-10-2017 (English)
S.No. 757,Case Number,C.A. No.-010859-010859 / 2016,15-11-2016 (English)
S.No. 758,Case Number,C.A. No.-002099-002099 / 2008,23-02-2017 (English)
S.No. 759,Case Number,C.A. No.-003056-003057 / 2017,21-02-2017 (English)
S.No. 760,Case Number,C.A. No.-011345-011345 / 2017,07-09-2017 (English)
S.No. 761,Case Number,Crl.A. No.-000040-000040 / 2007,17-07-2017 (English)
S.No. 762,Case Number,C.A. No.-003905-003905 / 2017,10-03-2017 (English)
S.No. 763,Case Number,C.A. No.-002652-002652 / 2006,04-10-2017 (English)
S.No. 764,Case Number,Crl.A. No.-000204-000205 / 2017,31-01-2017 (English)
S.No. 765,Case Number,Crl.A. No.-001234-001234 / 2007,02-01-2017 (English)
S.No. 766,Case Number,C.A. No.-011115-011115 / 2017,07-09-2017 (English)
S.No. 767,Case Number,C.A. No.-005113-005113 / 2017,11-04-2017 (English)
S.No. 768,Case Number,C.A. No.-009077-009077 / 2017,14-07-2017 (English)
S.No. 769,Case Number,Crl.A. No.-001962-001962 / 2011,03-08-2017 (English)
S.No. 770,Case Number,C.A. No.-009006-009006 / 2017,13-07-2017 (English)
S.No. 771,Case Number,Crl.A. No.-001163-001163 / 2016,29-11-2016 (English)
S.No. 772,Case Number,C.A. No.-008299-008299 / 2010,21-03-2017 (English)
S.No. 773,Case Number,C.A. No.-007183-007183 / 2008,31-08-2017 (English)
S.No. 774,Case Number,C.A. No.-000095-000095 / 2017,04-01-2017 (English)
S.No. 775,Case Number,W.P.(C) No.-000375-000375 / 2012,22-02-2017 (English)
S.No. 776,Case Number,C.A. No.-011774-011787 / 2016,05-12-2016 (English)
S.No. 777,Case Number,C.A. No.-001546-001546 / 2017,07-02-2017 (English)
S.No. 778,Case Number,C.A. No.-010796-010796 / 2011,15-09-2017 (English)
S.No. 779,Case Number,C.A. No.-010801-010802 / 2011,15-09-2017 (English)
S.No. 780,Case Number,C.A. No.-010815-010816 / 2011,15-09-2017 (English)
S.No. 781,Case Number,C.A. No.-010806-010806 / 2011,15-09-2017 (English)
S.No. 782,Case Number,C.A. No.-010810-010810 / 2011,15-09-2017 (English)
S.No. 783,Case Number,C.A. No.-010803-010803 / 2011,15-09-2017 (English)
S.No. 784,Case Number,C.A. No.-011915-011915 / 2016,05-12-2016 (English)
S.No. 785,Case Number,T.P.(C) No.-001278-001278 / 2016,"09-10-2017 (English)
08-09-2017 (English)"
S.No. 786,Case Number,C.A. No.-004681-004681 / 2009,21-09-2017 (English)
S.No. 787,Case Number,Crl.A. No.-001336-001336 / 2017,04-08-2017 (English)
S.No. 788,Case Number,CONMT.PET.(C) No.-027528-027528 / 2016,19-06-2017 (English)
S.No. 789,Case Number,C.A. No.-009777-009778 / 2017,26-07-2017 (English)
S.No. 790,Case Number,Crl.A. No.-001582-001582 / 2013,28-02-2017 (English)
S.No. 791,Case Number,C.A. No.-001975-001975 / 2010,29-03-2017 (English)
S.No. 792,Case Number,C.A. No.-010922-010922 / 2017,25-08-2017 (English)
S.No. 793,Case Number,Crl.A. No.-000636-000636 / 2017,06-04-2017 (English)
S.No. 794,Case Number,C.A. No.-010326-010326 / 2011,11-07-2017 (English)
S.No. 795,Case Number,C.A. No.-005129-005129 / 2017,11-04-2017 (English)
S.No. 796,Case Number,W.P.(C) No.-000935 / 2017,04-10-2017 (English)
S.No. 797,Case Number,C.A. No.-004354-004354 / 2017,22-03-2017 (English)
S.No. 798,Case Number,Crl.A. No.-000246-000246 / 2017,31-03-2017 (English)
S.No. 799,Case Number,Crl.A. No.-001277-001277 / 2017,28-07-2017 (English)
S.No. 800,Case Number,C.A. No.-012627-012628 / 2017,12-09-2017 (English)
S.No. 801,Case Number,C.A. No.-010002-010002 / 2017,02-08-2017 (English)
S.No. 802,Case Number,Crl.A. No.-000429-000429 / 2017,27-02-2017 (English)
S.No. 803,Case Number,Crl.A. No.-001953-001953 / 2010,06-01-2017 (English)
S.No. 804,Case Number,C.A. No.-004822-004826 / 2007,02-02-2017 (English)
S.No. 805,Case Number,C.A. No.-002555-002555 / 2017,09-02-2017 (English)
S.No. 806,Case Number,Crl.A. No.-001658-001659 / 2017,15-09-2017 (English)
S.No. 807,Case Number,C.A. No.-011093-011093 / 2017,30-08-2017 (English)
S.No. 808,Case Number,C.A. No.-010837-010837 / 2016,"15-11-2016 (English)
15-11-2016 (English)"
S.No. 809,Case Number,Crl.A. No.-000612-000612 / 2007,22-03-2017 (English)
S.No. 810,Case Number,C.A. No.-004926-004926 / 2017,11-04-2017 (English)
S.No. 811,Case Number,W.P.(C) No.-000840 / 2017,21-09-2017 (English)
S.No. 812,Case Number,C.A. No.-004298-004299 / 2017,"30-08-2017 (English)
21-03-2017 (English)"
S.No. 813,Case Number,C.A. No.-010799-010799 / 2011,15-09-2017 (English)
S.No. 814,Case Number,C.A. No.-010812-010812 / 2011,15-09-2017 (English)
S.No. 815,Case Number,C.A. No.-010798-010798 / 2011,15-09-2017 (English)
S.No. 816,Case Number,C.A. No.-010797-010797 / 2011,15-09-2017 (English)
S.No. 817,Case Number,C.A. No.-010800-010800 / 2011,15-09-2017 (English)
S.No. 818,Case Number,C.A. No.-010820-010820 / 2011,15-09-2017 (English)
S.No. 819,Case Number,C.A. No.-010811-010811 / 2011,15-09-2017 (English)
S.No. 820,Case Number,C.A. No.-010813-010813 / 2011,15-09-2017 (English)
S.No. 821,Case Number,C.A. No.-010814-010814 / 2011,15-09-2017 (English)
S.No. 822,Case Number,C.A. No.-010809-010809 / 2011,15-09-2017 (English)
S.No. 823,Case Number,Crl.A. No.-000635-000635 / 2006,28-03-2017 (English)
S.No. 824,Case Number,C.A. No.-008307-008307 / 2015,06-04-2017 (English)
S.No. 825,Case Number,C.A. No.-009941-009941 / 2014,08-11-2016 (English)
S.No. 826,Case Number,W.P.(C) No.-000677-000677 / 2016,23-01-2017 (English)
S.No. 827,Case Number,C.A. No.-008736-008736 / 2013,10-01-2017 (English)
S.No. 828,Case Number,C.A. No.-001362-001362 / 2017,03-02-2017 (English)
S.No. 829,Case Number,C.A. No.-010817-010818 / 2011,15-09-2017 (English)
S.No. 830,Case Number,C.A. No.-002198-002198 / 2006,09-08-2017 (English)
S.No. 831,Case Number,C.A. No.-010894-010895 / 2016,17-11-2016 (English)
S.No. 832,Case Number,C.A. No.-003845-003845 / 2008,16-08-2017 (English)
S.No. 833,Case Number,C.A. No.-009512-009512 / 2017,29-08-2017 (English)
S.No. 834,Case Number,C.A. No.-001384-001384 / 2011,27-07-2017 (English)
S.No. 835,Case Number,C.A. No.-005185-005185 / 2017,12-04-2017 (English)
S.No. 836,Case Number,C.A. No.-003094-003094 / 2017,22-02-2017 (English)
S.No. 837,Case Number,C.A. No.-011941-011941 / 2016,08-12-2016 (English)
S.No. 838,Case Number,Crl.A. No.-000968-000968 / 2011,31-01-2017 (English)
S.No. 839,Case Number,C.A. No.-000025-000025 / 2017,02-01-2017 (English)
S.No. 840,Case Number,W.P.(Crl.) No.-000129-000129 / 2012,14-07-2017 (English)
S.No. 841,Case Number,C.A. No.-000868-000868 / 2011,05-09-2017 (English)
S.No. 842,Case Number,C.A. No.-003866-003866 / 2017,09-03-2017 (English)
S.No. 843,Case Number,C.A. No.-006673-006673 / 2014,26-10-2016 (English)
S.No. 844,Case Number,C.A. No.-006819-006820 / 2009,29-03-2017 (English)
S.No. 845,Case Number,CONMT.PET.(C) No.-000291-000291 / 2015,19-06-2017 (English)
S.No. 846,Case Number,C.A. No.-012046-012046 / 2016,08-12-2016 (English)
S.No. 847,Case Number,C.A. No.-003169-003169 / 2017,23-02-2017 (English)
S.No. 848,Case Number,C.A. No.-015132-015132 / 2017,20-09-2017 (English)
S.No. 849,Case Number,Crl.A. No.-000658-000659 / 2010,02-01-2017 (English)
S.No. 850,Case Number,Crl.A. No.-002194-002194 / 2014,08-03-2017 (English)
S.No. 851,Case Number,C.A. No.-004776-004777 / 2017,03-04-2017 (English)
S.No. 852,Case Number,C.A. No.-011237-011237 / 2016,22-11-2016 (English)
S.No. 853,Case Number,C.A. No.-010840-010841 / 2011,15-09-2017 (English)
S.No. 854,Case Number,C.A. No.-010838-010839 / 2011,15-09-2017 (English)
S.No. 855,Case Number,C.A. No.-011344-011344 / 2017,07-09-2017 (English)
S.No. 856,Case Number,C.A. No.-001930-001930 / 2008,14-09-2017 (English)
S.No. 857,Case Number,C.A. No.-002975-002975 / 2017,17-02-2017 (English)
S.No. 858,Case Number,C.A. No.-003609-003609 / 2017,06-04-2017 (English)
S.No. 859,Case Number,C.A. No.-011004-011004 / 2016,21-11-2016 (English)
S.No. 860,Case Number,Crl.A. No.-001729-001729 / 2017,05-10-2017 (English)
S.No. 861,Case Number,C.A. No.-009951-009951 / 2017,04-08-2017 (English)
S.No. 862,Case Number,C.A. No.-003215-003215 / 2010,16-08-2017 (English)
S.No. 863,Case Number,C.A. No.-007186-007186 / 2016,09-10-2017 (English)
S.No. 864,Case Number,C.A. No.-001464-001464 / 2008,05-09-2017 (English)
S.No. 865,Case Number,Crl.A. No.-001222-001222 / 2016,14-12-2016 (English)
S.No. 866,Case Number,Crl.A. No.-001045-001045 / 2017,12-09-2017 (English)
S.No. 867,Case Number,C.A. No.-004295-004297 / 2017,21-03-2017 (English)
S.No. 868,Case Number,C.A. No.-003612-003612 / 2009,25-07-2017 (English)
S.No. 869,Case Number,C.A. No.-000429-000429 / 2017,11-08-2017 (English)
S.No. 870,Case Number,C.A. No.-008040-008040 / 2015,17-02-2017 (English)
S.No. 871,Case Number,Crl.A. No.-001157-001157 / 2016,28-11-2016 (English)
S.No. 872,Case Number,Crl.A. No.-001242-001242 / 2017,27-07-2017 (English)
S.No. 873,Case Number,CONMT.PET.(C) No.-000450-000450 / 2014,19-06-2017 (English)
S.No. 874,Case Number,C.A. No.-005173-005173 / 2006,07-03-2017 (English)
S.No. 875,Case Number,C.A. No.-010745-010745 / 2016,08-11-2016 (English)
S.No. 876,Case Number,C.A. No.-003396-003396 / 2017,10-08-2017 (English)
S.No. 877,Case Number,Crl.A. No.-000064-000064 / 2017,10-01-2017 (English)
S.No. 878,Case Number,C.A. No.-011381-011381 / 2016,29-11-2016 (English)
S.No. 879,Case Number,C.A. No.-000022-000022 / 2009,31-08-2017 (English)
S.No. 880,Case Number,C.A. No.-003034-003034 / 2008,25-07-2017 (English)
S.No. 881,Case Number,Crl.A. No.-000494-000494 / 2017,09-03-2017 (English)
S.No. 882,Case Number,C.A. No.-009295-009295 / 2017,03-08-2017 (English)
S.No. 883,Case Number,C.A. No.-005370-005371 / 2017,19-04-2017 (English)
S.No. 884,Case Number,C.A. No.-006038-006039 / 2007,08-03-2017 (English)
S.No. 885,Case Number,Crl.A. No.-002526-002526 / 2014,22-11-2016 (English)
S.No. 886,Case Number,C.A. No.-002828-002828 / 2017,14-02-2017 (English)
S.No. 887,Case Number,Crl.A. No.-000242-000242 / 2017,06-02-2017 (English)
S.No. 888,Case Number,C.A. No.-011974-011974 / 2016,21-03-2017 (English)
S.No. 889,Case Number,Crl.A. No.-000825-000825 / 2017,01-05-2017 (English)
S.No. 890,Case Number,C.A. No.-009316-009320 / 2013,10-07-2017 (English)
S.No. 891,Case Number,C.A. No.-010866-010866 / 2016,15-11-2016 (English)
S.No. 892,Case Number,C.A. No.-009103-009103 / 2014,07-11-2016 (English)
S.No. 893,Case Number,C.A. No.-002980-002980 / 2017,17-02-2017 (English)
S.No. 894,Case Number,C.A. No.-004393-004393 / 2017,23-03-2017 (English)
S.No. 895,Case Number,C.A. No.-006795-006798 / 2014,12-04-2017 (English)
S.No. 896,Case Number,W.P.(C) No.-000758-000758 / 2016,14-12-2016 (English)
S.No. 897,Case Number,Crl.A. No.-001176-001178 / 2016,02-12-2016 (English)
S.No. 898,Case Number,Crl.A. No.-001292-001292 / 2017,01-08-2017 (English)
S.No. 899,Case Number,C.A. No.-010431-010431 / 2016,28-10-2016 (English)
S.No. 900,Case Number,C.A. No.-008125-008125 / 2009,25-07-2017 (English)
S.No. 901,Case Number,C.A. No.-007340-007340 / 2009,10-08-2017 (English)
S.No. 902,Case Number,C.A. No.-009222-009222 / 2017,18-07-2017 (English)
S.No. 903,Case Number,C.A. No.-004536-004536 / 2017,28-03-2017 (English)
S.No. 904,Case Number,C.A. No.-004355-004356 / 2017,21-03-2017 (English)
S.No. 905,Case Number,C.A. No.-004375-004375 / 2017,22-03-2017 (English)
S.No. 906,Case Number,Crl.A. No.-000985-000985 / 2016,03-01-2017 (English)
S.No. 907,Case Number,C.A. No.-010947-010947 / 2016,18-11-2016 (English)
S.No. 908,Case Number,C.A. No.-002827-002827 / 2010,10-08-2017 (English)
S.No. 909,Case Number,Crl.A. No.-000148-000148 / 2017,20-01-2017 (English)
S.No. 910,Case Number,C.A. No.-010806-010806 / 2016,11-11-2016 (English)
S.No. 911,Case Number,C.A. No.-001305-001306 / 2017,07-02-2017 (English)
S.No. 912,Case Number,Crl.A. No.-000032-000033 / 2017,06-01-2017 (English)
S.No. 913,Case Number,C.A. No.-010807-010807 / 2016,11-11-2016 (English)
S.No. 914,Case Number,Crl.A. No.-000206-000207 / 2017,14-02-2017 (English)
S.No. 915,Case Number,C.A. No.-012324-012324 / 2016,14-12-2016 (English)
S.No. 916,Case Number,W.P.(C) No.-000728-000728 / 2015,"09-10-2017 (English)
12-09-2017 (English)
11-11-2016 (English)"
S.No. 917,Case Number,C.A. No.-003047-003047 / 2017,21-02-2017 (English)
S.No. 918,Case Number,C.A. No.-009288-009288 / 2017,19-07-2017 (English)
S.No. 919,Case Number,SLP(C) No.-010706-010706 / 2014,16-12-2016 (English)
S.No. 920,Case Number,C.A. No.-012075-012075 / 2016,14-12-2016 (English)
S.No. 921,Case Number,C.A. No.-011581-011581 / 2016,02-12-2016 (English)
S.No. 922,Case Number,C.A. No.-012239-012239 / 2016,16-12-2016 (English)
S.No. 923,Case Number,C.A. No.-009289-009289 / 2017,19-07-2017 (English)
S.No. 924,Case Number,C.A. No.-011195-011196 / 2014,20-09-2017 (English)
S.No. 925,Case Number,C.A. No.-010865-010865 / 2017,25-08-2017 (English)
S.No. 926,Case Number,C.A. No.-000757-000757 / 2008,22-03-2017 (English)
S.No. 927,Case Number,C.A. No.-004283-004284 / 2013,26-10-2016 (English)
S.No. 928,Case Number,C.A. No.-007856-007856 / 2012,19-06-2017 (English)
S.No. 929,Case Number,Crl.A. No.-000775-000775 / 2017,28-04-2017 (English)
S.No. 930,Case Number,C.A. No.-003423-003423 / 2017,01-03-2017 (English)
S.No. 931,Case Number,Crl.A. No.-002339-002339 / 2010,01-02-2017 (English)
S.No. 932,Case Number,C.A. No.-002014-002014 / 2009,23-03-2017 (English)
S.No. 933,Case Number,C.A. No.-001778-001778 / 2010,13-02-2017 (English)
S.No. 934,Case Number,C.A. No.-010313-010313 / 2016,24-10-2016 (English)
S.No. 935,Case Number,W.P.(C) No.-000906-000906 / 2014,14-12-2016 (English)
S.No. 936,Case Number,C.A. No.-001727-001727 / 2016,13-02-2017 (English)
S.No. 937,Case Number,C.A. No.-008867-008867 / 2012,07-03-2017 (English)
S.No. 938,Case Number,C.A. No.-008395-008396 / 2017,03-07-2017 (English)
S.No. 939,Case Number,C.A. No.-005317-005317 / 2017,"17-04-2017 (English)
17-04-2017 (English)"
S.No. 940,Case Number,W.P.(C) No.-000463-000463 / 2012,23-01-2017 (English)
S.No. 941,Case Number,C.A. No.-003696-003696 / 2017,03-08-2017 (English)
S.No. 942,Case Number,C.A. No.-002365-002365 / 2017,10-02-2017 (English)
S.No. 943,Case Number,C.A. No.-010860-010860 / 2016,"15-11-2016 (English)
15-11-2016 (English)"
S.No. 944,Case Number,C.A. No.-010800-010800 / 2017,23-08-2017 (English)
S.No. 945,Case Number,C.A. No.-007029-007029 / 2009,28-04-2017 (English)
S.No. 946,Case Number,W.P.(C) No.-000659-000659 / 2007,11-08-2017 (English)
S.No. 947,Case Number,CONMT.PET.(C) No.-033441-033441 / 2016,19-06-2017 (English)
S.No. 948,Case Number,CONMT.PET.(C) No.-033442-033442 / 2016,19-06-2017 (English)
S.No. 949,Case Number,SLP(C) No.-020414-020414 / 2013,13-04-2017 (English)
S.No. 950,Case Number,Crl.A. No.-000119-000120 / 2014,13-04-2017 (English)
S.No. 951,Case Number,SLP(C) No.-000211-000211 / 2017,06-01-2017 (English)
S.No. 952,Case Number,Crl.A. No.-001141-001141 / 2016,24-11-2016 (English)
S.No. 953,Case Number,C.A. No.-005448-005449 / 2017,21-04-2017 (English)
S.No. 954,Case Number,C.A. No.-001645-001647 / 2016,07-07-2017 (English)
S.No. 955,Case Number,C.A. No.-000126-000126 / 2017,03-01-2017 (English)
S.No. 956,Case Number,C.A. No.-009916-009916 / 2017,31-07-2017 (English)
S.No. 957,Case Number,C.A. No.-010676-010677 / 2016,08-11-2016 (English)
S.No. 958,Case Number,C.A. No.-007335-007335 / 2008,08-12-2016 (English)
S.No. 959,Case Number,C.A. No.-005300-005301 / 2017,17-04-2017 (English)
S.No. 960,Case Number,Crl.A. No.-000240-000240 / 2017,"15-02-2017 (English)
06-02-2017 (English)"
S.No. 961,Case Number,C.A. No.-002982-002982 / 2017,17-02-2017 (English)
S.No. 962,Case Number,C.A. No.-008837-008837 / 2016,10-04-2017 (English)
S.No. 963,Case Number,C.A. No.-012179-012180 / 2016,15-12-2016 (English)
S.No. 964,Case Number,C.A. No.-006022-006022 / 2012,21-04-2017 (English)
S.No. 965,Case Number,C.A. No.-003363-003363 / 2017,27-02-2017 (English)
S.No. 966,Case Number,R.P.(C) No.-003538-003538 / 2016,26-10-2016 (English)
S.No. 967,Case Number,T.C.(C) No.-000043-000043 / 2016,13-10-2017 (English)
S.No. 968,Case Number,C.A. No.-010868-010868 / 2016,11-11-2016 (English)
S.No. 969,Case Number,C.A. No.-011582-011582 / 2016,25-11-2016 (English)
S.No. 970,Case Number,C.A. No.-003885-003885 / 2017,10-03-2017 (English)
S.No. 971,Case Number,C.A. No.-005393-005395 / 2009,19-07-2017 (English)
S.No. 972,Case Number,C.A. No.-012067-012067 / 2016,14-12-2016 (English)
S.No. 973,Case Number,Crl.A. No.-000667-000667 / 2017,10-04-2017 (English)
S.No. 974,Case Number,Crl.A. No.-002284-002284 / 2009,10-04-2017 (English)
S.No. 975,Case Number,C.A. No.-011307-011307 / 2016,29-11-2016 (English)
S.No. 976,Case Number,C.A. No.-011194-011194 / 2017,05-09-2017 (English)
S.No. 977,Case Number,Crl.A. No.-000087-000087 / 2008,06-04-2017 (English)
S.No. 978,Case Number,C.A. No.-005913-005920 / 2008,28-10-2016 (English)
S.No. 979,Case Number,C.A. No.-012072-012072 / 2016,14-12-2016 (English)
S.No. 980,Case Number,C.A. No.-005422-005422 / 2017,18-04-2017 (English)
S.No. 981,Case Number,CONMT.PET.(C) No.-000275-000275 / 2016,15-12-2016 (English)
S.No. 982,Case Number,Crl.A. No.-000260-000261 / 2017,08-02-2017 (English)
S.No. 983,Case Number,C.A. No.-000150-000150 / 2017,06-01-2017 (English)
S.No. 984,Case Number,C.A. No.-000094-000094 / 2017,04-01-2017 (English)
S.No. 985,Case Number,W.P.(C) No.-000494-000494 / 2012,24-08-2017 (English)
S.No. 986,Case Number,C.A. No.-009287-009287 / 2017,19-07-2017 (English)
S.No. 987,Case Number,C.A. No.-010700-010700 / 2016,09-11-2016 (English)
S.No. 988,Case Number,C.A. No.-012237-012238 / 2016,16-12-2016 (English)
S.No. 989,Case Number,C.A. No.-003560-003560 / 2008,07-03-2017 (English)
S.No. 990,Case Number,CONMT.PET.(C) No.-000034-000034 / 2015,19-06-2017 (English)
S.No. 991,Case Number,C.A. No.-010951-010951 / 2016,14-12-2016 (English)
S.No. 992,Case Number,Crl.A. No.-001053-001053 / 2016,27-07-2017 (English)
S.No. 993,Case Number,C.A. No.-002545-002545 / 2017,14-02-2017 (English)
S.No. 994,Case Number,Crl.A. No.-000601-000601 / 2017,28-03-2017 (English)
S.No. 995,Case Number,C.A. No.-008835-008835 / 2015,31-03-2017 (English)
S.No. 996,Case Number,C.A. No.-010693-010693 / 2017,21-08-2017 (English)
S.No. 997,Case Number,Crl.A. No.-000039-000039 / 2017,06-01-2017 (English)
S.No. 998,Case Number,C.A. No.-011337-011337 / 2011,15-02-2017 (English)
S.No. 999,Case Number,C.A. No.-003166-003166 / 2017,23-02-2017 (English)
S.No. 1000,Case Number,C.A. No.-001359-001359 / 2017,22-09-2017 (English)
S.No. 1001,Case Number,C.A. No.-010518-010519 / 2017,16-08-2017 (English)
S.No. 1002,Case Number,W.P.(C) No.-000562-000562 / 2009,"28-08-2017 (English)
21-03-2017 (English)"
S.No. 1003,Case Number,C.A. No.-000749-000749 / 2017,20-01-2017 (English)
S.No. 1004,Case Number,Crl.A. No.-000771-000771 / 2017,21-04-2017 (English)
S.No. 1005,Case Number,C.A. No.-005032-005033 / 2016,18-07-2017 (English)
S.No. 1006,Case Number,C.A. No.-012080-012080 / 2016,14-12-2016 (English)
S.No. 1007,Case Number,CONMT.PET.(C) No.-036110-036110 / 2016,19-06-2017 (English)
S.No. 1008,Case Number,C.A. No.-011975-011975 / 2016,09-12-2016 (English)
S.No. 1009,Case Number,Crl.A. No.-001184-001184 / 2017,18-07-2017 (English)
S.No. 1010,Case Number,C.A. No.-004892-004893 / 2017,13-04-2017 (English)
S.No. 1011,Case Number,CONMT.PET.(C) No.-036227-036227 / 2016,19-06-2017 (English)
S.No. 1012,Case Number,C.A. No.-005512-005512 / 2017,03-05-2017 (English)
S.No. 1013,Case Number,Crl.A. No.-000396-000396 / 2017,23-02-2017 (English)
S.No. 1014,Case Number,Crl.A. No.-000467-000467 / 2010,03-01-2017 (English)
S.No. 1015,Case Number,CONMT.PET.(C) No.-000033-000033 / 2015,19-06-2017 (English)
S.No. 1016,Case Number,C.A. No.-010199-010199 / 2017,04-08-2017 (English)
S.No. 1017,Case Number,SLP(C) No.-033403-033403 / 2016,11-11-2016 (English)
S.No. 1018,Case Number,Crl.A. No.-001759-001759 / 2017,10-10-2017 (English)
S.No. 1019,Case Number,C.A. No.-001036-001036 / 2017,27-01-2017 (English)
S.No. 1020,Case Number,Crl.A. No.-000393-000393 / 2017,08-05-2017 (English)
S.No. 1021,Case Number,Crl.A. No.-002539-002539 / 2014,21-11-2016 (English)
S.No. 1022,Case Number,C.A. No.-004385-004385 / 2017,22-03-2017 (English)
S.No. 1023,Case Number,C.A. No.-005813-005813 / 2017,01-05-2017 (English)
S.No. 1024,Case Number,CONMT.PET.(C) No.-036810-036810 / 2016,19-06-2017 (English)
S.No. 1025,Case Number,C.A. No.-003049-003049 / 2017,21-02-2017 (English)
S.No. 1026,Case Number,C.A. No.-005369-005369 / 2017,19-04-2017 (English)
S.No. 1027,Case Number,C.A. No.-000795-000795 / 2017,23-01-2017 (English)
S.No. 1028,Case Number,C.A. No.-010741-010741 / 2016,08-11-2016 (English)
S.No. 1029,Case Number,W.P.(C) No.-000558-000558 / 2012,"05-04-2017 (English)
05-04-2017 (English)"
S.No. 1030,Case Number,CONMT.PET.(C) No.-000046-000046 / 2015,19-06-2017 (English)
S.No. 1031,Case Number,C.A. No.-003706-003749 / 2017,06-03-2017 (English)
S.No. 1032,Case Number,C.A. No.-011772-011772 / 2016,05-12-2016 (English)
S.No. 1033,Case Number,Crl.A. No.-001145-001145 / 2016,02-12-2016 (English)
S.No. 1034,Case Number,C.A. No.-000747-000748 / 2017,20-01-2017 (English)
S.No. 1035,Case Number,CONMT.PET.(C) No.-000571-000571 / 2014,19-06-2017 (English)
S.No. 1036,Case Number,C.A. No.-010237-010238 / 2016,21-10-2016 (English)
S.No. 1037,Case Number,C.A. No.-002500-002500 / 2017,14-07-2017 (English)
S.No. 1038,Case Number,Crl.A. No.-000406-000407 / 2017,27-02-2017 (English)
S.No. 1039,Case Number,C.A. No.-010269-010269 / 2017,23-08-2017 (English)
S.No. 1040,Case Number,C.A. No.-005546-005546 / 2017,24-04-2017 (English)
S.No. 1041,Case Number,C.A. No.-011790-011794 / 2016,05-12-2016 (English)
S.No. 1042,Case Number,C.A. No.-003350-003350 / 2017,28-02-2017 (English)
S.No. 1043,Case Number,C.A. No.-011927-011927 / 2016,06-12-2016 (English)
S.No. 1044,Case Number,C.A. No.-004842-004842 / 2017,02-05-2017 (English)
S.No. 1045,Case Number,Crl.A. No.-000694-000694 / 2017,19-04-2017 (English)
S.No. 1046,Case Number,C.A. No.-007020-007020 / 2011,08-05-2017 (English)
S.No. 1047,Case Number,W.P.(C) No.-000906-000906 / 2016,16-12-2016 (English)
S.No. 1048,Case Number,C.A. No.-011360-011361 / 2017,08-09-2017 (English)
S.No. 1049,Case Number,Crl.A. No.-001548-001548 / 2011,02-02-2017 (English)
S.No. 1050,Case Number,Crl.A. No.-001137-001137 / 2017,13-07-2017 (English)
S.No. 1051,Case Number,Crl.A. No.-001097-001097 / 2016,18-11-2016 (English)
S.No. 1052,Case Number,C.A. No.-009836-009836 / 2017,27-07-2017 (English)
S.No. 1053,Case Number,Crl.A. No.-000785-000785 / 2017,25-04-2017 (English)
S.No. 1054,Case Number,C.A. No.-005368-005368 / 2017,19-04-2017 (English)
S.No. 1055,Case Number,C.A. No.-003862-003862 / 2017,09-03-2017 (English)
S.No. 1056,Case Number,C.A. No.-005588-005588 / 2017,25-04-2017 (English)
S.No. 1057,Case Number,C.A. No.-010742-010742 / 2016,09-11-2016 (English)
S.No. 1058,Case Number,SLP(C) No.-018752 / 2017,23-08-2017 (English)
S.No. 1059,Case Number,Crl.A. No.-001792-001792 / 2013,08-02-2017 (English)
S.No. 1060,Case Number,C.A. No.-001257-001257 / 2017,31-01-2017 (English)
S.No. 1061,Case Number,C.A. No.-000628-000628 / 2017,10-01-2017 (English)
S.No. 1062,Case Number,C.A. No.-011938-011938 / 2016,08-12-2016 (English)
S.No. 1063,Case Number,W.P.(C) No.-000530-000530 / 2016,07-11-2016 (English)
S.No. 1064,Case Number,C.A. No.-002148-002148 / 2015,14-12-2016 (English)
S.No. 1065,Case Number,C.A. No.-005204-005204 / 2017,13-04-2017 (English)
S.No. 1066,Case Number,C.A. No.-012248-012248 / 2016,16-12-2016 (English)
S.No. 1067,Case Number,C.A. No.-015619-015619 / 2017,04-10-2017 (English)
S.No. 1068,Case Number,C.A. No.-009529-009529 / 2017,25-07-2017 (English)
S.No. 1069,Case Number,C.A. No.-010520-010520 / 2017,16-08-2017 (English)
S.No. 1070,Case Number,T.P.(C) No.-001912-001912 / 2014,09-03-2017 (English)
S.No. 1071,Case Number,C.A. No.-006625-006626 / 2013,19-06-2017 (English)
S.No. 1072,Case Number,C.A. No.-015611-015611 / 2017,04-10-2017 (English)
S.No. 1073,Case Number,W.P.(C) No.-000880-000880 / 2016,01-05-2017 (English)
S.No. 1074,Case Number,C.A. No.-005248-005274 / 2017,17-04-2017 (English)
S.No. 1075,Case Number,C.A. No.-014678-014678 / 2015,"17-04-2017 (English)
17-04-2017 (English)"
S.No. 1076,Case Number,C.A. No.-012071-012071 / 2016,14-12-2016 (English)
S.No. 1077,Case Number,C.A. No.-006289-006290 / 2013,19-06-2017 (English)
S.No. 1078,Case Number,C.A. No.-006291-006292 / 2013,19-06-2017 (English)
S.No. 1079,Case Number,C.A. No.-004403-004403 / 2010,18-08-2017 (English)
S.No. 1080,Case Number,C.A. No.-010018-010018 / 2017,03-08-2017 (English)
S.No. 1081,Case Number,C.A. No.-011306-011306 / 2016,29-11-2016 (English)
S.No. 1082,Case Number,SLP(C) No.-001463-001463 / 2015,15-12-2016 (English)
S.No. 1083,Case Number,C.A. No.-012066-012066 / 2016,14-12-2016 (English)
S.No. 1084,Case Number,C.A. No.-004513-004514 / 2017,29-03-2017 (English)
S.No. 1085,Case Number,C.A. No.-000241-000241 / 2017,17-04-2017 (English)
S.No. 1086,Case Number,C.A. No.-010583-010585 / 2017,17-08-2017 (English)
S.No. 1087,Case Number,C.A. No.-001353-001354 / 2017,"09-05-2017 (English)
09-05-2017 (English)"
S.No. 1088,Case Number,C.A. No.-001258-001258 / 2017,31-01-2017 (English)
S.No. 1089,Case Number,C.A. No.-011247-011247 / 2016,25-11-2016 (English)
S.No. 1090,Case Number,W.P.(C) No.-000998-000998 / 2016,19-06-2017 (English)
S.No. 1091,Case Number,C.A. No.-011343-011343 / 2017,07-09-2017 (English)
S.No. 1092,Case Number,CONMT.PET.(C) No.-040055-040055 / 2016,19-06-2017 (English)
S.No. 1093,Case Number,C.A. No.-003007-003008 / 2017,20-02-2017 (English)
S.No. 1094,Case Number,Crl.A. No.-001123-001123 / 2017,12-07-2017 (English)
S.No. 1095,Case Number,Crl.A. No.-001723-001723 / 2017,04-10-2017 (English)
S.No. 1096,Case Number,C.A. No.-006450-006450 / 2016,03-04-2017 (English)
S.No. 1097,Case Number,C.A. No.-001525-001525 / 2017,31-01-2017 (English)
S.No. 1098,Case Number,C.A. No.-005441-005441 / 2015,16-08-2017 (English)
S.No. 1099,Case Number,C.A. No.-004347-004375 / 2014,25-07-2017 (English)
S.No. 1100,Case Number,Crl.A. No.-001298-001298 / 2017,01-08-2017 (English)
S.No. 1101,Case Number,C.A. No.-001395-001396 / 2017,03-02-2017 (English)
S.No. 1102,Case Number,CONMT.PET.(C) No.-000572-000572 / 2014,19-06-2017 (English)
S.No. 1103,Case Number,Crl.A. No.-000227-000227 / 2017,03-02-2017 (English)
S.No. 1104,Case Number,C.A. No.-011220-011220 / 2017,06-09-2017 (English)
S.No. 1105,Case Number,Crl.A. No.-000784-000784 / 2017,25-04-2017 (English)
S.No. 1106,Case Number,C.A. No.-005819-005822 / 2017,01-05-2017 (English)
S.No. 1107,Case Number,C.A. No.-012257-012257 / 2016,16-12-2016 (English)
S.No. 1108,Case Number,C.A. No.-010429-010430 / 2017,11-09-2017 (English)
S.No. 1109,Case Number,Crl.A. No.-001186-001186 / 2017,18-07-2017 (English)
S.No. 1110,Case Number,C.A. No.-020882-020882 / 2017,03-03-2017 (English)
S.No. 1111,Case Number,C.A. No.-006461 / 2017,09-05-2017 (English)
