﻿Column-0,Column-1,Column-2,Column-3
S.No. 1,Case Number,Appeal Criminal 738 of 1983,"17-10-1997 (English)
17-10-1997 (English)
17-10-1997 (English)
17-10-1997 (English)
17-10-1997 (English)
15-10-1997 (English)
15-10-1997 (English)
14-10-1997 (English)
14-10-1997 (English)
01-10-1997 (English)
30-09-1997 (English)"
S.No. 2,Case Number,/,08-08-1997 (English)
S.No. 3,Case Number,/,24-01-1997 (English)
S.No. 4,Case Number,/,12-03-1997 (English)
S.No. 5,Case Number,/,09-09-1997 (English)
S.No. 6,Case Number,/,16-07-1997 (English)
S.No. 7,Case Number,/,12-02-1997 (English)
S.No. 8,Case Number,/,08-01-1997 (English)
S.No. 9,Case Number,/,20-11-1996 (English)
S.No. 10,Case Number,/,10-02-1997 (English)
S.No. 11,Case Number,/,29-04-1997 (English)
S.No. 12,Case Number,/,12-12-1996 (English)
S.No. 13,Case Number,/,03-09-1997 (English)
S.No. 14,Case Number,/,09-12-1996 (English)
S.No. 15,Case Number,/,08-07-1997 (English)
S.No. 16,Case Number,/,24-09-1997 (English)
S.No. 17,Case Number,/,05-02-1997 (English)
S.No. 18,Case Number,/,11-03-1997 (English)
S.No. 19,Case Number,/,13-08-1997 (English)
S.No. 20,Case Number,/,24-09-1997 (English)
S.No. 21,Case Number,/,21-08-1997 (English)
S.No. 22,Case Number,/,25-10-1996 (English)
S.No. 23,Case Number,/,19-11-1996 (English)
S.No. 24,Case Number,/,06-11-1996 (English)
S.No. 25,Case Number,/,21-02-1997 (English)
S.No. 26,Case Number,/,10-03-1997 (English)
S.No. 27,Case Number,C.A. No.-004613-004613 / 1997,07-07-1997 (English)
S.No. 28,Case Number,C.A. No.-007131-007132 / 1997,03-10-1997 (English)
S.No. 29,Case Number,SLP(C) No.-004557-004557 / 1997,19-02-1997 (English)
S.No. 30,Case Number,C.A. No.-002416-002416 / 1997,17-03-1997 (English)
S.No. 31,Case Number,C.A. No.-002535-002535 / 1997,25-03-1997 (English)
S.No. 32,Case Number,SLP(C) No.-001535-001535 / 1997,03-02-1997 (English)
S.No. 33,Case Number,SLP(C) No.-003370-003370 / 1997,24-02-1997 (English)
S.No. 34,Case Number,C.A. No.-000101-000101 / 1997,06-01-1997 (English)
S.No. 35,Case Number,T.P.(C) No.-000002-000002 / 1996,27-08-1997 (English)
S.No. 36,Case Number,C.A. No.-002131-002131 / 1996,21-11-1996 (English)
S.No. 37,Case Number,C.A. No.-014172-014172 / 1996,05-11-1996 (English)
S.No. 38,Case Number,C.A. No.-005938-005938 / 1997,01-09-1997 (English)
S.No. 39,Case Number,SLP(C) No.-001523-001523 / 1997,03-02-1997 (English)
S.No. 40,Case Number,SLP(C) No.-002714-002714 / 1997,17-02-1997 (English)
S.No. 41,Case Number,SLP(C) No.-002622-002622 / 1997,14-02-1997 (English)
S.No. 42,Case Number,SLP(C) No.-003559-003559 / 1997,24-02-1997 (English)
S.No. 43,Case Number,C.A. No.-014779-014779 / 1996,04-11-1996 (English)
S.No. 44,Case Number,C.A. No.-002986-002986 / 1997,24-04-1997 (English)
S.No. 45,Case Number,C.A. No.-003142-003142 / 1997,21-04-1997 (English)
S.No. 46,Case Number,C.A. No.-004455-004455 / 1997,07-07-1997 (English)
S.No. 47,Case Number,C.A. No.-001727-001727 / 1997,21-02-1997 (English)
S.No. 48,Case Number,C.A. No.-000573-000573 / 1997,31-01-1997 (English)
S.No. 49,Case Number,C.A. No.-014548-014548 / 1996,25-10-1996 (English)
S.No. 50,Case Number,C.A. No.-003620-003620 / 1997,05-05-1997 (English)
S.No. 51,Case Number,R.P.(C) No.-000098-000098 / 1997,28-11-1996 (English)
S.No. 52,Case Number,C.A. No.-004608-004610 / 1996,04-02-1997 (English)
S.No. 53,Case Number,/,21-11-1996 (English)
S.No. 54,Case Number,C.A. No.-016750-016750 / 1996,17-12-1996 (English)
S.No. 55,Case Number,C.A. No.-003697-003794 / 1997,29-04-1997 (English)
S.No. 56,Case Number,C.A. No.-004212-004212 / 1997,05-05-1997 (English)
S.No. 57,Case Number,SLP(C) No.-003713-003714 / 1997,28-02-1997 (English)
S.No. 58,Case Number,C.A. No.-000702-000702 / 1997,03-02-1997 (English)
S.No. 59,Case Number,C.A. No.-008417-008417 / 1994,05-11-1996 (English)
S.No. 60,Case Number,C.A. No.-005121-005121 / 1997,28-07-1997 (English)
S.No. 61,Case Number,SLP(C) No.-003721-003721 / 1997,28-02-1997 (English)
S.No. 62,Case Number,C.A. No.-002981-002981 / 1995,24-09-1997 (English)
S.No. 63,Case Number,C.A. No.-005948-005948 / 1997,02-09-1997 (English)
S.No. 64,Case Number,C.A. No.-003147-003147 / 1997,21-04-1997 (English)
S.No. 65,Case Number,SLP(C) No.-004013-004013 / 1997,03-03-1997 (English)
S.No. 66,Case Number,C.A. No.-003618-003618 / 1997,05-05-1997 (English)
S.No. 67,Case Number,C.A. No.-011380-011380 / 1996,07-04-1997 (English)
S.No. 68,Case Number,SLP(C) No.-003433-003434 / 1997,24-02-1997 (English)
S.No. 69,Case Number,SLP(C) No.-005567-005567 / 1997,03-03-1997 (English)
S.No. 70,Case Number,C.A. No.-013352-013352 / 1996,29-10-1996 (English)
S.No. 71,Case Number,C.A. No.-004373-004373 / 1997,07-07-1997 (English)
S.No. 72,Case Number,C.A. No.-003639-003639 / 1997,02-05-1997 (English)
S.No. 73,Case Number,C.A. No.-004611-004612 / 1997,07-07-1997 (English)
S.No. 74,Case Number,C.A. No.-003102-003103 / 1995,31-10-1996 (English)
S.No. 75,Case Number,C.A. No.-003449-003449 / 1997,07-05-1997 (English)
S.No. 76,Case Number,C.A. No.-002883-002883 / 1997,07-04-1997 (English)
S.No. 77,Case Number,SLP(C) No.-003291-003291 / 1997,24-02-1997 (English)
S.No. 78,Case Number,SLP(C) No.-003146-003147 / 1997,17-03-1997 (English)
S.No. 79,Case Number,C.A. No.-014132-014132 / 1996,25-10-1996 (English)
S.No. 80,Case Number,C.A. No.-004318-004318 / 1997,09-07-1997 (English)
S.No. 81,Case Number,SLP(C) No.-003322-003322 / 1997,24-02-1997 (English)
S.No. 82,Case Number,SLP(C) No.-005388-005388 / 1997,21-03-1997 (English)
S.No. 83,Case Number,C.A. No.-000923-000923 / 1997,11-02-1997 (English)
S.No. 84,Case Number,C.A. No.-000749-000749 / 1997,11-02-1997 (English)
S.No. 85,Case Number,C.A. No.-014753-014753 / 1996,22-11-1996 (English)
S.No. 86,Case Number,C.A. No.-002880-002882 / 1997,07-04-1997 (English)
S.No. 87,Case Number,C.A. No.-000700-000700 / 1997,03-02-1997 (English)
S.No. 88,Case Number,SLP(C) No.-004033-004033 / 1997,26-03-1997 (English)
S.No. 89,Case Number,Crl.A. No.-000466-000466 / 1996,30-09-1997 (English)
S.No. 90,Case Number,C.A. No.-013721-013722 / 1996,01-11-1996 (English)
S.No. 91,Case Number,SLP(C) No.-003659-003659 / 1997,19-02-1997 (English)
S.No. 92,Case Number,SLP(C) No.-005613-005614 / 1997,04-04-1997 (English)
S.No. 93,Case Number,C.A. No.-009385-009385 / 1995,19-12-1996 (English)
S.No. 94,Case Number,C.A. No.-007084-007084 / 1996,09-12-1996 (English)
S.No. 95,Case Number,C.A. No.-007221-007221 / 1997,03-10-1997 (English)
S.No. 96,Case Number,C.A. No.-014729-014729 / 1996,21-11-1996 (English)
S.No. 97,Case Number,W.P.(C) No.-000202-000202 / 1995,12-12-1996 (English)
S.No. 98,Case Number,C.A. No.-013389-013389 / 1996,30-10-1996 (English)
S.No. 99,Case Number,C.A. No.-014821-014821 / 1996,01-11-1996 (English)
S.No. 100,Case Number,C.A. No.-016735-016735 / 1996,17-12-1996 (English)
S.No. 101,Case Number,SLP(C) No.-004885-004885 / 1997,17-03-1997 (English)
S.No. 102,Case Number,C.A. No.-005502-005502 / 1997,05-08-1997 (English)
S.No. 103,Case Number,C.A. No.-002832-002832 / 1997,22-04-1997 (English)
S.No. 104,Case Number,C.A. No.-005313-005313 / 1997,01-08-1997 (English)
S.No. 105,Case Number,C.A. No.-014580-014580 / 1996,28-10-1996 (English)
S.No. 106,Case Number,SLP(C) No.-004428-004428 / 1997,10-03-1997 (English)
S.No. 107,Case Number,Crl.A. No.-000213-000214 / 1997,"26-02-1997 (English)
26-02-1997 (English)"
S.No. 108,Case Number,Crl.A. No.-000537-000537 / 1996,14-10-1997 (English)
S.No. 109,Case Number,C.A. No.-004432-004432 / 1997,07-07-1997 (English)
S.No. 110,Case Number,W.P.(C) No.-000107-000107 / 1997,29-07-1997 (English)
S.No. 111,Case Number,C.A. No.-002576-002576 / 1997,02-04-1997 (English)
S.No. 112,Case Number,C.A. No.-006081-006081 / 1997,02-09-1997 (English)
S.No. 113,Case Number,CONMT.PET.(C) No.-000207-000208 / 1997,02-05-1997 (English)
S.No. 114,Case Number,C.A. No.-005706-005706 / 2001,18-12-1996 (English)
S.No. 115,Case Number,C.A. No.-007745-007745 / 1996,07-07-1997 (English)
S.No. 116,Case Number,C.A. No.-003137-003137 / 1997,21-04-1997 (English)
S.No. 117,Case Number,C.A. No.-003619-003619 / 1997,05-05-1997 (English)
S.No. 118,Case Number,9999 No.-009143-009143 / 1997,09-04-1997 (English)
S.No. 119,Case Number,SLP(C) No.-008329-008329 / 1997,31-03-1997 (English)
S.No. 120,Case Number,C.A. No.-002450-002450 / 1995,09-05-1997 (English)
S.No. 121,Case Number,C.A. No.-005382-005382 / 1997,08-08-1997 (English)
S.No. 122,Case Number,C.A. No.-005261-005261 / 1997,01-08-1997 (English)
S.No. 123,Case Number,C.A. No.-015576-015576 / 1996,11-12-1996 (English)
S.No. 124,Case Number,Crl.A. No.-000811-000811 / 1997,03-09-1997 (English)
S.No. 125,Case Number,C.A. No.-006538-006538 / 1994,27-01-1997 (English)
S.No. 126,Case Number,W.P.(C) No.-000105-000105 / 2004,18-12-1996 (English)
S.No. 127,Case Number,C.A. No.-016850-016850 / 1996,09-12-1996 (English)
S.No. 128,Case Number,C.A. No.-003572-003572 / 1997,29-04-1997 (English)
S.No. 129,Case Number,C.A. No.-000456-000456 / 1997,29-01-1997 (English)
S.No. 130,Case Number,C.A. No.-014737-014737 / 1996,21-11-1996 (English)
S.No. 131,Case Number,SLP(C) No.-006456-006456 / 1997,27-03-1997 (English)
S.No. 132,Case Number,C.A. No.-001834-001834 / 1997,10-03-1997 (English)
S.No. 133,Case Number,Crl.A. No.-001197-001197 / 1995,29-07-1997 (English)
S.No. 134,Case Number,C.A. No.-008658-008658 / 1996,12-09-1997 (English)
S.No. 135,Case Number,SLP(C) No.-011352-011353 / 1997,07-05-1997 (English)
S.No. 136,Case Number,SLP(C) No.-011257-011257 / 1997,05-05-1997 (English)
S.No. 137,Case Number,C.A. No.-015526-015526 / 1996,22-11-1996 (English)
S.No. 138,Case Number,C.A. No.-006260-006262 / 1997,12-09-1997 (English)
S.No. 139,Case Number,C.A. No.-003512-003513 / 1997,01-05-1997 (English)
S.No. 140,Case Number,C.A. No.-002106-002109 / 1997,20-03-1997 (English)
S.No. 141,Case Number,C.A. No.-003692-003692 / 1997,07-05-1997 (English)
S.No. 142,Case Number,C.A. No.-005798-005798 / 1994,11-04-1997 (English)
S.No. 143,Case Number,SLP(C) No.-011349-011349 / 1997,07-05-1997 (English)
S.No. 144,Case Number,C.A. No.-003691-003691 / 1997,07-05-1997 (English)
S.No. 145,Case Number,C.A. No.-014752-014752 / 1996,22-11-1996 (English)
S.No. 146,Case Number,C.A. No.-009710-009717 / 1995,10-01-1997 (English)
S.No. 147,Case Number,SLP(C) No.-011171-011171 / 1997,09-07-1997 (English)
S.No. 148,Case Number,C.A. No.-003769-003769 / 1996,30-11-1996 (English)
S.No. 149,Case Number,SLP(C) No.-009984-009984 / 1997,09-05-1997 (English)
S.No. 150,Case Number,Crl.A. No.-000670-000670 / 1994,28-02-1997 (English)
S.No. 151,Case Number,C.A. No.-003690-003690 / 1997,07-05-1997 (English)
S.No. 152,Case Number,C.A. No.-015704-015704 / 1996,11-12-1996 (English)
S.No. 153,Case Number,C.A. No.-016835-016835 / 1996,19-12-1996 (English)
S.No. 154,Case Number,SLP(C) No.-010014-010014 / 1997,09-05-1997 (English)
S.No. 155,Case Number,C.A. No.-016834-016834 / 1996,19-12-1996 (English)
S.No. 156,Case Number,C.A. No.-004271-004273 / 1997,09-05-1997 (English)
S.No. 157,Case Number,C.A. No.-014527-014527 / 1996,23-10-1996 (English)
S.No. 158,Case Number,SLP(C) No.-006173-006173 / 1997,10-03-1997 (English)
S.No. 159,Case Number,C.A. No.-001978-001978 / 1997,10-03-1997 (English)
S.No. 160,Case Number,SLP(C) No.-010821-010821 / 1997,08-07-1997 (English)
S.No. 161,Case Number,C.A. No.-005245-005245 / 1996,03-02-1997 (English)
S.No. 162,Case Number,C.A. No.-011240-011240 / 1995,20-03-1997 (English)
S.No. 163,Case Number,Crl.A. No.-000102-000102 / 1996,10-09-1997 (English)
S.No. 164,Case Number,Crl.A. No.-000741-000741 / 1997,15-10-1997 (English)
S.No. 165,Case Number,C.A. No.-006240-006240 / 1997,27-05-1997 (English)
S.No. 166,Case Number,Crl.A. No.-000697-000697 / 1997,05-08-1997 (English)
S.No. 167,Case Number,C.A. No.-016753-016753 / 1996,17-12-1996 (English)
S.No. 168,Case Number,C.A. No.-015528-015529 / 1996,29-11-1996 (English)
S.No. 169,Case Number,C.A. No.-009227-009234 / 1995,14-01-1997 (English)
S.No. 170,Case Number,Crl.A. No.-000923-000924 / 1997,03-10-1997 (English)
S.No. 171,Case Number,C.A. No.-005245-005245 / 1997,14-10-1997 (English)
S.No. 172,Case Number,C.A. No.-016741-016741 / 1996,09-12-1996 (English)
S.No. 173,Case Number,C.A. No.-007467-007467 / 1996,06-02-1997 (English)
S.No. 174,Case Number,C.A. No.-014578-014578 / 1996,28-10-1996 (English)
S.No. 175,Case Number,C.A. No.-000085-000085 / 1997,10-01-1997 (English)
S.No. 176,Case Number,C.A. No.-014781-014781 / 1996,04-11-1996 (English)
S.No. 177,Case Number,C.A. No.-003693-003693 / 1997,01-05-1997 (English)
S.No. 178,Case Number,C.A. No.-002807-002808 / 1997,22-04-1997 (English)
S.No. 179,Case Number,T.P.(C) No.-000458-000458 / 1995,02-12-1996 (English)
S.No. 180,Case Number,C.A. No.-008760-008760 / 1994,20-12-1996 (English)
S.No. 181,Case Number,Crl.A. No.-000647-000647 / 1994,25-04-1997 (English)
S.No. 182,Case Number,Crl.A. No.-001188-001188 / 1995,04-12-1996 (English)
S.No. 183,Case Number,C.A. No.-004601-004602 / 1997,11-07-1997 (English)
S.No. 184,Case Number,W.P.(C) No.-000356-000356 / 1997,04-08-1997 (English)
S.No. 185,Case Number,C.A. No.-003629-003629 / 1997,09-05-1997 (English)
S.No. 186,Case Number,C.A. No.-010758-010759 / 1995,16-12-1996 (English)
S.No. 187,Case Number,Crl.A. No.-001171-001174 / 1995,25-03-1997 (English)
S.No. 188,Case Number,C.A. No.-013265-013265 / 1996,24-10-1996 (English)
S.No. 189,Case Number,C.A. No.-015605-015605 / 1996,29-11-1996 (English)
S.No. 190,Case Number,C.A. No.-004412-004412 / 1996,09-05-1997 (English)
S.No. 191,Case Number,C.A. No.-014222-014222 / 1996,07-11-1996 (English)
S.No. 192,Case Number,C.A. No.-008196-008196 / 1995,30-04-1997 (English)
S.No. 193,Case Number,C.A. No.-001549-001549 / 1997,14-02-1997 (English)
S.No. 194,Case Number,C.A. No.-005355-005355 / 1997,08-08-1997 (English)
S.No. 195,Case Number,C.A. No.-003567-003567 / 1997,08-05-1997 (English)
S.No. 196,Case Number,C.A. No.-003006-003006 / 1997,04-04-1997 (English)
S.No. 197,Case Number,C.A. No.-016736-016736 / 1996,17-12-1996 (English)
S.No. 198,Case Number,C.A. No.-008418-008418 / 1994,18-11-1996 (English)
S.No. 199,Case Number,Crl.A. No.-001144-001144 / 1995,07-11-1996 (English)
S.No. 200,Case Number,C.A. No.-007257-007257 / 1996,04-02-1997 (English)
S.No. 201,Case Number,W.P.(C) No.-000366-000366 / 1997,21-03-1997 (English)
S.No. 202,Case Number,C.A. No.-004613-004614 / 1996,31-10-1996 (English)
S.No. 203,Case Number,C.A. No.-004432-004432 / 1996,08-11-1996 (English)
S.No. 204,Case Number,C.A. No.-004312-004312 / 1997,09-07-1997 (English)
S.No. 205,Case Number,SLP(C) No.-015812-015812 / 1997,09-09-1997 (English)
S.No. 206,Case Number,C.A. No.-015097-015097 / 1996,18-11-1996 (English)
S.No. 207,Case Number,C.A. No.-000022-000023 / 1997,07-01-1997 (English)
S.No. 208,Case Number,C.A. No.-002114-002115 / 1997,20-03-1997 (English)
S.No. 209,Case Number,Crl.A. No.-002051-002051 / 1996,13-12-1996 (English)
S.No. 210,Case Number,C.A. No.-001878-001878 / 1997,21-02-1997 (English)
S.No. 211,Case Number,W.P.(C) No.-000534-000534 / 1994,21-08-1997 (English)
S.No. 212,Case Number,C.A. No.-009400-009400 / 1996,24-09-1997 (English)
S.No. 213,Case Number,Crl.A. No.-000899-000899 / 1997,26-09-1997 (English)
S.No. 214,Case Number,Crl.A. No.-000819-000819 / 1994,31-10-1996 (English)
S.No. 215,Case Number,W.P.(C) No.-000546-000546 / 1994,06-08-1997 (English)
S.No. 216,Case Number,W.P.(C) No.-000561-000561 / 1994,11-12-1996 (English)
S.No. 217,Case Number,C.A. No.-014195-014195 / 1996,06-11-1996 (English)
S.No. 218,Case Number,W.P.(C) No.-000664-000664 / 1995,20-03-1997 (English)
S.No. 219,Case Number,C.A. No.-003118-003118 / 1997,25-04-1997 (English)
S.No. 220,Case Number,W.P.(C) No.-000679-000679 / 1995,"19-02-1997 (English)
19-02-1997 (English)"
S.No. 221,Case Number,W.P.(C) No.-000585-000585 / 1994,08-11-1996 (English)
S.No. 222,Case Number,SLP(C) No.-004077-004077 / 1997,13-02-1997 (English)
S.No. 223,Case Number,C.A. No.-007496-007496 / 1996,20-12-1996 (English)
S.No. 224,Case Number,SLP(C) No.-017918-017918 / 1997,30-09-1997 (English)
S.No. 225,Case Number,C.A. No.-013238-013238 / 1996,24-10-1996 (English)
S.No. 226,Case Number,C.A. No.-014872-014872 / 1996,26-11-1996 (English)
S.No. 227,Case Number,C.A. No.-009473-009473 / 1996,13-08-1997 (English)
S.No. 228,Case Number,C.A. No.-008479-008479 / 1994,04-03-1997 (English)
S.No. 229,Case Number,C.A. No.-001293-001303 / 1995,14-10-1997 (English)
S.No. 230,Case Number,C.A. No.-013388-013388 / 1996,29-10-1996 (English)
S.No. 231,Case Number,C.A. No.-014927-014928 / 1996,28-11-1996 (English)
S.No. 232,Case Number,C.A. No.-014627-014627 / 1996,20-11-1996 (English)
S.No. 233,Case Number,Crl.A. No.-001391-001391 / 1995,06-08-1997 (English)
S.No. 234,Case Number,Crl.A. No.-000318-000318 / 1997,14-03-1997 (English)
S.No. 235,Case Number,SLP(C) No.-003551-003551 / 1997,11-02-1997 (English)
S.No. 236,Case Number,C.A. No.-004321-004321 / 1997,09-07-1997 (English)
S.No. 237,Case Number,C.A. No.-010568-010568 / 1996,"02-05-1997 (English)
02-05-1997 (English)"
S.No. 238,Case Number,SLP(C) No.-006175-006175 / 1997,10-03-1997 (English)
S.No. 239,Case Number,C.A. No.-013701-013705 / 1996,31-10-1996 (English)
S.No. 240,Case Number,Crl.A. No.-000397-000397 / 1996,31-10-1996 (English)
S.No. 241,Case Number,C.A. No.-003816-003816 / 1997,29-04-1997 (English)
S.No. 242,Case Number,Crl.A. No.-000402-000402 / 1996,10-12-1996 (English)
S.No. 243,Case Number,C.A. No.-014223-014223 / 1996,07-11-1996 (English)
S.No. 244,Case Number,C.A. No.-012058-012058 / 1996,19-02-1997 (English)
S.No. 245,Case Number,C.A. No.-001829-001829 / 1997,03-03-1997 (English)
S.No. 246,Case Number,C.A. No.-013716-013716 / 1996,01-11-1996 (English)
S.No. 247,Case Number,C.A. No.-013141-013141 / 1996,05-02-1997 (English)
S.No. 248,Case Number,C.A. No.-000198-000198 / 1996,14-08-1997 (English)
S.No. 249,Case Number,C.A. No.-002004-002004 / 1997,18-03-1997 (English)
S.No. 250,Case Number,C.A. No.-016778-016780 / 1996,17-12-1996 (English)
S.No. 251,Case Number,C.A. No.-014921-014926 / 1996,28-11-1996 (English)
S.No. 252,Case Number,C.A. No.-008852-008852 / 1996,05-08-1997 (English)
S.No. 253,Case Number,C.A. No.-007202-007203 / 1996,04-04-1997 (English)
S.No. 254,Case Number,C.A. No.-015351-015351 / 1996,02-12-1996 (English)
S.No. 255,Case Number,W.P.(C) No.-000714-000714 / 1994,04-03-1997 (English)
S.No. 256,Case Number,C.A. No.-014291-014306 / 1996,28-11-1996 (English)
S.No. 257,Case Number,C.A. No.-003976-003976 / 1996,31-10-1996 (English)
S.No. 258,Case Number,Crl.A. No.-000377-000377 / 1996,13-01-1997 (English)
S.No. 259,Case Number,Crl.A. No.-000157-000159 / 1997,07-05-1997 (English)
S.No. 260,Case Number,W.P.(C) No.-000024-000024 / 1995,04-11-1996 (English)
S.No. 261,Case Number,C.A. No.-014996-014996 / 1996,29-11-1996 (English)
S.No. 262,Case Number,C.A. No.-004980-004980 / 1995,"27-03-1997 (English)
27-03-1997 (English)"
S.No. 263,Case Number,SLP(C) No.-023322-023322 / 1996,09-12-1996 (English)
S.No. 264,Case Number,C.A. No.-004614-004614 / 1997,07-07-1997 (English)
S.No. 265,Case Number,C.A. No.-013236-013236 / 1996,24-10-1996 (English)
S.No. 266,Case Number,C.A. No.-000787-000787 / 1997,14-02-1997 (English)
S.No. 267,Case Number,C.A. No.-003004-003004 / 1997,11-04-1997 (English)
S.No. 268,Case Number,C.A. No.-015399-015399 / 1996,26-11-1996 (English)
S.No. 269,Case Number,C.A. No.-002136-002136 / 1997,21-03-1997 (English)
S.No. 270,Case Number,Crl.A. No.-000095-000095 / 1998,04-04-1997 (English)
S.No. 271,Case Number,Crl.A. No.-001136-001136 / 1995,10-09-1997 (English)
S.No. 272,Case Number,C.A. No.-001868-001868 / 1997,28-02-1997 (English)
S.No. 273,Case Number,C.A. No.-009569-009569 / 1995,28-08-1997 (English)
S.No. 274,Case Number,SLP(C) No.-005081-005081 / 1997,24-02-1997 (English)
S.No. 275,Case Number,C.A. No.-014605-014605 / 1996,19-11-1996 (English)
S.No. 276,Case Number,C.A. No.-002666-002666 / 1997,31-03-1997 (English)
S.No. 277,Case Number,Crl.A. No.-000058-000059 / 1995,19-11-1996 (English)
S.No. 278,Case Number,Crl.A. No.-000486-000487 / 1995,14-10-1997 (English)
S.No. 279,Case Number,C.A. No.-003678-003678 / 1997,25-04-1997 (English)
S.No. 280,Case Number,C.A. No.-004429-004430 / 1997,07-07-1997 (English)
S.No. 281,Case Number,SLP(C) No.-003336-003336 / 1997,03-02-1997 (English)
S.No. 282,Case Number,CONMT.PET.(C) No.-000209-000209 / 1997,07-04-1997 (English)
S.No. 283,Case Number,C.A. No.-001977-001977 / 1997,10-03-1997 (English)
S.No. 284,Case Number,C.A. No.-003146-003146 / 1997,21-04-1997 (English)
S.No. 285,Case Number,C.A. No.-000737-000738 / 1997,03-02-1997 (English)
S.No. 286,Case Number,C.A. No.-000465-000465 / 1986,10-12-1996 (English)
S.No. 287,Case Number,SLP(C) No.-021000-021000 / 1993,11-02-1997 (English)
S.No. 288,Case Number,W.P.(C) No.-000174-000174 / 1991,01-05-1997 (English)
S.No. 289,Case Number,W.P.(C) No.-000741-000741 / 1989,07-07-1997 (English)
S.No. 290,Case Number,C.A. No.-001388-001390 / 1975,"19-12-1996 (English)
19-12-1996 (English)"
S.No. 291,Case Number,C.A. No.-000198-000198 / 1976,27-01-1997 (English)
S.No. 292,Case Number,SLP(C) No.-001421-001421 / 1997,13-01-1997 (English)
S.No. 293,Case Number,C.A. No.-000054-000054 / 1993,18-11-1996 (English)
S.No. 294,Case Number,SLP(C) No.-002283-002283 / 1997,15-01-1997 (English)
S.No. 295,Case Number,SLP(C) No.-002845-002845 / 1997,27-01-1997 (English)
S.No. 296,Case Number,SLP(C) No.-000765-000765 / 1997,24-01-1997 (English)
S.No. 297,Case Number,SLP(C) No.-002846-002846 / 1997,28-01-1997 (English)
S.No. 298,Case Number,SLP(C) No.-003337-003337 / 1997,03-02-1997 (English)
S.No. 299,Case Number,SLP(C) No.-003338-003338 / 1997,03-02-1997 (English)
S.No. 300,Case Number,C.A. No.-000931-000931 / 1978,19-11-1996 (English)
S.No. 301,Case Number,C.A. No.-000643-000644 / 1978,21-01-1997 (English)
S.No. 302,Case Number,W.P.(C) No.-001094-001094 / 1988,02-05-1997 (English)
S.No. 303,Case Number,SLP(C) No.-000492-000492 / 1997,21-01-1997 (English)
S.No. 304,Case Number,W.P.(C) No.-000696-000696 / 1987,09-05-1997 (English)
S.No. 305,Case Number,C.A. No.-001393-001393 / 1977,01-04-1997 (English)
S.No. 306,Case Number,W.P.(C) No.-001699-001699 / 1987,01-05-1997 (English)
S.No. 307,Case Number,T.P.(C) No.-000233-000233 / 1980,06-03-1997 (English)
S.No. 308,Case Number,C.A. No.-001529-001529 / 2001,29-08-1997 (English)
S.No. 309,Case Number,C.A. No.-005082-005082 / 1997,"25-07-1997 (English)
25-07-1997 (English)"
S.No. 310,Case Number,C.A. No.-000236-000236 / 1997,13-01-1997 (English)
S.No. 311,Case Number,C.A. No.-002235-002235 / 1997,17-03-1997 (English)
S.No. 312,Case Number,C.A. No.-002668-002668 / 1997,25-03-1997 (English)
S.No. 313,Case Number,C.A. No.-000304-000305 / 1997,24-01-1997 (English)
S.No. 314,Case Number,C.A. No.-003143-003143 / 1997,21-04-1997 (English)
S.No. 315,Case Number,C.A. No.-003510-003510 / 1997,28-04-1997 (English)
S.No. 316,Case Number,C.A. No.-004319-004319 / 1997,09-07-1997 (English)
S.No. 317,Case Number,C.A. No.-004339-004339 / 1997,09-07-1997 (English)
S.No. 318,Case Number,C.A. No.-004388-004388 / 1997,09-07-1997 (English)
S.No. 319,Case Number,C.A. No.-004615-004615 / 1997,07-07-1997 (English)
S.No. 320,Case Number,C.A. No.-005057-005057 / 1997,25-07-1997 (English)
S.No. 321,Case Number,C.A. No.-005803-005803 / 1997,27-08-1997 (English)
S.No. 322,Case Number,C.A. No.-005935-005935 / 1997,22-08-1997 (English)
S.No. 323,Case Number,C.A. No.-006466-006466 / 1997,17-09-1997 (English)
S.No. 324,Case Number,C.A. No.-006514-006514 / 1997,19-09-1997 (English)
S.No. 325,Case Number,C.A. No.-004651-004651 / 1997,10-07-1997 (English)
S.No. 326,Case Number,C.A. No.-005891-005892 / 1997,29-08-1997 (English)
S.No. 327,Case Number,C.A. No.-002878-002879 / 1997,07-04-1997 (English)
S.No. 328,Case Number,C.A. No.-002848-002848 / 1979,23-07-1997 (English)
S.No. 329,Case Number,C.A. No.-001415-001419 / 1979,11-02-1997 (English)
S.No. 330,Case Number,C.A. No.-000534-000535 / 1979,21-01-1997 (English)
S.No. 331,Case Number,C.A. No.-001097-001098 / 1979,01-04-1997 (English)
S.No. 332,Case Number,C.A. No.-002578-002580 / 1979,05-02-1997 (English)
S.No. 333,Case Number,C.A. No.-003238-003240 / 1979,04-12-1996 (English)
S.No. 334,Case Number,SLP(C) No.-003174-003174 / 1995,07-01-1997 (English)
S.No. 335,Case Number,W.P.(C) No.-000113-000113 / 1996,07-04-1997 (English)
S.No. 336,Case Number,Crl.A. No.-000735-000735 / 1991,24-10-1996 (English)
S.No. 337,Case Number,C.A. No.-001320-001320 / 1980,05-12-1996 (English)
S.No. 338,Case Number,/,24-04-1997 (English)
S.No. 339,Case Number,C.A. No.-001295-001296 / 1980,19-12-1996 (English)
S.No. 340,Case Number,C.A. No.-011360-011360 / 1995,"29-10-1996 (English)
29-10-1996 (English)"
S.No. 341,Case Number,C.A. No.-007371-007371 / 1995,25-10-1996 (English)
S.No. 342,Case Number,C.A. No.-001575-001576 / 1980,"11-02-1997 (English)
11-02-1997 (English)"
S.No. 343,Case Number,C.A. No.-011445-011447 / 1995,02-09-1997 (English)
S.No. 344,Case Number,C.A. No.-000566-000566 / 1981,28-11-1996 (English)
S.No. 345,Case Number,C.A. No.-000698-000698 / 1981,06-02-1997 (English)
S.No. 346,Case Number,C.A. No.-000381-000381 / 1981,28-11-1996 (English)
S.No. 347,Case Number,C.A. No.-002389-002390 / 1981,08-07-1997 (English)
S.No. 348,Case Number,W.P.(C) No.-002135-002135 / 1982,21-02-1997 (English)
S.No. 349,Case Number,W.P.(C) No.-013381-013381 / 1984,30-12-1996 (English)
S.No. 350,Case Number,C.A. No.-001739-001740 / 1981,11-04-1997 (English)
S.No. 351,Case Number,C.A. No.-002141-002143 / 1982,04-02-1997 (English)
S.No. 352,Case Number,/,28-01-1997 (English)
S.No. 353,Case Number,C.A. No.-000233-000235 / 1982,10-12-1996 (English)
S.No. 354,Case Number,C.A. No.-003179-003181 / 1982,09-07-1997 (English)
S.No. 355,Case Number,C.A. No.-003414-003416 / 1982,28-01-1997 (English)
S.No. 356,Case Number,C.A. No.-002034-002038 / 1982,28-08-1997 (English)
S.No. 357,Case Number,C.A. No.-000451-000451 / 1988,30-07-1997 (English)
S.No. 358,Case Number,W.P.(C) No.-003727-003727 / 1985,"19-12-1996 (English)
19-12-1996 (English)"
S.No. 359,Case Number,W.P.(Crl.) No.-000043-000043 / 1993,27-11-1996 (English)
S.No. 360,Case Number,C.A. No.-000037-000037 / 1994,05-12-1996 (English)
S.No. 361,Case Number,C.A. No.-010651-010651 / 1983,20-03-1997 (English)
S.No. 362,Case Number,W.P.(C) No.-003530-003530 / 1983,01-04-1997 (English)
S.No. 363,Case Number,C.A. No.-000368-000368 / 1985,22-01-1997 (English)
S.No. 364,Case Number,C.A. No.-003432-003434 / 1983,20-03-1997 (English)
S.No. 365,Case Number,C.A. No.-002587-002592 / 1983,06-03-1997 (English)
S.No. 366,Case Number,C.A. No.-005638-005640 / 1983,03-04-1997 (English)
S.No. 367,Case Number,C.A. No.-003041-003043 / 1983,22-01-1997 (English)
S.No. 368,Case Number,C.A. No.-006635-006635 / 1983,30-07-1997 (English)
S.No. 369,Case Number,C.A. No.-006327-006327 / 1983,05-03-1997 (English)
S.No. 370,Case Number,W.P.(C) No.-000465-000465 / 1986,"10-12-1996 (English)
10-12-1996 (English)"
S.No. 371,Case Number,C.A. No.-006768-006769 / 1983,06-02-1997 (English)
S.No. 372,Case Number,C.A. No.-005623-005624 / 1983,25-10-1996 (English)
S.No. 373,Case Number,C.A. No.-005957-005959 / 1983,04-04-1997 (English)
S.No. 374,Case Number,C.A. No.-006328-006333 / 1983,08-07-1997 (English)
S.No. 375,Case Number,C.A. No.-005332-005335 / 1983,25-02-1997 (English)
S.No. 376,Case Number,C.A. No.-003255-003255 / 1984,"19-12-1996 (English)
19-12-1996 (English)
19-12-1996 (English)"
S.No. 377,Case Number,W.P.(Crl.) No.-000539-000539 / 1986,18-12-1996 (English)
S.No. 378,Case Number,C.A. No.-004545-004545 / 1995,10-03-1997 (English)
S.No. 379,Case Number,C.A. No.-016762-016762 / 1996,17-12-1996 (English)
S.No. 380,Case Number,W.P.(C) No.-000638-000638 / 1987,"09-05-1997 (English)
09-05-1997 (English)
09-05-1997 (English)"
S.No. 381,Case Number,C.A. No.-001340-001340 / 1986,27-03-1997 (English)
S.No. 382,Case Number,C.A. No.-002347-002347 / 1986,27-03-1997 (English)
S.No. 383,Case Number,Crl.A. No.-000381-000383 / 1984,09-09-1997 (English)
S.No. 384,Case Number,Crl.A. No.-000626-000626 / 1986,02-09-1997 (English)
S.No. 385,Case Number,C.A. No.-002043-002043 / 1997,19-03-1997 (English)
S.No. 386,Case Number,Crl.A. No.-000761-000762 / 1997,20-08-1997 (English)
S.No. 387,Case Number,C.A. No.-000921-000921 / 1988,29-10-1996 (English)
S.No. 388,Case Number,Crl.A. No.-000543-000543 / 1988,03-02-1997 (English)
S.No. 389,Case Number,W.P.(C) No.-000824-000824 / 1988,09-07-1997 (English)
S.No. 390,Case Number,Crl.A. No.-000120-000120 / 1988,29-10-1996 (English)
S.No. 391,Case Number,W.P.(C) No.-000306-000306 / 1988,22-11-1996 (English)
S.No. 392,Case Number,TAX.REF.CASE(C) No.-000009-000010 / 1986,27-05-1997 (English)
S.No. 393,Case Number,C.A. No.-003011-003014 / 1986,20-11-1996 (English)
S.No. 394,Case Number,C.A. No.-002020-002024 / 1986,13-12-1996 (English)
S.No. 395,Case Number,C.A. No.-001780-001786 / 1986,02-04-1997 (English)
S.No. 396,Case Number,C.A. No.-000118-000118 / 1994,13-08-1997 (English)
S.No. 397,Case Number,C.A. No.-004294-004294 / 1997,08-07-1997 (English)
S.No. 398,Case Number,C.A. No.-000189-000189 / 1994,17-10-1997 (English)
S.No. 399,Case Number,C.A. No.-000506-000506 / 1992,25-04-1997 (English)
S.No. 400,Case Number,C.A. No.-002762-002788 / 1988,15-07-1997 (English)
S.No. 401,Case Number,SLP(C) No.-022538-022538 / 1996,28-10-1996 (English)
S.No. 402,Case Number,C.A. No.-003358-003358 / 1997,22-04-1997 (English)
S.No. 403,Case Number,C.A. No.-003695-003695 / 1997,29-04-1997 (English)
S.No. 404,Case Number,C.A. No.-001744-001745 / 1988,25-03-1997 (English)
S.No. 405,Case Number,C.A. No.-002347-002348 / 1988,08-05-1997 (English)
S.No. 406,Case Number,SLP(C) No.-020703-020703 / 1996,29-10-1996 (English)
S.No. 407,Case Number,Crl.A. No.-000535-000535 / 1989,21-08-1997 (English)
S.No. 408,Case Number,SLP(C) No.-020461-020461 / 1996,28-10-1996 (English)
S.No. 409,Case Number,SLP(C) No.-014028-014028 / 1996,25-10-1996 (English)
S.No. 410,Case Number,/,09-05-1997 (English)
S.No. 411,Case Number,SLP(C) No.-020481-020481 / 1996,28-10-1996 (English)
S.No. 412,Case Number,C.A. No.-004052-004053 / 1988,08-04-1997 (English)
S.No. 413,Case Number,T.P.(C) No.-000170-000170 / 1996,04-11-1996 (English)
S.No. 414,Case Number,R.P.(C) No.-002070-002070 / 1996,06-11-1996 (English)
S.No. 415,Case Number,SLP(C) No.-020458-020458 / 1996,29-10-1996 (English)
S.No. 416,Case Number,Crl.A. No.-000461-000463 / 1988,24-02-1997 (English)
S.No. 417,Case Number,SLP(C) No.-000628-000628 / 1994,04-08-1997 (English)
S.No. 418,Case Number,Crl.A. No.-000419-000431 / 1987,24-10-1996 (English)
S.No. 419,Case Number,SLP(C) No.-021020-021020 / 1996,04-11-1996 (English)
S.No. 420,Case Number,SLP(C) No.-023872-023872 / 1996,20-11-1996 (English)
S.No. 421,Case Number,SLP(C) No.-021792-021792 / 1996,18-11-1996 (English)
S.No. 422,Case Number,SLP(C) No.-022517-022520 / 1996,27-11-1996 (English)
S.No. 423,Case Number,SLP(C) No.-022201-022201 / 1996,27-11-1996 (English)
S.No. 424,Case Number,Crl.A. No.-000349-000349 / 1993,09-01-1997 (English)
S.No. 425,Case Number,W.P.(C) No.-000986-000986 / 1989,12-12-1996 (English)
S.No. 426,Case Number,Crl.A. No.-000116-000116 / 1989,16-01-1997 (English)
S.No. 427,Case Number,C.A. No.-004786-004786 / 1994,25-10-1996 (English)
S.No. 428,Case Number,C.A. No.-006590-006591 / 1995,28-11-1996 (English)
S.No. 429,Case Number,C.A. No.-003596-003597 / 1989,07-05-1997 (English)
S.No. 430,Case Number,C.A. No.-004787-004787 / 1994,03-03-1997 (English)
S.No. 431,Case Number,C.A. No.-002239-002239 / 1997,21-03-1997 (English)
S.No. 432,Case Number,C.A. No.-004684-004685 / 1994,08-04-1997 (English)
S.No. 433,Case Number,C.A. No.-006339-006339 / 1994,07-05-1997 (English)
S.No. 434,Case Number,C.A. No.-003207-003210 / 1995,08-07-1997 (English)
S.No. 435,Case Number,SLP(C) No.-025126-025126 / 1996,05-12-1996 (English)
S.No. 436,Case Number,C.A. No.-014806-014806 / 1996,06-08-1997 (English)
S.No. 437,Case Number,C.A. No.-006597-006597 / 1994,01-09-1997 (English)
S.No. 438,Case Number,C.A. No.-003972-003972 / 1994,17-09-1997 (English)
S.No. 439,Case Number,C.A. No.-001836-001836 / 1997,10-03-1997 (English)
S.No. 440,Case Number,SLP(C) No.-023361-023361 / 1996,09-12-1996 (English)
S.No. 441,Case Number,C.A. No.-001639-001639 / 1990,07-02-1997 (English)
S.No. 442,Case Number,SLP(C) No.-023678-023678 / 1996,13-12-1996 (English)
S.No. 443,Case Number,SLP(C) No.-023981-023981 / 1996,16-12-1996 (English)
S.No. 444,Case Number,SLP(C) No.-024398-024398 / 1996,20-12-1996 (English)
S.No. 445,Case Number,T.P.(C) No.-000749-000749 / 1996,13-01-1997 (English)
S.No. 446,Case Number,T.P.(C) No.-000281-000281 / 1996,13-01-1997 (English)
S.No. 447,Case Number,SLP(C) No.-025281-025281 / 1996,13-01-1997 (English)
S.No. 448,Case Number,SLP(C) No.-020421-020422 / 1996,24-01-1997 (English)
S.No. 449,Case Number,SLP(C) No.-025086-025086 / 1996,27-01-1997 (English)
S.No. 450,Case Number,SLP(C) No.-016184-016184 / 1996,11-03-1997 (English)
S.No. 451,Case Number,C.A. No.-005060-005060 / 1991,11-12-1996 (English)
S.No. 452,Case Number,R.P.(C) No.-001344-001344 / 1996,02-05-1997 (English)
S.No. 453,Case Number,C.A. No.-010219-010219 / 1995,22-11-1996 (English)
S.No. 454,Case Number,C.A. No.-005450-005450 / 1994,"14-02-1997 (English)
14-02-1997 (English)"
S.No. 455,Case Number,C.A. No.-004914-004914 / 1991,05-03-1997 (English)
S.No. 456,Case Number,C.A. No.-009216-009216 / 1995,13-03-1997 (English)
S.No. 457,Case Number,C.A. No.-001354-001354 / 1991,04-08-1997 (English)
S.No. 458,Case Number,SLP(C) No.-023964-023964 / 1996,15-09-1997 (English)
S.No. 459,Case Number,T.P.(C) No.-000239-000252 / 1996,08-11-1996 (English)
S.No. 460,Case Number,C.A. No.-003705-003705 / 1990,07-02-1997 (English)
S.No. 461,Case Number,W.P.(C) No.-000930-000930 / 1990,04-11-1996 (English)
S.No. 462,Case Number,C.A. No.-001750-001750 / 1994,31-12-1996 (English)
S.No. 463,Case Number,C.A. No.-000156-000156 / 1997,15-01-1997 (English)
S.No. 464,Case Number,C.A. No.-008502-008524 / 1994,21-04-1997 (English)
S.No. 465,Case Number,C.A. No.-002426-002426 / 1994,22-11-1996 (English)
S.No. 466,Case Number,C.A. No.-005646-005646 / 1994,09-04-1997 (English)
S.No. 467,Case Number,C.A. No.-015523-015523 / 1996,22-11-1996 (English)
S.No. 468,Case Number,C.A. No.-002942-002949 / 1997,07-04-1997 (English)
S.No. 469,Case Number,Crl.A. No.-000626-000626 / 1990,21-08-1997 (English)
S.No. 470,Case Number,Crl.A. No.-000194-000194 / 1990,06-05-1997 (English)
S.No. 471,Case Number,Crl.A. No.-000559-000559 / 1990,20-02-1997 (English)
S.No. 472,Case Number,Crl.A. No.-000326-000327 / 1990,13-12-1996 (English)
S.No. 473,Case Number,Crl.A. No.-000174-000176 / 1990,"05-05-1997 (English)
05-05-1997 (English)"
S.No. 474,Case Number,Crl.A. No.-000683-000683 / 1990,09-07-1997 (English)
S.No. 475,Case Number,Crl.A. No.-000366-000366 / 1990,04-12-1996 (English)
S.No. 476,Case Number,C.A. No.-004174-004182 / 1995,25-07-1997 (English)
S.No. 477,Case Number,Crl.A. No.-000182-000182 / 1990,23-04-1997 (English)
S.No. 478,Case Number,C.A. No.-001843-001843 / 1997,10-03-1997 (English)
S.No. 479,Case Number,C.A. No.-015357-015357 / 1996,04-12-1996 (English)
S.No. 480,Case Number,Crl.A. No.-000164-000164 / 1990,08-08-1997 (English)
S.No. 481,Case Number,Crl.A. No.-000551-000554 / 1990,20-02-1997 (English)
S.No. 482,Case Number,Crl.A. No.-000183-000185 / 1990,08-05-1997 (English)
S.No. 483,Case Number,Crl.A. No.-000680-000680 / 1996,21-11-1996 (English)
S.No. 484,Case Number,C.A. No.-007943-007943 / 1996,03-12-1996 (English)
S.No. 485,Case Number,Crl.A. No.-000635-000635 / 1996,10-12-1996 (English)
S.No. 486,Case Number,C.A. No.-012088-012088 / 1996,22-01-1997 (English)
S.No. 487,Case Number,C.A. No.-000574-000574 / 1997,07-02-1997 (English)
S.No. 488,Case Number,Crl.A. No.-000769-000769 / 1996,12-02-1997 (English)
S.No. 489,Case Number,C.A. No.-016662-016662 / 1996,19-02-1997 (English)
S.No. 490,Case Number,C.A. No.-014993-014993 / 1996,10-04-1997 (English)
S.No. 491,Case Number,C.A. No.-014748-014749 / 1996,09-04-1997 (English)
S.No. 492,Case Number,C.A. No.-004958-004960 / 1990,05-02-1997 (English)
S.No. 493,Case Number,C.A. No.-015496-015496 / 1996,08-07-1997 (English)
S.No. 494,Case Number,C.A. No.-013360-013360 / 1996,29-10-1996 (English)
S.No. 495,Case Number,C.A. No.-013390-013390 / 1996,29-10-1996 (English)
S.No. 496,Case Number,C.A. No.-014534-014534 / 1996,25-10-1996 (English)
S.No. 497,Case Number,C.A. No.-014784-014784 / 1996,01-11-1996 (English)
S.No. 498,Case Number,C.A. No.-015066-015066 / 1996,18-11-1996 (English)
S.No. 499,Case Number,C.A. No.-015073-015073 / 1996,18-11-1996 (English)
S.No. 500,Case Number,C.A. No.-015432-015432 / 1996,26-11-1996 (English)
S.No. 501,Case Number,C.A. No.-015610-015610 / 1996,29-11-1996 (English)
S.No. 502,Case Number,C.A. No.-015698-015699 / 1996,25-09-1997 (English)
S.No. 503,Case Number,C.A. No.-000317-000317 / 1997,13-01-1997 (English)
S.No. 504,Case Number,C.A. No.-000349-000349 / 1997,20-01-1997 (English)
S.No. 505,Case Number,C.A. No.-000489-000489 / 1997,24-01-1997 (English)
S.No. 506,Case Number,C.A. No.-000490-000491 / 1997,24-01-1997 (English)
S.No. 507,Case Number,C.A. No.-000704-000731 / 1997,03-02-1997 (English)
S.No. 508,Case Number,C.A. No.-001640-001640 / 1997,25-02-1997 (English)
S.No. 509,Case Number,C.A. No.-002709-002709 / 1997,27-03-1997 (English)
S.No. 510,Case Number,C.A. No.-003236-003239 / 1997,21-04-1997 (English)
S.No. 511,Case Number,C.A. No.-003404-003404 / 1997,28-04-1997 (English)
S.No. 512,Case Number,Crl.A. No.-000743-000743 / 1996,05-05-1997 (English)
S.No. 513,Case Number,C.A. No.-001107-001108 / 1990,08-07-1997 (English)
S.No. 514,Case Number,C.A. No.-006122-006122 / 1997,31-03-1997 (English)
S.No. 515,Case Number,C.A. No.-003968-003968 / 1994,12-03-1997 (English)
S.No. 516,Case Number,Crl.A. No.-000060-000060 / 1994,13-01-1997 (English)
S.No. 517,Case Number,C.A. No.-002035-002036 / 1990,20-02-1997 (English)
S.No. 518,Case Number,W.P.(C) No.-000862-000862 / 1990,27-03-1997 (English)
S.No. 519,Case Number,Crl.A. No.-000381-000381 / 1990,03-02-1997 (English)
S.No. 520,Case Number,W.P.(C) No.-000525-000525 / 1990,03-02-1997 (English)
S.No. 521,Case Number,W.P.(C) No.-001131-001131 / 1991,07-01-1997 (English)
S.No. 522,Case Number,C.A. No.-004282-004282 / 1991,28-07-1997 (English)
S.No. 523,Case Number,C.A. No.-004897-004901 / 1990,07-07-1997 (English)
S.No. 524,Case Number,C.A. No.-005178-005178 / 1997,11-04-1997 (English)
S.No. 525,Case Number,C.A. No.-013237-013237 / 1996,24-10-1996 (English)
S.No. 526,Case Number,C.A. No.-013239-013239 / 1996,24-10-1996 (English)
S.No. 527,Case Number,C.A. No.-013337-013337 / 1996,23-10-1996 (English)
S.No. 528,Case Number,C.A. No.-014163-014163 / 1996,05-11-1996 (English)
S.No. 529,Case Number,C.A. No.-014221-014221 / 1996,07-11-1996 (English)
S.No. 530,Case Number,C.A. No.-014363-014363 / 1996,07-11-1996 (English)
S.No. 531,Case Number,C.A. No.-014366-014369 / 1996,07-11-1996 (English)
S.No. 532,Case Number,C.A. No.-014412-014412 / 1996,23-10-1996 (English)
S.No. 533,Case Number,C.A. No.-014528-014530 / 1996,23-10-1996 (English)
S.No. 534,Case Number,C.A. No.-014531-014532 / 1996,23-10-1996 (English)
S.No. 535,Case Number,C.A. No.-014549-014550 / 1996,23-10-1996 (English)
S.No. 536,Case Number,C.A. No.-014551-014551 / 1996,23-10-1996 (English)
S.No. 537,Case Number,C.A. No.-014583-014583 / 1996,30-10-1996 (English)
S.No. 538,Case Number,C.A. No.-014604-014604 / 1996,19-11-1996 (English)
S.No. 539,Case Number,C.A. No.-014608-014608 / 1996,18-11-1996 (English)
S.No. 540,Case Number,C.A. No.-014581-014581 / 1996,28-10-1996 (English)
S.No. 541,Case Number,C.A. No.-014774-014774 / 1996,04-11-1996 (English)
S.No. 542,Case Number,C.A. No.-014783-014783 / 1996,01-11-1996 (English)
S.No. 543,Case Number,C.A. No.-014787-014787 / 1996,01-11-1996 (English)
S.No. 544,Case Number,C.A. No.-014818-014818 / 1996,29-10-1996 (English)
S.No. 545,Case Number,C.A. No.-015550-015550 / 1996,22-11-1996 (English)
S.No. 546,Case Number,C.A. No.-015705-015705 / 1996,02-12-1996 (English)
S.No. 547,Case Number,C.A. No.-016636-016637 / 1996,29-11-1996 (English)
S.No. 548,Case Number,C.A. No.-012736-012736 / 1996,18-11-1996 (English)
S.No. 549,Case Number,C.A. No.-014920-014920 / 1996,01-11-1996 (English)
S.No. 550,Case Number,C.A. No.-000230-000230 / 1997,21-01-1997 (English)
S.No. 551,Case Number,C.A. No.-001766-001767 / 1997,18-02-1997 (English)
S.No. 552,Case Number,C.A. No.-002105-002105 / 1997,20-03-1997 (English)
S.No. 553,Case Number,C.A. No.-015072-015072 / 1996,18-11-1996 (English)
S.No. 554,Case Number,C.A. No.-015085-015085 / 1996,18-11-1996 (English)
S.No. 555,Case Number,C.A. No.-015086-015086 / 1996,18-11-1996 (English)
S.No. 556,Case Number,C.A. No.-015099-015099 / 1996,02-12-1996 (English)
S.No. 557,Case Number,C.A. No.-015112-015115 / 1996,03-12-1996 (English)
S.No. 558,Case Number,C.A. No.-015401-015401 / 1996,26-11-1996 (English)
S.No. 559,Case Number,C.A. No.-015418-015418 / 1996,21-11-1996 (English)
S.No. 560,Case Number,C.A. No.-015419-015419 / 1996,20-11-1996 (English)
S.No. 561,Case Number,C.A. No.-014754-014754 / 1996,22-11-1996 (English)
S.No. 562,Case Number,C.A. No.-015486-015486 / 1996,26-11-1996 (English)
S.No. 563,Case Number,C.A. No.-015522-015522 / 1996,22-11-1996 (English)
S.No. 564,Case Number,C.A. No.-015553-015553 / 1996,10-12-1996 (English)
S.No. 565,Case Number,C.A. No.-015607-015607 / 1996,02-12-1996 (English)
S.No. 566,Case Number,C.A. No.-015608-015608 / 1996,02-12-1996 (English)
S.No. 567,Case Number,C.A. No.-015611-015611 / 1996,02-12-1996 (English)
S.No. 568,Case Number,C.A. No.-015703-015703 / 1996,29-11-1996 (English)
S.No. 569,Case Number,C.A. No.-015712-015712 / 1996,02-12-1996 (English)
S.No. 570,Case Number,C.A. No.-016673-016673 / 1996,02-12-1996 (English)
S.No. 571,Case Number,C.A. No.-013187-013187 / 1996,23-10-1996 (English)
S.No. 572,Case Number,C.A. No.-016734-016734 / 1996,17-12-1996 (English)
S.No. 573,Case Number,C.A. No.-016737-016737 / 1996,17-12-1996 (English)
S.No. 574,Case Number,C.A. No.-003041-003046 / 1991,28-02-1997 (English)
S.No. 575,Case Number,Crl.A. No.-000378-000378 / 1991,24-07-1997 (English)
S.No. 576,Case Number,C.A. No.-016846-016846 / 1996,09-12-1996 (English)
S.No. 577,Case Number,C.A. No.-016861-016861 / 1996,09-12-1996 (English)
S.No. 578,Case Number,C.A. No.-016862-016862 / 1996,09-12-1996 (English)
S.No. 579,Case Number,C.A. No.-016945-016964 / 1996,13-12-1996 (English)
S.No. 580,Case Number,C.A. No.-016965-016965 / 1996,13-12-1996 (English)
S.No. 581,Case Number,C.A. No.-016982-016982 / 1996,16-12-1996 (English)
S.No. 582,Case Number,C.A. No.-016988-016988 / 1996,16-12-1996 (English)
S.No. 583,Case Number,C.A. No.-016989-016989 / 1996,20-12-1996 (English)
S.No. 584,Case Number,C.A. No.-014603-014603 / 1996,18-11-1996 (English)
S.No. 585,Case Number,Crl.A. No.-000495-000495 / 1991,20-12-1996 (English)
S.No. 586,Case Number,C.A. No.-014778-014778 / 1996,04-11-1996 (English)
S.No. 587,Case Number,C.A. No.-014576-014577 / 1996,28-10-1996 (English)
S.No. 588,Case Number,CONMT.PET.(C) No.-000577-000577 / 1996,07-04-1997 (English)
S.No. 589,Case Number,C.A. No.-009894-009894 / 1996,"30-04-1997 (English)
30-04-1997 (English)"
S.No. 590,Case Number,C.A. No.-009506-009506 / 1996,09-04-1997 (English)
S.No. 591,Case Number,Crl.A. No.-000676-000677 / 1996,02-05-1997 (English)
S.No. 592,Case Number,Crl.A. No.-000325-000329 / 1996,03-10-1997 (English)
S.No. 593,Case Number,C.A. No.-015057-015057 / 1996,18-11-1996 (English)
S.No. 594,Case Number,Crl.A. No.-000823-000823 / 1996,13-03-1997 (English)
S.No. 595,Case Number,C.A. No.-014164-014165 / 1996,05-11-1996 (English)
S.No. 596,Case Number,Crl.A. No.-001912-001912 / 1996,07-11-1996 (English)
S.No. 597,Case Number,W.P.(C) No.-000182-000182 / 1996,13-12-1996 (English)
S.No. 598,Case Number,Crl.A. No.-000368-000368 / 1991,14-08-1997 (English)
S.No. 599,Case Number,C.A. No.-000102-000102 / 1997,06-01-1997 (English)
S.No. 600,Case Number,C.A. No.-000103-000103 / 1997,06-01-1997 (English)
S.No. 601,Case Number,C.A. No.-000104-000104 / 1997,06-01-1997 (English)
S.No. 602,Case Number,C.A. No.-000168-000168 / 1997,13-01-1997 (English)
S.No. 603,Case Number,Crl.A. No.-000046-000046 / 1997,17-01-1997 (English)
S.No. 604,Case Number,C.A. No.-000316-000316 / 1997,13-01-1997 (English)
S.No. 605,Case Number,C.A. No.-000350-000352 / 1997,20-01-1997 (English)
S.No. 606,Case Number,C.A. No.-000404-000405 / 1997,15-01-1997 (English)
S.No. 607,Case Number,C.A. No.-000444-000444 / 1997,17-01-1997 (English)
S.No. 608,Case Number,C.A. No.-000445-000445 / 1997,17-01-1997 (English)
S.No. 609,Case Number,C.A. No.-000446-000446 / 1997,17-01-1997 (English)
S.No. 610,Case Number,C.A. No.-000590-000590 / 1997,27-01-1997 (English)
S.No. 611,Case Number,C.A. No.-000626-000626 / 1997,27-01-1997 (English)
S.No. 612,Case Number,C.A. No.-000635-000635 / 1997,27-01-1997 (English)
S.No. 613,Case Number,Crl.A. No.-000127-000127 / 1997,27-01-1997 (English)
S.No. 614,Case Number,C.A. No.-000694-000694 / 1997,31-01-1997 (English)
S.No. 615,Case Number,Crl.A. No.-000509-000509 / 1991,11-12-1996 (English)
S.No. 616,Case Number,C.A. No.-000732-000732 / 1997,31-01-1997 (English)
S.No. 617,Case Number,C.A. No.-000746-000746 / 1997,11-02-1997 (English)
S.No. 618,Case Number,C.A. No.-000795-000795 / 1997,14-02-1997 (English)
S.No. 619,Case Number,C.A. No.-000796-000796 / 1997,10-02-1997 (English)
S.No. 620,Case Number,C.A. No.-000808-000808 / 1997,17-02-1997 (English)
S.No. 621,Case Number,C.A. No.-000921-000921 / 1997,10-02-1997 (English)
S.No. 622,Case Number,Crl.A. No.-000398-000398 / 1991,08-05-1997 (English)
S.No. 623,Case Number,C.A. No.-000986-000986 / 1997,10-02-1997 (English)
S.No. 624,Case Number,C.A. No.-000999-001005 / 1997,20-02-1997 (English)
S.No. 625,Case Number,C.A. No.-001562-001562 / 1997,24-02-1997 (English)
S.No. 626,Case Number,Crl.A. No.-000200-000200 / 1997,24-02-1997 (English)
S.No. 627,Case Number,C.A. No.-001565-001565 / 1997,17-02-1997 (English)
S.No. 628,Case Number,C.A. No.-001568-001568 / 1997,17-02-1997 (English)
S.No. 629,Case Number,C.A. No.-001586-001586 / 1997,24-02-1997 (English)
S.No. 630,Case Number,C.A. No.-014421-014421 / 1996,21-11-1996 (English)
S.No. 631,Case Number,C.A. No.-001745-001746 / 1997,04-03-1997 (English)
S.No. 632,Case Number,C.A. No.-001786-001786 / 1997,06-03-1997 (English)
S.No. 633,Case Number,C.A. No.-001821-001821 / 1997,24-02-1997 (English)
S.No. 634,Case Number,C.A. No.-001826-001826 / 1997,28-02-1997 (English)
S.No. 635,Case Number,C.A. No.-001827-001827 / 1997,03-03-1997 (English)
S.No. 636,Case Number,C.A. No.-001828-001828 / 1997,03-03-1997 (English)
S.No. 637,Case Number,Crl.A. No.-000247-000247 / 1997,03-03-1997 (English)
S.No. 638,Case Number,Crl.A. No.-001533-001533 / 1995,13-01-1997 (English)
S.No. 639,Case Number,C.A. No.-001830-001831 / 1997,03-03-1997 (English)
S.No. 640,Case Number,C.A. No.-001844-001845 / 1997,10-03-1997 (English)
S.No. 641,Case Number,C.A. No.-001866-001866 / 1997,11-03-1997 (English)
S.No. 642,Case Number,Crl.A. No.-000263-000263 / 1997,11-03-1997 (English)
S.No. 643,Case Number,C.A. No.-001872-001872 / 1997,03-03-1997 (English)
S.No. 644,Case Number,C.A. No.-001895-001895 / 1997,12-03-1997 (English)
S.No. 645,Case Number,C.A. No.-001988-001990 / 1997,10-03-1997 (English)
S.No. 646,Case Number,C.A. No.-002222-002222 / 1997,14-03-1997 (English)
S.No. 647,Case Number,C.A. No.-002223-002223 / 1997,14-03-1997 (English)
S.No. 648,Case Number,C.A. No.-002227-002227 / 1997,14-03-1997 (English)
S.No. 649,Case Number,Crl.A. No.-000411-000411 / 1991,08-07-1997 (English)
S.No. 650,Case Number,C.A. No.-002236-002236 / 1997,17-03-1997 (English)
S.No. 651,Case Number,C.A. No.-002237-002237 / 1997,17-03-1997 (English)
S.No. 652,Case Number,C.A. No.-002409-002409 / 1997,17-03-1997 (English)
S.No. 653,Case Number,C.A. No.-002417-002417 / 1997,17-03-1997 (English)
S.No. 654,Case Number,C.A. No.-002503-002503 / 1997,21-03-1997 (English)
S.No. 655,Case Number,C.A. No.-002504-002504 / 1997,21-03-1997 (English)
S.No. 656,Case Number,Crl.A. No.-000364-000364 / 1997,01-04-1997 (English)
S.No. 657,Case Number,C.A. No.-002537-002537 / 1997,17-03-1997 (English)
S.No. 658,Case Number,C.A. No.-002545-002545 / 1997,17-03-1997 (English)
S.No. 659,Case Number,C.A. No.-002548-002548 / 1997,17-03-1997 (English)
S.No. 660,Case Number,C.A. No.-002553-002553 / 1997,21-03-1997 (English)
S.No. 661,Case Number,C.A. No.-002578-002578 / 1997,02-04-1997 (English)
S.No. 662,Case Number,C.A. No.-002594-002594 / 1997,25-03-1997 (English)
S.No. 663,Case Number,Crl.A. No.-000545-000545 / 1993,24-07-1997 (English)
S.No. 664,Case Number,C.A. No.-002665-002665 / 1997,26-03-1997 (English)
S.No. 665,Case Number,Crl.A. No.-000400-000400 / 1997,08-04-1997 (English)
S.No. 666,Case Number,C.A. No.-001136-001136 / 1992,24-07-1997 (English)
S.No. 667,Case Number,C.A. No.-002669-002669 / 1997,31-03-1997 (English)
S.No. 668,Case Number,C.A. No.-002670-002670 / 1997,27-03-1997 (English)
S.No. 669,Case Number,C.A. No.-002678-002678 / 1997,31-03-1997 (English)
S.No. 670,Case Number,C.A. No.-002710-002712 / 1997,27-03-1997 (English)
S.No. 671,Case Number,C.A. No.-002729-002729 / 1997,31-03-1997 (English)
S.No. 672,Case Number,C.A. No.-002782-002782 / 1997,31-03-1997 (English)
S.No. 673,Case Number,C.A. No.-002852-002877 / 1997,08-04-1997 (English)
S.No. 674,Case Number,C.A. No.-002888-002888 / 1997,07-04-1997 (English)
S.No. 675,Case Number,C.A. No.-002951-002952 / 1997,07-04-1997 (English)
S.No. 676,Case Number,Crl.A. No.-000460-000460 / 1997,24-04-1997 (English)
S.No. 677,Case Number,C.A. No.-003000-003000 / 1997,11-04-1997 (English)
S.No. 678,Case Number,C.A. No.-003001-003001 / 1997,04-04-1997 (English)
S.No. 679,Case Number,C.A. No.-003002-003002 / 1997,04-04-1997 (English)
S.No. 680,Case Number,C.A. No.-003003-003003 / 1997,04-04-1997 (English)
S.No. 681,Case Number,C.A. No.-003005-003005 / 1997,27-03-1997 (English)
S.No. 682,Case Number,C.A. No.-003013-003013 / 1997,09-04-1997 (English)
S.No. 683,Case Number,C.A. No.-003155-003155 / 1997,01-05-1997 (English)
S.No. 684,Case Number,C.A. No.-003179-003179 / 1997,21-04-1997 (English)
S.No. 685,Case Number,C.A. No.-000892-000894 / 1991,04-03-1997 (English)
S.No. 686,Case Number,C.A. No.-003297-003297 / 1997,25-04-1997 (English)
S.No. 687,Case Number,C.A. No.-003359-003359 / 1997,07-05-1997 (English)
S.No. 688,Case Number,C.A. No.-003376-003376 / 1997,07-05-1997 (English)
S.No. 689,Case Number,C.A. No.-003384-003384 / 1997,25-04-1997 (English)
S.No. 690,Case Number,C.A. No.-003431-003431 / 1997,25-04-1997 (English)
S.No. 691,Case Number,C.A. No.-003568-003568 / 1997,08-05-1997 (English)
S.No. 692,Case Number,C.A. No.-003573-003573 / 1997,29-04-1997 (English)
S.No. 693,Case Number,C.A. No.-004955-004977 / 1991,"21-03-1997 (English)
21-03-1997 (English)"
S.No. 694,Case Number,C.A. No.-003616-003616 / 1997,02-05-1997 (English)
S.No. 695,Case Number,C.A. No.-001564-001564 / 1997,17-02-1997 (English)
S.No. 696,Case Number,C.A. No.-003640-003640 / 1997,05-05-1997 (English)
S.No. 697,Case Number,C.A. No.-004333-004333 / 1997,09-07-1997 (English)
S.No. 698,Case Number,C.A. No.-004460-004461 / 1997,07-07-1997 (English)
S.No. 699,Case Number,C.A. No.-004600-004600 / 1997,"11-07-1997 (English)
11-07-1997 (English)"
S.No. 700,Case Number,C.A. No.-004701-004701 / 1997,15-07-1997 (English)
S.No. 701,Case Number,C.A. No.-004726-004726 / 1997,11-07-1997 (English)
S.No. 702,Case Number,C.A. No.-004749-004750 / 1997,17-07-1997 (English)
S.No. 703,Case Number,C.A. No.-004911-004911 / 1997,22-07-1997 (English)
S.No. 704,Case Number,Crl.A. No.-000658-000659 / 1997,23-07-1997 (English)
S.No. 705,Case Number,Crl.A. No.-000705-000706 / 1997,08-08-1997 (English)
S.No. 706,Case Number,C.A. No.-005631-005633 / 1997,14-08-1997 (English)
S.No. 707,Case Number,C.A. No.-005807-005807 / 1997,27-08-1997 (English)
S.No. 708,Case Number,Crl.A. No.-000780-000780 / 1997,20-08-1997 (English)
S.No. 709,Case Number,Crl.A. No.-000837-000837 / 1997,11-09-1997 (English)
S.No. 710,Case Number,C.A. No.-006713-006713 / 1997,"29-09-1997 (English)
29-09-1997 (English)"
S.No. 711,Case Number,C.A. No.-006717-006717 / 1997,26-09-1997 (English)
S.No. 712,Case Number,C.A. No.-006917-006917 / 1997,30-09-1997 (English)
S.No. 713,Case Number,C.A. No.-006953-006953 / 1997,01-10-1997 (English)
S.No. 714,Case Number,Crl.A. No.-000091-000091 / 1997,01-05-1997 (English)
S.No. 715,Case Number,C.A. No.-003694-003694 / 1997,06-05-1997 (English)
S.No. 716,Case Number,C.A. No.-003138-003140 / 1997,21-04-1997 (English)
S.No. 717,Case Number,C.A. No.-001572-001572 / 1997,17-02-1997 (English)
S.No. 718,Case Number,C.A. No.-002228-002234 / 1997,14-03-1997 (English)
S.No. 719,Case Number,C.A. No.-003571-003571 / 1997,29-04-1997 (English)
S.No. 720,Case Number,C.A. No.-006446-006446 / 1997,16-09-1997 (English)
S.No. 721,Case Number,C.A. No.-001969-001970 / 1997,10-03-1997 (English)
S.No. 722,Case Number,C.A. No.-003641-003642 / 1997,09-05-1997 (English)
S.No. 723,Case Number,C.A. No.-002987-002989 / 1997,11-04-1997 (English)
S.No. 724,Case Number,C.A. No.-003152-003153 / 1991,19-11-1996 (English)
S.No. 725,Case Number,Crl.A. No.-000343-000343 / 1991,24-10-1996 (English)
S.No. 726,Case Number,Crl.A. No.-000473-000473 / 1996,"22-11-1996 (English)
22-11-1996 (English)"
S.No. 727,Case Number,C.A. No.-001337-001339 / 1991,30-07-1997 (English)
S.No. 728,Case Number,W.P.(C) No.-000322-000322 / 1996,20-01-1997 (English)
S.No. 729,Case Number,W.P.(C) No.-000340-000340 / 1996,26-11-1996 (English)
S.No. 730,Case Number,W.P.(C) No.-000494-000494 / 1996,24-02-1997 (English)
S.No. 731,Case Number,W.P.(C) No.-000785-000785 / 1996,05-03-1997 (English)
S.No. 732,Case Number,W.P.(C) No.-000794-000794 / 1996,25-10-1996 (English)
S.No. 733,Case Number,CONMT.PET.(C) No.-000488-000489 / 1996,21-02-1997 (English)
S.No. 734,Case Number,CONMT.PET.(C) No.-000589-000589 / 1996,28-04-1997 (English)
S.No. 735,Case Number,C.A. No.-004167-004167 / 1994,08-11-1996 (English)
S.No. 736,Case Number,C.A. No.-016942-016942 / 1996,31-12-1996 (English)
S.No. 737,Case Number,C.A. No.-001514-001514 / 1994,15-01-1997 (English)
S.No. 738,Case Number,C.A. No.-004603-004603 / 1997,11-07-1997 (English)
S.No. 739,Case Number,C.A. No.-000080-000123 / 1996,01-08-1997 (English)
S.No. 740,Case Number,C.A. No.-005852-005852 / 1994,13-08-1997 (English)
S.No. 741,Case Number,Crl.A. No.-000502-000502 / 1993,03-09-1997 (English)
S.No. 742,Case Number,C.A. No.-000849-000849 / 1994,29-09-1997 (English)
S.No. 743,Case Number,Crl.A. No.-000238-000238 / 1994,14-08-1997 (English)
S.No. 744,Case Number,Crl.A. No.-000617-000617 / 1992,19-12-1996 (English)
S.No. 745,Case Number,Crl.A. No.-001895-001895 / 1996,25-10-1996 (English)
S.No. 746,Case Number,C.A. No.-014610-014610 / 1996,18-11-1996 (English)
S.No. 747,Case Number,C.A. No.-015344-015344 / 1996,03-12-1996 (English)
S.No. 748,Case Number,Crl.A. No.-002009-002009 / 1996,27-11-1996 (English)
S.No. 749,Case Number,C.A. No.-015606-015606 / 1996,29-11-1996 (English)
S.No. 750,Case Number,C.A. No.-016941-016941 / 1996,31-12-1996 (English)
S.No. 751,Case Number,C.A. No.-015535-015535 / 1996,06-11-1996 (English)
S.No. 752,Case Number,C.A. No.-000772-000772 / 1997,13-02-1997 (English)
S.No. 753,Case Number,C.A. No.-002030-002035 / 1997,18-03-1997 (English)
S.No. 754,Case Number,C.A. No.-002663-002663 / 1997,08-04-1997 (English)
S.No. 755,Case Number,Crl.A. No.-000461-000462 / 1997,11-04-1997 (English)
S.No. 756,Case Number,C.A. No.-003174-003174 / 1997,02-05-1997 (English)
S.No. 757,Case Number,C.A. No.-003628-003628 / 1997,05-05-1997 (English)
S.No. 758,Case Number,C.A. No.-004315-004315 / 1997,09-07-1997 (English)
S.No. 759,Case Number,C.A. No.-004401-004403 / 1997,10-07-1997 (English)
S.No. 760,Case Number,C.A. No.-000200-000200 / 1997,17-01-1997 (English)
S.No. 761,Case Number,TAX.REF.CASE(C) No.-000001-000002 / 1992,08-07-1997 (English)
S.No. 762,Case Number,C.A. No.-004077-004078 / 1992,08-11-1996 (English)
S.No. 763,Case Number,Crl.A. No.-000256-000256 / 1992,15-01-1997 (English)
S.No. 764,Case Number,C.A. No.-001661-001662 / 1992,27-11-1996 (English)
S.No. 765,Case Number,C.A. No.-002273-002275 / 1992,21-11-1996 (English)
S.No. 766,Case Number,W.P.(Crl.) No.-000666-000670 / 1992,13-08-1997 (English)
S.No. 767,Case Number,C.A. No.-005854-005854 / 1994,28-04-1997 (English)
S.No. 768,Case Number,C.A. No.-013362-013362 / 1996,29-10-1996 (English)
S.No. 769,Case Number,C.A. No.-013700-013700 / 1996,31-10-1996 (English)
S.No. 770,Case Number,C.A. No.-014173-014174 / 1996,05-11-1996 (English)
S.No. 771,Case Number,C.A. No.-014553-014553 / 1996,25-10-1996 (English)
S.No. 772,Case Number,Crl.A. No.-001977-001977 / 1996,19-11-1996 (English)
S.No. 773,Case Number,C.A. No.-015487-015487 / 1996,26-11-1996 (English)
S.No. 774,Case Number,C.A. No.-015612-015612 / 1996,29-11-1996 (English)
S.No. 775,Case Number,C.A. No.-016812-016813 / 1996,06-12-1996 (English)
S.No. 776,Case Number,C.A. No.-016967-016971 / 1996,13-12-1996 (English)
S.No. 777,Case Number,C.A. No.-000450-000450 / 1997,17-01-1997 (English)
S.No. 778,Case Number,C.A. No.-002507-002507 / 1997,14-03-1997 (English)
S.No. 779,Case Number,C.A. No.-002744-002744 / 1997,11-04-1997 (English)
S.No. 780,Case Number,C.A. No.-003614-003614 / 1997,05-05-1997 (English)
S.No. 781,Case Number,R.P.(C) No.-000600-000601 / 1993,10-03-1997 (English)
S.No. 782,Case Number,TAX.REF.CASE(C) No.-000001-000001 / 1993,10-03-1997 (English)
S.No. 783,Case Number,C.A. No.-000789-000789 / 1993,02-09-1997 (English)
S.No. 784,Case Number,C.A. No.-000259-000259 / 1993,27-08-1997 (English)
S.No. 785,Case Number,C.A. No.-000230-000230 / 1993,23-07-1997 (English)
S.No. 786,Case Number,C.A. No.-000214-000214 / 1993,15-10-1997 (English)
S.No. 787,Case Number,C.A. No.-000422-000422 / 1993,"11-07-1997 (English)
11-07-1997 (English)"
S.No. 788,Case Number,C.A. No.-005516-005516 / 1993,15-10-1997 (English)
S.No. 789,Case Number,C.A. No.-000126-000126 / 1993,04-09-1997 (English)
S.No. 790,Case Number,C.A. No.-000256-000256 / 1993,24-07-1997 (English)
