﻿Column-0,Column-1,Column-2,Column-3
S.No. 1,Case Number,Appeal Civil 1951 of 1969,"18-10-1979 (English)
18-10-1979 (English)
16-10-1979 (English)
16-10-1979 (English)
15-10-1979 (English)
15-10-1979 (English)
12-10-1979 (English)
12-10-1979 (English)
12-10-1979 (English)
11-10-1979 (English)
11-10-1979 (English)"
S.No. 2,Case Number,C.A. No.-001105-001105 / 1978,31-08-1979 (English)
S.No. 3,Case Number,Crl.A. No.-000665-000665 / 1982,26-04-1979 (English)
S.No. 4,Case Number,Crl.A. No.-000593-000593 / 1982,16-11-1978 (English)
