﻿Column-0,Column-1,Column-2,Column-3
S.No. 1,Case Number,Writ Petition (Civil) 2 of 1983,"11-10-1996 (English)
11-10-1996 (English)
11-10-1996 (English)
11-10-1996 (English)
10-10-1996 (English)
10-10-1996 (English)
10-10-1996 (English)
09-10-1996 (English)
09-10-1996 (English)
09-10-1996 (English)
09-10-1996 (English)"
S.No. 2,Case Number,/,01-03-1996 (English)
S.No. 3,Case Number,/,02-01-1996 (English)
S.No. 4,Case Number,/,23-11-1995 (English)
S.No. 5,Case Number,/,06-08-1996 (English)
S.No. 6,Case Number,/,12-09-1996 (English)
S.No. 7,Case Number,/,11-10-1996 (English)
S.No. 8,Case Number,/,15-03-1996 (English)
S.No. 9,Case Number,/,30-01-1996 (English)
S.No. 10,Case Number,/,09-07-1996 (English)
S.No. 11,Case Number,/,08-02-1996 (English)
S.No. 12,Case Number,/,19-10-1995 (English)
S.No. 13,Case Number,/,29-02-1996 (English)
S.No. 14,Case Number,/,03-04-1996 (English)
S.No. 15,Case Number,W.P.(Crl.) No.-000019-000019 / 1995,20-02-1996 (English)
S.No. 16,Case Number,C.A. No.-011508-011508 / 1995,21-11-1995 (English)
S.No. 17,Case Number,C.A. No.-007793-007793 / 1996,19-04-1996 (English)
S.No. 18,Case Number,C.A. No.-007086-007087 / 1996,22-03-1996 (English)
S.No. 19,Case Number,C.A. No.-009102-009102 / 1996,10-05-1996 (English)
S.No. 20,Case Number,C.A. No.-007059-007059 / 1996,11-04-1996 (English)
S.No. 21,Case Number,C.A. No.-003349-003349 / 1996,05-02-1996 (English)
S.No. 22,Case Number,SLP(C) No.-000903-000903 / 1996,29-01-1996 (English)
S.No. 23,Case Number,SLP(C) No.-000807-000807 / 1996,29-01-1996 (English)
S.No. 24,Case Number,SLP(C) No.-000955-000955 / 1996,29-01-1996 (English)
S.No. 25,Case Number,C.A. No.-010774-010774 / 1996,"20-08-1996 (English)
20-08-1996 (English)"
S.No. 26,Case Number,C.A. No.-000013-000013 / 1995,01-05-1996 (English)
S.No. 27,Case Number,C.A. No.-009226-009226 / 1996,16-07-1996 (English)
S.No. 28,Case Number,C.A. No.-007730-007730 / 1996,22-04-1996 (English)
S.No. 29,Case Number,Crl.A. No.-000554-000554 / 1996,18-04-1996 (English)
S.No. 30,Case Number,C.A. No.-007511-007513 / 1996,15-04-1996 (English)
S.No. 31,Case Number,C.A. No.-005283-005284 / 1996,20-03-1996 (English)
S.No. 32,Case Number,W.P.(C) No.-000782-000782 / 1994,09-02-1996 (English)
S.No. 33,Case Number,C.A. No.-009933-009933 / 1995,09-11-1995 (English)
S.No. 34,Case Number,C.A. No.-009480-009480 / 1996,08-07-1996 (English)
S.No. 35,Case Number,C.A. No.-006896-006896 / 1996,15-03-1996 (English)
S.No. 36,Case Number,C.A. No.-011355-011355 / 1996,03-09-1996 (English)
S.No. 37,Case Number,Crl.A. No.-000242-000242 / 1996,20-02-1996 (English)
S.No. 38,Case Number,C.A. No.-005124-005124 / 2001,22-04-1996 (English)
S.No. 39,Case Number,C.A. No.-001795-001795 / 1996,24-07-1996 (English)
S.No. 40,Case Number,W.P.(C) No.-000574-000574 / 1994,01-10-1996 (English)
S.No. 41,Case Number,C.A. No.-011369-011369 / 1996,23-08-1996 (English)
S.No. 42,Case Number,C.A. No.-005523-005523 / 1995,15-12-1995 (English)
S.No. 43,Case Number,C.A. No.-007829-007829 / 1996,07-05-1996 (English)
S.No. 44,Case Number,C.A. No.-003450-003450 / 1996,07-02-1996 (English)
S.No. 45,Case Number,C.A. No.-001502-001502 / 1996,09-01-1996 (English)
S.No. 46,Case Number,Crl.A. No.-000241-000241 / 1996,20-02-1996 (English)
S.No. 47,Case Number,C.A. No.-002981-002981 / 1995,07-08-1996 (English)
S.No. 48,Case Number,C.A. No.-011378-011378 / 1996,16-08-1996 (English)
S.No. 49,Case Number,C.A. No.-002338-002338 / 1996,24-01-1996 (English)
S.No. 50,Case Number,C.A. No.-003371-003371 / 1996,05-02-1996 (English)
S.No. 51,Case Number,C.A. No.-009742-009743 / 1996,24-07-1996 (English)
S.No. 52,Case Number,C.A. No.-009390-009390 / 1996,09-08-1996 (English)
S.No. 53,Case Number,C.A. No.-008247-008247 / 1996,10-05-1996 (English)
S.No. 54,Case Number,C.A. No.-009874-009874 / 1996,30-07-1996 (English)
S.No. 55,Case Number,C.A. No.-012011-012012 / 1996,02-09-1996 (English)
S.No. 56,Case Number,C.A. No.-009509-009509 / 1996,09-07-1996 (English)
S.No. 57,Case Number,Crl.A. No.-000477-000477 / 1996,11-04-1996 (English)
S.No. 58,Case Number,SLP(C) No.-003469-003469 / 1996,16-01-1996 (English)
S.No. 59,Case Number,C.A. No.-008284-008315 / 1996,06-05-1996 (English)
S.No. 60,Case Number,Crl.A. No.-000768-000768 / 1996,08-10-1996 (English)
S.No. 61,Case Number,C.A. No.-007033-007034 / 1996,22-03-1996 (English)
S.No. 62,Case Number,C.A. No.-011884-011884 / 1996,18-09-1996 (English)
S.No. 63,Case Number,C.A. No.-004720-004720 / 1996,27-02-1996 (English)
S.No. 64,Case Number,C.A. No.-001334-001334 / 1995,09-08-1996 (English)
S.No. 65,Case Number,W.P.(Crl.) No.-000117-000117 / 1995,27-02-1996 (English)
S.No. 66,Case Number,C.A. No.-013235-013235 / 1996,07-10-1996 (English)
S.No. 67,Case Number,C.A. No.-005333-005333 / 1996,02-04-1996 (English)
S.No. 68,Case Number,C.A. No.-014517-014517 / 1996,09-10-1996 (English)
S.No. 69,Case Number,Crl.A. No.-000195-000195 / 1996,28-08-1996 (English)
S.No. 70,Case Number,C.A. No.-007722-007722 / 1996,06-05-1996 (English)
S.No. 71,Case Number,Crl.A. No.-000263-000263 / 1996,08-10-1996 (English)
S.No. 72,Case Number,C.A. No.-010991-010991 / 1996,12-08-1996 (English)
S.No. 73,Case Number,C.A. No.-003163-003164 / 1995,04-01-1996 (English)
S.No. 74,Case Number,C.A. No.-007137-007137 / 1996,12-04-1996 (English)
S.No. 75,Case Number,Crl.A. No.-001800-001800 / 1996,11-10-1996 (English)
S.No. 76,Case Number,C.A. No.-008230-008230 / 1996,07-05-1996 (English)
S.No. 77,Case Number,C.A. No.-006885-006885 / 1996,09-04-1996 (English)
S.No. 78,Case Number,C.A. No.-012089-012089 / 1996,02-09-1996 (English)
S.No. 79,Case Number,C.A. No.-006296-006296 / 1995,20-05-1996 (English)
S.No. 80,Case Number,SLP(C) No.-013088-013088 / 1996,10-05-1996 (English)
S.No. 81,Case Number,C.A. No.-007084-007084 / 1996,02-04-1996 (English)
S.No. 82,Case Number,C.A. No.-012872-012872 / 1996,20-09-1996 (English)
S.No. 83,Case Number,C.A. No.-008854-008854 / 1996,30-04-1996 (English)
S.No. 84,Case Number,SLP(C) No.-005655-005655 / 1996,25-03-1996 (English)
S.No. 85,Case Number,C.A. No.-001497-001497 / 1996,09-01-1996 (English)
S.No. 86,Case Number,C.A. No.-011399-011399 / 1996,16-08-1996 (English)
S.No. 87,Case Number,C.A. No.-009543-009546 / 1995,20-10-1995 (English)
S.No. 88,Case Number,C.A. No.-013223-013224 / 1996,07-10-1996 (English)
S.No. 89,Case Number,C.A. No.-010180-010180 / 1995,30-10-1995 (English)
S.No. 90,Case Number,C.A. No.-003597-003597 / 1995,26-03-1996 (English)
S.No. 91,Case Number,Crl.A. No.-000751-000751 / 1996,22-07-1996 (English)
S.No. 92,Case Number,Crl.A. No.-000267-000267 / 1996,04-09-1996 (English)
S.No. 93,Case Number,C.A. No.-006075-006076 / 1995,21-08-1996 (English)
S.No. 94,Case Number,W.P.(C) No.-000174-000174 / 1996,13-08-1996 (English)
S.No. 95,Case Number,Crl.A. No.-001475-001475 / 1995,01-05-1996 (English)
S.No. 96,Case Number,C.A. No.-011616-011616 / 1995,01-12-1995 (English)
S.No. 97,Case Number,C.A. No.-003644-003644 / 1996,12-02-1996 (English)
S.No. 98,Case Number,C.A. No.-012733-012735 / 1996,03-10-1996 (English)
S.No. 99,Case Number,C.A. No.-002915-002916 / 1996,12-02-1996 (English)
S.No. 100,Case Number,C.A. No.-002360-002361 / 1999,23-02-1996 (English)
S.No. 101,Case Number,T.P.(C) No.-000073-000073 / 1995,29-11-1995 (English)
S.No. 102,Case Number,C.A. No.-010987-010987 / 1996,23-08-1996 (English)
S.No. 103,Case Number,C.A. No.-008907-008907 / 1996,26-04-1996 (English)
S.No. 104,Case Number,C.A. No.-007745-007745 / 1996,12-04-1996 (English)
S.No. 105,Case Number,C.A. No.-003636-003636 / 1996,15-02-1996 (English)
S.No. 106,Case Number,C.A. No.-004255-004255 / 1996,23-02-1996 (English)
S.No. 107,Case Number,C.A. No.-004502-004502 / 1996,01-03-1996 (English)
S.No. 108,Case Number,C.A. No.-011314-011314 / 1995,16-11-1995 (English)
S.No. 109,Case Number,C.A. No.-012852-012852 / 1996,08-10-1996 (English)
S.No. 110,Case Number,Crl.A. No.-000489-000489 / 1995,12-03-1996 (English)
S.No. 111,Case Number,C.A. No.-009217-009218 / 1995,12-03-1996 (English)
S.No. 112,Case Number,C.A. No.-011826-011829 / 1996,10-09-1996 (English)
S.No. 113,Case Number,C.A. No.-002312-002317 / 1996,23-01-1996 (English)
S.No. 114,Case Number,C.A. No.-005356-005356 / 1996,03-04-1996 (English)
S.No. 115,Case Number,Crl.A. No.-001162-001162 / 1998,08-07-1996 (English)
S.No. 116,Case Number,C.A. No.-002570-002570 / 1996,01-02-1996 (English)
S.No. 117,Case Number,C.A. No.-002321-002326 / 1996,23-01-1996 (English)
S.No. 118,Case Number,C.A. No.-007847-007847 / 1996,19-04-1996 (English)
S.No. 119,Case Number,C.A. No.-005099-005100 / 1996,26-03-1996 (English)
S.No. 120,Case Number,C.A. No.-011464-011464 / 1996,04-09-1996 (English)
S.No. 121,Case Number,C.A. No.-011583-011583 / 1995,24-11-1995 (English)
S.No. 122,Case Number,C.A. No.-006116-006116 / 1994,10-11-1995 (English)
S.No. 123,Case Number,C.A. No.-011308-011308 / 1995,28-11-1995 (English)
S.No. 124,Case Number,C.A. No.-002770-002770 / 1996,02-02-1996 (English)
S.No. 125,Case Number,C.A. No.-010339-010339 / 1995,13-11-1995 (English)
S.No. 126,Case Number,Crl.A. No.-000381-000381 / 1998,19-10-1995 (English)
S.No. 127,Case Number,C.A. No.-007249-007249 / 1995,01-05-1996 (English)
S.No. 128,Case Number,C.A. No.-009636-009636 / 1995,30-10-1995 (English)
S.No. 129,Case Number,C.A. No.-007566-007566 / 1996,12-04-1996 (English)
S.No. 130,Case Number,C.A. No.-005192-005192 / 1996,18-03-1996 (English)
S.No. 131,Case Number,C.A. No.-002415-002415 / 1996,12-01-1996 (English)
S.No. 132,Case Number,C.A. No.-008996-008996 / 1996,09-05-1996 (English)
S.No. 133,Case Number,C.A. No.-012148-012148 / 1995,15-12-1995 (English)
S.No. 134,Case Number,C.A. No.-007498-007498 / 1996,15-04-1996 (English)
S.No. 135,Case Number,C.A. No.-002319-002320 / 1996,23-01-1996 (English)
S.No. 136,Case Number,C.A. No.-001492-001492 / 1996,09-01-1996 (English)
S.No. 137,Case Number,C.A. No.-009723-009723 / 1995,31-10-1995 (English)
S.No. 138,Case Number,C.A. No.-011901-011901 / 1995,07-12-1995 (English)
S.No. 139,Case Number,C.A. No.-002122-002122 / 1996,12-01-1996 (English)
S.No. 140,Case Number,C.A. No.-011645-011645 / 1996,09-09-1996 (English)
S.No. 141,Case Number,C.A. No.-003364-003364 / 1996,05-02-1996 (English)
S.No. 142,Case Number,C.A. No.-002546-002546 / 1996,15-01-1996 (English)
S.No. 143,Case Number,Crl.A. No.-001595-001595 / 1995,05-12-1995 (English)
S.No. 144,Case Number,C.A. No.-004032-004032 / 1996,27-02-1996 (English)
S.No. 145,Case Number,C.A. No.-011576-011576 / 1995,16-11-1995 (English)
S.No. 146,Case Number,C.A. No.-011816-011816 / 1995,07-12-1995 (English)
S.No. 147,Case Number,W.P.(C) No.-000262-000262 / 1995,10-05-1996 (English)
S.No. 148,Case Number,C.A. No.-002944-002944 / 1996,08-02-1996 (English)
S.No. 149,Case Number,SLP(C) No.-010901-010901 / 1995,28-11-1995 (English)
S.No. 150,Case Number,C.A. No.-006743-006743 / 1996,25-03-1996 (English)
S.No. 151,Case Number,C.A. No.-003427-003427 / 1996,02-02-1996 (English)
S.No. 152,Case Number,C.A. No.-004169-004169 / 1996,01-03-1996 (English)
S.No. 153,Case Number,C.A. No.-002244-002244 / 1996,18-01-1996 (English)
S.No. 154,Case Number,C.A. No.-001109-001109 / 1995,25-09-1996 (English)
S.No. 155,Case Number,C.A. No.-002310-002310 / 1996,23-01-1996 (English)
S.No. 156,Case Number,C.A. No.-003814-003814 / 1996,15-02-1996 (English)
S.No. 157,Case Number,C.A. No.-011481-011481 / 1996,23-08-1996 (English)
S.No. 158,Case Number,C.A. No.-004821-004821 / 1996,25-03-1996 (English)
S.No. 159,Case Number,C.A. No.-010591-010591 / 1996,05-08-1996 (English)
S.No. 160,Case Number,C.A. No.-011260-011260 / 1995,27-11-1995 (English)
S.No. 161,Case Number,Crl.A. No.-000685-000685 / 1996,09-07-1996 (English)
S.No. 162,Case Number,C.A. No.-013268-013268 / 1996,11-10-1996 (English)
S.No. 163,Case Number,C.A. No.-003366-003366 / 1996,15-02-1996 (English)
S.No. 164,Case Number,C.A. No.-009454-009454 / 1996,23-07-1996 (English)
S.No. 165,Case Number,C.A. No.-003508-003508 / 1996,02-02-1996 (English)
S.No. 166,Case Number,C.A. No.-012172-012172 / 1995,04-12-1995 (English)
S.No. 167,Case Number,C.A. No.-004288-004288 / 1996,26-02-1996 (English)
S.No. 168,Case Number,Crl.A. No.-001194-001194 / 1995,08-05-1996 (English)
S.No. 169,Case Number,C.A. No.-004507-004514 / 1996,26-03-1996 (English)
S.No. 170,Case Number,C.A. No.-002309-002309 / 1996,25-01-1996 (English)
S.No. 171,Case Number,C.A. No.-011997-011997 / 1996,02-09-1996 (English)
S.No. 172,Case Number,C.A. No.-001573-001573 / 1996,10-01-1996 (English)
S.No. 173,Case Number,C.A. No.-012885-012885 / 1996,20-09-1996 (English)
S.No. 174,Case Number,C.A. No.-000037-000037 / 1996,04-01-1996 (English)
S.No. 175,Case Number,C.A. No.-003228-003228 / 1996,09-02-1996 (English)
S.No. 176,Case Number,C.A. No.-002039-002041 / 1996,17-01-1996 (English)
S.No. 177,Case Number,C.A. No.-013131-013132 / 1996,04-10-1996 (English)
S.No. 178,Case Number,C.A. No.-007882-007882 / 1996,19-04-1996 (English)
S.No. 179,Case Number,SLP(C) No.-016988-016988 / 1995,31-01-1996 (English)
S.No. 180,Case Number,Crl.A. No.-000480-000480 / 1996,12-04-1996 (English)
S.No. 181,Case Number,C.A. No.-003626-003626 / 1996,15-02-1996 (English)
S.No. 182,Case Number,C.A. No.-011944-011944 / 1996,12-09-1996 (English)
S.No. 183,Case Number,C.A. No.-001507-001507 / 1996,17-04-1996 (English)
S.No. 184,Case Number,C.A. No.-012310-012310 / 1996,18-09-1996 (English)
S.No. 185,Case Number,Crl.A. No.-000687-000687 / 1998,23-11-1995 (English)
S.No. 186,Case Number,C.A. No.-004177-004177 / 1996,28-02-1996 (English)
S.No. 187,Case Number,C.A. No.-009968-009968 / 1995,10-11-1995 (English)
S.No. 188,Case Number,Crl.A. No.-000626-000626 / 1998,20-09-1996 (English)
S.No. 189,Case Number,C.A. No.-009407-009407 / 1995,12-12-1995 (English)
S.No. 190,Case Number,C.A. No.-003239-003239 / 1996,09-02-1996 (English)
S.No. 191,Case Number,C.A. No.-006020-006020 / 1994,21-11-1995 (English)
S.No. 192,Case Number,Crl.A. No.-001385-001385 / 1995,31-07-1996 (English)
S.No. 193,Case Number,Crl.A. No.-000253-000253 / 1996,15-02-1996 (English)
S.No. 194,Case Number,C.A. No.-011068-011068 / 1995,23-11-1995 (English)
S.No. 195,Case Number,C.A. No.-003765-003765 / 1996,16-02-1996 (English)
S.No. 196,Case Number,C.A. No.-011929-011929 / 1996,13-09-1996 (English)
S.No. 197,Case Number,C.A. No.-004284-004285 / 1996,"14-03-1996 (English)
14-03-1996 (English)"
S.No. 198,Case Number,C.A. No.-005269-005269 / 1996,20-03-1996 (English)
S.No. 199,Case Number,C.A. No.-003647-003647 / 1996,12-02-1996 (English)
S.No. 200,Case Number,C.A. No.-011509-011512 / 1996,03-09-1996 (English)
S.No. 201,Case Number,C.A. No.-004712-004717 / 1996,21-03-1996 (English)
S.No. 202,Case Number,C.A. No.-011643-011643 / 1995,27-11-1995 (English)
S.No. 203,Case Number,C.A. No.-010539-010539 / 1995,10-11-1995 (English)
S.No. 204,Case Number,C.A. No.-007092-007092 / 1996,18-03-1996 (English)
S.No. 205,Case Number,C.A. No.-007032-007032 / 1996,04-04-1996 (English)
S.No. 206,Case Number,C.A. No.-010871-010871 / 1996,08-08-1996 (English)
S.No. 207,Case Number,C.A. No.-002843-002851 / 1996,06-02-1996 (English)
S.No. 208,Case Number,C.A. No.-007536-007536 / 1996,18-04-1996 (English)
S.No. 209,Case Number,Crl.A. No.-000687-000687 / 1996,09-07-1996 (English)
S.No. 210,Case Number,C.A. No.-011937-011937 / 1995,04-12-1995 (English)
S.No. 211,Case Number,C.A. No.-007796-007796 / 1996,07-05-1996 (English)
S.No. 212,Case Number,C.A. No.-009879-009879 / 1995,30-10-1995 (English)
S.No. 213,Case Number,C.A. No.-000146-000146 / 1995,13-02-1996 (English)
S.No. 214,Case Number,C.A. No.-003617-003618 / 1996,09-02-1996 (English)
S.No. 215,Case Number,C.A. No.-012284-012284 / 1996,17-09-1996 (English)
S.No. 216,Case Number,C.A. No.-007515-007515 / 1996,16-04-1996 (English)
S.No. 217,Case Number,C.A. No.-010281-010281 / 1995,02-11-1995 (English)
S.No. 218,Case Number,C.A. No.-000033-000033 / 1996,25-09-1996 (English)
S.No. 219,Case Number,C.A. No.-001544-001544 / 1996,02-01-1996 (English)
S.No. 220,Case Number,C.A. No.-003819-003819 / 1996,15-02-1996 (English)
S.No. 221,Case Number,C.A. No.-004388-004388 / 1996,26-02-1996 (English)
S.No. 222,Case Number,C.A. No.-007054-007054 / 1996,29-03-1996 (English)
S.No. 223,Case Number,Crl.A. No.-000630-000630 / 1996,07-05-1996 (English)
S.No. 224,Case Number,C.A. No.-007750-007750 / 1996,19-04-1996 (English)
S.No. 225,Case Number,C.A. No.-005130-005130 / 1996,15-03-1996 (English)
S.No. 226,Case Number,Crl.A. No.-000728-000728 / 1995,19-02-1996 (English)
S.No. 227,Case Number,C.A. No.-008989-008989 / 1996,03-06-1996 (English)
S.No. 228,Case Number,C.A. No.-002229-002229 / 1996,19-01-1996 (English)
S.No. 229,Case Number,C.A. No.-011619-011619 / 1995,27-11-1995 (English)
S.No. 230,Case Number,C.A. No.-007844-007844 / 1996,07-05-1996 (English)
S.No. 231,Case Number,C.A. No.-010231-010231 / 1996,09-08-1996 (English)
S.No. 232,Case Number,C.A. No.-002476-002476 / 1996,12-01-1996 (English)
S.No. 233,Case Number,C.A. No.-004171-004171 / 1995,09-07-1996 (English)
S.No. 234,Case Number,C.A. No.-002441-002441 / 1996,30-01-1996 (English)
S.No. 235,Case Number,C.A. No.-001919-001919 / 1996,10-05-1996 (English)
S.No. 236,Case Number,SLP(C) No.-027178-027178 / 1995,24-11-1995 (English)
S.No. 237,Case Number,C.A. No.-009856-009856 / 1995,30-10-1995 (English)
S.No. 238,Case Number,C.A. No.-006961-006961 / 1996,02-04-1996 (English)
S.No. 239,Case Number,Crl.A. No.-000771-000771 / 1995,28-02-1996 (English)
S.No. 240,Case Number,C.A. No.-003407-003407 / 1996,02-02-1996 (English)
S.No. 241,Case Number,C.A. No.-008924-008924 / 1994,16-11-1995 (English)
S.No. 242,Case Number,C.A. No.-009511-009512 / 1996,25-07-1996 (English)
S.No. 243,Case Number,C.A. No.-007386-007388 / 1995,16-04-1996 (English)
S.No. 244,Case Number,C.A. No.-011833-011833 / 1995,04-12-1995 (English)
S.No. 245,Case Number,Crl.A. No.-000092-000092 / 1996,29-01-1996 (English)
S.No. 246,Case Number,C.A. No.-004804-004804 / 1996,18-03-1996 (English)
S.No. 247,Case Number,C.A. No.-008242-008242 / 1996,10-05-1996 (English)
S.No. 248,Case Number,C.A. No.-002545-002545 / 1996,31-01-1996 (English)
S.No. 249,Case Number,C.A. No.-011532-011532 / 1995,17-11-1995 (English)
S.No. 250,Case Number,C.A. No.-007784-007785 / 1996,19-04-1996 (English)
S.No. 251,Case Number,C.A. No.-010403-010403 / 1995,31-10-1995 (English)
S.No. 252,Case Number,C.A. No.-007499-007499 / 1996,15-04-1996 (English)
S.No. 253,Case Number,C.A. No.-004390-004390 / 1996,19-02-1996 (English)
S.No. 254,Case Number,C.A. No.-010245-010245 / 1995,02-11-1995 (English)
S.No. 255,Case Number,C.A. No.-004377-004377 / 1996,15-03-1996 (English)
S.No. 256,Case Number,C.A. No.-011924-011924 / 1996,23-08-1996 (English)
S.No. 257,Case Number,C.A. No.-003434-003434 / 1996,02-02-1996 (English)
S.No. 258,Case Number,C.A. No.-004807-004807 / 1996,23-08-1996 (English)
S.No. 259,Case Number,C.A. No.-011401-011401 / 1996,12-08-1996 (English)
S.No. 260,Case Number,C.A. No.-010452-010452 / 1995,13-11-1995 (English)
S.No. 261,Case Number,C.A. No.-009062-009062 / 1996,08-07-1996 (English)
S.No. 262,Case Number,C.A. No.-008995-008995 / 1996,07-05-1996 (English)
S.No. 263,Case Number,C.A. No.-004484-004484 / 1996,01-03-1996 (English)
S.No. 264,Case Number,C.A. No.-010305-010305 / 1995,14-11-1995 (English)
S.No. 265,Case Number,C.A. No.-007933-007933 / 1995,18-03-1996 (English)
S.No. 266,Case Number,C.A. No.-010758-010759 / 1995,"16-11-1995 (English)
16-11-1995 (English)"
S.No. 267,Case Number,C.A. No.-010005-010007 / 1995,18-03-1996 (English)
S.No. 268,Case Number,C.A. No.-003368-003368 / 1996,14-02-1996 (English)
S.No. 269,Case Number,C.A. No.-008266-008266 / 1996,10-05-1996 (English)
S.No. 270,Case Number,C.A. No.-005425-005429 / 1994,08-10-1996 (English)
S.No. 271,Case Number,C.A. No.-009751-009751 / 1995,02-11-1995 (English)
S.No. 272,Case Number,C.A. No.-002950-002991 / 1996,19-01-1996 (English)
S.No. 273,Case Number,C.A. No.-011662-011662 / 1995,27-11-1995 (English)
S.No. 274,Case Number,C.A. No.-004415-004415 / 1996,12-03-1996 (English)
S.No. 275,Case Number,C.A. No.-004120-004120 / 1996,19-02-1996 (English)
S.No. 276,Case Number,C.A. No.-007713-007714 / 1996,19-04-1996 (English)
S.No. 277,Case Number,C.A. No.-013229-013229 / 1996,04-10-1996 (English)
S.No. 278,Case Number,C.A. No.-002551-002551 / 1996,15-01-1996 (English)
S.No. 279,Case Number,C.A. No.-000330-000604 / 1995,06-05-1996 (English)
S.No. 280,Case Number,C.A. No.-005129-005129 / 1996,27-03-1996 (English)
S.No. 281,Case Number,C.A. No.-010703-010703 / 1996,30-08-1996 (English)
S.No. 282,Case Number,Crl.A. No.-000507-000507 / 1994,"09-05-1996 (English)
09-05-1996 (English)"
S.No. 283,Case Number,Crl.A. No.-001331-001331 / 1995,14-11-1995 (English)
S.No. 284,Case Number,C.A. No.-005085-005085 / 1996,15-03-1996 (English)
S.No. 285,Case Number,C.A. No.-012056-012056 / 1995,14-12-1995 (English)
S.No. 286,Case Number,C.A. No.-007936-007936 / 1995,23-04-1996 (English)
S.No. 287,Case Number,C.A. No.-004247-004247 / 1996,"23-04-1996 (English)
13-03-1996 (English)"
S.No. 288,Case Number,C.A. No.-009784-009784 / 1995,03-11-1995 (English)
S.No. 289,Case Number,C.A. No.-004286-004286 / 1996,19-02-1996 (English)
S.No. 290,Case Number,C.A. No.-010382-010382 / 1996,09-08-1996 (English)
S.No. 291,Case Number,C.A. No.-002489-002489 / 1996,31-01-1996 (English)
S.No. 292,Case Number,C.A. No.-011618-011618 / 1995,29-11-1995 (English)
S.No. 293,Case Number,Crl.A. No.-000835-000835 / 1995,"21-03-1996 (English)
21-03-1996 (English)"
S.No. 294,Case Number,Crl.A. No.-000782-000782 / 2000,27-09-1996 (English)
S.No. 295,Case Number,C.A. No.-005237-005239 / 1996,12-03-1996 (English)
S.No. 296,Case Number,C.A. No.-003684-003684 / 1996,22-02-1996 (English)
S.No. 297,Case Number,C.A. No.-005123-005125 / 1996,27-03-1996 (English)
S.No. 298,Case Number,C.A. No.-001458-001458 / 1996,08-01-1996 (English)
S.No. 299,Case Number,W.P.(C) No.-000488-000488 / 1994,11-04-1996 (English)
S.No. 300,Case Number,C.A. No.-007275-007275 / 1995,12-12-1995 (English)
S.No. 301,Case Number,C.A. No.-010310-010310 / 1995,03-07-1996 (English)
S.No. 302,Case Number,C.A. No.-003646-003646 / 1996,16-02-1996 (English)
S.No. 303,Case Number,Crl.A. No.-001708-001708 / 1995,07-12-1995 (English)
S.No. 304,Case Number,C.A. No.-010610-010610 / 1995,17-11-1995 (English)
S.No. 305,Case Number,C.A. No.-010246-010246 / 1995,03-11-1995 (English)
S.No. 306,Case Number,Crl.A. No.-000988-000989 / 1995,18-04-1996 (English)
S.No. 307,Case Number,C.A. No.-003374-003376 / 1996,02-02-1996 (English)
S.No. 308,Case Number,C.A. No.-007794-007794 / 1996,02-05-1996 (English)
S.No. 309,Case Number,C.A. No.-002102-002103 / 1996,16-01-1996 (English)
S.No. 310,Case Number,C.A. No.-009103-009105 / 1996,08-07-1996 (English)
S.No. 311,Case Number,C.A. No.-007468-007468 / 1996,12-04-1996 (English)
S.No. 312,Case Number,C.A. No.-002299-002299 / 1996,25-01-1996 (English)
S.No. 313,Case Number,T.P.(Crl.) No.-000115-000115 / 2000,05-12-1995 (English)
S.No. 314,Case Number,SLP(C) No.-014830-014830 / 1994,26-07-1996 (English)
S.No. 315,Case Number,C.A. No.-003896-003896 / 1996,23-02-1996 (English)
S.No. 316,Case Number,C.A. No.-008225-008225 / 1996,01-10-1996 (English)
S.No. 317,Case Number,C.A. No.-006963-006963 / 1996,10-04-1996 (English)
S.No. 318,Case Number,C.A. No.-012808-012809 / 1996,13-09-1996 (English)
S.No. 319,Case Number,Crl.A. No.-000082-000082 / 1995,09-07-1996 (English)
S.No. 320,Case Number,C.A. No.-007086-007086 / 1994,09-09-1996 (English)
S.No. 321,Case Number,C.A. No.-009860-009860 / 1996,15-07-1996 (English)
S.No. 322,Case Number,C.A. No.-011192-011192 / 1995,16-11-1995 (English)
S.No. 323,Case Number,C.A. No.-003635-003635 / 1996,12-02-1996 (English)
S.No. 324,Case Number,C.A. No.-009281-009281 / 1995,21-08-1996 (English)
S.No. 325,Case Number,C.A. No.-006892-006892 / 1996,09-04-1996 (English)
S.No. 326,Case Number,C.A. No.-010669-010670 / 1996,08-08-1996 (English)
S.No. 327,Case Number,C.A. No.-012133-012135 / 1995,15-12-1995 (English)
S.No. 328,Case Number,C.A. No.-009521-009521 / 1996,17-07-1996 (English)
S.No. 329,Case Number,C.A. No.-009883-009883 / 1996,22-07-1996 (English)
S.No. 330,Case Number,C.A. No.-006902-006902 / 1996,08-04-1996 (English)
S.No. 331,Case Number,C.A. No.-009145-009145 / 1996,09-07-1996 (English)
S.No. 332,Case Number,C.A. No.-012676-012676 / 1996,01-10-1996 (English)
S.No. 333,Case Number,C.A. No.-003645-003645 / 1996,12-02-1996 (English)
S.No. 334,Case Number,C.A. No.-000209-000209 / 1996,13-08-1996 (English)
S.No. 335,Case Number,W.P.(C) No.-000640-000640 / 1995,07-10-1996 (English)
S.No. 336,Case Number,C.A. No.-011603-011603 / 1995,08-12-1995 (English)
S.No. 337,Case Number,C.A. No.-003591-003591 / 1996,20-02-1996 (English)
S.No. 338,Case Number,C.A. No.-007561-007561 / 1996,15-04-1996 (English)
S.No. 339,Case Number,C.A. No.-002078-002079 / 1996,18-01-1996 (English)
S.No. 340,Case Number,C.A. No.-009560-009560 / 1995,20-10-1995 (English)
S.No. 341,Case Number,C.A. No.-012136-012136 / 1995,10-05-1996 (English)
S.No. 342,Case Number,Crl.A. No.-000583-000583 / 1996,"01-05-1996 (English)
01-05-1996 (English)"
S.No. 343,Case Number,C.A. No.-007792-007792 / 1996,01-05-1996 (English)
S.No. 344,Case Number,C.A. No.-008267-008268 / 1996,02-05-1996 (English)
S.No. 345,Case Number,C.A. No.-007521-007521 / 1996,08-04-1996 (English)
S.No. 346,Case Number,C.A. No.-002836-002837 / 1996,18-01-1996 (English)
S.No. 347,Case Number,C.A. No.-008393-008393 / 1996,10-05-1996 (English)
S.No. 348,Case Number,W.P.(C) No.-000691-000691 / 1995,19-02-1996 (English)
S.No. 349,Case Number,W.P.(C) No.-000585-000585 / 1994,11-10-1996 (English)
S.No. 350,Case Number,C.A. No.-000267-000267 / 1996,04-01-1996 (English)
S.No. 351,Case Number,C.A. No.-012994-012994 / 1996,23-09-1996 (English)
S.No. 352,Case Number,C.A. No.-009847-009847 / 1996,26-07-1996 (English)
S.No. 353,Case Number,C.A. No.-006359-006359 / 1994,03-04-1996 (English)
S.No. 354,Case Number,SLP(Crl) No.-003628-003628 / 1995,11-12-1995 (English)
S.No. 355,Case Number,C.A. No.-011566-011566 / 1995,17-11-1995 (English)
S.No. 356,Case Number,C.A. No.-007496-007496 / 1996,24-04-1996 (English)
S.No. 357,Case Number,C.A. No.-004283-004283 / 1996,26-02-1996 (English)
S.No. 358,Case Number,C.A. No.-013090-013090 / 1996,20-09-1996 (English)
S.No. 359,Case Number,C.A. No.-001651-001652 / 1996,12-01-1996 (English)
S.No. 360,Case Number,SLP(C) No.-023708-023708 / 1995,06-11-1995 (English)
S.No. 361,Case Number,C.A. No.-009884-009884 / 1995,30-04-1996 (English)
S.No. 362,Case Number,C.A. No.-007296-007296 / 1996,17-04-1996 (English)
S.No. 363,Case Number,C.A. No.-003423-003423 / 1996,07-05-1996 (English)
S.No. 364,Case Number,C.A. No.-002856-002856 / 1996,19-01-1996 (English)
S.No. 365,Case Number,W.P.(C) No.-000693-000693 / 1995,15-02-1996 (English)
S.No. 366,Case Number,C.A. No.-009497-009498 / 1996,08-07-1996 (English)
S.No. 367,Case Number,C.A. No.-007739-007739 / 1996,22-04-1996 (English)
S.No. 368,Case Number,C.A. No.-010914-010914 / 1996,12-08-1996 (English)
S.No. 369,Case Number,C.A. No.-011259-011259 / 1995,03-04-1996 (English)
S.No. 370,Case Number,Crl.A. No.-000348-000348 / 1996,03-09-1996 (English)
S.No. 371,Case Number,C.A. No.-007881-007881 / 1996,07-05-1996 (English)
S.No. 372,Case Number,C.A. No.-010003-010003 / 1995,10-11-1995 (English)
S.No. 373,Case Number,Crl.A. No.-001699-001699 / 1996,10-09-1996 (English)
S.No. 374,Case Number,C.A. No.-009997-009997 / 1995,10-11-1995 (English)
S.No. 375,Case Number,C.A. No.-007616-007616 / 1996,12-04-1996 (English)
S.No. 376,Case Number,C.A. No.-002769-002769 / 1996,02-02-1996 (English)
S.No. 377,Case Number,C.A. No.-011935-011935 / 1996,11-09-1996 (English)
S.No. 378,Case Number,C.A. No.-013221-013221 / 1996,07-10-1996 (English)
S.No. 379,Case Number,C.A. No.-003962-003962 / 1996,27-02-1996 (English)
S.No. 380,Case Number,C.A. No.-012261-012261 / 1996,02-09-1996 (English)
S.No. 381,Case Number,Crl.A. No.-000084-000084 / 1996,11-04-1996 (English)
S.No. 382,Case Number,C.A. No.-007757-007757 / 1996,22-04-1996 (English)
S.No. 383,Case Number,C.A. No.-010205-010205 / 1995,08-11-1995 (English)
S.No. 384,Case Number,C.A. No.-003795-003795 / 1996,16-02-1996 (English)
S.No. 385,Case Number,C.A. No.-003625-003625 / 1996,09-02-1996 (English)
S.No. 386,Case Number,C.A. No.-011460-011460 / 1996,30-08-1996 (English)
S.No. 387,Case Number,C.A. No.-003519-003519 / 1996,15-02-1996 (English)
S.No. 388,Case Number,C.A. No.-000693-000693 / 1995,25-03-1996 (English)
S.No. 389,Case Number,C.A. No.-007849-007849 / 1996,09-05-1996 (English)
S.No. 390,Case Number,W.P.(C) No.-000720-000720 / 1995,09-01-1996 (English)
S.No. 391,Case Number,C.A. No.-010226-010227 / 1996,08-08-1996 (English)
S.No. 392,Case Number,Crl.A. No.-000319-000319 / 1995,23-09-1996 (English)
S.No. 393,Case Number,C.A. No.-008782-008782 / 1994,18-09-1996 (English)
S.No. 394,Case Number,C.A. No.-002202-002202 / 1996,22-01-1996 (English)
S.No. 395,Case Number,SLP(C) No.-025847-025847 / 1995,01-12-1995 (English)
S.No. 396,Case Number,SLP(C) No.-025032-025033 / 1995,20-11-1995 (English)
S.No. 397,Case Number,C.A. No.-009098-009098 / 1996,11-07-1996 (English)
S.No. 398,Case Number,C.A. No.-000173-000174 / 1995,30-10-1995 (English)
S.No. 399,Case Number,C.A. No.-013269-013269 / 1996,11-10-1996 (English)
S.No. 400,Case Number,T.P.(C) No.-000658-000658 / 1995,11-03-1996 (English)
S.No. 401,Case Number,C.A. No.-011015-011016 / 1996,08-08-1996 (English)
S.No. 402,Case Number,C.A. No.-007020-007020 / 1996,25-03-1996 (English)
S.No. 403,Case Number,W.P.(C) No.-000803-000803 / 1995,05-12-1995 (English)
S.No. 404,Case Number,C.A. No.-013216-013217 / 1996,04-10-1996 (English)
S.No. 405,Case Number,C.A. No.-002719-002719 / 1996,18-01-1996 (English)
S.No. 406,Case Number,C.A. No.-013242-013242 / 1996,07-10-1996 (English)
S.No. 407,Case Number,C.A. No.-012003-012003 / 1996,12-09-1996 (English)
S.No. 408,Case Number,C.A. No.-008275-008275 / 1996,07-05-1996 (English)
S.No. 409,Case Number,C.A. No.-008479-008480 / 2003,15-02-1996 (English)
S.No. 410,Case Number,C.A. No.-006774-006774 / 1996,25-03-1996 (English)
S.No. 411,Case Number,C.A. No.-012075-012075 / 1995,15-12-1995 (English)
S.No. 412,Case Number,C.A. No.-003649-003650 / 1996,12-02-1996 (English)
S.No. 413,Case Number,Crl.A. No.-000725-000725 / 1996,15-07-1996 (English)
S.No. 414,Case Number,C.A. No.-009060-009061 / 1996,10-05-1996 (English)
S.No. 415,Case Number,Crl.A. No.-000097-000097 / 1996,22-03-1996 (English)
S.No. 416,Case Number,Crl.A. No.-001805-001805 / 1996,11-10-1996 (English)
S.No. 417,Case Number,C.A. No.-003626-003626 / 1995,13-11-1995 (English)
S.No. 418,Case Number,Crl.A. No.-001524-001524 / 1995,19-04-1996 (English)
S.No. 419,Case Number,C.A. No.-003794-003794 / 1996,12-02-1996 (English)
S.No. 420,Case Number,C.A. No.-010188-010189 / 1996,05-08-1996 (English)
S.No. 421,Case Number,Crl.A. No.-001774-001774 / 1996,08-10-1996 (English)
S.No. 422,Case Number,Crl.A. No.-001635-001635 / 1996,30-08-1996 (English)
S.No. 423,Case Number,W.P.(C) No.-000026-000026 / 1995,25-09-1996 (English)
S.No. 424,Case Number,W.P.(C) No.-000024-000024 / 1995,04-04-1996 (English)
S.No. 425,Case Number,C.A. No.-002518-002521 / 1996,15-01-1996 (English)
S.No. 426,Case Number,C.A. No.-014217-014220 / 1996,11-10-1996 (English)
S.No. 427,Case Number,C.A. No.-005092-005092 / 1996,15-03-1996 (English)
S.No. 428,Case Number,C.A. No.-003767-003767 / 1996,12-02-1996 (English)
S.No. 429,Case Number,C.A. No.-007873-007873 / 1996,09-05-1996 (English)
S.No. 430,Case Number,C.A. No.-011381-011382 / 1996,16-08-1996 (English)
S.No. 431,Case Number,C.A. No.-009494-009494 / 1996,25-07-1996 (English)
S.No. 432,Case Number,C.A. No.-004568-004568 / 1995,"09-07-1996 (English)
09-07-1996 (English)"
S.No. 433,Case Number,C.A. No.-002921-002921 / 1996,25-01-1996 (English)
S.No. 434,Case Number,C.A. No.-003619-003624 / 1996,15-02-1996 (English)
S.No. 435,Case Number,C.A. No.-004505-004505 / 1996,11-03-1996 (English)
S.No. 436,Case Number,C.A. No.-012563-012563 / 1996,27-09-1996 (English)
S.No. 437,Case Number,C.A. No.-013103-013103 / 1996,11-10-1996 (English)
S.No. 438,Case Number,C.A. No.-002379-002379 / 1996,24-01-1996 (English)
S.No. 439,Case Number,C.A. No.-008856-008856 / 1994,10-05-1996 (English)
S.No. 440,Case Number,C.A. No.-002933-002933 / 1996,19-01-1996 (English)
S.No. 441,Case Number,SLP(C) No.-004680-004680 / 1996,12-02-1996 (English)
S.No. 442,Case Number,Crl.A. No.-001600-001600 / 1995,05-12-1995 (English)
S.No. 443,Case Number,C.A. No.-002206-002206 / 1996,22-01-1996 (English)
S.No. 444,Case Number,C.A. No.-009843-009843 / 1996,15-07-1996 (English)
S.No. 445,Case Number,Crl.A. No.-000252-000252 / 1996,23-02-1996 (English)
S.No. 446,Case Number,C.A. No.-012859-012869 / 1996,20-09-1996 (English)
S.No. 447,Case Number,C.A. No.-007736-007736 / 1996,27-09-1996 (English)
S.No. 448,Case Number,C.A. No.-005339-005339 / 1996,03-04-1996 (English)
S.No. 449,Case Number,C.A. No.-011341-011341 / 1996,19-08-1996 (English)
S.No. 450,Case Number,Crl.A. No.-000118-000119 / 1998,19-08-1996 (English)
S.No. 451,Case Number,C.A. No.-005400-005400 / 1995,14-02-1996 (English)
S.No. 452,Case Number,SLP(C) No.-021000-021000 / 1993,"06-05-1996 (English)
29-11-1995 (English)"
S.No. 453,Case Number,C.A. No.-002233-002233 / 1970,07-08-1996 (English)
S.No. 454,Case Number,C.A. No.-000786-000787 / 1971,21-11-1995 (English)
S.No. 455,Case Number,C.A. No.-000736-000736 / 1975,22-11-1995 (English)
S.No. 456,Case Number,W.P.(C) No.-000665-000665 / 1986,12-01-1996 (English)
S.No. 457,Case Number,C.A. No.-001364-001368 / 1974,03-04-1996 (English)
S.No. 458,Case Number,C.A. No.-000257-000257 / 1988,09-05-1996 (English)
S.No. 459,Case Number,C.A. No.-000788-000788 / 1975,30-11-1995 (English)
S.No. 460,Case Number,C.A. No.-001412-001413 / 1975,04-04-1996 (English)
S.No. 461,Case Number,C.A. No.-001208-001209 / 1975,"01-08-1996 (English)
01-08-1996 (English)"
S.No. 462,Case Number,C.A. No.-000037-000037 / 1992,16-04-1996 (English)
S.No. 463,Case Number,C.A. No.-000547-000548 / 1976,14-02-1996 (English)
S.No. 464,Case Number,C.A. No.-002336-002336 / 1978,01-11-1995 (English)
S.No. 465,Case Number,C.A. No.-002242-002246 / 1978,08-02-1996 (English)
S.No. 466,Case Number,C.A. No.-000471-000472 / 1978,15-02-1996 (English)
S.No. 467,Case Number,C.A. No.-000593-000594 / 1978,29-02-1996 (English)
S.No. 468,Case Number,W.P.(C) No.-000796-000796 / 1992,06-05-1996 (English)
S.No. 469,Case Number,C.A. No.-000744-000759 / 1977,08-07-1996 (English)
S.No. 470,Case Number,C.A. No.-001470-001470 / 1981,02-01-1996 (English)
S.No. 471,Case Number,C.A. No.-002274-002278 / 1977,07-02-1996 (English)
S.No. 472,Case Number,C.A. No.-001741-001757 / 1977,16-11-1995 (English)
S.No. 473,Case Number,C.A. No.-001825-001828 / 1977,16-11-1995 (English)
S.No. 474,Case Number,C.A. No.-002542-002544 / 1977,13-03-1996 (English)
S.No. 475,Case Number,W.P.(C) No.-000507-000507 / 1992,08-07-1996 (English)
S.No. 476,Case Number,SLP(C) No.-023740-023740 / 1995,06-11-1995 (English)
S.No. 477,Case Number,W.P.(C) No.-000227-000227 / 1996,04-04-1996 (English)
S.No. 478,Case Number,SLP(C) No.-027264-027264 / 1995,24-11-1995 (English)
S.No. 479,Case Number,W.P.(C) No.-000439-000439 / 1992,26-07-1996 (English)
S.No. 480,Case Number,Crl.A. No.-000036-000036 / 1996,04-01-1996 (English)
S.No. 481,Case Number,SLP(C) No.-002421-002421 / 1993,07-05-1996 (English)
S.No. 482,Case Number,SLP(C) No.-005934-005935 / 1996,26-02-1996 (English)
S.No. 483,Case Number,C.A. No.-003550-003550 / 1979,10-09-1996 (English)
S.No. 484,Case Number,C.A. No.-000858-000858 / 1979,16-04-1996 (English)
S.No. 485,Case Number,C.A. No.-000171-000171 / 1979,13-12-1995 (English)
S.No. 486,Case Number,SLP(C) No.-027571-027571 / 1995,25-01-1996 (English)
S.No. 487,Case Number,C.A. No.-002476-002476 / 1979,10-07-1996 (English)
S.No. 488,Case Number,C.A. No.-001608-001608 / 1979,22-02-1996 (English)
S.No. 489,Case Number,C.A. No.-003018-003019 / 1979,10-10-1996 (English)
S.No. 490,Case Number,C.A. No.-001906-001909 / 1979,30-09-1996 (English)
S.No. 491,Case Number,C.A. No.-001615-001616 / 1979,07-05-1996 (English)
S.No. 492,Case Number,C.A. No.-000132-000133 / 1979,08-05-1996 (English)
S.No. 493,Case Number,C.A. No.-001000-001005 / 1979,11-03-1996 (English)
S.No. 494,Case Number,C.A. No.-000195-000195 / 1996,05-01-1996 (English)
S.No. 495,Case Number,SLP(C) No.-008887-008888 / 1996,25-03-1996 (English)
S.No. 496,Case Number,C.A. No.-000921-000921 / 1980,24-09-1996 (English)
S.No. 497,Case Number,C.A. No.-001717-001717 / 1980,08-10-1996 (English)
S.No. 498,Case Number,C.A. No.-001205-001205 / 1980,24-09-1996 (English)
S.No. 499,Case Number,C.A. No.-002360-002360 / 1980,08-08-1996 (English)
S.No. 500,Case Number,Crl.A. No.-000708-000708 / 1995,01-02-1996 (English)
S.No. 501,Case Number,C.A. No.-003067-003068 / 1980,16-01-1996 (English)
S.No. 502,Case Number,C.A. No.-008299-008299 / 1995,23-04-1996 (English)
S.No. 503,Case Number,C.A. No.-001475-001484 / 1980,06-02-1996 (English)
S.No. 504,Case Number,W.P.(Crl.) No.-001420-001420 / 1982,15-07-1996 (English)
S.No. 505,Case Number,C.A. No.-000286-000286 / 1989,"06-09-1996 (English)
06-09-1996 (English)"
S.No. 506,Case Number,Crl.A. No.-000782-000782 / 1995,08-02-1996 (English)
S.No. 507,Case Number,C.A. No.-001284-001285 / 1980,24-09-1996 (English)
S.No. 508,Case Number,C.A. No.-002774-002775 / 1980,14-11-1995 (English)
S.No. 509,Case Number,C.A. No.-000868-000869 / 1980,11-09-1996 (English)
S.No. 510,Case Number,C.A. No.-001554-001558 / 1980,01-10-1996 (English)
S.No. 511,Case Number,Crl.A. No.-000124-000124 / 1996,22-01-1996 (English)
S.No. 512,Case Number,C.A. No.-002987-002987 / 1982,15-12-1995 (English)
S.No. 513,Case Number,C.A. No.-000715-000715 / 1981,09-09-1996 (English)
S.No. 514,Case Number,C.A. No.-001340-001340 / 1981,08-07-1996 (English)
S.No. 515,Case Number,W.P.(C) No.-005723-005723 / 1982,"17-04-1996 (English)
17-04-1996 (English)"
S.No. 516,Case Number,W.P.(C) No.-013381-013381 / 1984,10-05-1996 (English)
S.No. 517,Case Number,C.A. No.-002576-002577 / 1981,27-08-1996 (English)
S.No. 518,Case Number,C.A. No.-002206-002207 / 1982,16-04-1996 (English)
S.No. 519,Case Number,Crl.A. No.-000521-000523 / 1981,03-04-1996 (English)
S.No. 520,Case Number,T.P.(C) No.-000009-000009 / 1994,15-12-1995 (English)
S.No. 521,Case Number,W.P.(C) No.-000160-000160 / 2002,22-03-1996 (English)
S.No. 522,Case Number,/,24-07-1996 (English)
S.No. 523,Case Number,C.A. No.-011465-011465 / 1995,20-11-1995 (English)
S.No. 524,Case Number,C.A. No.-011923-011923 / 1995,08-12-1995 (English)
S.No. 525,Case Number,C.A. No.-003234-003234 / 1996,09-02-1996 (English)
S.No. 526,Case Number,C.A. No.-003336-003336 / 1996,13-02-1996 (English)
S.No. 527,Case Number,C.A. No.-003841-003843 / 1996,15-02-1996 (English)
S.No. 528,Case Number,C.A. No.-005131-005131 / 1996,29-03-1996 (English)
S.No. 529,Case Number,C.A. No.-006821-006821 / 1996,14-03-1996 (English)
S.No. 530,Case Number,C.A. No.-006954-006954 / 1996,"26-03-1996 (English)
26-03-1996 (English)"
S.No. 531,Case Number,C.A. No.-007188-007188 / 1996,15-04-1996 (English)
S.No. 532,Case Number,W.P.(C) No.-004677-004677 / 1985,08-07-1996 (English)
S.No. 533,Case Number,W.P.(C) No.-003727-003727 / 1985,11-10-1996 (English)
S.No. 534,Case Number,C.A. No.-008226-008226 / 1996,10-05-1996 (English)
S.No. 535,Case Number,C.A. No.-009481-009481 / 1996,12-07-1996 (English)
S.No. 536,Case Number,C.A. No.-009783-009783 / 1996,08-07-1996 (English)
S.No. 537,Case Number,C.A. No.-011830-011830 / 1996,10-09-1996 (English)
S.No. 538,Case Number,C.A. No.-011913-011914 / 1996,26-08-1996 (English)
S.No. 539,Case Number,Crl.A. No.-001672-001672 / 1996,13-09-1996 (English)
S.No. 540,Case Number,SLP(C) No.-009679-009679 / 1996,30-04-1996 (English)
S.No. 541,Case Number,C.A. No.-012286-012286 / 1996,20-09-1996 (English)
S.No. 542,Case Number,SLP(C) No.-011140-011140 / 1996,10-05-1996 (English)
S.No. 543,Case Number,C.A. No.-013053-013053 / 1996,16-09-1996 (English)
S.No. 544,Case Number,SLP(C) No.-011050-011055 / 1996,09-05-1996 (English)
S.No. 545,Case Number,SLP(C) No.-011037-011037 / 1996,09-05-1996 (English)
S.No. 546,Case Number,W.P.(Crl.) No.-000209-000209 / 1993,09-05-1996 (English)
S.No. 547,Case Number,SLP(C) No.-011043-011043 / 1996,09-05-1996 (English)
S.No. 548,Case Number,Crl.A. No.-000170-000170 / 1984,25-07-1996 (English)
S.No. 549,Case Number,C.A. No.-004234-004234 / 1983,16-11-1995 (English)
S.No. 550,Case Number,SLP(C) No.-003043-003043 / 1993,02-04-1996 (English)
S.No. 551,Case Number,Crl.A. No.-000822-000825 / 1985,12-02-1996 (English)
S.No. 552,Case Number,Crl.A. No.-000189-000189 / 1996,23-01-1996 (English)
S.No. 553,Case Number,C.A. No.-005855-005855 / 1983,02-01-1996 (English)
S.No. 554,Case Number,Crl.A. No.-000455-000457 / 1983,20-10-1995 (English)
S.No. 555,Case Number,C.A. No.-006149-006149 / 1983,23-07-1996 (English)
S.No. 556,Case Number,SLP(C) No.-010754-010755 / 1996,09-05-1996 (English)
S.No. 557,Case Number,SLP(C) No.-014373-014373 / 1996,10-05-1996 (English)
S.No. 558,Case Number,C.A. No.-010420-010420 / 1995,02-11-1995 (English)
S.No. 559,Case Number,SLP(C) No.-012454-012454 / 1996,10-07-1996 (English)
S.No. 560,Case Number,SLP(C) No.-014717-014717 / 1996,10-07-1996 (English)
S.No. 561,Case Number,SLP(C) No.-012895-012895 / 1996,15-07-1996 (English)
S.No. 562,Case Number,SLP(C) No.-012902-012902 / 1996,15-07-1996 (English)
S.No. 563,Case Number,SLP(C) No.-014890-014890 / 1996,15-07-1996 (English)
S.No. 564,Case Number,C.A. No.-006649-006649 / 1983,16-04-1996 (English)
S.No. 565,Case Number,SLP(C) No.-011280-011280 / 1989,06-12-1995 (English)
S.No. 566,Case Number,C.A. No.-002471-002471 / 1984,20-05-1996 (English)
S.No. 567,Case Number,W.P.(C) No.-000132-000132 / 1984,12-04-1996 (English)
S.No. 568,Case Number,C.A. No.-009830-009830 / 1995,01-11-1995 (English)
S.No. 569,Case Number,C.A. No.-010215-010216 / 1983,07-08-1996 (English)
S.No. 570,Case Number,SLP(C) No.-013659-013659 / 1996,30-07-1996 (English)
S.No. 571,Case Number,SLP(C) No.-013682-013682 / 1996,30-07-1996 (English)
S.No. 572,Case Number,SLP(C) No.-013671-013671 / 1996,30-07-1996 (English)
S.No. 573,Case Number,SLP(C) No.-013593-013593 / 1996,30-07-1996 (English)
S.No. 574,Case Number,C.A. No.-003986-003986 / 1983,07-08-1996 (English)
S.No. 575,Case Number,SLP(C) No.-015878-015878 / 1996,31-07-1996 (English)
S.No. 576,Case Number,C.A. No.-006133-006134 / 1983,27-03-1996 (English)
S.No. 577,Case Number,C.A. No.-008607-008607 / 1983,01-03-1996 (English)
S.No. 578,Case Number,C.A. No.-001583-001583 / 1985,13-08-1996 (English)
S.No. 579,Case Number,W.P.(C) No.-011855-011855 / 1985,15-12-1995 (English)
S.No. 580,Case Number,C.A. No.-010181-010181 / 1995,02-11-1995 (English)
S.No. 581,Case Number,C.A. No.-008994-008994 / 1996,07-05-1996 (English)
S.No. 582,Case Number,Crl.A. No.-000052-000054 / 1993,12-07-1996 (English)
S.No. 583,Case Number,C.A. No.-010446-010446 / 1995,06-11-1995 (English)
S.No. 584,Case Number,C.A. No.-003182-003182 / 1996,25-01-1996 (English)
S.No. 585,Case Number,C.A. No.-004557-004557 / 1996,11-03-1996 (English)
S.No. 586,Case Number,C.A. No.-007660-007662 / 1996,26-04-1996 (English)
S.No. 587,Case Number,C.A. No.-011907-011910 / 1996,11-09-1996 (English)
S.No. 588,Case Number,Crl.A. No.-000387-000388 / 1985,26-04-1996 (English)
S.No. 589,Case Number,SLP(C) No.-016906-016906 / 1996,02-08-1996 (English)
S.No. 590,Case Number,C.A. No.-005376-005377 / 1985,17-04-1996 (English)
S.No. 591,Case Number,C.A. No.-005508-005508 / 1985,22-04-1996 (English)
S.No. 592,Case Number,C.A. No.-005626-005662 / 1985,15-12-1995 (English)
S.No. 593,Case Number,SLP(C) No.-014751-014751 / 1996,09-08-1996 (English)
S.No. 594,Case Number,SLP(C) No.-015036-015036 / 1996,14-08-1996 (English)
S.No. 595,Case Number,SLP(C) No.-015054-015054 / 1996,14-08-1996 (English)
S.No. 596,Case Number,C.A. No.-001604-001605 / 1985,23-04-1996 (English)
S.No. 597,Case Number,W.P.(C) No.-000638-000638 / 1987,"19-03-1996 (English)
19-03-1996 (English)"
S.No. 598,Case Number,SLP(C) No.-015896-015896 / 1996,21-08-1996 (English)
S.No. 599,Case Number,SLP(C) No.-015210-015210 / 1996,19-08-1996 (English)
S.No. 600,Case Number,SLP(C) No.-015196-015196 / 1996,19-08-1996 (English)
S.No. 601,Case Number,SLP(C) No.-016335-016335 / 1996,27-08-1996 (English)
S.No. 602,Case Number,SLP(C) No.-016339-016339 / 1996,27-08-1996 (English)
S.No. 603,Case Number,SLP(C) No.-016416-016416 / 1996,29-08-1996 (English)
S.No. 604,Case Number,SLP(C) No.-018256-018256 / 1996,19-08-1996 (English)
S.No. 605,Case Number,SLP(C) No.-018584-018584 / 1996,26-08-1996 (English)
S.No. 606,Case Number,SLP(C) No.-016725-016725 / 1996,04-09-1996 (English)
S.No. 607,Case Number,SLP(C) No.-016795-016795 / 1996,04-09-1996 (English)
S.No. 608,Case Number,SLP(C) No.-016812-016812 / 1996,12-09-1996 (English)
S.No. 609,Case Number,SLP(C) No.-016793-016793 / 1996,04-09-1996 (English)
S.No. 610,Case Number,SLP(C) No.-016514-016514 / 1996,02-09-1996 (English)
S.No. 611,Case Number,SLP(C) No.-016573-016573 / 1996,02-09-1996 (English)
S.No. 612,Case Number,SLP(C) No.-019053-019053 / 1996,04-09-1996 (English)
S.No. 613,Case Number,SLP(C) No.-017207-017207 / 1996,10-09-1996 (English)
S.No. 614,Case Number,C.A. No.-000514-000514 / 1994,23-02-1996 (English)
S.No. 615,Case Number,W.P.(C) No.-013671-013672 / 1984,24-04-1996 (English)
S.No. 616,Case Number,SLP(C) No.-016986-016986 / 1996,09-09-1996 (English)
S.No. 617,Case Number,C.A. No.-002084-002090 / 1984,23-07-1996 (English)
S.No. 618,Case Number,SLP(C) No.-016904-016904 / 1996,06-09-1996 (English)
S.No. 619,Case Number,SLP(C) No.-016871-016871 / 1996,06-09-1996 (English)
S.No. 620,Case Number,C.A. No.-004485-004485 / 1986,12-12-1995 (English)
S.No. 621,Case Number,SLP(C) No.-016476-016476 / 1996,20-09-1996 (English)
S.No. 622,Case Number,C.A. No.-003679-003680 / 1984,15-02-1996 (English)
S.No. 623,Case Number,C.A. No.-004081-004081 / 1986,11-10-1996 (English)
S.No. 624,Case Number,Crl.A. No.-000469-000469 / 1986,26-04-1996 (English)
S.No. 625,Case Number,SLP(C) No.-019774-019774 / 1996,11-09-1996 (English)
S.No. 626,Case Number,W.P.(C) No.-001128-001128 / 1986,01-05-1996 (English)
S.No. 627,Case Number,SLP(C) No.-018603-018603 / 1996,25-09-1996 (English)
S.No. 628,Case Number,C.A. No.-009900-009904 / 1995,30-10-1995 (English)
S.No. 629,Case Number,SLP(C) No.-018121-018122 / 1996,17-09-1996 (English)
S.No. 630,Case Number,SLP(C) No.-020489-020489 / 1996,25-09-1996 (English)
S.No. 631,Case Number,SLP(C) No.-018156-018156 / 1996,17-09-1996 (English)
S.No. 632,Case Number,SLP(C) No.-014737-014737 / 1996,23-09-1996 (English)
S.No. 633,Case Number,W.P.(C) No.-000127-000127 / 1988,15-03-1996 (English)
S.No. 634,Case Number,SLP(C) No.-012717-012717 / 1996,20-09-1996 (English)
S.No. 635,Case Number,C.A. No.-001823-001823 / 1996,08-01-1996 (English)
S.No. 636,Case Number,C.A. No.-002308-002308 / 1996,24-01-1996 (English)
S.No. 637,Case Number,Crl.A. No.-000353-000353 / 1988,11-07-1996 (English)
S.No. 638,Case Number,C.A. No.-004390-004390 / 1988,"16-09-1996 (English)
16-09-1996 (English)"
S.No. 639,Case Number,Crl.A. No.-000230-000230 / 1988,22-03-1996 (English)
S.No. 640,Case Number,C.A. No.-001135-001136 / 1986,28-11-1995 (English)
S.No. 641,Case Number,Crl.A. No.-000446-000446 / 1987,13-09-1996 (English)
S.No. 642,Case Number,SLP(C) No.-020933-020936 / 1996,01-10-1996 (English)
S.No. 643,Case Number,SLP(C) No.-018181-018181 / 1996,19-09-1996 (English)
S.No. 644,Case Number,SLP(C) No.-021230-021230 / 1996,11-10-1996 (English)
S.No. 645,Case Number,C.A. No.-000356-000357 / 1986,31-01-1996 (English)
S.No. 646,Case Number,SLP(C) No.-019497-019497 / 1996,07-10-1996 (English)
S.No. 647,Case Number,SLP(C) No.-019487-019487 / 1996,07-10-1996 (English)
S.No. 648,Case Number,SLP(C) No.-016583-016584 / 1996,07-10-1996 (English)
S.No. 649,Case Number,SLP(C) No.-019827-019827 / 1996,08-10-1996 (English)
S.No. 650,Case Number,Crl.A. No.-000117-000118 / 1986,09-04-1996 (English)
S.No. 651,Case Number,SLP(C) No.-018150-018150 / 1996,19-09-1996 (English)
S.No. 652,Case Number,C.A. No.-009869-009869 / 1995,30-10-1995 (English)
S.No. 653,Case Number,C.A. No.-009911-009912 / 1995,30-10-1995 (English)
S.No. 654,Case Number,C.A. No.-002414-002414 / 1996,15-01-1996 (English)
S.No. 655,Case Number,C.A. No.-002940-002940 / 1996,25-01-1996 (English)
S.No. 656,Case Number,C.A. No.-000119-000119 / 1994,03-10-1996 (English)
S.No. 657,Case Number,Crl.A. No.-000265-000265 / 1996,27-02-1996 (English)
S.No. 658,Case Number,Crl.A. No.-000439-000439 / 1996,03-04-1996 (English)
S.No. 659,Case Number,C.A. No.-000189-000189 / 1994,04-12-1995 (English)
S.No. 660,Case Number,C.A. No.-010522-010522 / 1995,02-11-1995 (English)
S.No. 661,Case Number,C.A. No.-011398-011398 / 1995,29-11-1995 (English)
S.No. 662,Case Number,C.A. No.-001396-001396 / 1996,08-01-1996 (English)
S.No. 663,Case Number,C.A. No.-001663-001663 / 1996,02-01-1996 (English)
S.No. 664,Case Number,SLP(C) No.-001493-001493 / 1994,23-02-1996 (English)
S.No. 665,Case Number,Crl.A. No.-000678-000678 / 1996,10-05-1996 (English)
S.No. 666,Case Number,C.A. No.-002886-002886 / 1989,06-02-1996 (English)
S.No. 667,Case Number,C.A. No.-001794-001794 / 1989,08-05-1996 (English)
S.No. 668,Case Number,SLP(C) No.-020044-020044 / 1995,04-12-1995 (English)
S.No. 669,Case Number,C.A. No.-001944-001944 / 1989,"27-05-1996 (English)
27-05-1996 (English)"
S.No. 670,Case Number,C.A. No.-013264-013264 / 1996,11-10-1996 (English)
S.No. 671,Case Number,W.P.(C) No.-000584-000584 / 1989,"23-08-1996 (English)
07-12-1995 (English)"
S.No. 672,Case Number,C.A. No.-009368-009369 / 1996,17-07-1996 (English)
S.No. 673,Case Number,C.A. No.-003056-003056 / 1989,27-09-1996 (English)
S.No. 674,Case Number,C.A. No.-003792-003794 / 1989,01-03-1996 (English)
S.No. 675,Case Number,C.A. No.-000502-000503 / 1988,07-08-1996 (English)
S.No. 676,Case Number,Crl.A. No.-000461-000463 / 1988,25-07-1996 (English)
S.No. 677,Case Number,W.P.(C) No.-001459-001459 / 1987,12-01-1996 (English)
S.No. 678,Case Number,C.A. No.-001248-001249 / 1987,19-09-1996 (English)
S.No. 679,Case Number,C.A. No.-001124-001125 / 1987,26-09-1996 (English)
S.No. 680,Case Number,W.P.(C) No.-000713-000713 / 1987,17-01-1996 (English)
S.No. 681,Case Number,C.A. No.-002372-002374 / 1987,"19-07-1996 (English)
14-02-1996 (English)"
S.No. 682,Case Number,Crl.A. No.-000573-000574 / 1987,01-08-1996 (English)
S.No. 683,Case Number,C.A. No.-004311-004311 / 1995,12-12-1995 (English)
S.No. 684,Case Number,C.A. No.-011236-011236 / 1995,24-11-1995 (English)
S.No. 685,Case Number,C.A. No.-011242-011242 / 1995,05-12-1995 (English)
S.No. 686,Case Number,Crl.A. No.-001743-001743 / 1995,05-12-1995 (English)
S.No. 687,Case Number,C.A. No.-001909-001909 / 1996,"08-01-1996 (English)
08-01-1996 (English)"
S.No. 688,Case Number,C.A. No.-003895-003895 / 1996,27-02-1996 (English)
S.No. 689,Case Number,C.A. No.-006905-006905 / 1996,22-03-1996 (English)
S.No. 690,Case Number,C.A. No.-007019-007019 / 1996,29-03-1996 (English)
S.No. 691,Case Number,C.A. No.-007673-007673 / 1996,18-04-1996 (English)
S.No. 692,Case Number,C.A. No.-007940-007940 / 1996,15-04-1996 (English)
S.No. 693,Case Number,C.A. No.-009077-009077 / 1996,09-07-1996 (English)
S.No. 694,Case Number,C.A. No.-009188-009190 / 1996,16-07-1996 (English)
S.No. 695,Case Number,Crl.A. No.-000770-000770 / 1996,01-08-1996 (English)
S.No. 696,Case Number,C.A. No.-010702-010702 / 1996,05-08-1996 (English)
S.No. 697,Case Number,C.A. No.-011906-011906 / 1996,23-08-1996 (English)
S.No. 698,Case Number,C.A. No.-012664-012665 / 1996,27-09-1996 (English)
S.No. 699,Case Number,Crl.A. No.-000231-000231 / 1994,11-07-1996 (English)
S.No. 700,Case Number,W.P.(C) No.-000967-000967 / 1989,13-02-1996 (English)
S.No. 701,Case Number,Crl.A. No.-000135-000136 / 1989,25-09-1996 (English)
S.No. 702,Case Number,C.A. No.-001093-001096 / 1995,31-10-1995 (English)
S.No. 703,Case Number,C.A. No.-002571-002571 / 1994,31-10-1995 (English)
S.No. 704,Case Number,Crl.A. No.-000715-000715 / 1994,23-11-1995 (English)
S.No. 705,Case Number,C.A. No.-004334-004334 / 1994,11-12-1995 (English)
S.No. 706,Case Number,C.A. No.-005638-005638 / 1994,03-01-1996 (English)
S.No. 707,Case Number,C.A. No.-004616-004616 / 1994,05-02-1996 (English)
S.No. 708,Case Number,C.A. No.-011142-011142 / 1995,23-02-1996 (English)
S.No. 709,Case Number,C.A. No.-005969-005969 / 1994,09-04-1996 (English)
S.No. 710,Case Number,C.A. No.-004708-004712 / 1989,15-12-1995 (English)
S.No. 711,Case Number,C.A. No.-011842-011842 / 1995,08-12-1995 (English)
S.No. 712,Case Number,C.A. No.-008762-008762 / 1994,07-05-1996 (English)
S.No. 713,Case Number,C.A. No.-000484-000485 / 1989,09-11-1995 (English)
S.No. 714,Case Number,C.A. No.-005082-005085 / 1989,22-02-1996 (English)
S.No. 715,Case Number,C.A. No.-002091-002091 / 1990,28-11-1995 (English)
S.No. 716,Case Number,C.A. No.-009863-009863 / 1996,22-07-1996 (English)
S.No. 717,Case Number,C.A. No.-001639-001639 / 1990,15-04-1996 (English)
S.No. 718,Case Number,C.A. No.-008752-008752 / 1995,08-11-1995 (English)
S.No. 719,Case Number,C.A. No.-005633-005633 / 1995,24-11-1995 (English)
S.No. 720,Case Number,C.A. No.-009312-009312 / 1995,30-11-1995 (English)
S.No. 721,Case Number,C.A. No.-001401-001404 / 1996,19-01-1996 (English)
S.No. 722,Case Number,C.A. No.-007565-007565 / 1996,01-05-1996 (English)
S.No. 723,Case Number,C.A. No.-004064-004064 / 1995,09-07-1996 (English)
S.No. 724,Case Number,C.A. No.-004830-004831 / 1994,24-07-1996 (English)
S.No. 725,Case Number,C.A. No.-000767-000769 / 1993,03-09-1996 (English)
S.No. 726,Case Number,C.A. No.-005291-005291 / 1990,01-05-1996 (English)
S.No. 727,Case Number,C.A. No.-003967-003967 / 1990,23-07-1996 (English)
S.No. 728,Case Number,Crl.A. No.-000593-000593 / 1996,15-04-1996 (English)
S.No. 729,Case Number,Crl.A. No.-000331-000331 / 1993,30-11-1995 (English)
S.No. 730,Case Number,C.A. No.-009949-009949 / 1995,08-11-1995 (English)
S.No. 731,Case Number,C.A. No.-008435-008436 / 1995,12-02-1996 (English)
S.No. 732,Case Number,C.A. No.-002131-002131 / 1994,21-11-1995 (English)
S.No. 733,Case Number,C.A. No.-007384-007384 / 1994,07-12-1995 (English)
S.No. 734,Case Number,C.A. No.-010273-010273 / 1995,02-11-1995 (English)
S.No. 735,Case Number,C.A. No.-010606-010607 / 1995,21-11-1995 (English)
S.No. 736,Case Number,C.A. No.-010699-010722 / 1995,17-11-1995 (English)
S.No. 737,Case Number,C.A. No.-011560-011560 / 1995,23-11-1995 (English)
S.No. 738,Case Number,C.A. No.-011760-011760 / 1995,07-12-1995 (English)
S.No. 739,Case Number,C.A. No.-001802-001802 / 1994,15-03-1996 (English)
S.No. 740,Case Number,C.A. No.-007431-007431 / 1994,06-07-1996 (English)
S.No. 741,Case Number,C.A. No.-002099-002099 / 1996,09-01-1996 (English)
S.No. 742,Case Number,C.A. No.-003432-003432 / 1996,15-02-1996 (English)
S.No. 743,Case Number,C.A. No.-003525-003525 / 1996,05-02-1996 (English)
S.No. 744,Case Number,C.A. No.-004178-004178 / 1996,20-02-1996 (English)
S.No. 745,Case Number,C.A. No.-007072-007073 / 1996,02-04-1996 (English)
S.No. 746,Case Number,C.A. No.-004195-004195 / 1994,19-07-1996 (English)
S.No. 747,Case Number,C.A. No.-007740-007740 / 1996,18-04-1996 (English)
S.No. 748,Case Number,C.A. No.-007748-007748 / 1996,02-05-1996 (English)
S.No. 749,Case Number,Crl.A. No.-000884-000884 / 1996,"13-08-1996 (English)
13-08-1996 (English)"
S.No. 750,Case Number,C.A. No.-011933-011933 / 1996,23-08-1996 (English)
S.No. 751,Case Number,C.A. No.-012858-012858 / 1996,13-09-1996 (English)
S.No. 752,Case Number,C.A. No.-002936-002936 / 1996,25-01-1996 (English)
S.No. 753,Case Number,C.A. No.-009955-009955 / 1995,10-11-1995 (English)
S.No. 754,Case Number,C.A. No.-010217-010217 / 1995,02-11-1995 (English)
S.No. 755,Case Number,Crl.A. No.-001386-001386 / 1995,16-11-1995 (English)
S.No. 756,Case Number,C.A. No.-011401-011401 / 1995,20-11-1995 (English)
S.No. 757,Case Number,C.A. No.-011517-011517 / 1995,01-12-1995 (English)
S.No. 758,Case Number,C.A. No.-011521-011522 / 1995,05-12-1995 (English)
S.No. 759,Case Number,C.A. No.-011818-011820 / 1995,07-12-1995 (English)
S.No. 760,Case Number,C.A. No.-011856-011856 / 1995,07-12-1995 (English)
S.No. 761,Case Number,C.A. No.-011861-011861 / 1995,07-12-1995 (English)
S.No. 762,Case Number,C.A. No.-011966-011966 / 1995,07-12-1995 (English)
S.No. 763,Case Number,C.A. No.-010498-010498 / 1995,06-11-1995 (English)
S.No. 764,Case Number,C.A. No.-000040-000040 / 1996,03-01-1996 (English)
S.No. 765,Case Number,C.A. No.-001809-001812 / 1996,16-01-1996 (English)
S.No. 766,Case Number,C.A. No.-002503-002503 / 1996,12-01-1996 (English)
S.No. 767,Case Number,C.A. No.-002618-002618 / 1996,15-01-1996 (English)
S.No. 768,Case Number,C.A. No.-002688-002688 / 1996,02-02-1996 (English)
S.No. 769,Case Number,C.A. No.-003492-003492 / 1996,24-01-1996 (English)
S.No. 770,Case Number,C.A. No.-003658-003659 / 1996,15-02-1996 (English)
S.No. 771,Case Number,C.A. No.-003866-003866 / 1996,26-02-1996 (English)
S.No. 772,Case Number,C.A. No.-003406-003411 / 1990,"30-07-1996 (English)
30-07-1996 (English)"
S.No. 773,Case Number,C.A. No.-004393-004393 / 1996,23-02-1996 (English)
S.No. 774,Case Number,C.A. No.-004422-004422 / 1996,01-03-1996 (English)
S.No. 775,Case Number,C.A. No.-005121-005121 / 1996,25-03-1996 (English)
S.No. 776,Case Number,C.A. No.-005139-005161 / 1996,12-03-1996 (English)
S.No. 777,Case Number,C.A. No.-005231-005231 / 1996,15-03-1996 (English)
S.No. 778,Case Number,C.A. No.-003969-003970 / 1990,16-08-1996 (English)
S.No. 779,Case Number,C.A. No.-005382-005382 / 1996,18-03-1996 (English)
S.No. 780,Case Number,C.A. No.-006909-006909 / 1996,22-03-1996 (English)
S.No. 781,Case Number,C.A. No.-006910-006911 / 1996,25-03-1996 (English)
S.No. 782,Case Number,Crl.A. No.-000297-000297 / 1996,21-08-1996 (English)
S.No. 783,Case Number,C.A. No.-006964-006964 / 1996,29-03-1996 (English)
S.No. 784,Case Number,C.A. No.-006973-006973 / 1996,09-04-1996 (English)
S.No. 785,Case Number,C.A. No.-007143-007144 / 1996,09-09-1996 (English)
S.No. 786,Case Number,C.A. No.-007025-007025 / 1996,19-03-1996 (English)
S.No. 787,Case Number,C.A. No.-007068-007068 / 1996,12-04-1996 (English)
S.No. 788,Case Number,Crl.A. No.-000641-000641 / 1996,26-09-1996 (English)
S.No. 789,Case Number,C.A. No.-007107-007107 / 1996,29-03-1996 (English)
S.No. 790,Case Number,C.A. No.-009852-009852 / 1996,08-10-1996 (English)
S.No. 791,Case Number,C.A. No.-007115-007115 / 1996,22-03-1996 (English)
S.No. 792,Case Number,C.A. No.-007118-007118 / 1996,02-04-1996 (English)
S.No. 793,Case Number,C.A. No.-007491-007491 / 1996,24-04-1996 (English)
S.No. 794,Case Number,C.A. No.-007530-007530 / 1996,12-04-1996 (English)
S.No. 795,Case Number,C.A. No.-007699-007699 / 1996,18-04-1996 (English)
S.No. 796,Case Number,C.A. No.-007759-007759 / 1996,22-04-1996 (English)
S.No. 797,Case Number,C.A. No.-007781-007781 / 1996,02-05-1996 (English)
S.No. 798,Case Number,C.A. No.-007845-007845 / 1996,18-04-1996 (English)
S.No. 799,Case Number,C.A. No.-008805-008805 / 1996,02-05-1996 (English)
S.No. 800,Case Number,C.A. No.-008843-008850 / 1996,02-05-1996 (English)
S.No. 801,Case Number,C.A. No.-008879-008880 / 1996,22-04-1996 (English)
S.No. 802,Case Number,C.A. No.-009023-009023 / 1996,08-05-1996 (English)
S.No. 803,Case Number,C.A. No.-009093-009093 / 1996,09-07-1996 (English)
S.No. 804,Case Number,C.A. No.-009168-009168 / 1996,15-07-1996 (English)
S.No. 805,Case Number,C.A. No.-009229-009229 / 1996,16-07-1996 (English)
S.No. 806,Case Number,C.A. No.-009383-009383 / 1996,19-07-1996 (English)
S.No. 807,Case Number,C.A. No.-009490-009493 / 1996,"08-07-1996 (English)
08-07-1996 (English)"
S.No. 808,Case Number,C.A. No.-009753-009753 / 1996,15-07-1996 (English)
S.No. 809,Case Number,C.A. No.-009888-009888 / 1996,19-07-1996 (English)
S.No. 810,Case Number,C.A. No.-009895-009895 / 1996,22-07-1996 (English)
S.No. 811,Case Number,C.A. No.-010656-010656 / 1996,07-08-1996 (English)
S.No. 812,Case Number,C.A. No.-010663-010663 / 1996,02-08-1996 (English)
S.No. 813,Case Number,C.A. No.-010915-010916 / 1996,08-08-1996 (English)
S.No. 814,Case Number,C.A. No.-010974-010975 / 1996,09-08-1996 (English)
S.No. 815,Case Number,C.A. No.-011385-011385 / 1996,16-08-1996 (English)
S.No. 816,Case Number,C.A. No.-011453-011453 / 1996,30-08-1996 (English)
S.No. 817,Case Number,C.A. No.-012032-012032 / 1996,02-09-1996 (English)
S.No. 818,Case Number,C.A. No.-012033-012033 / 1996,30-08-1996 (English)
S.No. 819,Case Number,C.A. No.-012313-012313 / 1996,16-09-1996 (English)
S.No. 820,Case Number,C.A. No.-005948-005950 / 1990,"10-10-1996 (English)
10-10-1996 (English)"
S.No. 821,Case Number,C.A. No.-011048-011048 / 1996,13-08-1996 (English)
S.No. 822,Case Number,C.A. No.-004958-004960 / 1990,25-03-1996 (English)
S.No. 823,Case Number,C.A. No.-012378-012379 / 1996,06-09-1996 (English)
S.No. 824,Case Number,C.A. No.-012662-012662 / 1996,18-09-1996 (English)
S.No. 825,Case Number,C.A. No.-007046-007046 / 1996,29-03-1996 (English)
S.No. 826,Case Number,W.P.(C) No.-000683-000683 / 1990,08-12-1995 (English)
S.No. 827,Case Number,C.A. No.-006980-007017 / 1996,02-04-1996 (English)
S.No. 828,Case Number,C.A. No.-005250-005250 / 1996,21-03-1996 (English)
S.No. 829,Case Number,C.A. No.-007768-007768 / 1996,22-04-1996 (English)
S.No. 830,Case Number,C.A. No.-009040-009040 / 1996,08-05-1996 (English)
S.No. 831,Case Number,C.A. No.-006887-006887 / 1996,25-03-1996 (English)
S.No. 832,Case Number,C.A. No.-005337-005341 / 1990,21-11-1995 (English)
S.No. 833,Case Number,C.A. No.-004713-004714 / 1990,09-07-1996 (English)
S.No. 834,Case Number,W.P.(C) No.-000286-000286 / 1994,01-03-1996 (English)
S.No. 835,Case Number,C.A. No.-001837-001837 / 1991,13-11-1995 (English)
S.No. 836,Case Number,W.P.(C) No.-000068-000068 / 1990,29-02-1996 (English)
S.No. 837,Case Number,C.A. No.-001006-001025 / 1990,28-08-1996 (English)
S.No. 838,Case Number,W.P.(C) No.-000327-000327 / 1990,"23-01-1996 (English)
08-11-1995 (English)"
S.No. 839,Case Number,W.P.(C) No.-000914-000914 / 1991,28-08-1996 (English)
S.No. 840,Case Number,C.A. No.-000018-000018 / 1991,16-04-1996 (English)
S.No. 841,Case Number,C.A. No.-003732-003732 / 1991,18-09-1996 (English)
S.No. 842,Case Number,C.A. No.-004375-004376 / 1990,06-12-1995 (English)
S.No. 843,Case Number,SLP(Crl) No.-002129-002129 / 1992,19-08-1996 (English)
S.No. 844,Case Number,SLP(C) No.-009268-009270 / 1994,27-02-1996 (English)
S.No. 845,Case Number,C.A. No.-002508-002508 / 1997,05-01-1996 (English)
S.No. 846,Case Number,C.A. No.-003214-003215 / 1996,12-02-1996 (English)
S.No. 847,Case Number,C.A. No.-004497-004497 / 1996,11-03-1996 (English)
S.No. 848,Case Number,C.A. No.-004662-004662 / 1996,11-03-1996 (English)
S.No. 849,Case Number,C.A. No.-007516-007517 / 1996,08-04-1996 (English)
S.No. 850,Case Number,C.A. No.-007522-007522 / 1996,01-05-1996 (English)
S.No. 851,Case Number,C.A. No.-009057-009057 / 1996,09-05-1996 (English)
S.No. 852,Case Number,C.A. No.-009817-009817 / 1996,15-07-1996 (English)
S.No. 853,Case Number,C.A. No.-009893-009893 / 1996,19-07-1996 (English)
S.No. 854,Case Number,C.A. No.-010191-010191 / 1996,05-08-1996 (English)
S.No. 855,Case Number,C.A. No.-010219-010219 / 1996,08-08-1996 (English)
S.No. 856,Case Number,C.A. No.-010225-010225 / 1996,26-07-1996 (English)
S.No. 857,Case Number,C.A. No.-010379-010379 / 1996,26-08-1996 (English)
S.No. 858,Case Number,T.P.(C) No.-000870-000870 / 1993,16-01-1996 (English)
S.No. 859,Case Number,C.A. No.-011879-011879 / 1996,11-09-1996 (English)
S.No. 860,Case Number,C.A. No.-011902-011902 / 1996,23-08-1996 (English)
S.No. 861,Case Number,C.A. No.-011915-011917 / 1996,11-09-1996 (English)
S.No. 862,Case Number,C.A. No.-011918-011920 / 1996,11-09-1996 (English)
S.No. 863,Case Number,C.A. No.-012078-012078 / 1996,04-09-1996 (English)
S.No. 864,Case Number,C.A. No.-012314-012314 / 1996,09-09-1996 (English)
S.No. 865,Case Number,C.A. No.-012380-012380 / 1996,10-09-1996 (English)
S.No. 866,Case Number,C.A. No.-012494-012496 / 1996,11-09-1996 (English)
S.No. 867,Case Number,Crl.A. No.-001727-001727 / 1996,25-09-1996 (English)
S.No. 868,Case Number,C.A. No.-009697-009697 / 1995,31-10-1995 (English)
S.No. 869,Case Number,C.A. No.-010212-010212 / 1995,01-11-1995 (English)
S.No. 870,Case Number,C.A. No.-010261-010261 / 1995,03-11-1995 (English)
S.No. 871,Case Number,C.A. No.-010492-010492 / 1995,16-11-1995 (English)
S.No. 872,Case Number,C.A. No.-010690-010690 / 1995,16-11-1995 (English)
S.No. 873,Case Number,C.A. No.-012729-012729 / 1996,19-09-1996 (English)
S.No. 874,Case Number,Crl.A. No.-001771-001771 / 1996,07-10-1996 (English)
S.No. 875,Case Number,C.A. No.-012855-012855 / 1996,08-10-1996 (English)
S.No. 876,Case Number,C.A. No.-012889-012889 / 1996,09-10-1996 (English)
S.No. 877,Case Number,C.A. No.-012982-012982 / 1996,10-10-1996 (English)
S.No. 878,Case Number,C.A. No.-012991-012991 / 1996,11-10-1996 (English)
S.No. 879,Case Number,C.A. No.-012995-013000 / 1996,23-09-1996 (English)
S.No. 880,Case Number,C.A. No.-013029-013029 / 1996,11-10-1996 (English)
S.No. 881,Case Number,SLP(C) No.-021870-021870 / 1993,06-02-1996 (English)
S.No. 882,Case Number,Crl.A. No.-001803-001803 / 1996,11-10-1996 (English)
S.No. 883,Case Number,C.A. No.-013086-013086 / 1996,20-09-1996 (English)
S.No. 884,Case Number,C.A. No.-013115-013116 / 1996,30-09-1996 (English)
S.No. 885,Case Number,C.A. No.-013118-013118 / 1996,24-09-1996 (English)
S.No. 886,Case Number,C.A. No.-013119-013128 / 1996,30-09-1996 (English)
S.No. 887,Case Number,C.A. No.-011737-011737 / 1995,14-12-1995 (English)
S.No. 888,Case Number,C.A. No.-013272-013272 / 1996,11-10-1996 (English)
S.No. 889,Case Number,C.A. No.-011850-011853 / 1995,14-12-1995 (English)
S.No. 890,Case Number,C.A. No.-004237-004237 / 1995,21-03-1996 (English)
S.No. 891,Case Number,C.A. No.-010022-010022 / 1995,01-11-1995 (English)
S.No. 892,Case Number,C.A. No.-011083-011141 / 1995,08-02-1996 (English)
S.No. 893,Case Number,Crl.A. No.-000027-000027 / 1996,19-01-1996 (English)
S.No. 894,Case Number,C.A. No.-001438-001439 / 1996,03-01-1996 (English)
S.No. 895,Case Number,C.A. No.-001540-001540 / 1996,02-01-1996 (English)
S.No. 896,Case Number,C.A. No.-002058-002058 / 1996,17-01-1996 (English)
S.No. 897,Case Number,C.A. No.-002084-002084 / 1996,18-01-1996 (English)
S.No. 898,Case Number,C.A. No.-002343-002343 / 1996,12-01-1996 (English)
S.No. 899,Case Number,C.A. No.-003651-003651 / 1996,06-02-1996 (English)
S.No. 900,Case Number,Crl.A. No.-000281-000281 / 1996,29-02-1996 (English)
S.No. 901,Case Number,C.A. No.-004089-004089 / 1996,28-02-1996 (English)
S.No. 902,Case Number,C.A. No.-004258-004258 / 1996,19-02-1996 (English)
S.No. 903,Case Number,C.A. No.-004265-004265 / 1996,12-03-1996 (English)
S.No. 904,Case Number,C.A. No.-005345-005345 / 1996,25-03-1996 (English)
S.No. 905,Case Number,C.A. No.-007559-007559 / 1996,22-04-1996 (English)
S.No. 906,Case Number,C.A. No.-009058-009058 / 1996,10-05-1996 (English)
S.No. 907,Case Number,C.A. No.-009059-009059 / 1996,10-05-1996 (English)
S.No. 908,Case Number,C.A. No.-009074-009074 / 1996,10-05-1996 (English)
S.No. 909,Case Number,C.A. No.-009094-009095 / 1996,09-07-1996 (English)
S.No. 910,Case Number,Crl.A. No.-000730-000730 / 1996,19-07-1996 (English)
S.No. 911,Case Number,C.A. No.-009384-009385 / 1996,19-07-1996 (English)
S.No. 912,Case Number,Crl.A. No.-001644-001645 / 1996,20-08-1996 (English)
S.No. 913,Case Number,C.A. No.-011874-011875 / 1996,26-08-1996 (English)
S.No. 914,Case Number,C.A. No.-012020-012020 / 1996,30-08-1996 (English)
S.No. 915,Case Number,C.A. No.-012312-012312 / 1996,20-09-1996 (English)
S.No. 916,Case Number,C.A. No.-012992-012992 / 1996,11-10-1996 (English)
S.No. 917,Case Number,Crl.A. No.-001696-001696 / 1996,10-09-1996 (English)
S.No. 918,Case Number,C.A. No.-015601-015604 / 1996,15-07-1996 (English)
S.No. 919,Case Number,Crl.A. No.-000648-000648 / 1991,16-11-1995 (English)
S.No. 920,Case Number,C.A. No.-010905-010905 / 1996,23-08-1996 (English)
S.No. 921,Case Number,C.A. No.-010866-010866 / 1996,05-08-1996 (English)
S.No. 922,Case Number,C.A. No.-009157-009157 / 1996,08-05-1996 (English)
S.No. 923,Case Number,C.A. No.-011763-011767 / 1996,10-09-1996 (English)
S.No. 924,Case Number,C.A. No.-009150-009150 / 1996,15-07-1996 (English)
S.No. 925,Case Number,C.A. No.-012001-012001 / 1996,02-09-1996 (English)
S.No. 926,Case Number,C.A. No.-012368-012368 / 1996,09-09-1996 (English)
S.No. 927,Case Number,C.A. No.-005177-005177 / 1996,19-03-1996 (English)
S.No. 928,Case Number,C.A. No.-002668-002668 / 1992,10-01-1996 (English)
S.No. 929,Case Number,C.A. No.-004970-004970 / 1992,14-03-1996 (English)
S.No. 930,Case Number,C.A. No.-003806-003806 / 1992,12-04-1996 (English)
S.No. 931,Case Number,C.A. No.-008373-008373 / 1995,25-07-1996 (English)
S.No. 932,Case Number,C.A. No.-002672-002672 / 1992,25-07-1996 (English)
S.No. 933,Case Number,C.A. No.-003180-003180 / 1992,26-09-1996 (English)
S.No. 934,Case Number,Crl.A. No.-000701-000701 / 1992,26-09-1996 (English)
S.No. 935,Case Number,C.A. No.-006972-006972 / 1996,11-10-1996 (English)
S.No. 936,Case Number,C.A. No.-004204-004204 / 1992,10-11-1995 (English)
S.No. 937,Case Number,C.A. No.-002251-002252 / 1991,28-08-1996 (English)
S.No. 938,Case Number,C.A. No.-003946-003949 / 1998,19-10-1995 (English)
S.No. 939,Case Number,Crl.A. No.-000553-000553 / 1996,10-10-1996 (English)
S.No. 940,Case Number,W.P.(C) No.-000363-000363 / 1991,14-12-1995 (English)
S.No. 941,Case Number,C.A. No.-001423-001423 / 1995,31-10-1995 (English)
S.No. 942,Case Number,C.A. No.-000949-000949 / 1994,20-11-1995 (English)
S.No. 943,Case Number,Crl.A. No.-001574-001574 / 1995,27-02-1996 (English)
S.No. 944,Case Number,Crl.A. No.-000657-000658 / 1995,09-07-1996 (English)
S.No. 945,Case Number,C.A. No.-009513-009513 / 1996,12-07-1996 (English)
S.No. 946,Case Number,C.A. No.-004762-004763 / 1996,14-08-1996 (English)
S.No. 947,Case Number,C.A. No.-001526-001526 / 1994,03-09-1996 (English)
S.No. 948,Case Number,C.A. No.-011359-011359 / 1996,"21-08-1996 (English)
21-08-1996 (English)"
S.No. 949,Case Number,C.A. No.-012931-012931 / 1996,11-09-1996 (English)
S.No. 950,Case Number,C.A. No.-007390-007390 / 1994,15-03-1996 (English)
S.No. 951,Case Number,C.A. No.-012080-012080 / 1995,"15-12-1995 (English)
15-12-1995 (English)"
S.No. 952,Case Number,W.P.(C) No.-000218-000218 / 1992,27-11-1995 (English)
S.No. 953,Case Number,C.A. No.-003785-003785 / 1992,30-04-1996 (English)
S.No. 954,Case Number,C.A. No.-009992-009992 / 1995,10-11-1995 (English)
S.No. 955,Case Number,C.A. No.-010275-010275 / 1995,14-11-1995 (English)
S.No. 956,Case Number,C.A. No.-010337-010337 / 1995,09-11-1995 (English)
S.No. 957,Case Number,C.A. No.-010613-010613 / 1995,16-11-1995 (English)
S.No. 958,Case Number,C.A. No.-011459-011459 / 1995,22-11-1995 (English)
S.No. 959,Case Number,Crl.A. No.-001577-001577 / 1995,28-11-1995 (English)
S.No. 960,Case Number,Crl.A. No.-001578-001578 / 1995,28-11-1995 (English)
S.No. 961,Case Number,Crl.A. No.-001593-001593 / 1995,28-11-1995 (English)
S.No. 962,Case Number,Crl.A. No.-001594-001594 / 1995,28-11-1995 (English)
S.No. 963,Case Number,Crl.A. No.-001612-001612 / 1995,28-11-1995 (English)
S.No. 964,Case Number,C.A. No.-011900-011900 / 1995,04-12-1995 (English)
S.No. 965,Case Number,C.A. No.-011967-011967 / 1995,04-12-1995 (English)
S.No. 966,Case Number,C.A. No.-012073-012073 / 1995,"13-12-1995 (English)
13-12-1995 (English)"
S.No. 967,Case Number,Crl.A. No.-001752-001752 / 1995,"30-11-1995 (English)
30-11-1995 (English)"
S.No. 968,Case Number,C.A. No.-001536-001536 / 1996,09-01-1996 (English)
S.No. 969,Case Number,C.A. No.-001547-001548 / 1996,10-01-1996 (English)
S.No. 970,Case Number,C.A. No.-001650-001650 / 1996,11-01-1996 (English)
S.No. 971,Case Number,C.A. No.-002021-002021 / 1996,08-01-1996 (English)
S.No. 972,Case Number,C.A. No.-002028-002028 / 1996,16-01-1996 (English)
S.No. 973,Case Number,Crl.A. No.-000066-000066 / 1996,18-01-1996 (English)
S.No. 974,Case Number,C.A. No.-002053-002053 / 1996,17-01-1996 (English)
S.No. 975,Case Number,C.A. No.-003226-003226 / 1996,09-02-1996 (English)
S.No. 976,Case Number,C.A. No.-003307-003307 / 1996,13-02-1996 (English)
S.No. 977,Case Number,C.A. No.-003385-003386 / 1996,02-02-1996 (English)
S.No. 978,Case Number,C.A. No.-004125-004125 / 1996,30-01-1996 (English)
S.No. 979,Case Number,C.A. No.-004387-004387 / 1996,26-02-1996 (English)
S.No. 980,Case Number,C.A. No.-005255-005255 / 1996,27-03-1996 (English)
S.No. 981,Case Number,C.A. No.-005376-005376 / 1996,25-03-1996 (English)
S.No. 982,Case Number,C.A. No.-007062-007062 / 1996,29-03-1996 (English)
S.No. 983,Case Number,C.A. No.-007218-007218 / 1996,18-04-1996 (English)
S.No. 984,Case Number,C.A. No.-007950-007950 / 1996,07-05-1996 (English)
S.No. 985,Case Number,C.A. No.-003191-003191 / 1996,29-01-1996 (English)
S.No. 986,Case Number,C.A. No.-008250-008250 / 1996,10-05-1996 (English)
S.No. 987,Case Number,Crl.A. No.-000662-000662 / 1996,30-04-1996 (English)
S.No. 988,Case Number,C.A. No.-009055-009055 / 1996,10-05-1996 (English)
S.No. 989,Case Number,C.A. No.-009078-009078 / 1996,10-05-1996 (English)
S.No. 990,Case Number,C.A. No.-009891-009891 / 1996,31-07-1996 (English)
S.No. 991,Case Number,Crl.A. No.-000812-000812 / 1996,08-08-1996 (English)
S.No. 992,Case Number,C.A. No.-011345-011345 / 1996,09-08-1996 (English)
S.No. 993,Case Number,C.A. No.-013049-013050 / 1996,11-10-1996 (English)
S.No. 994,Case Number,C.A. No.-013220-013220 / 1996,07-10-1996 (English)
S.No. 995,Case Number,C.A. No.-001616-001625 / 1996,05-01-1996 (English)
S.No. 996,Case Number,C.A. No.-007771-007775 / 1996,01-05-1996 (English)
S.No. 997,Case Number,C.A. No.-004722-004722 / 1996,11-03-1996 (English)
S.No. 998,Case Number,C.A. No.-008661-008661 / 1996,30-04-1996 (English)
S.No. 999,Case Number,Crl.A. No.-000276-000276 / 1992,23-08-1996 (English)
S.No. 1000,Case Number,C.A. No.-001865-001870 / 1992,"17-01-1996 (English)
01-11-1995 (English)"
S.No. 1001,Case Number,W.P.(C) No.-000091-000091 / 1992,04-01-1996 (English)
S.No. 1002,Case Number,C.A. No.-001525-001525 / 1994,07-02-1996 (English)
S.No. 1003,Case Number,C.A. No.-005522-005522 / 1994,29-02-1996 (English)
S.No. 1004,Case Number,C.A. No.-009928-009928 / 1995,30-10-1995 (English)
S.No. 1005,Case Number,C.A. No.-009491-009491 / 1995,19-10-1995 (English)
S.No. 1006,Case Number,C.A. No.-010023-010023 / 1995,09-11-1995 (English)
S.No. 1007,Case Number,C.A. No.-010213-010213 / 1995,02-11-1995 (English)
S.No. 1008,Case Number,C.A. No.-010269-010269 / 1995,02-11-1995 (English)
S.No. 1009,Case Number,C.A. No.-010304-010304 / 1995,14-11-1995 (English)
S.No. 1010,Case Number,C.A. No.-011187-011187 / 1995,22-11-1995 (English)
S.No. 1011,Case Number,C.A. No.-011220-011220 / 1995,"16-11-1995 (English)
16-11-1995 (English)"
S.No. 1012,Case Number,Crl.A. No.-001562-001562 / 1995,22-11-1995 (English)
S.No. 1013,Case Number,C.A. No.-011425-011425 / 1995,28-11-1995 (English)
S.No. 1014,Case Number,C.A. No.-011437-011437 / 1995,22-11-1995 (English)
S.No. 1015,Case Number,C.A. No.-011536-011536 / 1995,04-12-1995 (English)
S.No. 1016,Case Number,C.A. No.-011555-011555 / 1995,16-11-1995 (English)
S.No. 1017,Case Number,C.A. No.-011581-011581 / 1995,30-11-1995 (English)
S.No. 1018,Case Number,C.A. No.-011645-011646 / 1995,30-11-1995 (English)
S.No. 1019,Case Number,C.A. No.-011859-011860 / 1995,08-12-1995 (English)
S.No. 1020,Case Number,C.A. No.-011876-011876 / 1995,04-12-1995 (English)
S.No. 1021,Case Number,C.A. No.-011906-011906 / 1995,06-12-1995 (English)
S.No. 1022,Case Number,C.A. No.-011912-011912 / 1995,06-12-1995 (English)
S.No. 1023,Case Number,C.A. No.-012055-012055 / 1995,13-12-1995 (English)
S.No. 1024,Case Number,C.A. No.-012093-012093 / 1995,15-12-1995 (English)
S.No. 1025,Case Number,C.A. No.-012094-012094 / 1995,15-12-1995 (English)
S.No. 1026,Case Number,C.A. No.-012116-012118 / 1995,08-12-1995 (English)
S.No. 1027,Case Number,C.A. No.-012120-012120 / 1995,"15-12-1995 (English)
15-12-1995 (English)"
S.No. 1028,Case Number,C.A. No.-012122-012122 / 1995,"15-12-1995 (English)
15-12-1995 (English)"
S.No. 1029,Case Number,C.A. No.-010282-010282 / 1995,06-11-1995 (English)
S.No. 1030,Case Number,C.A. No.-004438-004442 / 1995,26-07-1996 (English)
S.No. 1031,Case Number,C.A. No.-004579-004579 / 1995,12-12-1995 (English)
S.No. 1032,Case Number,C.A. No.-001530-001530 / 1996,04-01-1996 (English)
S.No. 1033,Case Number,C.A. No.-001538-001538 / 1996,03-01-1996 (English)
S.No. 1034,Case Number,C.A. No.-001539-001539 / 1996,03-01-1996 (English)
S.No. 1035,Case Number,C.A. No.-001546-001546 / 1996,02-01-1996 (English)
S.No. 1036,Case Number,Crl.A. No.-000043-000043 / 1996,05-01-1996 (English)
S.No. 1037,Case Number,C.A. No.-001662-001662 / 1996,08-01-1996 (English)
S.No. 1038,Case Number,C.A. No.-001924-002015 / 1996,08-01-1996 (English)
S.No. 1039,Case Number,C.A. No.-002067-002067 / 1996,11-01-1996 (English)
S.No. 1040,Case Number,C.A. No.-002239-002239 / 1996,09-01-1996 (English)
S.No. 1041,Case Number,C.A. No.-002331-002331 / 1996,11-01-1996 (English)
S.No. 1042,Case Number,C.A. No.-002413-002413 / 1996,17-01-1996 (English)
S.No. 1043,Case Number,C.A. No.-002523-002523 / 1996,17-01-1996 (English)
S.No. 1044,Case Number,C.A. No.-002525-002525 / 1996,12-01-1996 (English)
S.No. 1045,Case Number,C.A. No.-002526-002527 / 1996,16-01-1996 (English)
S.No. 1046,Case Number,C.A. No.-002559-002559 / 1996,11-01-1996 (English)
S.No. 1047,Case Number,C.A. No.-002620-002620 / 1996,02-02-1996 (English)
S.No. 1048,Case Number,C.A. No.-002635-002642 / 1996,17-01-1996 (English)
S.No. 1049,Case Number,C.A. No.-002864-002864 / 1996,24-01-1996 (English)
S.No. 1050,Case Number,C.A. No.-002938-002938 / 1996,30-01-1996 (English)
S.No. 1051,Case Number,C.A. No.-003227-003227 / 1996,30-01-1996 (English)
S.No. 1052,Case Number,C.A. No.-003350-003351 / 1996,07-02-1996 (English)
S.No. 1053,Case Number,C.A. No.-003384-003384 / 1996,05-02-1996 (English)
S.No. 1054,Case Number,C.A. No.-003610-003610 / 1996,16-02-1996 (English)
S.No. 1055,Case Number,C.A. No.-003616-003616 / 1996,12-02-1996 (English)
S.No. 1056,Case Number,C.A. No.-003796-003796 / 1996,15-02-1996 (English)
S.No. 1057,Case Number,C.A. No.-004118-004119 / 1996,30-01-1996 (English)
S.No. 1058,Case Number,C.A. No.-004226-004227 / 1996,12-03-1996 (English)
S.No. 1059,Case Number,C.A. No.-004235-004235 / 1996,01-03-1996 (English)
S.No. 1060,Case Number,C.A. No.-004270-004273 / 1996,15-03-1996 (English)
S.No. 1061,Case Number,C.A. No.-004466-004467 / 1996,15-03-1996 (English)
S.No. 1062,Case Number,C.A. No.-004544-004544 / 1996,19-03-1996 (English)
S.No. 1063,Case Number,C.A. No.-004737-004737 / 1996,11-03-1996 (English)
S.No. 1064,Case Number,C.A. No.-005083-005083 / 1996,22-03-1996 (English)
S.No. 1065,Case Number,C.A. No.-005086-005086 / 1996,15-03-1996 (English)
S.No. 1066,Case Number,Crl.A. No.-000434-000434 / 1996,09-05-1996 (English)
S.No. 1067,Case Number,C.A. No.-006731-006731 / 1996,22-03-1996 (English)
S.No. 1068,Case Number,C.A. No.-006876-006876 / 1996,08-04-1996 (English)
S.No. 1069,Case Number,C.A. No.-006882-006882 / 1996,14-03-1996 (English)
S.No. 1070,Case Number,C.A. No.-007114-007114 / 1996,12-04-1996 (English)
S.No. 1071,Case Number,C.A. No.-007760-007761 / 1996,"07-05-1996 (English)
07-05-1996 (English)"
S.No. 1072,Case Number,C.A. No.-007798-007798 / 1996,18-04-1996 (English)
S.No. 1073,Case Number,C.A. No.-008802-008802 / 1996,30-04-1996 (English)
S.No. 1074,Case Number,C.A. No.-009039-009039 / 1996,"08-05-1996 (English)
08-05-1996 (English)"
S.No. 1075,Case Number,C.A. No.-009477-009477 / 1996,12-07-1996 (English)
S.No. 1076,Case Number,C.A. No.-009489-009489 / 1996,19-07-1996 (English)
S.No. 1077,Case Number,C.A. No.-009501-009501 / 1996,12-07-1996 (English)
S.No. 1078,Case Number,C.A. No.-009750-009750 / 1996,19-07-1996 (English)
S.No. 1079,Case Number,C.A. No.-009768-009768 / 1996,26-07-1996 (English)
S.No. 1080,Case Number,C.A. No.-009853-009853 / 1996,19-07-1996 (English)
S.No. 1081,Case Number,C.A. No.-010786-010786 / 1996,01-08-1996 (English)
S.No. 1082,Case Number,C.A. No.-011342-011342 / 1996,16-08-1996 (English)
S.No. 1083,Case Number,C.A. No.-011459-011459 / 1996,20-08-1996 (English)
S.No. 1084,Case Number,C.A. No.-011646-011724 / 1996,22-08-1996 (English)
S.No. 1085,Case Number,C.A. No.-011864-011867 / 1996,11-09-1996 (English)
S.No. 1086,Case Number,C.A. No.-012019-012019 / 1996,30-08-1996 (English)
S.No. 1087,Case Number,C.A. No.-012037-012048 / 1996,02-09-1996 (English)
S.No. 1088,Case Number,C.A. No.-012370-012370 / 1996,20-09-1996 (English)
S.No. 1089,Case Number,C.A. No.-012871-012871 / 1996,18-09-1996 (English)
S.No. 1090,Case Number,C.A. No.-012883-012883 / 1996,23-09-1996 (English)
S.No. 1091,Case Number,C.A. No.-013228-013228 / 1996,04-10-1996 (English)
S.No. 1092,Case Number,C.A. No.-007500-007500 / 1996,12-04-1996 (English)
S.No. 1093,Case Number,C.A. No.-010685-010685 / 1996,20-08-1996 (English)
S.No. 1094,Case Number,C.A. No.-003679-003679 / 1996,22-02-1996 (English)
S.No. 1095,Case Number,C.A. No.-005404-005404 / 1993,10-09-1996 (English)
S.No. 1096,Case Number,W.P.(Crl.) No.-000340-000343 / 1993,30-01-1996 (English)
S.No. 1097,Case Number,W.P.(C) No.-000317-000317 / 1993,09-08-1996 (English)
S.No. 1098,Case Number,C.A. No.-000770-000770 / 1993,01-12-1995 (English)
S.No. 1099,Case Number,C.A. No.-000710-000710 / 1993,06-08-1996 (English)
S.No. 1100,Case Number,C.A. No.-004014-004014 / 1993,25-09-1996 (English)
S.No. 1101,Case Number,C.A. No.-000869-000871 / 1993,23-07-1996 (English)
S.No. 1102,Case Number,C.A. No.-000688-000688 / 1993,13-11-1995 (English)
S.No. 1103,Case Number,C.A. No.-004973-004973 / 1993,11-12-1995 (English)
S.No. 1104,Case Number,C.A. No.-004645-004647 / 1993,12-12-1995 (English)
S.No. 1105,Case Number,C.A. No.-005141-005141 / 1993,20-02-1996 (English)
S.No. 1106,Case Number,C.A. No.-000624-000625 / 1993,27-02-1996 (English)
S.No. 1107,Case Number,W.P.(C) No.-000546-000546 / 1993,08-04-1996 (English)
S.No. 1108,Case Number,C.A. No.-000431-000432 / 1993,19-03-1996 (English)
S.No. 1109,Case Number,C.A. No.-000334-000334 / 1993,23-07-1996 (English)
S.No. 1110,Case Number,C.A. No.-000135-000135 / 1993,10-09-1996 (English)
