﻿Column-0,Column-1,Column-2,Column-3
S.No. 1,Case Number,Special Leave Petition (crl.) 1759 of 2015,"15-10-2015 (English)
13-10-2015 (English)
12-10-2015 (English)
07-09-2015 (English)
28-08-2015 (English)
07-08-2015 (English)
30-07-2015 (English)
29-07-2015 (English)
28-07-2015 (English)
24-07-2015 (English)
01-07-2015 (English)"
S.No. 2,Case Number,C.A. No.-001918-001918 / 2015,16-02-2015 (English)
S.No. 3,Case Number,Crl.A. No.-000781-000781 / 2012,19-03-2015 (English)
S.No. 4,Case Number,C.A. No.-010394-010396 / 2011,17-08-2015 (English)
S.No. 5,Case Number,C.A. No.-001415-001415 / 2015,03-02-2015 (English)
S.No. 6,Case Number,C.A. No.-008958-008958 / 2003,18-03-2015 (English)
S.No. 7,Case Number,Crl.A. No.-000787-000787 / 2011,10-03-2015 (English)
S.No. 8,Case Number,C.A. No.-010304-010304 / 2014,24-11-2014 (English)
S.No. 9,Case Number,C.A. No.-010942-010942 / 2014,10-12-2014 (English)
S.No. 10,Case Number,C.A. No.-002089-002089 / 2015,25-08-2015 (English)
S.No. 11,Case Number,W.P.(C) No.-000013-000013 / 2015,"16-10-2015 (English)
07-04-2015 (English)"
S.No. 12,Case Number,C.A. No.-001633-001638 / 2004,08-04-2015 (English)
S.No. 13,Case Number,C.A. No.-003385-003385 / 2012,03-07-2015 (English)
S.No. 14,Case Number,C.A. No.-006055-006056 / 2015,11-08-2015 (English)
S.No. 15,Case Number,C.A. No.-003971-003971 / 2006,04-09-2015 (English)
S.No. 16,Case Number,Crl.A. No.-000697-000697 / 2011,01-07-2015 (English)
S.No. 17,Case Number,C.A. No.-010565-010565 / 2014,27-11-2014 (English)
S.No. 18,Case Number,C.A. No.-002858-002858 / 2007,11-12-2014 (English)
S.No. 19,Case Number,Crl.A. No.-000142-000142 / 2015,20-01-2015 (English)
S.No. 20,Case Number,C.A. No.-003725-003726 / 2015,17-04-2015 (English)
S.No. 21,Case Number,C.A. No.-001468-001468 / 2004,06-08-2015 (English)
S.No. 22,Case Number,C.A. No.-001182-001182 / 2015,27-01-2015 (English)
S.No. 23,Case Number,Crl.A. No.-000782-000782 / 2011,23-03-2015 (English)
S.No. 24,Case Number,C.A. No.-002548-002548 / 2009,26-02-2015 (English)
S.No. 25,Case Number,C.A. No.-003042-003042 / 2004,13-04-2015 (English)
S.No. 26,Case Number,C.A. No.-001761-001761 / 2007,07-04-2015 (English)
S.No. 27,Case Number,SLP(C) No.-011396-011396 / 2015,22-09-2015 (English)
S.No. 28,Case Number,W.P.(C) No.-000037-000037 / 2013,10-03-2015 (English)
S.No. 29,Case Number,C.A. No.-008192-008192 / 2003,17-03-2015 (English)
S.No. 30,Case Number,Crl.A. No.-000597-000597 / 2010,"22-09-2015 (English)
19-08-2015 (English)"
S.No. 31,Case Number,C.A. No.-001733-001733 / 2015,02-02-2015 (English)
S.No. 32,Case Number,C.A. No.-005731-005731 / 2011,08-09-2015 (English)
S.No. 33,Case Number,C.A. No.-008617-008635 / 2003,17-03-2015 (English)
S.No. 34,Case Number,Crl.A. No.-000827-000827 / 2008,11-02-2015 (English)
S.No. 35,Case Number,Crl.A. No.-001246-001246 / 2015,23-09-2015 (English)
S.No. 36,Case Number,C.A. No.-010643-010644 / 2010,01-07-2015 (English)
S.No. 37,Case Number,C.A. No.-002836-002836 / 2015,13-03-2015 (English)
S.No. 38,Case Number,C.A. No.-001947-001950 / 2003,22-07-2015 (English)
S.No. 39,Case Number,C.A. No.-003483-003483 / 2011,24-02-2015 (English)
S.No. 40,Case Number,C.A. No.-009766-009775 / 2003,16-04-2015 (English)
S.No. 41,Case Number,C.A. No.-004497-004497 / 2015,15-05-2015 (English)
S.No. 42,Case Number,C.A. No.-005353-005353 / 2009,15-10-2015 (English)
S.No. 43,Case Number,C.A. No.-007914-007914 / 2015,23-09-2015 (English)
S.No. 44,Case Number,C.A. No.-004360-004361 / 2015,29-04-2015 (English)
S.No. 45,Case Number,C.A. No.-003570-003570 / 2015,07-04-2015 (English)
S.No. 46,Case Number,Crl.A. No.-000413-000413 / 2007,04-09-2015 (English)
S.No. 47,Case Number,C.A. No.-003047-003047 / 2015,19-02-2015 (English)
S.No. 48,Case Number,C.A. No.-003906-003906 / 2009,27-11-2014 (English)
S.No. 49,Case Number,C.A. No.-003645-003645 / 2015,16-04-2015 (English)
S.No. 50,Case Number,C.A. No.-001018-001018 / 2006,05-10-2015 (English)
S.No. 51,Case Number,C.A. No.-008912-008912 / 2003,01-04-2015 (English)
S.No. 52,Case Number,C.A. No.-003347-003348 / 2014,22-07-2015 (English)
S.No. 53,Case Number,C.A. No.-003655-003655 / 2010,05-01-2015 (English)
S.No. 54,Case Number,C.A. No.-010364-010371 / 2014,18-11-2014 (English)
S.No. 55,Case Number,C.A. No.-002759-002759 / 2015,11-03-2015 (English)
S.No. 56,Case Number,Crl.A. No.-000505-000505 / 2015,24-03-2015 (English)
S.No. 57,Case Number,C.A. No.-001240-001240 / 2005,06-01-2015 (English)
S.No. 58,Case Number,C.A. No.-002538-002540 / 2015,27-02-2015 (English)
S.No. 59,Case Number,C.A. No.-004606-004606 / 2006,30-09-2015 (English)
S.No. 60,Case Number,C.A. No.-001941-001941 / 2006,25-08-2015 (English)
S.No. 61,Case Number,C.A. No.-001094-001094 / 2015,21-01-2015 (English)
S.No. 62,Case Number,C.A. No.-000843-000843 / 2012,02-09-2015 (English)
S.No. 63,Case Number,Crl.A. No.-001187-001187 / 2006,13-01-2015 (English)
S.No. 64,Case Number,Crl.A. No.-002569-002569 / 2014,12-12-2014 (English)
S.No. 65,Case Number,C.A. No.-006165-006165 / 2015,13-08-2015 (English)
S.No. 66,Case Number,C.A. No.-000354-000355 / 2015,13-01-2015 (English)
S.No. 67,Case Number,C.A. No.-006106-006108 / 2015,12-08-2015 (English)
S.No. 68,Case Number,C.A. No.-001527-001536 / 2013,01-05-2015 (English)
S.No. 69,Case Number,C.A. No.-005167-005167 / 2008,16-03-2015 (English)
S.No. 70,Case Number,C.A. No.-001959-001959 / 2006,25-08-2015 (English)
S.No. 71,Case Number,C.A. No.-000117-000117 / 2005,13-01-2015 (English)
S.No. 72,Case Number,C.A. No.-011525-011525 / 2014,18-12-2014 (English)
S.No. 73,Case Number,Crl.A. No.-001145-001145 / 2012,09-03-2015 (English)
S.No. 74,Case Number,Crl.A. No.-000806-000806 / 2009,26-02-2015 (English)
S.No. 75,Case Number,C.A. No.-005099-005099 / 2006,18-02-2015 (English)
S.No. 76,Case Number,C.A. No.-008084-008084 / 2015,30-09-2015 (English)
S.No. 77,Case Number,C.A. No.-000325-000326 / 2015,13-01-2015 (English)
S.No. 78,Case Number,Crl.A. No.-002086-002086 / 2014,13-08-2015 (English)
S.No. 79,Case Number,C.A. No.-003594-003594 / 2011,08-10-2015 (English)
S.No. 80,Case Number,Crl.A. No.-001786-001787 / 2009,18-08-2015 (English)
S.No. 81,Case Number,Crl.A. No.-000089-000089 / 2009,06-05-2015 (English)
S.No. 82,Case Number,C.A. No.-001213-001213 / 2006,19-11-2014 (English)
S.No. 83,Case Number,Crl.A. No.-000644-000644 / 2015,16-04-2015 (English)
S.No. 84,Case Number,C.A. No.-002749-002749 / 2015,10-03-2015 (English)
S.No. 85,Case Number,C.A. No.-001812-001813 / 2005,15-05-2015 (English)
S.No. 86,Case Number,C.A. No.-006553-006553 / 2015,24-08-2015 (English)
S.No. 87,Case Number,C.A. No.-000209-000209 / 2015,09-01-2015 (English)
S.No. 88,Case Number,C.A. No.-002819-002819 / 2015,12-03-2015 (English)
S.No. 89,Case Number,C.A. No.-001035-001035 / 2008,01-07-2015 (English)
S.No. 90,Case Number,C.A. No.-003124-003124 / 2015,24-03-2015 (English)
S.No. 91,Case Number,C.A. No.-002991-002991 / 2007,11-09-2015 (English)
S.No. 92,Case Number,C.A. No.-008390-008391 / 2015,08-10-2015 (English)
S.No. 93,Case Number,W.P.(C) No.-000061-000061 / 2011,03-02-2015 (English)
S.No. 94,Case Number,C.A. No.-005805-005805 / 2005,07-08-2015 (English)
S.No. 95,Case Number,C.A. No.-002803-002803 / 2014,14-05-2015 (English)
S.No. 96,Case Number,Crl.A. No.-002096-002098 / 2009,01-07-2015 (English)
S.No. 97,Case Number,Crl.A. No.-002244-002244 / 2009,03-07-2015 (English)
S.No. 98,Case Number,Crl.A. No.-000346-000346 / 2004,05-11-2014 (English)
S.No. 99,Case Number,C.A. No.-002701-002701 / 2006,09-01-2015 (English)
S.No. 100,Case Number,Crl.A. No.-001472-001472 / 2009,06-07-2015 (English)
S.No. 101,Case Number,C.A. No.-002734-002734 / 2012,29-04-2015 (English)
S.No. 102,Case Number,C.A. No.-001795-001795 / 2005,29-07-2015 (English)
S.No. 103,Case Number,C.A. No.-003581-003581 / 2015,10-04-2015 (English)
S.No. 104,Case Number,C.A. No.-010091-010091 / 2010,25-03-2015 (English)
S.No. 105,Case Number,C.A. No.-009875-009875 / 2013,04-08-2015 (English)
S.No. 106,Case Number,C.A. No.-010734-010735 / 2017,20-02-2015 (English)
S.No. 107,Case Number,Crl.A. No.-000343-000343 / 2012,15-07-2015 (English)
S.No. 108,Case Number,C.A. No.-008459-008461 / 2010,14-01-2015 (English)
S.No. 109,Case Number,C.A. No.-002616-002616 / 2001,19-03-2015 (English)
S.No. 110,Case Number,Crl.A. No.-001424-001424 / 2009,19-03-2015 (English)
S.No. 111,Case Number,C.A. No.-007732-007732 / 2011,08-04-2015 (English)
S.No. 112,Case Number,C.A. No.-001322-001322 / 2015,30-01-2015 (English)
S.No. 113,Case Number,Crl.A. No.-002329-002331 / 2009,17-12-2014 (English)
S.No. 114,Case Number,C.A. No.-010221-010221 / 2014,13-11-2014 (English)
S.No. 115,Case Number,Crl.A. No.-000774-000776 / 2010,15-10-2015 (English)
S.No. 116,Case Number,Crl.A. No.-000458-000460 / 2009,24-07-2015 (English)
S.No. 117,Case Number,SLP(C) No.-013915-013915 / 2008,16-10-2015 (English)
S.No. 118,Case Number,C.A. No.-008064-008064 / 2015,30-09-2015 (English)
S.No. 119,Case Number,Crl.A. No.-000338-000338 / 2015,19-03-2015 (English)
S.No. 120,Case Number,Crl.A. No.-000014-000014 / 2015,06-01-2015 (English)
S.No. 121,Case Number,C.A. No.-006008-006008 / 2015,07-08-2015 (English)
S.No. 122,Case Number,C.A. No.-002807-002807 / 2004,30-03-2015 (English)
S.No. 123,Case Number,Crl.A. No.-000955-000955 / 2015,24-07-2015 (English)
S.No. 124,Case Number,Crl.A. No.-000569-000569 / 2014,29-05-2015 (English)
S.No. 125,Case Number,Crl.A. No.-001311-001311 / 2006,10-03-2015 (English)
S.No. 126,Case Number,Crl.A. No.-000369-000369 / 1999,23-07-2015 (English)
S.No. 127,Case Number,C.A. No.-002463-002463 / 2015,26-02-2015 (English)
S.No. 128,Case Number,Crl.A. No.-000099-000099 / 2015,16-01-2015 (English)
S.No. 129,Case Number,C.A. No.-006770-006770 / 2004,20-08-2015 (English)
S.No. 130,Case Number,Crl.A. No.-002174-002174 / 2009,28-04-2015 (English)
S.No. 131,Case Number,C.A. No.-006848-006848 / 2015,04-09-2015 (English)
S.No. 132,Case Number,C.A. No.-005862-005862 / 2007,26-03-2015 (English)
S.No. 133,Case Number,Crl.A. No.-002341-002341 / 2011,17-03-2015 (English)
S.No. 134,Case Number,C.A. No.-002558-002558 / 2005,07-05-2015 (English)
S.No. 135,Case Number,C.A. No.-007400-007400 / 2013,11-03-2015 (English)
S.No. 136,Case Number,C.A. No.-002729-002730 / 2004,30-03-2015 (English)
S.No. 137,Case Number,C.A. No.-007499-007499 / 2004,12-11-2014 (English)
S.No. 138,Case Number,Crl.A. No.-000552-000552 / 2012,20-01-2015 (English)
S.No. 139,Case Number,C.A. No.-001852-001852 / 2015,13-02-2015 (English)
S.No. 140,Case Number,CONMT.PET.(Crl.) No.-000002-000002 / 2015,09-09-2015 (English)
S.No. 141,Case Number,Crl.A. No.-000637-000637 / 2015,"27-04-2015 (English)
15-04-2015 (English)"
S.No. 142,Case Number,Crl.A. No.-001286-001287 / 2015,01-10-2015 (English)
S.No. 143,Case Number,C.A. No.-005225-005225 / 2008,27-10-2014 (English)
S.No. 144,Case Number,C.A. No.-008662-008662 / 2015,15-10-2015 (English)
S.No. 145,Case Number,C.A. No.-002935-002936 / 2015,17-03-2015 (English)
S.No. 146,Case Number,C.A. No.-005778-005778 / 2015,29-07-2015 (English)
S.No. 147,Case Number,C.A. No.-008190-008190 / 2003,12-03-2015 (English)
S.No. 148,Case Number,C.A. No.-002904-002904 / 2011,13-02-2015 (English)
S.No. 149,Case Number,C.A. No.-011466-011466 / 2014,17-12-2014 (English)
S.No. 150,Case Number,C.A. No.-000224-000225 / 2015,10-01-2015 (English)
S.No. 151,Case Number,C.A. No.-011527-011527 / 2014,18-12-2014 (English)
S.No. 152,Case Number,Crl.A. No.-001152-001152 / 2009,05-12-2014 (English)
S.No. 153,Case Number,C.A. No.-002134-002134 / 2006,03-12-2014 (English)
S.No. 154,Case Number,ARBIT.CASE(C) No.-000027-000027 / 2015,04-09-2015 (English)
S.No. 155,Case Number,C.A. No.-003303-003303 / 1997,21-11-2014 (English)
S.No. 156,Case Number,C.A. No.-000666-000666 / 2015,27-01-2015 (English)
S.No. 157,Case Number,C.A. No.-006841-006842 / 2008,15-10-2015 (English)
S.No. 158,Case Number,C.A. No.-002548-002548 / 2006,06-05-2015 (English)
S.No. 159,Case Number,Crl.A. No.-001831-001831 / 2011,15-05-2015 (English)
S.No. 160,Case Number,Crl.A. No.-002602-002602 / 2014,17-12-2014 (English)
S.No. 161,Case Number,C.A. No.-001971-001971 / 2015,09-07-2015 (English)
S.No. 162,Case Number,SLP(C) No.-007528-007528 / 2000,07-11-2014 (English)
S.No. 163,Case Number,Crl.A. No.-001172-001172 / 2008,18-08-2015 (English)
S.No. 164,Case Number,C.A. No.-008606-008610 / 2015,14-10-2015 (English)
S.No. 165,Case Number,Crl.A. No.-002435-002435 / 2014,19-11-2014 (English)
S.No. 166,Case Number,C.A. No.-006631-006632 / 2015,27-08-2015 (English)
S.No. 167,Case Number,W.P.(C) No.-000252-000252 / 2004,03-02-2015 (English)
S.No. 168,Case Number,C.A. No.-009964-009964 / 2014,30-10-2014 (English)
S.No. 169,Case Number,Crl.A. No.-000050-000050 / 2014,16-04-2015 (English)
S.No. 170,Case Number,C.A. No.-008006-008007 / 2003,23-07-2015 (English)
S.No. 171,Case Number,C.A. No.-007988-007988 / 2015,28-09-2015 (English)
S.No. 172,Case Number,Crl.A. No.-001691-001691 / 2009,15-10-2015 (English)
S.No. 173,Case Number,C.A. No.-004211-004211 / 2015,06-05-2015 (English)
S.No. 174,Case Number,SLP(C) No.-011136-011136 / 2013,12-11-2014 (English)
S.No. 175,Case Number,C.A. No.-003375-003376 / 2005,21-04-2015 (English)
S.No. 176,Case Number,Crl.A. No.-001187-001188 / 2015,10-09-2015 (English)
S.No. 177,Case Number,C.A. No.-001906-001906 / 2007,22-04-2015 (English)
S.No. 178,Case Number,C.A. No.-005070-005070 / 2008,01-07-2015 (English)
S.No. 179,Case Number,C.A. No.-001002-001002 / 2010,04-12-2014 (English)
S.No. 180,Case Number,Crl.A. No.-001178-001178 / 2008,30-09-2015 (English)
S.No. 181,Case Number,Crl.A. No.-001355-001355 / 2015,14-10-2015 (English)
S.No. 182,Case Number,Crl.A. No.-001297-001297 / 2011,16-12-2014 (English)
S.No. 183,Case Number,C.A. No.-011465-011465 / 2014,17-12-2014 (English)
S.No. 184,Case Number,Crl.A. No.-002530-002530 / 2014,04-12-2014 (English)
S.No. 185,Case Number,Crl.A. No.-000065-000065 / 2012,10-03-2015 (English)
S.No. 186,Case Number,Crl.A. No.-001097-001097 / 2012,25-11-2014 (English)
S.No. 187,Case Number,Crl.A. No.-002321-002321 / 2009,26-02-2015 (English)
S.No. 188,Case Number,C.A. No.-006651-006653 / 2015,28-08-2015 (English)
S.No. 189,Case Number,C.A. No.-009799-009799 / 2010,24-04-2015 (English)
S.No. 190,Case Number,C.A. No.-002077-002077 / 2015,20-02-2015 (English)
S.No. 191,Case Number,C.A. No.-006465-006465 / 2015,20-08-2015 (English)
S.No. 192,Case Number,C.A. No.-007147-007147 / 2008,07-10-2015 (English)
S.No. 193,Case Number,Crl.A. No.-001085-001085 / 2015,25-08-2015 (English)
S.No. 194,Case Number,C.A. No.-003399-003400 / 2015,08-04-2015 (English)
S.No. 195,Case Number,Crl.A. No.-002194-002194 / 2011,11-03-2015 (English)
S.No. 196,Case Number,Crl.A. No.-001041-001042 / 2008,16-04-2015 (English)
S.No. 197,Case Number,C.A. No.-001563-001563 / 2007,30-01-2015 (English)
S.No. 198,Case Number,C.A. No.-003353-003353 / 2005,02-07-2015 (English)
S.No. 199,Case Number,C.A. No.-005616-005616 / 2015,22-07-2015 (English)
S.No. 200,Case Number,C.A. No.-002963-002963 / 2013,09-10-2015 (English)
S.No. 201,Case Number,W.P.(C) No.-000274-000274 / 2014,17-03-2015 (English)
S.No. 202,Case Number,Crl.A. No.-001245-001245 / 2009,30-07-2015 (English)
S.No. 203,Case Number,Crl.A. No.-000129-000129 / 2013,13-04-2015 (English)
S.No. 204,Case Number,C.A. No.-006549-006549 / 2014,11-05-2015 (English)
S.No. 205,Case Number,C.A. No.-006319-006319 / 2015,14-08-2015 (English)
S.No. 206,Case Number,C.A. No.-008058-008058 / 2015,24-09-2015 (English)
S.No. 207,Case Number,C.A. No.-001028-001037 / 2005,12-08-2015 (English)
S.No. 208,Case Number,Crl.A. No.-002071-002072 / 2008,10-04-2015 (English)
S.No. 209,Case Number,C.A. No.-008224-008224 / 2012,06-02-2015 (English)
S.No. 210,Case Number,C.A. No.-004367-004367 / 2004,"24-04-2015 (English)
23-04-2015 (English)"
S.No. 211,Case Number,Crl.A. No.-000864-000865 / 2012,12-12-2014 (English)
S.No. 212,Case Number,C.A. No.-004267-004267 / 2015,15-10-2015 (English)
S.No. 213,Case Number,SLP(C) No.-014994-014994 / 2000,17-12-2014 (English)
S.No. 214,Case Number,SLP(C) No.-008850-008850 / 2015,09-04-2015 (English)
S.No. 215,Case Number,SLP(C) No.-015332-015332 / 2000,14-11-2014 (English)
S.No. 216,Case Number,C.A. No.-001811-001811 / 2007,26-02-2015 (English)
S.No. 217,Case Number,C.A. No.-004043-004043 / 2015,28-04-2015 (English)
S.No. 218,Case Number,Crl.A. No.-002128-002128 / 2011,22-09-2015 (English)
S.No. 219,Case Number,C.A. No.-003623-003624 / 2005,12-05-2015 (English)
S.No. 220,Case Number,C.A. No.-002069-002069 / 2006,07-09-2015 (English)
S.No. 221,Case Number,Crl.A. No.-002224-002224 / 2011,11-03-2015 (English)
S.No. 222,Case Number,ARBIT.CASE(C) No.-000003-000003 / 2008,10-04-2015 (English)
S.No. 223,Case Number,Crl.A. No.-000714-000714 / 2009,06-05-2015 (English)
S.No. 224,Case Number,Crl.A. No.-001179-001179 / 2010,14-05-2015 (English)
S.No. 225,Case Number,C.A. No.-003103-003103 / 2015,23-03-2015 (English)
S.No. 226,Case Number,C.A. No.-010386-010386 / 2014,03-11-2014 (English)
S.No. 227,Case Number,C.A. No.-002753-002753 / 2006,02-09-2015 (English)
S.No. 228,Case Number,Crl.A. No.-001590-001590 / 2011,02-07-2015 (English)
S.No. 229,Case Number,C.A. No.-002402-002402 / 2015,24-02-2015 (English)
S.No. 230,Case Number,C.A. No.-008397-008397 / 2015,08-10-2015 (English)
S.No. 231,Case Number,C.A. No.-003748-003751 / 2007,07-10-2015 (English)
S.No. 232,Case Number,C.A. No.-005020-005020 / 2005,12-08-2015 (English)
S.No. 233,Case Number,C.A. No.-002938-002939 / 2015,17-03-2015 (English)
S.No. 234,Case Number,Crl.A. No.-001081-001081 / 2015,21-08-2015 (English)
S.No. 235,Case Number,Crl.A. No.-000157-000157 / 2011,08-04-2015 (English)
S.No. 236,Case Number,C.A. No.-004494-004494 / 2004,09-04-2015 (English)
S.No. 237,Case Number,C.A. No.-010561-010561 / 2014,17-11-2014 (English)
S.No. 238,Case Number,Crl.A. No.-000420-000420 / 2012,28-11-2014 (English)
S.No. 239,Case Number,C.A. No.-006160-006160 / 2014,14-11-2014 (English)
S.No. 240,Case Number,C.A. No.-000324-000324 / 2015,13-01-2015 (English)
S.No. 241,Case Number,Crl.A. No.-001330-001330 / 2009,26-02-2015 (English)
S.No. 242,Case Number,Crl.A. No.-000034-000034 / 2015,09-01-2015 (English)
S.No. 243,Case Number,C.A. No.-001751-001751 / 2015,11-02-2015 (English)
S.No. 244,Case Number,C.A. No.-000298-000298 / 2007,20-08-2015 (English)
S.No. 245,Case Number,C.A. No.-009931-009931 / 2014,28-10-2014 (English)
S.No. 246,Case Number,Crl.A. No.-001647-001648 / 2008,28-04-2015 (English)
S.No. 247,Case Number,C.A. No.-001956-001957 / 2015,17-02-2015 (English)
S.No. 248,Case Number,C.A. No.-005768-005768 / 2006,23-04-2015 (English)
S.No. 249,Case Number,C.A. No.-007065-007065 / 2008,26-02-2015 (English)
S.No. 250,Case Number,C.A. No.-006373-006373 / 2010,29-01-2015 (English)
S.No. 251,Case Number,C.A. No.-002366-002366 / 2010,14-05-2015 (English)
S.No. 252,Case Number,C.A. No.-008441-008441 / 2015,08-10-2015 (English)
S.No. 253,Case Number,C.A. No.-007130-007130 / 2003,26-03-2015 (English)
S.No. 254,Case Number,C.A. No.-004747-004749 / 2009,07-10-2015 (English)
S.No. 255,Case Number,C.A. No.-010862-010862 / 2014,09-12-2014 (English)
S.No. 256,Case Number,C.A. No.-001323-001323 / 2015,30-01-2015 (English)
S.No. 257,Case Number,C.A. No.-003580-003580 / 2005,21-08-2015 (English)
S.No. 258,Case Number,C.A. No.-007796-007796 / 1997,18-02-2015 (English)
S.No. 259,Case Number,CONMT.PET.(C) No.-000339-000339 / 2013,16-10-2015 (English)
S.No. 260,Case Number,C.A. No.-003348-003348 / 2015,07-04-2015 (English)
S.No. 261,Case Number,C.A. No.-001640-001640 / 2015,01-07-2015 (English)
S.No. 262,Case Number,C.A. No.-003872-003872 / 2009,04-12-2014 (English)
S.No. 263,Case Number,C.A. No.-002374-002374 / 2015,06-07-2015 (English)
S.No. 264,Case Number,Crl.A. No.-000707-000707 / 2007,11-03-2015 (English)
S.No. 265,Case Number,Crl.A. No.-001592-001592 / 2011,09-01-2015 (English)
S.No. 266,Case Number,C.A. No.-010384-010384 / 2014,18-11-2014 (English)
S.No. 267,Case Number,C.A. No.-000297-000298 / 2015,12-01-2015 (English)
S.No. 268,Case Number,C.A. No.-007377-007377 / 2008,01-04-2015 (English)
S.No. 269,Case Number,C.A. No.-009951-009951 / 2014,29-10-2014 (English)
S.No. 270,Case Number,Crl.A. No.-002371-002371 / 2010,07-01-2015 (English)
S.No. 271,Case Number,Crl.A. No.-002475-002475 / 2009,29-10-2014 (English)
S.No. 272,Case Number,C.A. No.-006161-006161 / 2010,10-03-2015 (English)
S.No. 273,Case Number,C.A. No.-010416-010417 / 2014,20-11-2014 (English)
S.No. 274,Case Number,Crl.A. No.-001049-001050 / 2015,18-08-2015 (English)
S.No. 275,Case Number,Crl.A. No.-000395-000395 / 2015,27-02-2015 (English)
S.No. 276,Case Number,Crl.A. No.-000290-000290 / 2015,13-02-2015 (English)
S.No. 277,Case Number,C.A. No.-005874-005875 / 2009,18-12-2014 (English)
S.No. 278,Case Number,C.A. No.-005541-005541 / 2004,23-04-2015 (English)
S.No. 279,Case Number,C.A. No.-001497-001497 / 2011,10-12-2014 (English)
S.No. 280,Case Number,Crl.A. No.-000083-000083 / 2015,14-11-2014 (English)
S.No. 281,Case Number,C.A. No.-004480-004480 / 2005,14-05-2015 (English)
S.No. 282,Case Number,C.A. No.-007984-007984 / 2015,24-09-2015 (English)
S.No. 283,Case Number,C.A. No.-000411-000412 / 2004,21-08-2015 (English)
S.No. 284,Case Number,C.A. No.-000176-000176 / 2015,20-01-2015 (English)
S.No. 285,Case Number,C.A. No.-010547-010548 / 2011,15-10-2015 (English)
S.No. 286,Case Number,C.A. No.-000216-000216 / 2007,04-09-2015 (English)
S.No. 287,Case Number,C.A. No.-003594-003594 / 2005,13-05-2015 (English)
S.No. 288,Case Number,C.A. No.-009999-009999 / 2014,03-11-2014 (English)
S.No. 289,Case Number,C.A. No.-008427-008427 / 2014,06-10-2015 (English)
S.No. 290,Case Number,C.A. No.-010531-010531 / 2014,25-11-2014 (English)
S.No. 291,Case Number,SLP(C) No.-002835-002835 / 2000,26-02-2015 (English)
S.No. 292,Case Number,Crl.A. No.-001848-001848 / 2008,26-02-2015 (English)
S.No. 293,Case Number,C.A. No.-003272-003272 / 2015,01-04-2015 (English)
S.No. 294,Case Number,C.A. No.-002967-002967 / 2012,08-10-2015 (English)
S.No. 295,Case Number,W.P.(C) No.-000293-000293 / 2012,18-02-2015 (English)
S.No. 296,Case Number,C.A. No.-000811-000811 / 2007,31-07-2015 (English)
S.No. 297,Case Number,C.A. No.-004542-004542 / 2007,29-04-2015 (English)
S.No. 298,Case Number,C.A. No.-008275-008275 / 2015,06-10-2015 (English)
S.No. 299,Case Number,C.A. No.-007148-007148 / 2008,24-11-2014 (English)
S.No. 300,Case Number,C.A. No.-004513-004513 / 2005,21-07-2015 (English)
S.No. 301,Case Number,C.A. No.-005804-005804 / 2015,30-07-2015 (English)
S.No. 302,Case Number,Crl.A. No.-001439-001439 / 2013,08-05-2015 (English)
S.No. 303,Case Number,Crl.A. No.-001867-001867 / 2012,24-07-2015 (English)
S.No. 304,Case Number,C.A. No.-000318-000318 / 2011,07-09-2015 (English)
S.No. 305,Case Number,C.A. No.-011486-011487 / 2014,17-12-2014 (English)
S.No. 306,Case Number,C.A. No.-005282-005282 / 2004,15-04-2015 (English)
S.No. 307,Case Number,Crl.A. No.-001098-001098 / 2012,16-10-2015 (English)
S.No. 308,Case Number,Crl.A. No.-001240-001241 / 2010,10-04-2015 (English)
S.No. 309,Case Number,Crl.A. No.-000230-000230 / 2013,10-03-2015 (English)
S.No. 310,Case Number,C.A. No.-004942-004942 / 2007,23-02-2015 (English)
S.No. 311,Case Number,W.P.(C) No.-000060-000060 / 2000,13-03-2015 (English)
S.No. 312,Case Number,Crl.A. No.-002446-002447 / 2014,19-11-2014 (English)
S.No. 313,Case Number,C.A. No.-006168-006168 / 2015,13-08-2015 (English)
S.No. 314,Case Number,C.A. No.-008577-008577 / 2014,19-01-2015 (English)
S.No. 315,Case Number,Crl.A. No.-001266-001266 / 2013,14-11-2014 (English)
S.No. 316,Case Number,C.A. No.-006583-006583 / 2015,26-08-2015 (English)
S.No. 317,Case Number,C.A. No.-003050-003050 / 2015,24-03-2015 (English)
S.No. 318,Case Number,Crl.A. No.-002401-002401 / 2014,13-11-2014 (English)
S.No. 319,Case Number,C.A. No.-006366-006368 / 2003,23-03-2015 (English)
S.No. 320,Case Number,Crl.A. No.-000961-000962 / 2015,21-07-2015 (English)
S.No. 321,Case Number,Crl.A. No.-001261-001261 / 2009,29-05-2015 (English)
S.No. 322,Case Number,C.A. No.-007041-007041 / 2015,11-09-2015 (English)
S.No. 323,Case Number,C.A. No.-005577-005577 / 2004,12-02-2015 (English)
S.No. 324,Case Number,C.A. No.-004244-004244 / 2015,07-05-2015 (English)
S.No. 325,Case Number,Crl.A. No.-000393-000393 / 2015,27-02-2015 (English)
S.No. 326,Case Number,C.A. No.-004908-004908 / 2005,21-07-2015 (English)
S.No. 327,Case Number,C.A. No.-006691-006692 / 2015,01-09-2015 (English)
S.No. 328,Case Number,Crl.A. No.-001209-001209 / 2015,14-09-2015 (English)
S.No. 329,Case Number,C.A. No.-005902-005909 / 2005,28-07-2015 (English)
S.No. 330,Case Number,C.A. No.-007513-007513 / 2009,14-01-2015 (English)
S.No. 331,Case Number,Crl.A. No.-001105-001105 / 2015,25-08-2015 (English)
S.No. 332,Case Number,C.A. No.-001086-001086 / 2015,21-01-2015 (English)
S.No. 333,Case Number,C.A. No.-002532-002532 / 2010,17-02-2015 (English)
S.No. 334,Case Number,C.A. No.-002475-002476 / 2015,27-02-2015 (English)
S.No. 335,Case Number,C.A. No.-004201-004201 / 2015,05-05-2015 (English)
S.No. 336,Case Number,Crl.A. No.-002545-002545 / 2014,09-12-2014 (English)
S.No. 337,Case Number,C.A. No.-006689-006690 / 2015,01-09-2015 (English)
S.No. 338,Case Number,C.A. No.-000860-000860 / 2006,21-08-2015 (English)
S.No. 339,Case Number,SLP(C) No.-015277-015277 / 2000,08-04-2015 (English)
S.No. 340,Case Number,W.P.(C) No.-000223-000223 / 2009,12-12-2014 (English)
S.No. 341,Case Number,Crl.A. No.-000786-000786 / 2008,16-10-2015 (English)
S.No. 342,Case Number,C.A. No.-000626-000627 / 2008,10-08-2015 (English)
S.No. 343,Case Number,Crl.A. No.-002478-002478 / 2014,25-11-2014 (English)
S.No. 344,Case Number,C.A. No.-005523-005523 / 2004,05-05-2015 (English)
S.No. 345,Case Number,Crl.A. No.-000857-000857 / 2012,14-05-2015 (English)
S.No. 346,Case Number,C.A. No.-010592-010592 / 2014,28-11-2014 (English)
S.No. 347,Case Number,SLP(C) No.-001982-001982 / 2000,10-04-2015 (English)
S.No. 348,Case Number,C.A. No.-001087-001087 / 2015,21-01-2015 (English)
S.No. 349,Case Number,CONMT.PET.(C) No.-000169-000169 / 2012,21-09-2015 (English)
S.No. 350,Case Number,Crl.A. No.-000067-000070 / 2009,03-07-2015 (English)
S.No. 351,Case Number,Crl.A. No.-000600-000600 / 2007,16-03-2015 (English)
S.No. 352,Case Number,C.A. No.-007535-007535 / 2011,13-03-2015 (English)
S.No. 353,Case Number,C.A. No.-000730-000730 / 2007,01-07-2015 (English)
S.No. 354,Case Number,C.A. No.-000731-000731 / 2007,01-07-2015 (English)
S.No. 355,Case Number,C.A. No.-008223-008223 / 2015,18-09-2015 (English)
S.No. 356,Case Number,Crl.A. No.-001239-001239 / 2015,21-09-2015 (English)
S.No. 357,Case Number,C.A. No.-006692-006692 / 2004,29-07-2015 (English)
S.No. 358,Case Number,SLP(C) No.-014838-014838 / 2015,"17-09-2015 (English)
15-07-2015 (English)"
S.No. 359,Case Number,Crl.A. No.-001203-001203 / 2009,17-12-2014 (English)
S.No. 360,Case Number,C.A. No.-006595-006595 / 2015,26-08-2015 (English)
S.No. 361,Case Number,Crl.A. No.-000231-000231 / 2015,01-07-2015 (English)
S.No. 362,Case Number,C.A. No.-002866-002866 / 2006,25-08-2015 (English)
S.No. 363,Case Number,C.A. No.-003889-003889 / 2006,23-09-2015 (English)
S.No. 364,Case Number,Crl.A. No.-000457-000457 / 2008,09-04-2015 (English)
S.No. 365,Case Number,Crl.A. No.-000341-000341 / 2012,07-10-2015 (English)
S.No. 366,Case Number,C.A. No.-003763-003763 / 2007,29-09-2015 (English)
S.No. 367,Case Number,C.A. No.-006812-006812 / 2015,02-09-2015 (English)
S.No. 368,Case Number,Crl.A. No.-000592-000592 / 2015,13-04-2015 (English)
S.No. 369,Case Number,C.A. No.-009049-009051 / 2003,08-04-2015 (English)
S.No. 370,Case Number,C.A. No.-005511-005512 / 2014,24-04-2015 (English)
S.No. 371,Case Number,Crl.A. No.-000812-000812 / 2008,13-08-2015 (English)
S.No. 372,Case Number,SLP(C) No.-015043-015043 / 2015,31-08-2015 (English)
S.No. 373,Case Number,Crl.A. No.-002153-002153 / 2011,10-03-2015 (English)
S.No. 374,Case Number,Crl.A. No.-002168-002168 / 2010,17-12-2014 (English)
S.No. 375,Case Number,C.A. No.-008063-008063 / 2015,01-10-2015 (English)
S.No. 376,Case Number,C.A. No.-003600-003600 / 2006,02-09-2015 (English)
S.No. 377,Case Number,C.A. No.-004232-004232 / 2007,26-11-2014 (English)
S.No. 378,Case Number,Crl.A. No.-000866-000866 / 2015,07-07-2015 (English)
S.No. 379,Case Number,C.A. No.-001232-001232 / 2015,28-01-2015 (English)
S.No. 380,Case Number,C.A. No.-000557-000558 / 2012,15-07-2015 (English)
S.No. 381,Case Number,C.A. No.-007991-007991 / 2015,28-09-2015 (English)
S.No. 382,Case Number,C.A. No.-007526-007526 / 2004,05-05-2015 (English)
S.No. 383,Case Number,Crl.A. No.-001611-001611 / 2009,01-07-2015 (English)
S.No. 384,Case Number,SLP(C) No.-003824-003824 / 2000,01-07-2015 (English)
S.No. 385,Case Number,SLP(C) No.-004033-004033 / 2000,01-07-2015 (English)
S.No. 386,Case Number,SLP(C) No.-003939-003939 / 2000,01-07-2015 (English)
S.No. 387,Case Number,C.A. No.-010856-010856 / 2014,09-12-2014 (English)
S.No. 388,Case Number,R.P.(C) No.-000428-000429 / 2000,01-07-2015 (English)
S.No. 389,Case Number,C.A. No.-001272-001272 / 2002,01-07-2015 (English)
S.No. 390,Case Number,C.A. No.-010778-010778 / 2014,05-12-2014 (English)
S.No. 391,Case Number,Crl.A. No.-000152-000152 / 2012,09-04-2015 (English)
S.No. 392,Case Number,C.A. No.-008284-008284 / 2013,20-03-2015 (English)
S.No. 393,Case Number,W.P.(C) No.-000038-000038 / 2000,06-07-2015 (English)
S.No. 394,Case Number,Crl.A. No.-000658-000658 / 2011,18-09-2015 (English)
S.No. 395,Case Number,C.A. No.-010251-010251 / 2014,12-10-2015 (English)
S.No. 396,Case Number,C.A. No.-001978-001978 / 2007,09-10-2015 (English)
S.No. 397,Case Number,C.A. No.-006813-006814 / 2015,02-09-2015 (English)
S.No. 398,Case Number,C.A. No.-002415-002415 / 2003,28-10-2014 (English)
S.No. 399,Case Number,C.A. No.-010310-010311 / 2014,01-07-2015 (English)
S.No. 400,Case Number,W.P.(C) No.-000306-000306 / 2015,06-08-2015 (English)
S.No. 401,Case Number,C.A. No.-001049-001049 / 2008,24-03-2015 (English)
S.No. 402,Case Number,ARBIT.CASE(C) No.-000022-000022 / 2013,07-04-2015 (English)
S.No. 403,Case Number,Crl.A. No.-000090-000090 / 2015,15-01-2015 (English)
S.No. 404,Case Number,Crl.A. No.-001317-001317 / 2008,06-05-2015 (English)
S.No. 405,Case Number,C.A. No.-003585-003585 / 2015,06-04-2015 (English)
S.No. 406,Case Number,C.A. No.-002609-002609 / 2004,27-03-2015 (English)
S.No. 407,Case Number,SLP(C) No.-005845-005845 / 2000,14-08-2015 (English)
S.No. 408,Case Number,C.A. No.-004909-004909 / 2015,01-07-2015 (English)
S.No. 409,Case Number,C.A. No.-001569-001569 / 2007,10-03-2015 (English)
S.No. 410,Case Number,Crl.A. No.-000844-000844 / 2015,02-07-2015 (English)
S.No. 411,Case Number,Crl.A. No.-001403-001403 / 2011,18-12-2014 (English)
S.No. 412,Case Number,Crl.A. No.-001889-001889 / 2008,09-01-2015 (English)
S.No. 413,Case Number,C.A. No.-000662-000663 / 2008,11-12-2014 (English)
S.No. 414,Case Number,C.A. No.-005525-005526 / 2005,11-08-2015 (English)
S.No. 415,Case Number,C.A. No.-001770-001770 / 2005,16-10-2015 (English)
S.No. 416,Case Number,C.A. No.-007215-007215 / 2004,05-05-2015 (English)
S.No. 417,Case Number,C.A. No.-006561-006561 / 2004,29-04-2015 (English)
S.No. 418,Case Number,C.A. No.-002923-002923 / 2006,29-09-2015 (English)
S.No. 419,Case Number,SLP(C) No.-001290-001290 / 2000,04-09-2015 (English)
S.No. 420,Case Number,Crl.A. No.-002047-002047 / 2008,24-04-2015 (English)
S.No. 421,Case Number,C.A. No.-000027-000027 / 2015,17-12-2014 (English)
S.No. 422,Case Number,C.A. No.-000123-000123 / 2001,18-09-2015 (English)
S.No. 423,Case Number,C.A. No.-006709-006709 / 2004,23-04-2015 (English)
S.No. 424,Case Number,C.A. No.-005631-005632 / 2015,20-07-2015 (English)
S.No. 425,Case Number,C.A. No.-007424-007424 / 2013,22-01-2015 (English)
S.No. 426,Case Number,Crl.A. No.-000951-000951 / 2007,16-09-2015 (English)
S.No. 427,Case Number,W.P.(C) No.-000027-000027 / 2000,30-09-2015 (English)
S.No. 428,Case Number,C.A. No.-003872-003872 / 2010,27-11-2014 (English)
S.No. 429,Case Number,Crl.A. No.-001554-001554 / 2014,26-05-2015 (English)
S.No. 430,Case Number,Crl.A. No.-000507-000507 / 2013,08-05-2015 (English)
S.No. 431,Case Number,C.A. No.-005471-005471 / 2005,10-08-2015 (English)
S.No. 432,Case Number,C.A. No.-001478-001478 / 2015,21-01-2015 (English)
S.No. 433,Case Number,C.A. No.-005319-005319 / 2008,25-02-2015 (English)
S.No. 434,Case Number,C.A. No.-006950-006950 / 2009,18-03-2015 (English)
S.No. 435,Case Number,C.A. No.-009043-009043 / 2003,25-03-2015 (English)
S.No. 436,Case Number,C.A. No.-004472-004472 / 2015,15-05-2015 (English)
S.No. 437,Case Number,C.A. No.-004905-004905 / 2015,14-08-2015 (English)
S.No. 438,Case Number,Crl.A. No.-000082-000082 / 2015,14-01-2015 (English)
S.No. 439,Case Number,Crl.A. No.-001001-001001 / 2010,16-09-2015 (English)
S.No. 440,Case Number,C.A. No.-002835-002835 / 2015,13-03-2015 (English)
S.No. 441,Case Number,C.A. No.-008314-008314 / 2015,07-10-2015 (English)
S.No. 442,Case Number,Crl.A. No.-000983-000983 / 2015,03-08-2015 (English)
S.No. 443,Case Number,C.A. No.-002830-002830 / 2005,08-05-2015 (English)
S.No. 444,Case Number,C.A. No.-004220-004220 / 2015,06-05-2015 (English)
S.No. 445,Case Number,C.A. No.-004394-004394 / 2015,13-05-2015 (English)
S.No. 446,Case Number,Crl.A. No.-000461-000461 / 2015,17-03-2015 (English)
S.No. 447,Case Number,Crl.A. No.-000019-000019 / 2013,14-11-2014 (English)
S.No. 448,Case Number,Crl.A. No.-001496-001496 / 2009,28-08-2015 (English)
S.No. 449,Case Number,C.A. No.-011604-011604 / 2014,18-12-2014 (English)
S.No. 450,Case Number,C.A. No.-006521-006521 / 2015,19-08-2015 (English)
S.No. 451,Case Number,Crl.A. No.-002146-002146 / 2009,11-02-2015 (English)
S.No. 452,Case Number,Crl.A. No.-001336-001336 / 2007,06-10-2015 (English)
S.No. 453,Case Number,C.A. No.-007251-007302 / 2000,06-08-2015 (English)
S.No. 454,Case Number,C.A. No.-006088-006088 / 2013,07-10-2015 (English)
S.No. 455,Case Number,C.A. No.-007130-007130 / 2002,08-12-2014 (English)
S.No. 456,Case Number,Crl.A. No.-000520-000520 / 2015,30-03-2015 (English)
S.No. 457,Case Number,C.A. No.-008359-008359 / 2003,13-03-2015 (English)
S.No. 458,Case Number,C.A. No.-008224-008224 / 2003,02-09-2015 (English)
S.No. 459,Case Number,C.A. No.-010856-010856 / 2010,27-11-2014 (English)
S.No. 460,Case Number,C.A. No.-010608-010609 / 2014,01-12-2014 (English)
S.No. 461,Case Number,C.A. No.-006718-006718 / 2004,11-08-2015 (English)
S.No. 462,Case Number,C.A. No.-004215-004216 / 2007,29-10-2014 (English)
S.No. 463,Case Number,SLP(C) No.-015814-015814 / 2014,16-04-2015 (English)
S.No. 464,Case Number,Crl.A. No.-000516-000518 / 2010,26-03-2015 (English)
S.No. 465,Case Number,Crl.A. No.-000456-000456 / 2015,16-03-2015 (English)
S.No. 466,Case Number,C.A. No.-008018-008018 / 2015,28-09-2015 (English)
S.No. 467,Case Number,Crl.A. No.-000906-000906 / 2012,31-10-2014 (English)
S.No. 468,Case Number,C.A. No.-004467-004467 / 2015,15-05-2015 (English)
S.No. 469,Case Number,C.A. No.-004417-004417 / 2003,12-08-2015 (English)
S.No. 470,Case Number,W.P.(C) No.-000404-000404 / 2015,10-08-2015 (English)
S.No. 471,Case Number,C.A. No.-004510-004510 / 2006,10-02-2015 (English)
S.No. 472,Case Number,C.A. No.-000728-000728 / 2011,24-07-2015 (English)
S.No. 473,Case Number,C.A. No.-003194-003194 / 2015,26-03-2015 (English)
S.No. 474,Case Number,Crl.A. No.-001410-001410 / 2013,26-02-2015 (English)
S.No. 475,Case Number,Crl.A. No.-002388-002388 / 2014,11-11-2014 (English)
S.No. 476,Case Number,C.A. No.-006873-006881 / 2005,21-09-2015 (English)
S.No. 477,Case Number,C.A. No.-002246-002246 / 2006,21-08-2015 (English)
S.No. 478,Case Number,C.A. No.-003391-003391 / 2015,08-04-2015 (English)
S.No. 479,Case Number,C.A. No.-010529-010529 / 2014,25-11-2014 (English)
S.No. 480,Case Number,C.A. No.-002874-002875 / 2015,10-03-2015 (English)
S.No. 481,Case Number,C.A. No.-008429-008429 / 2015,09-10-2015 (English)
S.No. 482,Case Number,C.A. No.-005254-005254 / 2006,13-02-2015 (English)
S.No. 483,Case Number,C.A. No.-002481-002481 / 2014,28-10-2014 (English)
S.No. 484,Case Number,C.A. No.-006567-006567 / 2015,25-08-2015 (English)
S.No. 485,Case Number,Crl.A. No.-000031-000031 / 2009,14-09-2015 (English)
S.No. 486,Case Number,Crl.A. No.-001220-001220 / 2009,06-05-2015 (English)
S.No. 487,Case Number,C.A. No.-004284-004284 / 2011,27-11-2014 (English)
S.No. 488,Case Number,C.A. No.-005514-005514 / 2012,09-10-2015 (English)
S.No. 489,Case Number,C.A. No.-011690-011712 / 2014,18-12-2014 (English)
S.No. 490,Case Number,Crl.A. No.-000471-000471 / 2015,19-03-2015 (English)
S.No. 491,Case Number,C.A. No.-010418-010418 / 2014,20-11-2014 (English)
S.No. 492,Case Number,Crl.A. No.-001833-001833 / 2011,23-07-2015 (English)
S.No. 493,Case Number,C.A. No.-007174-007174 / 2015,14-09-2015 (English)
S.No. 494,Case Number,C.A. No.-006930-006931 / 2005,06-10-2015 (English)
S.No. 495,Case Number,Crl.A. No.-000564-000565 / 2015,06-04-2015 (English)
S.No. 496,Case Number,C.A. No.-006086-006086 / 2015,14-08-2015 (English)
S.No. 497,Case Number,Crl.A. No.-001189-001189 / 2008,29-09-2015 (English)
S.No. 498,Case Number,Crl.A. No.-000709-000709 / 2015,28-04-2015 (English)
S.No. 499,Case Number,C.A. No.-005853-005854 / 2008,04-09-2015 (English)
S.No. 500,Case Number,Crl.A. No.-000701-000702 / 2015,23-04-2015 (English)
S.No. 501,Case Number,C.A. No.-006478-006478 / 2009,13-05-2015 (English)
S.No. 502,Case Number,C.A. No.-003786-003786 / 2015,21-04-2015 (English)
S.No. 503,Case Number,Crl.A. No.-001439-001439 / 2011,07-10-2015 (English)
S.No. 504,Case Number,Crl.A. No.-001506-001506 / 2009,01-07-2015 (English)
S.No. 505,Case Number,C.A. No.-009947-009947 / 2014,29-10-2014 (English)
S.No. 506,Case Number,W.P.(C) No.-000441-000441 / 2015,23-07-2015 (English)
S.No. 507,Case Number,C.A. No.-005946-005947 / 2014,11-03-2015 (English)
S.No. 508,Case Number,C.A. No.-009755-009755 / 2011,19-01-2015 (English)
S.No. 509,Case Number,Crl.A. No.-002486-002487 / 2014,28-10-2014 (English)
S.No. 510,Case Number,Crl.A. No.-000192-000192 / 2015,29-01-2015 (English)
S.No. 511,Case Number,C.A. No.-002822-002822 / 2015,10-03-2015 (English)
S.No. 512,Case Number,C.A. No.-005307-005308 / 2005,12-08-2015 (English)
S.No. 513,Case Number,Crl.A. No.-000207-000207 / 2011,09-10-2015 (English)
S.No. 514,Case Number,Crl.A. No.-000931-000931 / 2015,15-07-2015 (English)
S.No. 515,Case Number,Crl.A. No.-000119-000119 / 2013,03-12-2014 (English)
S.No. 516,Case Number,C.A. No.-002666-002666 / 2009,15-10-2015 (English)
S.No. 517,Case Number,C.A. No.-008155-008155 / 2014,19-02-2015 (English)
S.No. 518,Case Number,C.A. No.-010024-010024 / 2014,07-11-2014 (English)
S.No. 519,Case Number,C.A. No.-001892-001892 / 2015,16-02-2015 (English)
S.No. 520,Case Number,Crl.A. No.-001164-001164 / 2015,07-09-2015 (English)
S.No. 521,Case Number,C.A. No.-004436-004436 / 2010,30-04-2015 (English)
S.No. 522,Case Number,C.A. No.-002466-002467 / 2015,26-02-2015 (English)
S.No. 523,Case Number,Crl.A. No.-000498-000498 / 2015,23-03-2015 (English)
S.No. 524,Case Number,C.A. No.-000409-000410 / 2015,14-01-2015 (English)
S.No. 525,Case Number,C.A. No.-003105-003106 / 2015,23-03-2015 (English)
S.No. 526,Case Number,C.A. No.-004476-004476 / 2015,15-05-2015 (English)
S.No. 527,Case Number,Crl.A. No.-001230-001230 / 2015,17-09-2015 (English)
S.No. 528,Case Number,C.A. No.-008731-008731 / 2015,16-10-2015 (English)
S.No. 529,Case Number,C.A. No.-000375-000375 / 2006,24-08-2015 (English)
S.No. 530,Case Number,C.A. No.-002079-002079 / 2015,20-02-2015 (English)
S.No. 531,Case Number,W.P.(C) No.-000691-000691 / 2014,07-09-2015 (English)
S.No. 532,Case Number,C.A. No.-008044-008048 / 2015,29-09-2015 (English)
S.No. 533,Case Number,C.A. No.-000583-000583 / 2005,07-05-2015 (English)
S.No. 534,Case Number,Crl.A. No.-001743-001743 / 2009,01-07-2015 (English)
S.No. 535,Case Number,C.A. No.-000003-000003 / 2003,21-07-2015 (English)
S.No. 536,Case Number,Crl.A. No.-002452-002452 / 2009,06-08-2015 (English)
S.No. 537,Case Number,Crl.A. No.-000288-000289 / 2015,13-02-2015 (English)
S.No. 538,Case Number,Crl.A. No.-001957-001957 / 2008,29-09-2015 (English)
S.No. 539,Case Number,C.A. No.-008298-008298 / 2015,06-10-2015 (English)
S.No. 540,Case Number,Crl.A. No.-000205-000205 / 2009,27-03-2015 (English)
S.No. 541,Case Number,C.A. No.-005983-005983 / 2007,06-01-2015 (English)
S.No. 542,Case Number,C.A. No.-009730-009730 / 2003,01-07-2015 (English)
S.No. 543,Case Number,C.A. No.-010784-010784 / 2014,04-12-2014 (English)
S.No. 544,Case Number,C.A. No.-011474-011474 / 2014,17-12-2014 (English)
S.No. 545,Case Number,C.A. No.-004021-004021 / 2007,10-03-2015 (English)
S.No. 546,Case Number,C.A. No.-004475-004475 / 2015,15-05-2015 (English)
S.No. 547,Case Number,C.A. No.-003219-003219 / 2006,18-09-2015 (English)
S.No. 548,Case Number,C.A. No.-005838-005838 / 2012,"22-01-2015 (English)
15-12-2014 (English)"
S.No. 549,Case Number,Crl.A. No.-002279-002279 / 2009,15-05-2015 (English)
S.No. 550,Case Number,C.A. No.-009927-009928 / 2014,28-10-2014 (English)
S.No. 551,Case Number,C.A. No.-007373-007373 / 2005,13-08-2015 (English)
S.No. 552,Case Number,Crl.A. No.-002546-002546 / 2014,09-12-2014 (English)
S.No. 553,Case Number,C.A. No.-006081-006081 / 2015,18-08-2015 (English)
S.No. 554,Case Number,Crl.A. No.-000722-000722 / 2015,27-04-2015 (English)
S.No. 555,Case Number,C.A. No.-008378-008378 / 2015,07-10-2015 (English)
S.No. 556,Case Number,Crl.A. No.-002202-002202 / 2011,29-05-2015 (English)
S.No. 557,Case Number,C.A. No.-000051-000051 / 2015,06-01-2015 (English)
S.No. 558,Case Number,Crl.A. No.-000262-000262 / 2009,18-02-2015 (English)
S.No. 559,Case Number,C.A. No.-002820-002820 / 2015,14-07-2015 (English)
S.No. 560,Case Number,C.A. No.-007189-007189 / 2005,04-08-2015 (English)
S.No. 561,Case Number,C.A. No.-002078-002078 / 2015,20-02-2015 (English)
S.No. 562,Case Number,C.A. No.-004910-004910 / 2015,01-07-2015 (English)
S.No. 563,Case Number,C.A. No.-003410-003410 / 2007,08-04-2015 (English)
S.No. 564,Case Number,C.A. No.-008008-008008 / 2015,28-09-2015 (English)
S.No. 565,Case Number,C.A. No.-000226-000227 / 2015,10-04-2015 (English)
S.No. 566,Case Number,C.A. No.-005489-005490 / 2015,15-07-2015 (English)
S.No. 567,Case Number,C.A. No.-006650-006650 / 2015,28-08-2015 (English)
S.No. 568,Case Number,Crl.A. No.-000037-000037 / 2011,16-12-2014 (English)
S.No. 569,Case Number,Crl.A. No.-000141-000141 / 2015,20-01-2015 (English)
S.No. 570,Case Number,Crl.A. No.-001969-001970 / 2010,15-04-2015 (English)
S.No. 571,Case Number,C.A. No.-004235-004235 / 2014,22-01-2015 (English)
S.No. 572,Case Number,C.A. No.-008648-008648 / 2015,14-10-2015 (English)
S.No. 573,Case Number,C.A. No.-001942-001943 / 2015,17-02-2015 (English)
S.No. 574,Case Number,C.A. No.-009133-009134 / 2003,24-03-2015 (English)
S.No. 575,Case Number,C.A. No.-002485-002490 / 2010,26-03-2015 (English)
S.No. 576,Case Number,C.A. No.-010392-010392 / 2014,19-11-2014 (English)
S.No. 577,Case Number,W.P.(C) No.-000705-000705 / 2014,20-08-2015 (English)
S.No. 578,Case Number,C.A. No.-005802-005802 / 2005,29-07-2015 (English)
S.No. 579,Case Number,C.A. No.-004220-004220 / 2006,23-07-2015 (English)
S.No. 580,Case Number,Crl.A. No.-001134-001135 / 2015,01-09-2015 (English)
S.No. 581,Case Number,Crl.A. No.-002129-002129 / 2011,24-02-2015 (English)
S.No. 582,Case Number,Crl.A. No.-001045-001045 / 2015,10-08-2015 (English)
S.No. 583,Case Number,C.A. No.-003209-003209 / 2007,05-08-2015 (English)
S.No. 584,Case Number,C.A. No.-007439-007440 / 2004,14-05-2015 (English)
S.No. 585,Case Number,W.P.(C) No.-000013-000013 / 2003,13-05-2015 (English)
S.No. 586,Case Number,CONMT.PET.(C) No.-000537-000537 / 2015,01-10-2015 (English)
S.No. 587,Case Number,C.A. No.-002061-002061 / 2015,20-02-2015 (English)
S.No. 588,Case Number,Crl.A. No.-001663-001663 / 2012,06-05-2015 (English)
S.No. 589,Case Number,C.A. No.-003470-003470 / 2006,04-09-2015 (English)
S.No. 590,Case Number,Crl.A. No.-000741-000741 / 2009,10-12-2014 (English)
S.No. 591,Case Number,Crl.A. No.-000797-000797 / 2015,15-05-2015 (English)
S.No. 592,Case Number,Crl.A. No.-002298-002298 / 2014,14-11-2014 (English)
S.No. 593,Case Number,Crl.A. No.-002402-002402 / 2014,13-11-2014 (English)
S.No. 594,Case Number,Crl.A. No.-000258-000258 / 2013,15-10-2015 (English)
S.No. 595,Case Number,Crl.A. No.-001315-001315 / 2015,06-10-2015 (English)
S.No. 596,Case Number,Crl.A. No.-002323-002323 / 2014,04-02-2015 (English)
S.No. 597,Case Number,C.A. No.-007642-007642 / 2004,23-04-2015 (English)
S.No. 598,Case Number,CONMT.PET.(C) No.-000421-000421 / 2014,09-04-2015 (English)
S.No. 599,Case Number,C.A. No.-001651-001651 / 2015,06-02-2015 (English)
S.No. 600,Case Number,C.A. No.-002932-002932 / 2015,17-03-2015 (English)
S.No. 601,Case Number,C.A. No.-005054-005054 / 2008,26-02-2015 (English)
S.No. 602,Case Number,C.A. No.-004684-004685 / 2005,25-03-2015 (English)
S.No. 603,Case Number,C.A. No.-007217-007217 / 2013,16-10-2015 (English)
S.No. 604,Case Number,Crl.A. No.-001401-001401 / 2008,08-01-2015 (English)
S.No. 605,Case Number,Crl.A. No.-000086-000086 / 2013,19-06-2015 (English)
S.No. 606,Case Number,C.A. No.-010954-010954 / 2014,11-12-2014 (English)
S.No. 607,Case Number,C.A. No.-006036-006036 / 2012,16-09-2015 (English)
S.No. 608,Case Number,C.A. No.-006156-006156 / 2005,17-02-2015 (English)
S.No. 609,Case Number,Crl.A. No.-000534-000535 / 2012,18-12-2014 (English)
S.No. 610,Case Number,Crl.A. No.-001406-001406 / 2009,13-07-2015 (English)
S.No. 611,Case Number,Crl.A. No.-000097-000097 / 2015,16-01-2015 (English)
S.No. 612,Case Number,C.A. No.-000415-000415 / 2015,14-01-2015 (English)
S.No. 613,Case Number,C.A. No.-001145-001145 / 2006,30-01-2015 (English)
S.No. 614,Case Number,W.P.(C) No.-000367-000367 / 2011,10-03-2015 (English)
S.No. 615,Case Number,W.P.(C) No.-000510-000510 / 2007,17-09-2015 (English)
S.No. 616,Case Number,C.A. No.-003673-003673 / 2009,27-11-2014 (English)
S.No. 617,Case Number,SLP(C) No.-023886-023887 / 2012,30-09-2015 (English)
S.No. 618,Case Number,C.A. No.-001755-001755 / 2015,11-02-2015 (English)
S.No. 619,Case Number,C.A. No.-007034-007037 / 2015,14-09-2015 (English)
S.No. 620,Case Number,C.A. No.-006838-006838 / 2015,03-09-2015 (English)
S.No. 621,Case Number,Crl.A. No.-000892-000892 / 2009,09-12-2014 (English)
S.No. 622,Case Number,C.A. No.-000246-000246 / 2009,29-04-2015 (English)
S.No. 623,Case Number,Crl.A. No.-001797-001797 / 2012,17-04-2015 (English)
S.No. 624,Case Number,C.A. No.-003177-003178 / 2015,25-03-2015 (English)
S.No. 625,Case Number,Crl.A. No.-000162-000162 / 2012,12-12-2014 (English)
S.No. 626,Case Number,C.A. No.-007136-007136 / 2015,16-09-2015 (English)
S.No. 627,Case Number,C.A. No.-010129-010129 / 2010,18-11-2014 (English)
S.No. 628,Case Number,C.A. No.-008399-008399 / 2015,08-10-2015 (English)
S.No. 629,Case Number,C.A. No.-004245-004245 / 2012,27-02-2015 (English)
S.No. 630,Case Number,Crl.A. No.-001207-001207 / 2012,17-04-2015 (English)
S.No. 631,Case Number,Crl.A. No.-000565-000565 / 2012,21-11-2014 (English)
S.No. 632,Case Number,Crl.A. No.-000707-000707 / 2015,"28-04-2015 (English)
20-04-2015 (English)"
S.No. 633,Case Number,C.A. No.-008468-008468 / 2015,12-10-2015 (English)
S.No. 634,Case Number,C.A. No.-007570-007570 / 2004,04-08-2015 (English)
S.No. 635,Case Number,Crl.A. No.-000493-000495 / 2009,06-01-2015 (English)
S.No. 636,Case Number,C.A. No.-010707-010707 / 2014,03-12-2014 (English)
S.No. 637,Case Number,C.A. No.-005701-005701 / 2015,24-07-2015 (English)
S.No. 638,Case Number,C.A. No.-006912-006912 / 2015,03-09-2015 (English)
S.No. 639,Case Number,C.A. No.-002957-002957 / 2007,08-04-2015 (English)
S.No. 640,Case Number,Crl.A. No.-000186-000186 / 2010,26-02-2015 (English)
S.No. 641,Case Number,C.A. No.-003536-003536 / 2008,08-09-2015 (English)
S.No. 642,Case Number,C.A. No.-000412-000412 / 2015,14-01-2015 (English)
S.No. 643,Case Number,Crl.A. No.-001953-001953 / 2009,12-05-2015 (English)
S.No. 644,Case Number,Crl.A. No.-002082-002082 / 2008,10-04-2015 (English)
S.No. 645,Case Number,C.A. No.-000629-000629 / 2006,25-08-2015 (English)
S.No. 646,Case Number,C.A. No.-009389-009389 / 2014,20-01-2015 (English)
S.No. 647,Case Number,Crl.A. No.-001793-001794 / 2011,15-10-2015 (English)
S.No. 648,Case Number,Crl.A. No.-001257-001257 / 2015,21-09-2015 (English)
S.No. 649,Case Number,Crl.A. No.-000795-000795 / 2015,15-05-2015 (English)
S.No. 650,Case Number,C.A. No.-000736-000737 / 2008,11-05-2015 (English)
S.No. 651,Case Number,C.A. No.-006929-006929 / 2012,14-05-2015 (English)
S.No. 652,Case Number,C.A. No.-011439-011439 / 2014,"26-03-2015 (English)
16-12-2014 (English)"
S.No. 653,Case Number,C.A. No.-000260-000260 / 2008,15-05-2015 (English)
S.No. 654,Case Number,C.A. No.-001834-001834 / 2006,21-08-2015 (English)
S.No. 655,Case Number,C.A. No.-001810-001810 / 2009,11-12-2014 (English)
S.No. 656,Case Number,Crl.A. No.-000092-000092 / 2015,28-01-2015 (English)
S.No. 657,Case Number,C.A. No.-003962-003962 / 2011,08-05-2015 (English)
S.No. 658,Case Number,Crl.A. No.-001451-001451 / 2009,09-12-2014 (English)
S.No. 659,Case Number,C.A. No.-010689-010689 / 2014,03-12-2014 (English)
S.No. 660,Case Number,Crl.A. No.-000175-000175 / 2015,02-02-2015 (English)
S.No. 661,Case Number,Crl.A. No.-000717-000717 / 2015,24-04-2015 (English)
S.No. 662,Case Number,C.A. No.-002377-002377 / 2015,24-02-2015 (English)
S.No. 663,Case Number,ARBIT.CASE(C) No.-000035-000035 / 2014,20-01-2015 (English)
S.No. 664,Case Number,C.A. No.-001630-001631 / 2010,02-07-2015 (English)
S.No. 665,Case Number,C.A. No.-010785-010785 / 2014,04-12-2014 (English)
S.No. 666,Case Number,C.A. No.-005138-005140 / 2007,02-07-2015 (English)
S.No. 667,Case Number,Crl.A. No.-001381-001381 / 2011,29-10-2014 (English)
S.No. 668,Case Number,Crl.A. No.-001846-001847 / 2008,06-08-2015 (English)
S.No. 669,Case Number,C.A. No.-002944-002944 / 2015,17-03-2015 (English)
S.No. 670,Case Number,Crl.A. No.-000836-000836 / 2015,01-07-2015 (English)
S.No. 671,Case Number,C.A. No.-002464-002464 / 2015,26-02-2015 (English)
S.No. 672,Case Number,C.A. No.-002731-002731 / 2005,29-01-2015 (English)
S.No. 673,Case Number,W.P.(C) No.-000792-000792 / 2014,18-12-2014 (English)
S.No. 674,Case Number,C.A. No.-003937-003938 / 2011,16-02-2015 (English)
S.No. 675,Case Number,C.A. No.-006054-006054 / 2015,11-08-2015 (English)
S.No. 676,Case Number,C.A. No.-007133-007133 / 2008,05-01-2015 (English)
S.No. 677,Case Number,Crl.A. No.-001127-001127 / 2015,28-08-2015 (English)
S.No. 678,Case Number,Crl.A. No.-002562-002562 / 2014,10-12-2014 (English)
S.No. 679,Case Number,C.A. No.-005099-005099 / 2008,10-03-2015 (English)
S.No. 680,Case Number,Crl.A. No.-000502-000502 / 2007,16-10-2015 (English)
S.No. 681,Case Number,C.A. No.-003962-003962 / 2007,04-02-2015 (English)
S.No. 682,Case Number,Crl.A. No.-001112-001112 / 2011,09-07-2015 (English)
S.No. 683,Case Number,C.A. No.-002814-002815 / 2015,10-03-2015 (English)
S.No. 684,Case Number,C.A. No.-002733-002733 / 2007,07-10-2015 (English)
S.No. 685,Case Number,C.A. No.-001440-001441 / 2015,04-02-2015 (English)
S.No. 686,Case Number,C.A. No.-001388-001388 / 2015,02-02-2015 (English)
S.No. 687,Case Number,C.A. No.-006975-006975 / 2009,06-10-2015 (English)
S.No. 688,Case Number,ARBIT.CASE(C) No.-000036-000036 / 2014,12-02-2015 (English)
S.No. 689,Case Number,Crl.A. No.-000073-000073 / 2007,28-01-2015 (English)
S.No. 690,Case Number,C.A. No.-000193-000193 / 2015,09-01-2015 (English)
S.No. 691,Case Number,C.A. No.-002404-002404 / 2008,02-07-2015 (English)
S.No. 692,Case Number,Crl.A. No.-001393-001393 / 2010,17-04-2015 (English)
S.No. 693,Case Number,C.A. No.-010613-010613 / 2014,01-12-2014 (English)
S.No. 694,Case Number,C.A. No.-002080-002080 / 2015,20-02-2015 (English)
S.No. 695,Case Number,C.A. No.-002051-002051 / 2015,19-02-2015 (English)
S.No. 696,Case Number,Crl.A. No.-001951-001951 / 2012,24-07-2015 (English)
S.No. 697,Case Number,SLP(C) No.-034782-034783 / 2012,28-10-2014 (English)
S.No. 698,Case Number,C.A. No.-007164-007164 / 2015,16-09-2015 (English)
S.No. 699,Case Number,C.A. No.-006673-006673 / 2014,25-08-2015 (English)
S.No. 700,Case Number,Crl.A. No.-001265-001265 / 2009,23-03-2015 (English)
S.No. 701,Case Number,C.A. No.-004458-004459 / 2015,14-05-2015 (English)
S.No. 702,Case Number,C.A. No.-000821-000825 / 2009,09-10-2015 (English)
S.No. 703,Case Number,Crl.A. No.-000162-000162 / 2009,14-11-2014 (English)
S.No. 704,Case Number,Crl.A. No.-001273-001273 / 2015,"29-09-2015 (English)
29-04-2015 (English)"
S.No. 705,Case Number,C.A. No.-009363-009363 / 2011,01-04-2015 (English)
S.No. 706,Case Number,Crl.A. No.-001167-001167 / 2011,31-10-2014 (English)
S.No. 707,Case Number,SLP(C) No.-025650-025650 / 2015,30-09-2015 (English)
S.No. 708,Case Number,W.P.(C) No.-000664-000664 / 2015,21-09-2015 (English)
S.No. 709,Case Number,Crl.A. No.-000621-000621 / 2013,13-04-2015 (English)
S.No. 710,Case Number,C.A. No.-001389-001389 / 2015,02-02-2015 (English)
S.No. 711,Case Number,C.A. No.-006913-006913 / 2015,03-09-2015 (English)
S.No. 712,Case Number,C.A. No.-000450-000450 / 2015,15-01-2015 (English)
S.No. 713,Case Number,Crl.A. No.-001314-001314 / 2015,06-10-2015 (English)
S.No. 714,Case Number,C.A. No.-001970-001970 / 2015,17-02-2015 (English)
S.No. 715,Case Number,C.A. No.-006911-006911 / 2015,03-09-2015 (English)
S.No. 716,Case Number,Crl.A. No.-002327-002327 / 2014,30-10-2014 (English)
S.No. 717,Case Number,Crl.A. No.-001565-001565 / 2012,21-11-2014 (English)
S.No. 718,Case Number,C.A. No.-001431-001431 / 2015,04-02-2015 (English)
S.No. 719,Case Number,Crl.A. No.-000623-000624 / 2008,01-07-2015 (English)
S.No. 720,Case Number,C.A. No.-005003-005003 / 2015,06-07-2015 (English)
S.No. 721,Case Number,Crl.A. No.-000820-000820 / 2010,09-12-2014 (English)
S.No. 722,Case Number,Crl.A. No.-002011-002011 / 2011,15-10-2015 (English)
S.No. 723,Case Number,Crl.A. No.-000220-000220 / 2015,04-02-2015 (English)
S.No. 724,Case Number,C.A. No.-008065-008065 / 2009,01-07-2015 (English)
S.No. 725,Case Number,Crl.A. No.-001279-001281 / 2011,27-02-2015 (English)
S.No. 726,Case Number,C.A. No.-010690-010691 / 2014,03-12-2014 (English)
S.No. 727,Case Number,Crl.A. No.-000728-000728 / 2015,28-04-2015 (English)
S.No. 728,Case Number,C.A. No.-005924-005924 / 2015,05-08-2015 (English)
S.No. 729,Case Number,C.A. No.-001085-001085 / 2008,16-09-2015 (English)
S.No. 730,Case Number,C.A. No.-001732-001732 / 2015,06-02-2015 (English)
S.No. 731,Case Number,SLP(C) No.-026278-026278 / 2015,30-09-2015 (English)
S.No. 732,Case Number,Crl.A. No.-001039-001039 / 2014,17-12-2014 (English)
S.No. 733,Case Number,C.A. No.-005769-005770 / 2015,29-07-2015 (English)
S.No. 734,Case Number,C.A. No.-002381-002381 / 2007,26-03-2015 (English)
S.No. 735,Case Number,ARBIT.CASE(C) No.-000008-000008 / 2014,21-09-2015 (English)
S.No. 736,Case Number,ARBIT.CASE(C) No.-000030-000030 / 2014,16-12-2014 (English)
S.No. 737,Case Number,C.A. No.-000637-000637 / 2007,07-10-2015 (English)
S.No. 738,Case Number,C.A. No.-010353-010354 / 2014,18-11-2014 (English)
S.No. 739,Case Number,Crl.A. No.-001294-001295 / 2015,"06-10-2015 (English)
30-09-2015 (English)"
S.No. 740,Case Number,C.A. No.-011499-011499 / 2014,18-12-2014 (English)
S.No. 741,Case Number,C.A. No.-007059-007059 / 2015,11-09-2015 (English)
S.No. 742,Case Number,Crl.A. No.-001581-001581 / 2009,10-04-2015 (English)
S.No. 743,Case Number,C.A. No.-008785-008785 / 2013,10-12-2014 (English)
S.No. 744,Case Number,C.A. No.-002865-002866 / 2015,09-03-2015 (English)
S.No. 745,Case Number,Crl.A. No.-002282-002282 / 2014,23-01-2015 (English)
S.No. 746,Case Number,Crl.A. No.-000091-000091 / 2015,15-01-2015 (English)
S.No. 747,Case Number,C.A. No.-001912-001912 / 2015,16-02-2015 (English)
S.No. 748,Case Number,SLP(C) No.-027519-027519 / 2014,18-12-2014 (English)
S.No. 749,Case Number,C.A. No.-006000-006000 / 2009,15-10-2015 (English)
S.No. 750,Case Number,Crl.A. No.-000854-000854 / 2011,06-07-2015 (English)
S.No. 751,Case Number,C.A. No.-003148-003148 / 2012,25-11-2014 (English)
S.No. 752,Case Number,C.A. No.-007201-007202 / 2015,18-09-2015 (English)
S.No. 753,Case Number,C.A. No.-002729-002729 / 2009,07-07-2015 (English)
S.No. 754,Case Number,Crl.A. No.-000442-000442 / 2015,13-03-2015 (English)
S.No. 755,Case Number,W.P.(C) No.-000861-000861 / 2014,03-09-2015 (English)
S.No. 756,Case Number,C.A. No.-003701-003701 / 2015,16-04-2015 (English)
S.No. 757,Case Number,C.A. No.-010086-010087 / 2014,10-11-2014 (English)
S.No. 758,Case Number,ARBIT.CASE(C) No.-000006-000006 / 2014,16-02-2015 (English)
S.No. 759,Case Number,C.A. No.-006305-006307 / 2009,16-10-2015 (English)
S.No. 760,Case Number,C.A. No.-000028-000028 / 2015,06-01-2015 (English)
S.No. 761,Case Number,C.A. No.-005704-005704 / 2015,24-07-2015 (English)
S.No. 762,Case Number,Crl.A. No.-000561-000561 / 2009,11-05-2015 (English)
S.No. 763,Case Number,C.A. No.-008914-008914 / 2015,16-10-2015 (English)
S.No. 764,Case Number,C.A. No.-003211-003212 / 2015,27-03-2015 (English)
S.No. 765,Case Number,ARBIT.CASE(C) No.-000037-000037 / 2014,15-10-2015 (English)
S.No. 766,Case Number,Crl.A. No.-001917-001917 / 2008,31-08-2015 (English)
S.No. 767,Case Number,C.A. No.-000020-000020 / 2015,05-01-2015 (English)
S.No. 768,Case Number,C.A. No.-005821-005821 / 2011,12-08-2015 (English)
S.No. 769,Case Number,C.A. No.-001757-001759 / 2015,14-01-2015 (English)
S.No. 770,Case Number,Crl.A. No.-000242-000242 / 2012,30-10-2014 (English)
S.No. 771,Case Number,C.A. No.-007223-007224 / 2015,15-09-2015 (English)
S.No. 772,Case Number,C.A. No.-010404-010404 / 2014,19-11-2014 (English)
S.No. 773,Case Number,C.A. No.-001801-001801 / 2015,21-07-2015 (English)
S.No. 774,Case Number,Crl.A. No.-001547-001547 / 2011,18-09-2015 (English)
S.No. 775,Case Number,C.A. No.-000518-000518 / 2015,16-01-2015 (English)
S.No. 776,Case Number,Crl.A. No.-000593-000593 / 2012,05-02-2015 (English)
S.No. 777,Case Number,C.A. No.-004370-004370 / 2015,12-05-2015 (English)
S.No. 778,Case Number,C.A. No.-008161-008185 / 2011,26-02-2015 (English)
S.No. 779,Case Number,W.P.(C) No.-000463-000463 / 2012,14-05-2015 (English)
S.No. 780,Case Number,Crl.A. No.-001149-001149 / 2013,19-02-2015 (English)
S.No. 781,Case Number,C.A. No.-008536-008536 / 2015,13-10-2015 (English)
S.No. 782,Case Number,C.A. No.-007213-007214 / 2015,18-09-2015 (English)
S.No. 783,Case Number,C.A. No.-006097-006100 / 2009,09-03-2015 (English)
S.No. 784,Case Number,C.A. No.-010620-010620 / 2013,06-12-2014 (English)
S.No. 785,Case Number,C.A. No.-003874-003874 / 2015,22-04-2015 (English)
S.No. 786,Case Number,C.A. No.-005786-005786 / 2015,24-07-2015 (English)
S.No. 787,Case Number,C.A. No.-003209-003210 / 2015,27-03-2015 (English)
S.No. 788,Case Number,W.P.(C) No.-000901-000901 / 2014,28-01-2015 (English)
S.No. 789,Case Number,C.A. No.-010560-010560 / 2013,06-07-2015 (English)
S.No. 790,Case Number,Crl.A. No.-000094-000094 / 2015,15-01-2015 (English)
S.No. 791,Case Number,C.A. No.-000712-000713 / 2015,20-01-2015 (English)
S.No. 792,Case Number,C.A. No.-009540-009541 / 2010,28-08-2015 (English)
S.No. 793,Case Number,C.A. No.-010836-010836 / 2014,08-12-2014 (English)
S.No. 794,Case Number,Crl.A. No.-000824-000824 / 2013,21-08-2015 (English)
S.No. 795,Case Number,W.P.(C) No.-001010-001010 / 2014,18-09-2015 (English)
S.No. 796,Case Number,Crl.A. No.-002110-002110 / 2009,29-09-2015 (English)
S.No. 797,Case Number,C.A. No.-008609-008610 / 2009,09-10-2015 (English)
S.No. 798,Case Number,C.A. No.-009996-009996 / 2014,07-11-2014 (English)
S.No. 799,Case Number,C.A. No.-001966-001966 / 2015,17-02-2015 (English)
S.No. 800,Case Number,C.A. No.-008681-008681 / 2015,15-10-2015 (English)
S.No. 801,Case Number,C.A. No.-010532-010532 / 2014,25-11-2014 (English)
S.No. 802,Case Number,C.A. No.-004494-004494 / 2015,15-05-2015 (English)
S.No. 803,Case Number,C.A. No.-005989-005989 / 2007,06-01-2015 (English)
S.No. 804,Case Number,C.A. No.-011454-011459 / 2014,16-12-2014 (English)
S.No. 805,Case Number,C.A. No.-002818-002818 / 2015,12-03-2015 (English)
S.No. 806,Case Number,Crl.A. No.-000799-000799 / 2011,14-01-2015 (English)
S.No. 807,Case Number,C.A. No.-006783-006783 / 2015,02-09-2015 (English)
S.No. 808,Case Number,Crl.A. No.-000554-000554 / 2015,06-04-2015 (English)
S.No. 809,Case Number,C.A. No.-003120-003121 / 2015,24-03-2015 (English)
S.No. 810,Case Number,C.A. No.-003232-003232 / 2015,23-03-2015 (English)
S.No. 811,Case Number,C.A. No.-003912-003912 / 2015,24-04-2015 (English)
S.No. 812,Case Number,Crl.A. No.-002587-002587 / 2014,05-12-2014 (English)
S.No. 813,Case Number,C.A. No.-002426-002426 / 2015,25-02-2015 (English)
S.No. 814,Case Number,Crl.A. No.-001241-001241 / 2015,21-09-2015 (English)
S.No. 815,Case Number,W.P.(C) No.-000494-000494 / 2012,11-08-2015 (English)
S.No. 816,Case Number,C.A. No.-002006-002006 / 2015,18-02-2015 (English)
S.No. 817,Case Number,C.A. No.-008077-008079 / 2015,28-09-2015 (English)
S.No. 818,Case Number,C.A. No.-003276-003278 / 2013,07-07-2015 (English)
S.No. 819,Case Number,Crl.A. No.-002604-002610 / 2014,17-12-2014 (English)
S.No. 820,Case Number,C.A. No.-004506-004506 / 2015,14-05-2015 (English)
S.No. 821,Case Number,C.A. No.-001822-001822 / 2015,12-02-2015 (English)
S.No. 822,Case Number,C.A. No.-000347-000347 / 2015,13-01-2015 (English)
S.No. 823,Case Number,W.P.(C) No.-001072-001072 / 2013,14-05-2015 (English)
S.No. 824,Case Number,C.A. No.-005163-005163 / 2012,02-07-2015 (English)
S.No. 825,Case Number,C.A. No.-004027-004027 / 2009,21-08-2015 (English)
S.No. 826,Case Number,Crl.A. No.-000775-000775 / 2013,23-07-2015 (English)
S.No. 827,Case Number,C.A. No.-002825-002825 / 2015,04-09-2015 (English)
S.No. 828,Case Number,Crl.A. No.-001247-001247 / 2012,28-07-2015 (English)
S.No. 829,Case Number,Crl.A. No.-000269-000269 / 2015,10-02-2015 (English)
S.No. 830,Case Number,C.A. No.-007872-007872 / 2015,22-09-2015 (English)
S.No. 831,Case Number,C.A. No.-011208-011208 / 2011,24-02-2015 (English)
S.No. 832,Case Number,C.A. No.-002592-002592 / 2015,27-02-2015 (English)
S.No. 833,Case Number,Crl.A. No.-002099-002099 / 2011,30-01-2015 (English)
S.No. 834,Case Number,C.A. No.-000348-000349 / 2015,13-01-2015 (English)
S.No. 835,Case Number,C.A. No.-001662-001662 / 2015,09-02-2015 (English)
S.No. 836,Case Number,Crl.A. No.-000566-000566 / 2008,10-04-2015 (English)
S.No. 837,Case Number,C.A. No.-010568-010568 / 2014,21-11-2014 (English)
S.No. 838,Case Number,Crl.A. No.-000519-000519 / 2010,10-03-2015 (English)
S.No. 839,Case Number,C.A. No.-003134-003134 / 2015,20-03-2015 (English)
S.No. 840,Case Number,C.A. No.-004357-004358 / 2015,12-05-2015 (English)
S.No. 841,Case Number,C.A. No.-001999-001999 / 2008,03-12-2014 (English)
S.No. 842,Case Number,Crl.A. No.-002357-002365 / 2014,07-11-2014 (English)
S.No. 843,Case Number,C.A. No.-010562-010562 / 2014,26-11-2014 (English)
S.No. 844,Case Number,Crl.A. No.-000325-000325 / 2015,20-02-2015 (English)
S.No. 845,Case Number,Crl.A. No.-000486-000486 / 2010,10-04-2015 (English)
S.No. 846,Case Number,C.A. No.-010125-010125 / 2014,11-11-2014 (English)
S.No. 847,Case Number,C.A. No.-000474-000474 / 2013,28-01-2015 (English)
S.No. 848,Case Number,C.A. No.-010717-010717 / 2014,03-12-2014 (English)
S.No. 849,Case Number,Crl.A. No.-000594-000594 / 2015,09-04-2015 (English)
S.No. 850,Case Number,C.A. No.-001148-001148 / 2010,08-07-2015 (English)
S.No. 851,Case Number,Crl.A. No.-001375-001375 / 2010,25-02-2015 (English)
S.No. 852,Case Number,C.A. No.-007889-007889 / 2015,23-09-2015 (English)
S.No. 853,Case Number,Crl.A. No.-000513-000513 / 2008,08-01-2015 (English)
S.No. 854,Case Number,Crl.A. No.-000442-000442 / 2010,03-07-2015 (English)
S.No. 855,Case Number,Crl.A. No.-002180-002180 / 2009,28-04-2015 (English)
S.No. 856,Case Number,C.A. No.-003137-003137 / 2010,02-02-2015 (English)
S.No. 857,Case Number,C.A. No.-001387-001387 / 2008,03-12-2014 (English)
S.No. 858,Case Number,Crl.A. No.-000181-000181 / 2013,28-04-2015 (English)
S.No. 859,Case Number,Crl.A. No.-002494-002494 / 2014,28-11-2014 (English)
S.No. 860,Case Number,W.P.(C) No.-001034-001034 / 2014,16-02-2015 (English)
S.No. 861,Case Number,C.A. No.-004474-004474 / 2015,15-05-2015 (English)
S.No. 862,Case Number,C.A. No.-002373-002373 / 2015,24-02-2015 (English)
S.No. 863,Case Number,C.A. No.-009949-009950 / 2014,29-10-2014 (English)
S.No. 864,Case Number,C.A. No.-006532-006532 / 2015,21-08-2015 (English)
S.No. 865,Case Number,C.A. No.-001416-001416 / 2015,03-02-2015 (English)
S.No. 866,Case Number,T.P.(C) No.-001880-001880 / 2014,25-02-2015 (English)
S.No. 867,Case Number,C.A. No.-010940-010941 / 2014,10-12-2014 (English)
S.No. 868,Case Number,C.A. No.-005874-005875 / 2015,03-08-2015 (English)
S.No. 869,Case Number,Crl.A. No.-000285-000287 / 2015,11-02-2015 (English)
S.No. 870,Case Number,C.A. No.-003238-003238 / 2015,31-03-2015 (English)
S.No. 871,Case Number,Crl.A. No.-002512-002513 / 2014,01-12-2014 (English)
S.No. 872,Case Number,C.A. No.-003727-003727 / 2015,17-04-2015 (English)
S.No. 873,Case Number,C.A. No.-008194-008194 / 2015,01-10-2015 (English)
S.No. 874,Case Number,SLP(C) No.-006393-006393 / 2012,06-10-2015 (English)
S.No. 875,Case Number,Crl.A. No.-002238-002238 / 2010,10-03-2015 (English)
S.No. 876,Case Number,C.A. No.-008315-008315 / 2015,05-10-2015 (English)
S.No. 877,Case Number,Crl.A. No.-000222-000222 / 2015,04-02-2015 (English)
S.No. 878,Case Number,C.A. No.-008663-008664 / 2015,15-10-2015 (English)
S.No. 879,Case Number,C.A. No.-004181-004182 / 2015,01-05-2015 (English)
S.No. 880,Case Number,C.A. No.-000234-000235 / 2015,09-01-2015 (English)
S.No. 881,Case Number,Crl.A. No.-000582-000582 / 2015,08-04-2015 (English)
S.No. 882,Case Number,C.A. No.-004914-004915 / 2015,01-07-2015 (English)
S.No. 883,Case Number,Crl.A. No.-000714-000714 / 2015,24-04-2015 (English)
S.No. 884,Case Number,Crl.A. No.-001407-001407 / 2013,21-11-2014 (English)
S.No. 885,Case Number,Crl.A. No.-001142-001142 / 2011,19-11-2014 (English)
S.No. 886,Case Number,W.P.(C) No.-000562-000562 / 2012,17-12-2014 (English)
S.No. 887,Case Number,C.A. No.-005079-005079 / 2015,08-07-2015 (English)
S.No. 888,Case Number,Crl.A. No.-000953-000953 / 2015,21-07-2015 (English)
S.No. 889,Case Number,Crl.A. No.-002310-002310 / 2014,28-10-2014 (English)
S.No. 890,Case Number,C.A. No.-004916-004916 / 2015,02-07-2015 (English)
S.No. 891,Case Number,C.A. No.-002891-002900 / 2015,16-03-2015 (English)
S.No. 892,Case Number,Crl.A. No.-000454-000454 / 2015,16-03-2015 (English)
S.No. 893,Case Number,C.A. No.-000346-000346 / 2015,13-01-2015 (English)
S.No. 894,Case Number,Crl.A. No.-002387-002387 / 2014,11-11-2014 (English)
S.No. 895,Case Number,C.A. No.-010855-010855 / 2014,09-12-2014 (English)
S.No. 896,Case Number,Crl.A. No.-001264-001264 / 2015,28-09-2015 (English)
S.No. 897,Case Number,C.A. No.-008224-008225 / 2011,26-02-2015 (English)
S.No. 898,Case Number,C.A. No.-009972-009972 / 2014,31-10-2014 (English)
S.No. 899,Case Number,C.A. No.-000050-000050 / 2015,06-01-2015 (English)
S.No. 900,Case Number,C.A. No.-003702-003702 / 2015,16-04-2015 (English)
S.No. 901,Case Number,C.A. No.-000610-000610 / 2015,10-03-2015 (English)
S.No. 902,Case Number,C.A. No.-001123-001123 / 2015,01-07-2015 (English)
S.No. 903,Case Number,Crl.A. No.-001280-001280 / 2015,28-09-2015 (English)
S.No. 904,Case Number,CONMT.PET.(C) No.-000277-000277 / 2012,05-08-2015 (English)
S.No. 905,Case Number,SLP(C) No.-000735-000735 / 2014,07-11-2014 (English)
S.No. 906,Case Number,Crl.A. No.-000682-000682 / 2015,21-04-2015 (English)
S.No. 907,Case Number,C.A. No.-003213-003213 / 2015,27-03-2015 (English)
S.No. 908,Case Number,Crl.A. No.-000860-000860 / 2015,06-07-2015 (English)
S.No. 909,Case Number,C.A. No.-002854-002854 / 2015,13-03-2015 (English)
S.No. 910,Case Number,Crl.A. No.-001272-001272 / 2015,29-09-2015 (English)
S.No. 911,Case Number,C.A. No.-007115-007115 / 2015,15-09-2015 (English)
S.No. 912,Case Number,C.A. No.-001831-001832 / 2015,12-02-2015 (English)
S.No. 913,Case Number,C.A. No.-013726-013726 / 2015,26-05-2015 (English)
S.No. 914,Case Number,CONMT.PET.(Crl.) No.-000008-000008 / 2015,13-05-2015 (English)
S.No. 915,Case Number,C.A. No.-007209-007210 / 2015,18-09-2015 (English)
S.No. 916,Case Number,C.A. No.-002933-002933 / 2015,17-03-2015 (English)
S.No. 917,Case Number,C.A. No.-005779-005779 / 2015,29-07-2015 (English)
S.No. 918,Case Number,Crl.A. No.-000758-000758 / 2015,11-05-2015 (English)
S.No. 919,Case Number,C.A. No.-008067-008068 / 2015,30-09-2015 (English)
S.No. 920,Case Number,C.A. No.-002508-002508 / 2008,19-08-2015 (English)
S.No. 921,Case Number,Crl.A. No.-000335-000335 / 2005,12-01-2015 (English)
S.No. 922,Case Number,Crl.A. No.-001453-001453 / 2009,23-03-2015 (English)
S.No. 923,Case Number,C.A. No.-002138-002138 / 2006,27-10-2014 (English)
S.No. 924,Case Number,/,21-01-2015 (English)
