﻿Column-0,Column-1,Column-2,Column-3
S.No. 1,Case Number,Appeal Civil 1712 of 1973,"10-10-1980 (English)
10-10-1980 (English)
09-10-1980 (English)
09-10-1980 (English)
09-10-1980 (English)
08-10-1980 (English)
07-10-1980 (English)
26-09-1980 (English)
26-09-1980 (English)
25-09-1980 (English)
25-09-1980 (English)"
S.No. 2,Case Number,Crl.A. No.-001094-001094 / 1995,29-01-1980 (English)
S.No. 3,Case Number,C.A. No.-001237-001237 / 1970,16-04-1980 (English)
S.No. 4,Case Number,SLP(Crl) No.-002856-002856 / 1979,29-07-1980 (English)
S.No. 5,Case Number,C.A. No.-000014-000014 / 1979,09-05-1980 (English)
S.No. 6,Case Number,C.A. No.-000140-000140 / 1979,30-07-1980 (English)
S.No. 7,Case Number,W.P.(C) No.-000444-000444 / 1979,10-09-1980 (English)
S.No. 8,Case Number,C.A. No.-003115-003115 / 1979,04-09-1980 (English)
S.No. 9,Case Number,C.A. No.-002057-002058 / 1979,19-03-1980 (English)
