﻿Column-0,Column-1,Column-2,Column-3
S.No. 1,Case Number,Election Petition (Civil) 1 of 1987,"16-10-1987 (English)
16-10-1987 (English)
15-10-1987 (English)
15-10-1987 (English)
15-10-1987 (English)
14-10-1987 (English)
14-10-1987 (English)
13-10-1987 (English)
12-10-1987 (English)
12-10-1987 (English)
09-10-1987 (English)"
S.No. 2,Case Number,C.A. No.-000037-000037 / 1996,22-01-1987 (English)
S.No. 3,Case Number,C.A. No.-000237-000239 / 1974,24-09-1987 (English)
S.No. 4,Case Number,C.A. No.-000886-000886 / 1976,09-01-1987 (English)
S.No. 5,Case Number,C.A. No.-001955-001956 / 1980,21-07-1987 (English)
S.No. 6,Case Number,W.P.(Crl.) No.-001061-001061 / 1982,20-11-1986 (English)
S.No. 7,Case Number,SLP(C) No.-009564-009564 / 1987,17-09-1987 (English)
S.No. 8,Case Number,W.P.(C) No.-003727-003727 / 1985,22-09-1987 (English)
S.No. 9,Case Number,C.A. No.-002969-002969 / 1983,07-08-1987 (English)
S.No. 10,Case Number,C.A. No.-000112-000112 / 1988,20-07-1987 (English)
S.No. 11,Case Number,W.P.(C) No.-012739-012739 / 1985,20-12-1986 (English)
S.No. 12,Case Number,/,04-02-1987 (English)
S.No. 13,Case Number,Crl.A. No.-000468-000468 / 1986,29-10-1986 (English)
S.No. 14,Case Number,W.P.(C) No.-013748-013784 / 1984,22-01-1987 (English)
S.No. 15,Case Number,C.A. No.-000859-000859 / 1987,19-08-1987 (English)
S.No. 16,Case Number,W.P.(C) No.-000177-000177 / 1987,18-09-1987 (English)
S.No. 17,Case Number,W.P.(C) No.-001141-001141 / 1988,18-08-1987 (English)
S.No. 18,Case Number,SLP(C) No.-016698-016698 / 1992,16-01-1987 (English)
S.No. 19,Case Number,W.P.(C) No.-000821-000821 / 1990,09-12-1986 (English)
S.No. 20,Case Number,C.A. No.-014769-014769 / 1996,29-04-1987 (English)
