﻿Column-0,Column-1,Column-2,Column-3
S.No. 1,Case Number,Appeal (civil) 2447 of 2004,"20-09-2005 (English)
19-09-2005 (English)
16-09-2005 (English)
05-08-2005 (English)
22-07-2005 (English)
12-07-2005 (English)
06-05-2005 (English)
31-03-2005 (English)
31-03-2005 (English)
11-03-2005 (English)
03-03-2005 (English)"
S.No. 2,Case Number,C.A. No.-006260-006260 / 2004,23-09-2005 (English)
S.No. 3,Case Number,C.A. No.-004868-004868 / 1999,03-03-2005 (English)
S.No. 4,Case Number,Crl.A. No.-001452-001452 / 2004,09-12-2004 (English)
S.No. 5,Case Number,Crl.A. No.-001115-001115 / 2005,"01-09-2005 (English)
01-09-2005 (English)"
S.No. 6,Case Number,C.A. No.-001014-001014 / 2005,09-02-2005 (English)
S.No. 7,Case Number,C.A. No.-006049-006050 / 1999,01-11-2004 (English)
S.No. 8,Case Number,C.A. No.-006973-006974 / 2004,27-10-2004 (English)
S.No. 9,Case Number,Crl.A. No.-000222-000222 / 1997,08-04-2005 (English)
S.No. 10,Case Number,Crl.A. No.-001331-001331 / 2004,23-11-2004 (English)
S.No. 11,Case Number,Crl.A. No.-001063-001063 / 2005,23-08-2005 (English)
S.No. 12,Case Number,C.A. No.-004631-004631 / 2000,01-09-2005 (English)
S.No. 13,Case Number,C.A. No.-006716-006719 / 1999,"15-07-2005 (English)
05-04-2005 (English)"
S.No. 14,Case Number,Crl.A. No.-000738-000738 / 2005,13-05-2005 (English)
S.No. 15,Case Number,Crl.A. No.-000974-000975 / 1998,04-10-2005 (English)
S.No. 16,Case Number,R.P.(C) No.-000353-000353 / 2003,01-04-2005 (English)
S.No. 17,Case Number,Crl.A. No.-000399-000399 / 2005,10-03-2005 (English)
S.No. 18,Case Number,C.A. No.-002619-002619 / 2003,22-02-2005 (English)
S.No. 19,Case Number,C.A. No.-000979-000986 / 1999,18-11-2004 (English)
S.No. 20,Case Number,C.A. No.-001869-001880 / 2000,18-03-2005 (English)
S.No. 21,Case Number,C.A. No.-000992-000992 / 2003,16-12-2004 (English)
S.No. 22,Case Number,C.A. No.-001103-001103 / 1998,06-04-2005 (English)
S.No. 23,Case Number,Crl.A. No.-001218-001219 / 2004,26-10-2004 (English)
S.No. 24,Case Number,Crl.A. No.-001249-001251 / 1999,12-04-2005 (English)
S.No. 25,Case Number,C.A. No.-006172-006222 / 2005,06-10-2005 (English)
S.No. 26,Case Number,W.P.(C) No.-000072-000072 / 1998,18-07-2005 (English)
S.No. 27,Case Number,C.A. No.-007312-007313 / 2002,17-12-2004 (English)
S.No. 28,Case Number,Crl.A. No.-001403-001403 / 2004,"02-12-2004 (English)
02-12-2004 (English)"
S.No. 29,Case Number,Crl.A. No.-000326-000326 / 2005,21-02-2005 (English)
S.No. 30,Case Number,C.A. No.-008453-008454 / 2002,14-02-2005 (English)
S.No. 31,Case Number,W.P.(C) No.-000036-000036 / 2005,03-05-2005 (English)
S.No. 32,Case Number,C.A. No.-005047-005047 / 2000,23-11-2004 (English)
S.No. 33,Case Number,C.A. No.-001676-001677 / 2002,25-01-2005 (English)
S.No. 34,Case Number,C.A. No.-001197-001197 / 2005,24-08-2005 (English)
S.No. 35,Case Number,R.P.(C) No.-000238-000238 / 2003,10-08-2005 (English)
S.No. 36,Case Number,C.A. No.-001115-001115 / 2000,22-02-2005 (English)
S.No. 37,Case Number,C.A. No.-001449-001449 / 2000,26-04-2005 (English)
S.No. 38,Case Number,C.A. No.-001100-001101 / 2005,11-02-2005 (English)
S.No. 39,Case Number,C.A. No.-001273-001275 / 1998,26-10-2004 (English)
S.No. 40,Case Number,C.A. No.-005345-005345 / 2005,30-08-2005 (English)
S.No. 41,Case Number,Crl.A. No.-001311-001311 / 2005,06-10-2005 (English)
S.No. 42,Case Number,R.P.(C) No.-000648-000649 / 2004,01-02-2005 (English)
S.No. 43,Case Number,C.A. No.-002799-002800 / 2005,21-04-2005 (English)
S.No. 44,Case Number,C.A. No.-001726-001726 / 1999,28-07-2005 (English)
S.No. 45,Case Number,Crl.A. No.-000998-000998 / 1999,24-11-2004 (English)
S.No. 46,Case Number,Crl.A. No.-001154-001154 / 2005,"06-09-2005 (English)
06-09-2005 (English)"
S.No. 47,Case Number,C.A. No.-004611-004611 / 1999,22-02-2005 (English)
S.No. 48,Case Number,W.P.(C) No.-000079-000079 / 1997,24-02-2005 (English)
S.No. 49,Case Number,CURATIVE PET(R) No.-000003-000003 / 2005,29-08-2005 (English)
S.No. 50,Case Number,C.A. No.-002348-002349 / 2000,12-04-2005 (English)
S.No. 51,Case Number,C.A. No.-002249-002257 / 2000,06-05-2005 (English)
S.No. 52,Case Number,C.A. No.-004806-004806 / 2005,05-08-2005 (English)
S.No. 53,Case Number,C.A. No.-001564-001564 / 1999,13-04-2005 (English)
S.No. 54,Case Number,Crl.A. No.-001425-001425 / 2004,06-12-2004 (English)
S.No. 55,Case Number,Crl.A. No.-001374-001374 / 1999,"26-04-2005 (English)
26-04-2005 (English)"
S.No. 56,Case Number,C.A. No.-005185-005185 / 2001,04-10-2005 (English)
S.No. 57,Case Number,C.A. No.-003048-003064 / 2005,04-05-2005 (English)
S.No. 58,Case Number,W.P.(C) No.-000031-000031 / 2000,11-08-2005 (English)
S.No. 59,Case Number,C.A. No.-004399-004399 / 2002,18-01-2005 (English)
S.No. 60,Case Number,C.A. No.-003499-003499 / 2005,15-09-2005 (English)
S.No. 61,Case Number,Crl.A. No.-001312-001312 / 2005,06-10-2005 (English)
S.No. 62,Case Number,C.A. No.-001717-001719 / 1999,25-01-2005 (English)
S.No. 63,Case Number,C.A. No.-004662-004663 / 1999,31-03-2005 (English)
S.No. 64,Case Number,Crl.A. No.-000123-000123 / 2005,19-01-2005 (English)
S.No. 65,Case Number,Crl.A. No.-001146-001146 / 2003,09-08-2005 (English)
S.No. 66,Case Number,Crl.A. No.-000964-000964 / 2002,22-02-2005 (English)
S.No. 67,Case Number,C.A. No.-006736-006736 / 1999,17-03-2005 (English)
S.No. 68,Case Number,C.A. No.-001211-001211 / 2005,14-02-2005 (English)
S.No. 69,Case Number,SLP(C) No.-002061-002061 / 2005,03-03-2005 (English)
S.No. 70,Case Number,C.A. No.-002015-002015 / 2002,17-02-2005 (English)
S.No. 71,Case Number,SLP(C) No.-020182-020184 / 2003,17-08-2005 (English)
S.No. 72,Case Number,C.A. No.-001287-001289 / 1999,23-11-2004 (English)
S.No. 73,Case Number,CONMT.PET.(C) No.-000110-000111 / 2003,05-10-2005 (English)
S.No. 74,Case Number,Crl.A. No.-001070-001070 / 1999,03-11-2004 (English)
S.No. 75,Case Number,C.A. No.-004396-004396 / 2003,17-03-2005 (English)
S.No. 76,Case Number,C.A. No.-004023-004023 / 2004,08-12-2004 (English)
S.No. 77,Case Number,C.A. No.-001922-001922 / 1999,16-12-2004 (English)
S.No. 78,Case Number,C.A. No.-005199-005201 / 2004,29-09-2005 (English)
S.No. 79,Case Number,Crl.A. No.-001391-001391 / 1999,05-05-2005 (English)
S.No. 80,Case Number,C.A. No.-001676-001678 / 1999,25-01-2005 (English)
S.No. 81,Case Number,C.A. No.-003608-003608 / 2005,12-07-2005 (English)
S.No. 82,Case Number,Crl.A. No.-001074-001074 / 2005,24-08-2005 (English)
S.No. 83,Case Number,C.A. No.-001853-001853 / 2005,19-04-2005 (English)
S.No. 84,Case Number,C.A. No.-002894-002894 / 2001,30-09-2005 (English)
S.No. 85,Case Number,Crl.A. No.-000694-000694 / 2004,12-05-2005 (English)
S.No. 86,Case Number,C.A. No.-002657-002658 / 2005,18-04-2005 (English)
S.No. 87,Case Number,C.A. No.-002485-002485 / 2001,13-04-2005 (English)
S.No. 88,Case Number,Crl.A. No.-000887-000887 / 1999,02-11-2004 (English)
S.No. 89,Case Number,C.A. No.-001776-001776 / 2005,16-03-2005 (English)
S.No. 90,Case Number,C.A. No.-002504-002504 / 1999,10-12-2004 (English)
S.No. 91,Case Number,C.A. No.-002765-002765 / 2005,20-04-2005 (English)
S.No. 92,Case Number,Crl.A. No.-000256-000257 / 2005,08-02-2005 (English)
S.No. 93,Case Number,C.A. No.-001346-001346 / 2005,26-09-2005 (English)
S.No. 94,Case Number,C.A. No.-002415-002415 / 2000,05-04-2005 (English)
S.No. 95,Case Number,C.A. No.-002831-002831 / 2005,25-04-2005 (English)
S.No. 96,Case Number,C.A. No.-000848-000848 / 1999,26-04-2005 (English)
S.No. 97,Case Number,C.A. No.-005048-005048 / 2005,"12-08-2005 (English)
12-08-2005 (English)
12-08-2005 (English)"
S.No. 98,Case Number,Crl.A. No.-000149-000150 / 1997,29-11-2004 (English)
S.No. 99,Case Number,W.P.(C) No.-000202-000202 / 1995,26-09-2005 (English)
S.No. 100,Case Number,C.A. No.-002338-002338 / 2001,08-02-2005 (English)
S.No. 101,Case Number,Crl.A. No.-000656-000656 / 2004,21-04-2005 (English)
S.No. 102,Case Number,C.A. No.-004730-004730 / 1999,08-08-2005 (English)
S.No. 103,Case Number,C.A. No.-000336-000336 / 2004,"03-05-2005 (English)
03-05-2005 (English)
03-05-2005 (English)"
S.No. 104,Case Number,C.A. No.-007797-007797 / 2003,02-08-2005 (English)
S.No. 105,Case Number,C.A. No.-001543-001547 / 1999,11-01-2005 (English)
S.No. 106,Case Number,C.A. No.-005176-005176 / 2005,22-08-2005 (English)
S.No. 107,Case Number,C.A. No.-004079-004079 / 2004,04-01-2005 (English)
S.No. 108,Case Number,C.A. No.-000701-000701 / 2004,28-01-2005 (English)
S.No. 109,Case Number,C.A. No.-002508-002508 / 2001,16-03-2005 (English)
S.No. 110,Case Number,Crl.A. No.-001068-001068 / 2005,24-08-2005 (English)
S.No. 111,Case Number,Crl.A. No.-000609-000609 / 2005,25-04-2005 (English)
S.No. 112,Case Number,C.A. No.-003532-003560 / 1997,07-12-2004 (English)
S.No. 113,Case Number,Crl.A. No.-000215-000215 / 2004,29-09-2005 (English)
S.No. 114,Case Number,C.A. No.-001348-001348 / 2005,22-02-2005 (English)
S.No. 115,Case Number,C.A. No.-003209-003209 / 2002,05-11-2004 (English)
S.No. 116,Case Number,C.A. No.-002360-002361 / 1999,08-12-2004 (English)
S.No. 117,Case Number,C.A. No.-002766-002766 / 2000,05-05-2005 (English)
S.No. 118,Case Number,Crl.A. No.-000482-000482 / 2003,08-08-2005 (English)
S.No. 119,Case Number,C.A. No.-006727-006728 / 2001,07-04-2005 (English)
S.No. 120,Case Number,C.A. No.-006994-006994 / 1999,21-04-2005 (English)
S.No. 121,Case Number,C.A. No.-004817-004817 / 1999,05-05-2005 (English)
S.No. 122,Case Number,C.A. No.-006324-006324 / 2005,07-10-2005 (English)
S.No. 123,Case Number,C.A. No.-000030-000030 / 2005,05-01-2005 (English)
S.No. 124,Case Number,Crl.A. No.-000688-000688 / 2003,30-09-2005 (English)
S.No. 125,Case Number,C.A. No.-000695-000695 / 2004,19-07-2005 (English)
S.No. 126,Case Number,C.A. No.-002259-002259 / 1999,26-10-2004 (English)
S.No. 127,Case Number,C.A. No.-007800-007800 / 2001,07-09-2005 (English)
S.No. 128,Case Number,C.A. No.-002867-002867 / 2000,09-08-2005 (English)
S.No. 129,Case Number,C.A. No.-006060-006060 / 1999,06-12-2004 (English)
S.No. 130,Case Number,C.A. No.-003902-003902 / 1999,24-02-2005 (English)
S.No. 131,Case Number,C.A. No.-005188-005188 / 2005,23-08-2005 (English)
S.No. 132,Case Number,CONMT.PET.(C) No.-000081-000081 / 2000,28-09-2005 (English)
S.No. 133,Case Number,C.A. No.-002679-002679 / 2000,29-04-2005 (English)
S.No. 134,Case Number,C.A. No.-000006-000007 / 1998,11-02-2005 (English)
S.No. 135,Case Number,C.A. No.-002431-002431 / 1999,"10-12-2004 (English)
10-12-2004 (English)"
S.No. 136,Case Number,Crl.A. No.-000219-000219 / 2005,04-02-2005 (English)
S.No. 137,Case Number,Crl.A. No.-000370-000370 / 2005,01-03-2005 (English)
S.No. 138,Case Number,C.A. No.-002643-002644 / 2000,31-03-2005 (English)
S.No. 139,Case Number,C.A. No.-005489-005489 / 2003,28-07-2005 (English)
S.No. 140,Case Number,C.A. No.-004262-004262 / 1999,"17-08-2005 (English)
17-08-2005 (English)"
S.No. 141,Case Number,C.A. No.-001022-001022 / 2000,10-01-2005 (English)
S.No. 142,Case Number,C.A. No.-001307-001307 / 2005,18-02-2005 (English)
S.No. 143,Case Number,C.A. No.-002698-002699 / 2005,19-04-2005 (English)
S.No. 144,Case Number,C.A. No.-004339-004339 / 2004,28-09-2005 (English)
S.No. 145,Case Number,C.A. No.-008246-008246 / 2004,17-12-2004 (English)
S.No. 146,Case Number,C.A. No.-002523-002529 / 2000,20-04-2005 (English)
S.No. 147,Case Number,C.A. No.-003100-003100 / 2005,05-05-2005 (English)
S.No. 148,Case Number,W.P.(C) No.-000131-000131 / 2000,12-07-2005 (English)
S.No. 149,Case Number,Crl.A. No.-000651-000651 / 2005,02-05-2005 (English)
S.No. 150,Case Number,W.P.(C) No.-000105-000105 / 2004,"29-04-2005 (English)
18-01-2005 (English)"
S.No. 151,Case Number,C.A. No.-002254-002254 / 2005,20-09-2005 (English)
S.No. 152,Case Number,Crl.A. No.-000616-000616 / 1998,14-12-2004 (English)
S.No. 153,Case Number,Crl.A. No.-000180-000180 / 2005,25-01-2005 (English)
S.No. 154,Case Number,Crl.A. No.-001313-001313 / 2005,06-10-2005 (English)
S.No. 155,Case Number,Crl.A. No.-000498-000498 / 2005,04-04-2005 (English)
S.No. 156,Case Number,Crl.A. No.-001273-001273 / 2004,05-11-2004 (English)
S.No. 157,Case Number,Crl.A. No.-001314-001314 / 2005,06-10-2005 (English)
S.No. 158,Case Number,C.A. No.-007978-007978 / 2004,09-12-2004 (English)
S.No. 159,Case Number,C.A. No.-007140-007140 / 2004,02-11-2004 (English)
S.No. 160,Case Number,Crl.A. No.-000325-000325 / 2003,21-04-2005 (English)
S.No. 161,Case Number,C.A. No.-000443-000443 / 2001,02-08-2005 (English)
S.No. 162,Case Number,C.A. No.-003396-003396 / 2001,15-09-2005 (English)
S.No. 163,Case Number,C.A. No.-002846-002846 / 2002,25-01-2005 (English)
S.No. 164,Case Number,C.A. No.-003158-003158 / 2000,23-09-2005 (English)
S.No. 165,Case Number,C.A. No.-003398-003398 / 2000,26-07-2005 (English)
S.No. 166,Case Number,C.A. No.-003536-003536 / 2000,24-08-2005 (English)
S.No. 167,Case Number,C.A. No.-004234-004234 / 2000,07-10-2005 (English)
S.No. 168,Case Number,C.A. No.-000772-000772 / 2001,27-07-2005 (English)
S.No. 169,Case Number,C.A. No.-002415-002415 / 2005,05-04-2005 (English)
S.No. 170,Case Number,Crl.A. No.-001096-001096 / 1999,27-10-2004 (English)
S.No. 171,Case Number,Crl.A. No.-001285-001285 / 2005,04-10-2005 (English)
S.No. 172,Case Number,C.A. No.-004168-004168 / 2003,19-07-2005 (English)
S.No. 173,Case Number,C.A. No.-002766-002767 / 2005,20-04-2005 (English)
S.No. 174,Case Number,Crl.A. No.-001317-001317 / 1999,20-04-2005 (English)
S.No. 175,Case Number,C.A. No.-002802-002803 / 2002,10-05-2005 (English)
S.No. 176,Case Number,C.A. No.-002768-002768 / 2000,04-08-2005 (English)
S.No. 177,Case Number,C.A. No.-004461-004461 / 2005,25-07-2005 (English)
S.No. 178,Case Number,C.A. No.-001993-001993 / 2002,03-02-2005 (English)
S.No. 179,Case Number,C.A. No.-008304-008305 / 2002,25-01-2005 (English)
S.No. 180,Case Number,Crl.A. No.-000633-000633 / 2005,28-04-2005 (English)
S.No. 181,Case Number,C.A. No.-001710-001710 / 2001,07-04-2005 (English)
S.No. 182,Case Number,C.A. No.-000040-000040 / 2005,05-01-2005 (English)
S.No. 183,Case Number,C.A. No.-007994-007994 / 2003,17-11-2004 (English)
S.No. 184,Case Number,Crl.A. No.-000398-000399 / 2001,21-04-2005 (English)
S.No. 185,Case Number,Crl.A. No.-000551-000551 / 2004,08-09-2005 (English)
S.No. 186,Case Number,Crl.A. No.-001513-001513 / 2004,17-12-2004 (English)
S.No. 187,Case Number,Crl.A. No.-000611-000612 / 2003,05-04-2005 (English)
S.No. 188,Case Number,Crl.A. No.-001173-001173 / 1999,16-12-2004 (English)
S.No. 189,Case Number,C.A. No.-004467-004467 / 2005,25-07-2005 (English)
S.No. 190,Case Number,C.A. No.-007763-007764 / 2004,02-12-2004 (English)
S.No. 191,Case Number,W.P.(C) No.-000141-000141 / 2005,19-07-2005 (English)
S.No. 192,Case Number,W.P.(C) No.-000215-000215 / 2002,27-10-2004 (English)
S.No. 193,Case Number,C.A. No.-006476-006476 / 1998,18-04-2005 (English)
S.No. 194,Case Number,Crl.A. No.-000023-000023 / 2005,07-01-2005 (English)
S.No. 195,Case Number,C.A. No.-002736-002738 / 1999,16-12-2004 (English)
S.No. 196,Case Number,Crl.A. No.-000633-000633 / 1999,18-11-2004 (English)
S.No. 197,Case Number,Crl.A. No.-000664-000664 / 2002,20-09-2005 (English)
S.No. 198,Case Number,C.A. No.-001774-001774 / 2001,13-12-2004 (English)
S.No. 199,Case Number,C.A. No.-000646-000646 / 2000,06-09-2005 (English)
S.No. 200,Case Number,Crl.A. No.-001020-001021 / 1999,12-01-2005 (English)
S.No. 201,Case Number,C.A. No.-000576-000576 / 2003,20-09-2005 (English)
S.No. 202,Case Number,C.A. No.-006707-006707 / 1999,19-11-2004 (English)
S.No. 203,Case Number,C.A. No.-003700-003712 / 2001,"28-04-2005 (English)
28-04-2005 (English)"
S.No. 204,Case Number,C.A. No.-003638-003638 / 1999,04-01-2005 (English)
S.No. 205,Case Number,Crl.A. No.-000526-000526 / 2001,"12-01-2005 (English)
12-01-2005 (English)"
S.No. 206,Case Number,C.A. No.-000767-000768 / 2005,28-01-2005 (English)
S.No. 207,Case Number,Crl.A. No.-001474-001474 / 2004,13-12-2004 (English)
S.No. 208,Case Number,Crl.A. No.-000061-000062 / 2005,11-01-2005 (English)
S.No. 209,Case Number,Crl.A. No.-001204-001204 / 1999,18-01-2005 (English)
S.No. 210,Case Number,C.A. No.-003713-003713 / 2005,15-07-2005 (English)
S.No. 211,Case Number,Crl.A. No.-000205-000205 / 2005,01-02-2005 (English)
S.No. 212,Case Number,C.A. No.-007981-007981 / 2004,07-10-2005 (English)
S.No. 213,Case Number,C.A. No.-002988-002988 / 2005,03-05-2005 (English)
S.No. 214,Case Number,C.A. No.-003818-003818 / 2000,23-09-2005 (English)
S.No. 215,Case Number,C.A. No.-005293-005294 / 2001,05-08-2005 (English)
S.No. 216,Case Number,C.A. No.-000438-000438 / 2000,23-02-2005 (English)
S.No. 217,Case Number,C.A. No.-001387-001387 / 1999,03-11-2004 (English)
S.No. 218,Case Number,Crl.A. No.-000709-000709 / 1999,11-01-2005 (English)
S.No. 219,Case Number,C.A. No.-005184-005184 / 2005,23-08-2005 (English)
S.No. 220,Case Number,C.A. No.-005591-005591 / 1999,10-12-2004 (English)
S.No. 221,Case Number,C.A. No.-001672-001672 / 2002,28-02-2005 (English)
S.No. 222,Case Number,C.A. No.-006276-006276 / 1999,19-11-2004 (English)
S.No. 223,Case Number,C.A. No.-003832-003837 / 1999,"05-01-2005 (English)
05-01-2005 (English)"
S.No. 224,Case Number,C.A. No.-003991-003991 / 2001,24-02-2005 (English)
S.No. 225,Case Number,Crl.A. No.-001344-001346 / 1999,20-04-2005 (English)
S.No. 226,Case Number,C.A. No.-003615-003615 / 1996,21-04-2005 (English)
S.No. 227,Case Number,C.A. No.-004472-004472 / 2001,09-08-2005 (English)
S.No. 228,Case Number,C.A. No.-006360-006360 / 1999,09-12-2004 (English)
S.No. 229,Case Number,C.A. No.-003271-003271 / 2005,11-05-2005 (English)
S.No. 230,Case Number,Crl.A. No.-001240-001240 / 1999,24-02-2005 (English)
S.No. 231,Case Number,C.A. No.-003460-003460 / 2000,29-08-2005 (English)
S.No. 232,Case Number,Crl.A. No.-000648-000648 / 1998,25-10-2004 (English)
S.No. 233,Case Number,C.A. No.-004411-004411 / 2003,01-09-2005 (English)
S.No. 234,Case Number,R.P.(C) No.-001005-001005 / 2004,03-03-2005 (English)
S.No. 235,Case Number,C.A. No.-003279-003279 / 2005,11-05-2005 (English)
S.No. 236,Case Number,C.A. No.-004740-004740 / 1999,10-01-2005 (English)
S.No. 237,Case Number,C.A. No.-006101-006102 / 2005,04-10-2005 (English)
S.No. 238,Case Number,C.A. No.-007256-007257 / 2004,"05-11-2004 (English)
05-11-2004 (English)"
S.No. 239,Case Number,C.A. No.-007119-007119 / 2003,12-09-2005 (English)
S.No. 240,Case Number,C.A. No.-003750-003750 / 1999,03-01-2005 (English)
S.No. 241,Case Number,C.A. No.-001780-001780 / 2005,16-03-2005 (English)
S.No. 242,Case Number,C.A. No.-000337-000337 / 2002,22-11-2004 (English)
S.No. 243,Case Number,C.A. No.-001321-001321 / 2003,14-03-2005 (English)
S.No. 244,Case Number,Crl.A. No.-001287-001287 / 2005,04-10-2005 (English)
S.No. 245,Case Number,Crl.A. No.-000469-000469 / 2005,30-03-2005 (English)
S.No. 246,Case Number,C.A. No.-005919-005919 / 2005,28-09-2005 (English)
S.No. 247,Case Number,C.A. No.-001022-001022 / 2001,13-01-2005 (English)
S.No. 248,Case Number,C.A. No.-005358-005358 / 2002,17-12-2004 (English)
S.No. 249,Case Number,Crl.A. No.-000713-000714 / 2004,03-03-2005 (English)
S.No. 250,Case Number,C.A. No.-008088-008088 / 2004,15-12-2004 (English)
S.No. 251,Case Number,Crl.A. No.-000615-000615 / 2004,15-04-2005 (English)
S.No. 252,Case Number,C.A. No.-003960-003960 / 1999,16-02-2005 (English)
S.No. 253,Case Number,C.A. No.-003322-003322 / 1998,11-04-2005 (English)
S.No. 254,Case Number,C.A. No.-004232-004232 / 2003,28-01-2005 (English)
S.No. 255,Case Number,C.A. No.-001595-001595 / 2005,09-03-2005 (English)
S.No. 256,Case Number,Crl.A. No.-001288-001288 / 2005,04-10-2005 (English)
S.No. 257,Case Number,Crl.A. No.-000972-000972 / 2004,12-05-2005 (English)
S.No. 258,Case Number,Crl.A. No.-000089-000089 / 2005,12-01-2005 (English)
S.No. 259,Case Number,C.A. No.-009728-009728 / 2003,06-10-2005 (English)
S.No. 260,Case Number,C.A. No.-002500-002500 / 2001,04-10-2005 (English)
S.No. 261,Case Number,Crl.A. No.-000144-000145 / 2004,05-08-2005 (English)
S.No. 262,Case Number,Crl.A. No.-001245-001245 / 1999,"27-04-2005 (English)
27-04-2005 (English)"
S.No. 263,Case Number,Crl.A. No.-000625-000626 / 2005,26-04-2005 (English)
S.No. 264,Case Number,Crl.A. No.-001344-001345 / 2004,25-11-2004 (English)
S.No. 265,Case Number,C.A. No.-000647-000647 / 2000,06-09-2005 (English)
S.No. 266,Case Number,C.A. No.-005477-005477 / 2004,16-09-2005 (English)
S.No. 267,Case Number,C.A. No.-008605-008605 / 2002,"22-11-2004 (English)
22-11-2004 (English)"
S.No. 268,Case Number,Crl.A. No.-000378-000378 / 2005,03-03-2005 (English)
S.No. 269,Case Number,C.A. No.-004533-004533 / 2001,01-12-2004 (English)
S.No. 270,Case Number,C.A. No.-005242-005242 / 2002,20-07-2005 (English)
S.No. 271,Case Number,Crl.A. No.-001139-001139 / 1999,26-04-2005 (English)
S.No. 272,Case Number,C.A. No.-005920-005920 / 1999,09-08-2005 (English)
S.No. 273,Case Number,C.A. No.-004022-004022 / 1999,23-02-2005 (English)
S.No. 274,Case Number,C.A. No.-004534-004534 / 2001,12-05-2005 (English)
S.No. 275,Case Number,C.A. No.-002257-002258 / 2005,30-03-2005 (English)
S.No. 276,Case Number,C.A. No.-003339-003339 / 2000,24-08-2005 (English)
S.No. 277,Case Number,Crl.A. No.-000107-000108 / 2005,17-01-2005 (English)
S.No. 278,Case Number,C.A. No.-009419-009419 / 2003,03-05-2005 (English)
S.No. 279,Case Number,C.A. No.-003792-003803 / 2000,01-04-2005 (English)
S.No. 280,Case Number,C.A. No.-001402-001404 / 2005,24-02-2005 (English)
S.No. 281,Case Number,W.P.(C) No.-000413-000413 / 2003,06-09-2005 (English)
S.No. 282,Case Number,Crl.A. No.-001254-001254 / 1999,13-04-2005 (English)
S.No. 283,Case Number,C.A. No.-000897-000897 / 2002,05-05-2005 (English)
S.No. 284,Case Number,Crl.A. No.-001265-001266 / 2004,"04-05-2005 (English)
03-11-2004 (English)"
S.No. 285,Case Number,C.A. No.-006558-006558 / 1999,01-12-2004 (English)
S.No. 286,Case Number,Crl.A. No.-000822-000822 / 2005,13-07-2005 (English)
S.No. 287,Case Number,C.A. No.-007965-007965 / 2001,19-09-2005 (English)
S.No. 288,Case Number,C.A. No.-001604-001604 / 2005,09-03-2005 (English)
S.No. 289,Case Number,Crl.A. No.-000098-000098 / 1999,20-01-2005 (English)
S.No. 290,Case Number,C.A. No.-000874-000876 / 2005,03-02-2005 (English)
S.No. 291,Case Number,C.A. No.-000901-000901 / 1999,22-11-2004 (English)
S.No. 292,Case Number,Crl.A. No.-000147-000147 / 2003,03-02-2005 (English)
S.No. 293,Case Number,C.A. No.-006462-006462 / 2003,08-08-2005 (English)
S.No. 294,Case Number,C.A. No.-001787-001787 / 2005,16-03-2005 (English)
S.No. 295,Case Number,C.A. No.-005641-005641 / 2004,"28-07-2005 (English)
28-07-2005 (English)"
S.No. 296,Case Number,C.A. No.-006746-006746 / 1999,22-02-2005 (English)
S.No. 297,Case Number,C.A. No.-007174-007174 / 2004,06-10-2005 (English)
S.No. 298,Case Number,Crl.A. No.-000994-000994 / 2005,12-08-2005 (English)
S.No. 299,Case Number,C.A. No.-008871-008871 / 2003,02-09-2005 (English)
S.No. 300,Case Number,SLP(C) No.-010506-010506 / 2005,07-09-2005 (English)
S.No. 301,Case Number,C.A. No.-004441-004441 / 2001,14-07-2005 (English)
S.No. 302,Case Number,C.A. No.-004454-004454 / 1999,03-12-2004 (English)
S.No. 303,Case Number,C.A. No.-004322-004322 / 1999,23-11-2004 (English)
S.No. 304,Case Number,Crl.A. No.-000865-000865 / 2003,17-11-2004 (English)
S.No. 305,Case Number,C.A. No.-004228-004229 / 1999,22-02-2005 (English)
S.No. 306,Case Number,C.A. No.-004838-004838 / 1999,06-05-2005 (English)
S.No. 307,Case Number,C.A. No.-005646-005646 / 1999,21-02-2005 (English)
S.No. 308,Case Number,C.A. No.-005162-005167 / 2005,22-08-2005 (English)
S.No. 309,Case Number,Crl.A. No.-001333-001334 / 1999,20-04-2005 (English)
S.No. 310,Case Number,C.A. No.-004601-004601 / 2000,12-07-2005 (English)
S.No. 311,Case Number,C.A. No.-000021-000021 / 2003,04-02-2005 (English)
S.No. 312,Case Number,Crl.A. No.-000359-000359 / 2005,28-02-2005 (English)
S.No. 313,Case Number,C.A. No.-009676-009676 / 2003,03-05-2005 (English)
S.No. 314,Case Number,C.A. No.-002918-002918 / 2005,27-04-2005 (English)
S.No. 315,Case Number,C.A. No.-002519-002520 / 2005,11-04-2005 (English)
S.No. 316,Case Number,C.A. No.-009470-009470 / 2003,08-09-2005 (English)
S.No. 317,Case Number,C.A. No.-000817-000817 / 2005,23-09-2005 (English)
S.No. 318,Case Number,W.P.(C) No.-000328-000328 / 2002,15-03-2005 (English)
S.No. 319,Case Number,C.A. No.-004308-004310 / 1998,22-07-2005 (English)
S.No. 320,Case Number,SLP(C) No.-011001-011001 / 2001,19-11-2004 (English)
S.No. 321,Case Number,C.A. No.-001428-001428 / 2004,07-09-2005 (English)
S.No. 322,Case Number,C.A. No.-000037-000037 / 1998,17-12-2004 (English)
S.No. 323,Case Number,C.A. No.-004909-004909 / 2005,11-08-2005 (English)
S.No. 324,Case Number,C.A. No.-006892-006893 / 1999,22-02-2005 (English)
S.No. 325,Case Number,C.A. No.-003749-003749 / 1999,28-01-2005 (English)
S.No. 326,Case Number,C.A. No.-004366-004366 / 1999,01-12-2004 (English)
S.No. 327,Case Number,C.A. No.-005189-005189 / 2005,23-08-2005 (English)
S.No. 328,Case Number,C.A. No.-003819-003819 / 1999,22-02-2005 (English)
S.No. 329,Case Number,C.A. No.-005041-005041 / 2005,"12-08-2005 (English)
12-08-2005 (English)"
S.No. 330,Case Number,C.A. No.-002582-002582 / 1998,"05-11-2004 (English)
05-11-2004 (English)
05-11-2004 (English)"
S.No. 331,Case Number,C.A. No.-003840-003840 / 1999,07-02-2005 (English)
S.No. 332,Case Number,C.A. No.-007225-007225 / 2002,23-08-2005 (English)
S.No. 333,Case Number,C.A. No.-003178-003178 / 2005,03-10-2005 (English)
S.No. 334,Case Number,Crl.A. No.-000688-000688 / 2004,19-09-2005 (English)
S.No. 335,Case Number,C.A. No.-004544-004544 / 2005,"19-09-2005 (English)
19-09-2005 (English)"
S.No. 336,Case Number,SLP(C) No.-010510-010510 / 2004,25-04-2005 (English)
S.No. 337,Case Number,Crl.A. No.-000772-000772 / 2004,10-03-2005 (English)
S.No. 338,Case Number,C.A. No.-004267-004267 / 2003,"03-10-2005 (English)
03-10-2005 (English)"
S.No. 339,Case Number,Crl.A. No.-001063-001063 / 2004,08-04-2005 (English)
S.No. 340,Case Number,C.A. No.-000336-000336 / 2001,01-04-2005 (English)
S.No. 341,Case Number,C.A. No.-004792-004792 / 1999,18-10-2005 (English)
S.No. 342,Case Number,C.A. No.-005875-005875 / 1994,23-11-2004 (English)
S.No. 343,Case Number,C.A. No.-002592-002593 / 2000,12-07-2005 (English)
S.No. 344,Case Number,C.A. No.-000800-000804 / 2000,10-01-2005 (English)
S.No. 345,Case Number,R.P.(C) No.-001267-001267 / 2004,01-12-2004 (English)
S.No. 346,Case Number,W.P.(C) No.-000010-000010 / 2005,03-10-2005 (English)
S.No. 347,Case Number,C.A. No.-000658-000658 / 2002,29-04-2005 (English)
S.No. 348,Case Number,C.A. No.-005162-005162 / 2002,27-09-2005 (English)
S.No. 349,Case Number,Crl.A. No.-001248-001248 / 1999,24-11-2004 (English)
S.No. 350,Case Number,C.A. No.-001952-001952 / 2003,14-02-2005 (English)
S.No. 351,Case Number,C.A. No.-008737-008737 / 2003,23-08-2005 (English)
S.No. 352,Case Number,C.A. No.-002671-002671 / 2004,"02-12-2004 (English)
02-12-2004 (English)"
S.No. 353,Case Number,C.A. No.-001779-001779 / 2005,15-03-2005 (English)
S.No. 354,Case Number,C.A. No.-008052-008052 / 2001,28-03-2005 (English)
S.No. 355,Case Number,C.A. No.-003025-003025 / 2003,18-01-2005 (English)
S.No. 356,Case Number,C.A. No.-001058-001058 / 2000,15-12-2004 (English)
S.No. 357,Case Number,C.A. No.-001317-001317 / 2005,21-02-2005 (English)
S.No. 358,Case Number,C.A. No.-008607-008610 / 2002,08-02-2005 (English)
S.No. 359,Case Number,C.A. No.-002865-002865 / 1998,24-08-2005 (English)
S.No. 360,Case Number,C.A. No.-005196-005196 / 2005,23-08-2005 (English)
S.No. 361,Case Number,Crl.A. No.-001286-001286 / 2005,04-10-2005 (English)
S.No. 362,Case Number,C.A. No.-006790-006790 / 2003,06-12-2004 (English)
S.No. 363,Case Number,C.A. No.-007522-007522 / 2004,22-11-2004 (English)
S.No. 364,Case Number,C.A. No.-006971-006971 / 1999,17-02-2005 (English)
S.No. 365,Case Number,C.A. No.-002300-002300 / 2005,31-03-2005 (English)
S.No. 366,Case Number,C.A. No.-007839-007840 / 2004,03-12-2004 (English)
S.No. 367,Case Number,Crl.A. No.-001186-001186 / 1999,20-07-2005 (English)
S.No. 368,Case Number,C.A. No.-000109-000125 / 1999,04-01-2005 (English)
S.No. 369,Case Number,W.P.(C) No.-000257-000257 / 2005,07-10-2005 (English)
S.No. 370,Case Number,C.A. No.-003044-003045 / 2005,04-05-2005 (English)
S.No. 371,Case Number,Crl.A. No.-000664-000664 / 1997,04-11-2004 (English)
S.No. 372,Case Number,Crl.A. No.-000938-000939 / 1998,03-02-2005 (English)
S.No. 373,Case Number,C.A. No.-003574-003574 / 1998,27-10-2004 (English)
S.No. 374,Case Number,C.A. No.-000007-000007 / 2005,03-01-2005 (English)
S.No. 375,Case Number,C.A. No.-001381-001382 / 2004,11-02-2005 (English)
S.No. 376,Case Number,C.A. No.-001262-001263 / 2003,08-02-2005 (English)
S.No. 377,Case Number,C.A. No.-005045-005046 / 2005,12-08-2005 (English)
S.No. 378,Case Number,C.A. No.-002547-002547 / 2005,12-04-2005 (English)
S.No. 379,Case Number,C.A. No.-007253-007253 / 2002,12-01-2005 (English)
S.No. 380,Case Number,C.A. No.-006132-006132 / 2005,05-10-2005 (English)
S.No. 381,Case Number,C.A. No.-002062-002062 / 2002,30-03-2005 (English)
S.No. 382,Case Number,C.A. No.-005866-005866 / 1999,23-02-2005 (English)
S.No. 383,Case Number,Crl.A. No.-000957-000957 / 1998,29-03-2005 (English)
S.No. 384,Case Number,Crl.A. No.-000763-000763 / 1997,25-07-2005 (English)
S.No. 385,Case Number,C.A. No.-007337-007337 / 2004,15-09-2005 (English)
S.No. 386,Case Number,C.A. No.-001391-001391 / 1999,22-02-2005 (English)
S.No. 387,Case Number,C.A. No.-001766-001766 / 2002,05-08-2005 (English)
S.No. 388,Case Number,C.A. No.-004250-004250 / 2000,11-02-2005 (English)
S.No. 389,Case Number,C.A. No.-004413-004414 / 2003,28-01-2005 (English)
S.No. 390,Case Number,C.A. No.-001363-001363 / 2005,23-02-2005 (English)
S.No. 391,Case Number,Crl.A. No.-000919-000919 / 1999,16-11-2004 (English)
S.No. 392,Case Number,C.A. No.-000023-000023 / 1999,26-09-2005 (English)
S.No. 393,Case Number,C.A. No.-006326-006326 / 2005,07-10-2005 (English)
S.No. 394,Case Number,Crl.A. No.-001214-001214 / 2005,19-09-2005 (English)
S.No. 395,Case Number,C.A. No.-004399-004399 / 2005,21-07-2005 (English)
S.No. 396,Case Number,9999 No.-000448-000448 / 2004,13-05-2005 (English)
S.No. 397,Case Number,Crl.A. No.-001306-001306 / 1999,13-04-2005 (English)
S.No. 398,Case Number,W.P.(C) No.-000499-000499 / 1997,02-05-2005 (English)
S.No. 399,Case Number,C.A. No.-005334-005334 / 1999,22-02-2005 (English)
S.No. 400,Case Number,C.A. No.-001453-001453 / 2005,28-02-2005 (English)
S.No. 401,Case Number,C.A. No.-006350-006374 / 1997,01-11-2004 (English)
S.No. 402,Case Number,C.A. No.-005595-005595 / 2002,03-08-2005 (English)
S.No. 403,Case Number,C.A. No.-002798-002798 / 2005,21-04-2005 (English)
S.No. 404,Case Number,C.A. No.-002502-002502 / 2002,17-12-2004 (English)
S.No. 405,Case Number,C.A. No.-005118-005118 / 2003,26-07-2005 (English)
S.No. 406,Case Number,C.A. No.-008662-008662 / 2002,21-07-2005 (English)
S.No. 407,Case Number,C.A. No.-005830-005830 / 1999,17-02-2005 (English)
S.No. 408,Case Number,C.A. No.-005403-005406 / 1999,05-01-2005 (English)
S.No. 409,Case Number,C.A. No.-001404-001404 / 2003,07-10-2005 (English)
S.No. 410,Case Number,Crl.A. No.-000436-000436 / 2005,17-03-2005 (English)
S.No. 411,Case Number,C.A. No.-005000-005000 / 1999,04-11-2004 (English)
S.No. 412,Case Number,C.A. No.-004801-004801 / 2005,05-08-2005 (English)
S.No. 413,Case Number,Crl.A. No.-001023-001023 / 1999,18-11-2004 (English)
S.No. 414,Case Number,C.A. No.-012640-012640 / 1996,09-08-2005 (English)
S.No. 415,Case Number,C.A. No.-000976-000978 / 1999,23-02-2005 (English)
S.No. 416,Case Number,C.A. No.-007034-007034 / 2003,06-05-2005 (English)
S.No. 417,Case Number,C.A. No.-002303-002308 / 2005,31-03-2005 (English)
S.No. 418,Case Number,C.A. No.-007055-007055 / 2002,01-04-2005 (English)
S.No. 419,Case Number,C.A. No.-005421-005421 / 1999,02-03-2005 (English)
S.No. 420,Case Number,Crl.A. No.-000167-000167 / 2005,24-01-2005 (English)
S.No. 421,Case Number,R.P.(C) No.-001026-001026 / 2003,11-01-2005 (English)
S.No. 422,Case Number,C.A. No.-005631-005631 / 2000,09-03-2005 (English)
S.No. 423,Case Number,C.A. No.-005364-005364 / 2005,31-08-2005 (English)
S.No. 424,Case Number,C.A. No.-006945-006945 / 2004,25-10-2004 (English)
S.No. 425,Case Number,C.A. No.-005198-005201 / 2005,23-08-2005 (English)
S.No. 426,Case Number,Crl.A. No.-001274-001274 / 2004,05-11-2004 (English)
S.No. 427,Case Number,C.A. No.-005295-005295 / 2005,25-08-2005 (English)
S.No. 428,Case Number,C.A. No.-007310-007312 / 2003,25-10-2004 (English)
S.No. 429,Case Number,C.A. No.-001551-001551 / 2000,15-04-2005 (English)
S.No. 430,Case Number,Crl.A. No.-000660-000660 / 2005,29-04-2005 (English)
S.No. 431,Case Number,C.A. No.-004561-004564 / 2005,28-07-2005 (English)
S.No. 432,Case Number,C.A. No.-005854-005854 / 1999,26-04-2005 (English)
S.No. 433,Case Number,C.A. No.-008245-008245 / 2004,17-12-2004 (English)
S.No. 434,Case Number,Crl.A. No.-001239-001239 / 1999,23-02-2005 (English)
S.No. 435,Case Number,C.A. No.-002292-002292 / 1999,04-02-2005 (English)
S.No. 436,Case Number,W.P.(C) No.-000657-000657 / 1995,05-01-2005 (English)
S.No. 437,Case Number,Crl.A. No.-001223-001223 / 2005,19-09-2005 (English)
S.No. 438,Case Number,Crl.A. No.-000541-000541 / 2005,12-04-2005 (English)
S.No. 439,Case Number,C.A. No.-005807-005807 / 2005,19-09-2005 (English)
S.No. 440,Case Number,C.A. No.-000642-000642 / 2003,29-04-2005 (English)
S.No. 441,Case Number,Crl.A. No.-001300-001300 / 2005,05-10-2005 (English)
S.No. 442,Case Number,C.A. No.-001599-001599 / 2005,09-03-2005 (English)
S.No. 443,Case Number,W.P.(C) No.-000567-000567 / 1994,"20-01-2005 (English)
20-01-2005 (English)"
S.No. 444,Case Number,W.P.(C) No.-000427-000427 / 1999,30-11-2004 (English)
S.No. 445,Case Number,C.A. No.-002936-002936 / 2002,07-04-2005 (English)
S.No. 446,Case Number,C.A. No.-003380-003380 / 2005,13-05-2005 (English)
S.No. 447,Case Number,C.A. No.-006593-006593 / 2003,12-09-2005 (English)
S.No. 448,Case Number,C.A. No.-001415-001415 / 1999,19-01-2005 (English)
S.No. 449,Case Number,C.A. No.-000319-000319 / 2004,23-11-2004 (English)
S.No. 450,Case Number,Crl.A. No.-001248-001248 / 2005,26-09-2005 (English)
S.No. 451,Case Number,W.P.(C) No.-000306-000306 / 2004,12-01-2005 (English)
S.No. 452,Case Number,C.A. No.-005081-005081 / 2005,17-08-2005 (English)
S.No. 453,Case Number,C.A. No.-006221-006221 / 1999,07-03-2005 (English)
S.No. 454,Case Number,Crl.A. No.-001269-001269 / 2004,03-11-2004 (English)
S.No. 455,Case Number,Crl.A. No.-001277-001277 / 2005,"03-10-2005 (English)
03-10-2005 (English)"
S.No. 456,Case Number,Crl.A. No.-001279-001279 / 2002,07-10-2005 (English)
S.No. 457,Case Number,C.A. No.-008818-008830 / 2003,06-09-2005 (English)
S.No. 458,Case Number,C.A. No.-006908-006908 / 2003,10-05-2005 (English)
S.No. 459,Case Number,C.A. No.-008248-008248 / 2004,"17-12-2004 (English)
17-12-2004 (English)"
S.No. 460,Case Number,W.P.(C) No.-000322-000322 / 2004,27-10-2004 (English)
S.No. 461,Case Number,Crl.A. No.-001032-001032 / 1998,27-07-2005 (English)
S.No. 462,Case Number,C.A. No.-006760-006761 / 2003,27-01-2005 (English)
S.No. 463,Case Number,Crl.A. No.-000185-000185 / 2004,17-11-2004 (English)
S.No. 464,Case Number,C.A. No.-000853-000853 / 2005,02-02-2005 (English)
S.No. 465,Case Number,C.A. No.-000661-000662 / 2003,"11-01-2005 (English)
11-01-2005 (English)"
S.No. 466,Case Number,C.A. No.-006218-006219 / 1999,05-01-2005 (English)
S.No. 467,Case Number,C.A. No.-005242-005242 / 2000,26-09-2005 (English)
S.No. 468,Case Number,C.A. No.-001813-001813 / 2003,29-07-2005 (English)
S.No. 469,Case Number,Crl.A. No.-001301-001301 / 2005,05-10-2005 (English)
S.No. 470,Case Number,C.A. No.-001862-001862 / 2005,29-03-2005 (English)
S.No. 471,Case Number,C.A. No.-005895-005895 / 2005,26-09-2005 (English)
S.No. 472,Case Number,Crl.A. No.-001129-001129 / 1999,02-11-2004 (English)
S.No. 473,Case Number,C.A. No.-003117-003117 / 1999,11-03-2005 (English)
S.No. 474,Case Number,Crl.A. No.-000529-000529 / 2005,11-04-2005 (English)
S.No. 475,Case Number,C.A. No.-001407-001407 / 2005,25-02-2005 (English)
S.No. 476,Case Number,C.A. No.-005290-005290 / 2005,25-08-2005 (English)
S.No. 477,Case Number,Crl.A. No.-000308-000308 / 2005,16-02-2005 (English)
S.No. 478,Case Number,C.A. No.-001065-001065 / 2000,24-08-2005 (English)
S.No. 479,Case Number,C.A. No.-003392-003392 / 2002,17-12-2004 (English)
S.No. 480,Case Number,C.A. No.-006832-006832 / 1999,09-03-2005 (English)
S.No. 481,Case Number,C.A. No.-005628-005628 / 1999,04-03-2005 (English)
S.No. 482,Case Number,C.A. No.-003274-003275 / 2003,10-08-2005 (English)
S.No. 483,Case Number,Crl.A. No.-000234-000234 / 2005,07-02-2005 (English)
S.No. 484,Case Number,Crl.A. No.-001299-001299 / 2005,05-10-2005 (English)
S.No. 485,Case Number,Crl.A. No.-001127-001127 / 2004,03-10-2005 (English)
S.No. 486,Case Number,C.A. No.-001089-001089 / 2005,11-02-2005 (English)
S.No. 487,Case Number,C.A. No.-001469-001469 / 1999,14-02-2005 (English)
S.No. 488,Case Number,C.A. No.-008927-008928 / 2003,01-04-2005 (English)
S.No. 489,Case Number,C.A. No.-006546-006546 / 1999,19-11-2004 (English)
S.No. 490,Case Number,C.A. No.-006142-006142 / 2002,25-11-2004 (English)
S.No. 491,Case Number,T.P.(C) No.-000549-000549 / 2004,22-07-2005 (English)
S.No. 492,Case Number,C.A. No.-002431-002431 / 2000,25-07-2005 (English)
S.No. 493,Case Number,W.P.(C) No.-000387-000387 / 2005,06-10-2005 (English)
S.No. 494,Case Number,C.A. No.-006622-006622 / 2003,15-12-2004 (English)
S.No. 495,Case Number,C.A. No.-006220-006220 / 1999,05-01-2005 (English)
S.No. 496,Case Number,C.A. No.-006585-006585 / 1999,17-02-2005 (English)
S.No. 497,Case Number,C.A. No.-004426-004426 / 1999,"07-10-2005 (English)
07-10-2005 (English)"
S.No. 498,Case Number,C.A. No.-004055-004055 / 1998,05-10-2005 (English)
S.No. 499,Case Number,C.A. No.-006359-006359 / 2001,20-01-2005 (English)
S.No. 500,Case Number,SPL.REF. No.-000001-000001 / 2004,05-10-2005 (English)
S.No. 501,Case Number,C.A. No.-006371-006371 / 2003,23-02-2005 (English)
S.No. 502,Case Number,C.A. No.-007111-007111 / 1999,04-11-2004 (English)
S.No. 503,Case Number,C.A. No.-000357-000358 / 1999,29-10-2004 (English)
S.No. 504,Case Number,C.A. No.-004377-004377 / 2005,30-09-2005 (English)
S.No. 505,Case Number,W.P.(C) No.-000488-000488 / 2002,13-01-2005 (English)
S.No. 506,Case Number,Crl.A. No.-000673-000673 / 2005,06-05-2005 (English)
S.No. 507,Case Number,C.A. No.-006634-006634 / 2003,09-12-2004 (English)
S.No. 508,Case Number,Crl.A. No.-000514-000514 / 2001,07-10-2005 (English)
S.No. 509,Case Number,C.A. No.-002733-002733 / 2001,16-03-2005 (English)
S.No. 510,Case Number,C.A. No.-002288-002290 / 2002,23-08-2005 (English)
S.No. 511,Case Number,C.A. No.-007501-007501 / 2002,14-07-2005 (English)
S.No. 512,Case Number,C.A. No.-001067-001068 / 2001,04-08-2005 (English)
S.No. 513,Case Number,C.A. No.-002718-002719 / 2000,11-07-2005 (English)
S.No. 514,Case Number,C.A. No.-002919-002919 / 2005,28-04-2005 (English)
S.No. 515,Case Number,C.A. No.-002592-002592 / 2005,13-04-2005 (English)
S.No. 516,Case Number,C.A. No.-006880-006883 / 2003,05-05-2005 (English)
S.No. 517,Case Number,C.A. No.-006826-006826 / 1999,09-02-2005 (English)
S.No. 518,Case Number,C.A. No.-000129-000129 / 2003,11-08-2005 (English)
S.No. 519,Case Number,C.A. No.-007229-007229 / 2002,17-12-2004 (English)
S.No. 520,Case Number,C.A. No.-006289-006290 / 1999,25-02-2005 (English)
S.No. 521,Case Number,C.A. No.-002412-002413 / 2005,05-04-2005 (English)
S.No. 522,Case Number,Crl.A. No.-000008-000008 / 1998,29-09-2005 (English)
S.No. 523,Case Number,C.A. No.-007398-007398 / 2000,18-03-2005 (English)
S.No. 524,Case Number,W.P.(C) No.-000539-000539 / 2000,17-03-2005 (English)
S.No. 525,Case Number,C.A. No.-002350-002350 / 2002,24-02-2005 (English)
S.No. 526,Case Number,C.A. No.-007376-007376 / 2003,11-03-2005 (English)
S.No. 527,Case Number,C.A. No.-001529-001529 / 2000,22-02-2005 (English)
S.No. 528,Case Number,Crl.A. No.-000238-000239 / 2004,29-10-2004 (English)
S.No. 529,Case Number,C.A. No.-006341-006341 / 2002,29-11-2004 (English)
S.No. 530,Case Number,/,07-10-2005 (English)
S.No. 531,Case Number,C.A. No.-006562-006562 / 2002,05-10-2005 (English)
S.No. 532,Case Number,C.A. No.-001276-001276 / 2003,06-05-2005 (English)
S.No. 533,Case Number,C.A. No.-003742-003742 / 2000,28-09-2005 (English)
S.No. 534,Case Number,Crl.A. No.-000210-000210 / 2005,"02-02-2005 (English)
02-02-2005 (English)"
S.No. 535,Case Number,C.A. No.-008102-008102 / 2003,27-10-2004 (English)
S.No. 536,Case Number,W.P.(C) No.-000496-000496 / 2002,02-08-2005 (English)
S.No. 537,Case Number,C.A. No.-003232-003234 / 2000,29-11-2004 (English)
S.No. 538,Case Number,C.A. No.-006675-006675 / 1999,20-04-2005 (English)
S.No. 539,Case Number,C.A. No.-007234-007234 / 1999,01-11-2004 (English)
S.No. 540,Case Number,C.A. No.-005122-005122 / 2005,18-08-2005 (English)
S.No. 541,Case Number,C.A. No.-003640-003640 / 1998,12-08-2005 (English)
S.No. 542,Case Number,Crl.A. No.-001292-001293 / 1999,13-04-2005 (English)
S.No. 543,Case Number,C.A. No.-002390-002390 / 2002,11-03-2005 (English)
S.No. 544,Case Number,Crl.A. No.-000402-000402 / 2005,"11-03-2005 (English)
11-03-2005 (English)"
S.No. 545,Case Number,C.A. No.-009012-009012 / 2003,22-02-2005 (English)
S.No. 546,Case Number,Crl.A. No.-000712-000712 / 2005,11-05-2005 (English)
S.No. 547,Case Number,Crl.A. No.-000355-000355 / 2004,09-05-2005 (English)
S.No. 548,Case Number,C.A. No.-006559-006559 / 1999,22-02-2005 (English)
S.No. 549,Case Number,C.A. No.-001508-001508 / 2003,22-02-2005 (English)
S.No. 550,Case Number,C.A. No.-003966-003966 / 2003,23-11-2004 (English)
S.No. 551,Case Number,Crl.A. No.-000392-000393 / 1998,03-02-2005 (English)
S.No. 552,Case Number,C.A. No.-001210-001210 / 2005,14-02-2005 (English)
S.No. 553,Case Number,Crl.A. No.-000523-000523 / 2005,07-04-2005 (English)
S.No. 554,Case Number,C.A. No.-007313-007421 / 1999,11-03-2005 (English)
S.No. 555,Case Number,C.A. No.-004500-004500 / 2004,11-07-2005 (English)
S.No. 556,Case Number,C.A. No.-008315-008315 / 2003,28-04-2005 (English)
S.No. 557,Case Number,C.A. No.-006951-006951 / 2004,26-10-2004 (English)
S.No. 558,Case Number,C.A. No.-002395-002395 / 2000,"13-04-2005 (English)
13-04-2005 (English)"
S.No. 559,Case Number,C.A. No.-001339-001339 / 2003,"04-03-2005 (English)
04-03-2005 (English)"
S.No. 560,Case Number,C.A. No.-000563-000563 / 2005,18-01-2005 (English)
S.No. 561,Case Number,C.A. No.-000275-000276 / 2001,04-02-2005 (English)
S.No. 562,Case Number,C.A. No.-005128-005128 / 2002,25-08-2005 (English)
S.No. 563,Case Number,C.A. No.-006952-006954 / 2004,26-10-2004 (English)
S.No. 564,Case Number,C.A. No.-008258-008258 / 2004,16-12-2004 (English)
S.No. 565,Case Number,Crl.A. No.-000030-000030 / 2004,24-02-2005 (English)
S.No. 566,Case Number,C.A. No.-006332-006332 / 2005,07-10-2005 (English)
S.No. 567,Case Number,C.A. No.-006246-006246 / 1998,25-11-2004 (English)
S.No. 568,Case Number,C.A. No.-005923-005924 / 1999,24-02-2005 (English)
S.No. 569,Case Number,Crl.A. No.-000558-000558 / 2005,15-04-2005 (English)
S.No. 570,Case Number,C.A. No.-007103-007103 / 1999,17-03-2005 (English)
S.No. 571,Case Number,C.A. No.-002298-002299 / 2005,31-03-2005 (English)
S.No. 572,Case Number,C.A. No.-005325-005325 / 2003,23-02-2005 (English)
S.No. 573,Case Number,C.A. No.-009444-009444 / 2003,06-10-2005 (English)
S.No. 574,Case Number,C.A. No.-007518-007519 / 2004,22-11-2004 (English)
S.No. 575,Case Number,C.A. No.-002726-002726 / 2000,26-09-2005 (English)
S.No. 576,Case Number,C.A. No.-008274-008275 / 2003,05-05-2005 (English)
S.No. 577,Case Number,Crl.A. No.-000559-000559 / 2003,"18-01-2005 (English)
18-01-2005 (English)"
S.No. 578,Case Number,C.A. No.-003603-003605 / 2005,11-07-2005 (English)
S.No. 579,Case Number,C.A. No.-003058-003058 / 2000,13-04-2005 (English)
S.No. 580,Case Number,C.A. No.-001748-001748 / 1999,"05-05-2005 (English)
05-05-2005 (English)
05-05-2005 (English)
05-05-2005 (English)
05-05-2005 (English)
05-05-2005 (English)"
S.No. 581,Case Number,C.A. No.-007653-007653 / 2004,29-03-2005 (English)
S.No. 582,Case Number,Crl.A. No.-000746-000746 / 2003,21-07-2005 (English)
S.No. 583,Case Number,C.A. No.-002641-002641 / 2000,18-07-2005 (English)
S.No. 584,Case Number,C.A. No.-003006-003006 / 2003,11-08-2005 (English)
S.No. 585,Case Number,Crl.A. No.-000462-000462 / 2005,29-03-2005 (English)
S.No. 586,Case Number,Crl.A. No.-001298-001298 / 2005,05-10-2005 (English)
S.No. 587,Case Number,C.A. No.-002415-002415 / 2004,05-10-2005 (English)
S.No. 588,Case Number,C.A. No.-001784-001784 / 2005,16-03-2005 (English)
S.No. 589,Case Number,Crl.A. No.-001424-001424 / 2004,06-12-2004 (English)
S.No. 590,Case Number,C.A. No.-007173-007173 / 2002,03-12-2004 (English)
S.No. 591,Case Number,C.A. No.-002565-002565 / 2001,04-10-2005 (English)
S.No. 592,Case Number,C.A. No.-006938-006938 / 1999,07-03-2005 (English)
S.No. 593,Case Number,C.A. No.-001619-001619 / 2005,19-09-2005 (English)
S.No. 594,Case Number,C.A. No.-003196-003196 / 2005,09-05-2005 (English)
S.No. 595,Case Number,Crl.A. No.-000727-000727 / 1997,08-12-2004 (English)
S.No. 596,Case Number,C.A. No.-005032-005032 / 2002,16-11-2004 (English)
S.No. 597,Case Number,Crl.A. No.-001218-001218 / 2005,19-09-2005 (English)
S.No. 598,Case Number,Crl.A. No.-000082-000082 / 2004,07-10-2005 (English)
S.No. 599,Case Number,C.A. No.-007240-007241 / 2003,03-10-2005 (English)
S.No. 600,Case Number,C.A. No.-005684-005686 / 1999,28-04-2005 (English)
S.No. 601,Case Number,C.A. No.-006131-006131 / 2005,05-10-2005 (English)
S.No. 602,Case Number,C.A. No.-001079-001079 / 2004,08-09-2005 (English)
S.No. 603,Case Number,C.A. No.-001652-001652 / 1999,19-11-2004 (English)
S.No. 604,Case Number,C.A. No.-006758-006758 / 2000,"05-11-2004 (English)
05-11-2004 (English)"
S.No. 605,Case Number,Crl.A. No.-000614-000614 / 2004,31-01-2005 (English)
S.No. 606,Case Number,C.A. No.-009132-009132 / 2003,30-08-2005 (English)
S.No. 607,Case Number,C.A. No.-008260-008260 / 2004,10-12-2004 (English)
S.No. 608,Case Number,Crl.A. No.-001179-001179 / 1999,"23-02-2005 (English)
23-02-2005 (English)"
S.No. 609,Case Number,Crl.A. No.-001371-001371 / 2004,28-09-2005 (English)
S.No. 610,Case Number,C.A. No.-006980-006983 / 2004,03-02-2005 (English)
S.No. 611,Case Number,C.A. No.-003018-003018 / 1999,05-01-2005 (English)
S.No. 612,Case Number,C.A. No.-000430-000430 / 2000,24-02-2005 (English)
S.No. 613,Case Number,C.A. No.-002335-002335 / 2003,31-01-2005 (English)
S.No. 614,Case Number,Crl.A. No.-000063-000063 / 1999,03-02-2005 (English)
S.No. 615,Case Number,C.A. No.-003791-003791 / 2003,09-03-2005 (English)
S.No. 616,Case Number,C.A. No.-009904-009904 / 2003,05-09-2005 (English)
S.No. 617,Case Number,C.A. No.-007000-007000 / 2004,06-04-2005 (English)
S.No. 618,Case Number,C.A. No.-003745-003745 / 2002,13-05-2005 (English)
S.No. 619,Case Number,C.A. No.-001912-001912 / 2004,30-03-2005 (English)
S.No. 620,Case Number,C.A. No.-007200-007200 / 2002,31-03-2005 (English)
S.No. 621,Case Number,Crl.A. No.-000497-000497 / 2001,29-11-2004 (English)
S.No. 622,Case Number,C.A. No.-007524-007525 / 2004,15-04-2005 (English)
S.No. 623,Case Number,C.A. No.-008924-008924 / 2003,03-05-2005 (English)
S.No. 624,Case Number,C.A. No.-008213-008213 / 2001,"11-01-2005 (English)
11-01-2005 (English)
11-01-2005 (English)
11-01-2005 (English)"
S.No. 625,Case Number,C.A. No.-001506-001508 / 2000,21-04-2005 (English)
S.No. 626,Case Number,SLP(C) No.-020914-020914 / 2004,11-03-2005 (English)
S.No. 627,Case Number,C.A. No.-006306-006316 / 2003,14-03-2005 (English)
S.No. 628,Case Number,C.A. No.-005910-005910 / 2005,27-09-2005 (English)
S.No. 629,Case Number,Crl.A. No.-001381-001381 / 2004,30-11-2004 (English)
S.No. 630,Case Number,C.A. No.-000001-000001 / 2005,03-01-2005 (English)
S.No. 631,Case Number,C.A. No.-001083-001084 / 2000,15-03-2005 (English)
S.No. 632,Case Number,C.A. No.-008300-008300 / 2002,26-09-2005 (English)
S.No. 633,Case Number,C.A. No.-005335-005335 / 2005,30-08-2005 (English)
S.No. 634,Case Number,C.A. No.-002694-002695 / 2005,19-04-2005 (English)
S.No. 635,Case Number,C.A. No.-001905-001905 / 2004,02-08-2005 (English)
S.No. 636,Case Number,C.A. No.-005574-005574 / 2000,19-09-2005 (English)
S.No. 637,Case Number,Crl.A. No.-000484-000484 / 2005,01-04-2005 (English)
S.No. 638,Case Number,C.A. No.-003725-003725 / 2002,02-08-2005 (English)
S.No. 639,Case Number,C.A. No.-007907-007907 / 2002,01-04-2005 (English)
S.No. 640,Case Number,Crl.A. No.-001129-001129 / 2004,"14-02-2005 (English)
18-01-2005 (English)"
S.No. 641,Case Number,Crl.A. No.-000604-000605 / 2004,18-01-2005 (English)
S.No. 642,Case Number,C.A. No.-003874-003874 / 2003,17-03-2005 (English)
S.No. 643,Case Number,C.A. No.-007814-007817 / 2004,26-09-2005 (English)
S.No. 644,Case Number,W.P.(C) No.-000604-000604 / 2002,16-11-2004 (English)
S.No. 645,Case Number,C.A. No.-005027-005027 / 1999,"17-12-2004 (English)
17-12-2004 (English)"
S.No. 646,Case Number,C.A. No.-004019-004019 / 2002,17-11-2004 (English)
S.No. 647,Case Number,W.P.(C) No.-000541-000541 / 2004,"02-02-2005 (English)
02-02-2005 (English)
02-02-2005 (English)"
S.No. 648,Case Number,C.A. No.-006448-006455 / 2002,03-05-2005 (English)
S.No. 649,Case Number,Crl.A. No.-000471-000471 / 2004,07-10-2005 (English)
S.No. 650,Case Number,C.A. No.-006143-006143 / 2005,05-10-2005 (English)
S.No. 651,Case Number,Crl.A. No.-000448-000448 / 2005,28-03-2005 (English)
S.No. 652,Case Number,C.A. No.-000894-000894 / 2000,11-03-2005 (English)
S.No. 653,Case Number,C.A. No.-002726-002728 / 1999,14-12-2004 (English)
S.No. 654,Case Number,C.A. No.-002266-002268 / 2005,30-03-2005 (English)
S.No. 655,Case Number,C.A. No.-005747-005749 / 2000,30-09-2005 (English)
S.No. 656,Case Number,C.A. No.-006694-006698 / 2004,19-09-2005 (English)
S.No. 657,Case Number,Crl.A. No.-001456-001456 / 2004,08-12-2004 (English)
S.No. 658,Case Number,Crl.A. No.-001320-001320 / 1999,20-04-2005 (English)
S.No. 659,Case Number,C.A. No.-005893-005894 / 2005,26-09-2005 (English)
S.No. 660,Case Number,C.A. No.-006521-006521 / 2004,14-07-2005 (English)
S.No. 661,Case Number,Crl.A. No.-000130-000130 / 2000,31-08-2005 (English)
S.No. 662,Case Number,C.A. No.-000971-000971 / 2003,03-10-2005 (English)
S.No. 663,Case Number,C.A. No.-000808-000811 / 2004,14-02-2005 (English)
S.No. 664,Case Number,C.A. No.-002997-002997 / 2005,03-05-2005 (English)
S.No. 665,Case Number,Crl.A. No.-001018-001018 / 1998,27-09-2005 (English)
S.No. 666,Case Number,C.A. No.-003475-003475 / 2003,16-03-2005 (English)
S.No. 667,Case Number,C.A. No.-000867-000867 / 2003,06-09-2005 (English)
S.No. 668,Case Number,C.A. No.-005751-005751 / 2005,15-09-2005 (English)
S.No. 669,Case Number,C.A. No.-007785-007785 / 2002,17-12-2004 (English)
S.No. 670,Case Number,C.A. No.-003439-003439 / 2003,22-02-2005 (English)
S.No. 671,Case Number,C.A. No.-004502-004502 / 2005,22-07-2005 (English)
S.No. 672,Case Number,C.A. No.-000173-000173 / 2004,08-08-2005 (English)
S.No. 673,Case Number,C.A. No.-004677-004677 / 2005,04-08-2005 (English)
S.No. 674,Case Number,C.A. No.-001731-001731 / 2005,14-03-2005 (English)
S.No. 675,Case Number,C.A. No.-001976-001976 / 1998,08-08-2005 (English)
S.No. 676,Case Number,C.A. No.-000013-000013 / 2005,"04-01-2005 (English)
04-01-2005 (English)"
S.No. 677,Case Number,C.A. No.-010280-010280 / 2003,12-08-2005 (English)
S.No. 678,Case Number,C.A. No.-000347-000347 / 2004,14-09-2005 (English)
S.No. 679,Case Number,Crl.A. No.-001241-001241 / 2004,01-11-2004 (English)
S.No. 680,Case Number,C.A. No.-001829-001829 / 2004,31-08-2005 (English)
S.No. 681,Case Number,Crl.A. No.-001302-001302 / 2005,05-10-2005 (English)
S.No. 682,Case Number,C.A. No.-001179-001179 / 2002,01-12-2004 (English)
S.No. 683,Case Number,/,11-04-2005 (English)
S.No. 684,Case Number,C.A. No.-000237-000239 / 2005,10-01-2005 (English)
S.No. 685,Case Number,C.A. No.-006825-006826 / 2003,07-09-2005 (English)
S.No. 686,Case Number,C.A. No.-008129-008129 / 2003,21-04-2005 (English)
S.No. 687,Case Number,Crl.A. No.-000770-000770 / 2004,02-09-2005 (English)
S.No. 688,Case Number,W.P.(C) No.-000490-000490 / 2003,20-01-2005 (English)
S.No. 689,Case Number,Crl.A. No.-001451-001451 / 2004,09-12-2004 (English)
S.No. 690,Case Number,C.A. No.-004678-004678 / 2005,04-08-2005 (English)
S.No. 691,Case Number,Crl.A. No.-000668-000669 / 2005,04-05-2005 (English)
S.No. 692,Case Number,C.A. No.-001396-001397 / 2005,24-02-2005 (English)
S.No. 693,Case Number,C.A. No.-002427-002427 / 2002,03-02-2005 (English)
S.No. 694,Case Number,C.A. No.-003361-003361 / 2005,12-05-2005 (English)
S.No. 695,Case Number,C.A. No.-000665-000665 / 2002,04-10-2005 (English)
S.No. 696,Case Number,C.A. No.-001811-001811 / 2005,17-03-2005 (English)
S.No. 697,Case Number,C.A. No.-009475-009475 / 2003,01-12-2004 (English)
S.No. 698,Case Number,C.A. No.-003536-003536 / 2003,12-09-2005 (English)
S.No. 699,Case Number,Crl.A. No.-000627-000627 / 2004,13-05-2005 (English)
S.No. 700,Case Number,C.A. No.-001730-001730 / 2005,14-03-2005 (English)
S.No. 701,Case Number,C.A. No.-004910-004981 / 2005,11-08-2005 (English)
S.No. 702,Case Number,C.A. No.-003663-003663 / 2005,14-07-2005 (English)
S.No. 703,Case Number,Crl.A. No.-000293-000293 / 2004,07-09-2005 (English)
S.No. 704,Case Number,C.A. No.-005941-005942 / 2005,29-09-2005 (English)
S.No. 705,Case Number,C.A. No.-009228-009228 / 2003,11-01-2005 (English)
S.No. 706,Case Number,C.A. No.-003197-003197 / 2005,09-05-2005 (English)
S.No. 707,Case Number,C.A. No.-002466-002466 / 2005,07-04-2005 (English)
S.No. 708,Case Number,C.A. No.-001466-001466 / 2005,16-09-2005 (English)
S.No. 709,Case Number,C.A. No.-001775-001775 / 2005,16-03-2005 (English)
S.No. 710,Case Number,C.A. No.-007980-007980 / 2004,09-12-2004 (English)
S.No. 711,Case Number,Crl.A. No.-001382-001382 / 2004,01-12-2004 (English)
S.No. 712,Case Number,C.A. No.-008030-008030 / 2004,07-10-2005 (English)
S.No. 713,Case Number,C.A. No.-006325-006325 / 2005,07-10-2005 (English)
S.No. 714,Case Number,C.A. No.-000595-000595 / 2004,11-03-2005 (English)
S.No. 715,Case Number,C.A. No.-006635-006635 / 2003,09-12-2004 (English)
S.No. 716,Case Number,C.A. No.-000031-000031 / 2005,05-01-2005 (English)
S.No. 717,Case Number,Crl.A. No.-000044-000044 / 2004,03-11-2004 (English)
S.No. 718,Case Number,SLP(C) No.-026269-026269 / 2004,14-12-2004 (English)
S.No. 719,Case Number,C.A. No.-000192-000192 / 2004,27-07-2005 (English)
S.No. 720,Case Number,C.A. No.-002583-002583 / 2005,13-04-2005 (English)
S.No. 721,Case Number,C.A. No.-007193-007193 / 2004,29-09-2005 (English)
S.No. 722,Case Number,Crl.A. No.-000023-000023 / 2004,13-01-2005 (English)
S.No. 723,Case Number,C.A. No.-002472-002472 / 2005,07-04-2005 (English)
S.No. 724,Case Number,Crl.A. No.-000372-000372 / 2005,03-03-2005 (English)
S.No. 725,Case Number,C.A. No.-005550-005550 / 2004,04-11-2004 (English)
S.No. 726,Case Number,C.A. No.-009258-009265 / 2003,11-05-2005 (English)
S.No. 727,Case Number,C.A. No.-005545-005545 / 2003,06-09-2005 (English)
S.No. 728,Case Number,C.A. No.-004403-004410 / 2003,01-09-2005 (English)
S.No. 729,Case Number,C.A. No.-003268-003270 / 2005,11-05-2005 (English)
S.No. 730,Case Number,C.A. No.-006430-006430 / 2003,11-04-2005 (English)
S.No. 731,Case Number,C.A. No.-006742-006742 / 2003,30-08-2005 (English)
S.No. 732,Case Number,C.A. No.-001112-001112 / 2003,01-04-2005 (English)
S.No. 733,Case Number,Crl.A. No.-000090-000090 / 2005,26-09-2005 (English)
S.No. 734,Case Number,Crl.A. No.-001069-001069 / 2005,24-08-2005 (English)
S.No. 735,Case Number,Crl.A. No.-000939-000939 / 2004,11-05-2005 (English)
S.No. 736,Case Number,Crl.A. No.-000170-000171 / 2004,17-11-2004 (English)
S.No. 737,Case Number,C.A. No.-001026-001026 / 2003,27-07-2005 (English)
S.No. 738,Case Number,C.A. No.-007890-007890 / 2004,06-12-2004 (English)
S.No. 739,Case Number,W.P.(C) No.-000041-000041 / 2003,30-11-2004 (English)
S.No. 740,Case Number,Crl.A. No.-000007-000007 / 2005,14-09-2005 (English)
S.No. 741,Case Number,W.P.(C) No.-000019-000019 / 2004,11-02-2005 (English)
S.No. 742,Case Number,Crl.A. No.-001405-001405 / 2004,03-12-2004 (English)
S.No. 743,Case Number,C.A. No.-004802-004803 / 2005,05-08-2005 (English)
S.No. 744,Case Number,C.A. No.-002592-002592 / 2004,11-05-2005 (English)
S.No. 745,Case Number,C.A. No.-002809-002809 / 2004,15-12-2004 (English)
S.No. 746,Case Number,C.A. No.-005461-005461 / 2005,02-09-2005 (English)
S.No. 747,Case Number,W.P.(C) No.-000016-000016 / 2005,13-05-2005 (English)
S.No. 748,Case Number,C.A. No.-005066-005066 / 2005,16-08-2005 (English)
S.No. 749,Case Number,Crl.A. No.-000373-000375 / 2004,04-08-2005 (English)
S.No. 750,Case Number,C.A. No.-007484-007485 / 2004,19-11-2004 (English)
S.No. 751,Case Number,C.A. No.-005273-005273 / 2005,24-08-2005 (English)
S.No. 752,Case Number,Crl.A. No.-000263-000263 / 2004,04-10-2005 (English)
S.No. 753,Case Number,C.A. No.-005991-005991 / 2004,17-12-2004 (English)
S.No. 754,Case Number,Crl.A. No.-001067-001067 / 2005,23-08-2005 (English)
S.No. 755,Case Number,C.A. No.-003024-003024 / 2005,03-05-2005 (English)
S.No. 756,Case Number,C.A. No.-008358-008358 / 2004,31-03-2005 (English)
S.No. 757,Case Number,C.A. No.-004592-004592 / 2005,01-08-2005 (English)
S.No. 758,Case Number,Crl.A. No.-000044-000044 / 2005,10-01-2005 (English)
S.No. 759,Case Number,C.A. No.-001509-001509 / 2005,03-03-2005 (English)
S.No. 760,Case Number,C.A. No.-004901-004901 / 2005,08-08-2005 (English)
S.No. 761,Case Number,Crl.A. No.-001301-001301 / 2004,19-11-2004 (English)
S.No. 762,Case Number,Crl.A. No.-000377-000377 / 2005,04-03-2005 (English)
S.No. 763,Case Number,Crl.A. No.-000991-000991 / 2004,04-10-2005 (English)
S.No. 764,Case Number,C.A. No.-001878-001880 / 2004,03-10-2005 (English)
S.No. 765,Case Number,SLP(C) No.-021000-021000 / 1993,07-04-2005 (English)
S.No. 766,Case Number,C.A. No.-008568-008569 / 2001,05-08-2005 (English)
S.No. 767,Case Number,C.A. No.-003845-003845 / 2005,20-07-2005 (English)
S.No. 768,Case Number,Crl.A. No.-001043-001043 / 1999,24-11-2004 (English)
S.No. 769,Case Number,C.A. No.-001476-001493 / 1999,25-01-2005 (English)
S.No. 770,Case Number,Crl.A. No.-001285-001285 / 1999,13-04-2005 (English)
S.No. 771,Case Number,C.A. No.-006028-006028 / 2002,28-07-2005 (English)
S.No. 772,Case Number,C.A. No.-002743-002743 / 2002,29-08-2005 (English)
S.No. 773,Case Number,C.A. No.-001113-001113 / 2003,04-10-2005 (English)
S.No. 774,Case Number,Crl.A. No.-001222-001223 / 2002,"04-11-2004 (English)
04-11-2004 (English)"
S.No. 775,Case Number,C.A. No.-007058-007058 / 2002,17-11-2004 (English)
S.No. 776,Case Number,C.A. No.-008290-008290 / 2002,17-11-2004 (English)
S.No. 777,Case Number,C.A. No.-002816-002818 / 2002,01-03-2005 (English)
S.No. 778,Case Number,C.A. No.-003670-003670 / 2003,17-03-2005 (English)
S.No. 779,Case Number,C.A. No.-007988-007988 / 2004,10-12-2004 (English)
S.No. 780,Case Number,C.A. No.-000390-000390 / 2004,04-05-2005 (English)
S.No. 781,Case Number,C.A. No.-002845-002845 / 2005,26-04-2005 (English)
S.No. 782,Case Number,C.A. No.-005451-005451 / 2005,01-09-2005 (English)
S.No. 783,Case Number,C.A. No.-004392-004392 / 1983,08-04-2005 (English)
S.No. 784,Case Number,W.P.(C) No.-000740-000740 / 1986,"17-12-2004 (English)
17-12-2004 (English)"
S.No. 785,Case Number,C.A. No.-000401-000401 / 1994,03-05-2005 (English)
S.No. 786,Case Number,C.A. No.-000698-000700 / 1995,"18-03-2005 (English)
18-03-2005 (English)"
S.No. 787,Case Number,C.A. No.-000417-000417 / 1997,30-08-2005 (English)
S.No. 788,Case Number,C.A. No.-007541-007542 / 2001,18-10-2005 (English)
S.No. 789,Case Number,C.A. No.-005341-005341 / 1996,17-12-2004 (English)
S.No. 790,Case Number,C.A. No.-012984-012984 / 1996,01-11-2004 (English)
S.No. 791,Case Number,Crl.A. No.-000109-000109 / 2001,16-03-2005 (English)
S.No. 792,Case Number,C.A. No.-002452-002452 / 1992,"11-01-2005 (English)
11-01-2005 (English)"
S.No. 793,Case Number,C.A. No.-000875-000875 / 1998,27-01-2005 (English)
S.No. 794,Case Number,C.A. No.-004857-004857 / 1992,11-05-2005 (English)
