﻿Column-0,Column-1,Column-2,Column-3
S.No. 1,Case Number,Crl.A. No.-000353-000353 / 2020,02-03-2020 (English)
S.No. 2,Case Number,C.A. No.-002528-002529 / 2020,"08-06-2020 (English)
08-06-2020 (മലയാളം)"
S.No. 3,Case Number,R.P.(Crl.) No.-000046 / 2019,14-11-2019 (English)
S.No. 4,Case Number,C.A. No.-007346-007346 / 2010,03-03-2020 (English)
S.No. 5,Case Number,Crl.A. No.-000957 / 2017,"07-01-2020 (English)
07-01-2020 (ಕನ್ನಡ)"
S.No. 6,Case Number,C.A. No.-002525-002525 / 2018,"05-08-2020 (English)
05-08-2020 (മലയാളം)"
S.No. 7,Case Number,Crl.A. No.-000251-000252 / 2020,10-02-2020 (English)
S.No. 8,Case Number,C.A. No.-000971-000971 / 2014,07-02-2020 (English)
S.No. 9,Case Number,C.A. No.-007863-007863 / 2009,21-01-2020 (English)
S.No. 10,Case Number,C.A. No.-001511-001511 / 2020,20-02-2020 (English)
S.No. 11,Case Number,C.A. No.-008425-008425 / 2009,07-02-2020 (English)
S.No. 12,Case Number,SLP(C) No.-003584-003585 / 2020,22-05-2020 (English)
S.No. 13,Case Number,C.A. No.-009046-009046 / 2019,13-02-2020 (English)
S.No. 14,Case Number,C.A. No.-003483-003483 / 2020,15-10-2020 (English)
S.No. 15,Case Number,C.A. No.-008146-008146 / 2019,25-10-2019 (English)
S.No. 16,Case Number,Crl.A. No.-001627 / 2019,06-11-2019 (English)
S.No. 17,Case Number,C.A. No.-009533-009537 / 2019,"18-12-2019 (English)
18-12-2019 (தமிழ்)"
S.No. 18,Case Number,C.A. No.-000564-000564 / 2020,21-01-2020 (English)
S.No. 19,Case Number,C.A. No.-003249-003249 / 2020,23-09-2020 (English)
S.No. 20,Case Number,Crl.A. No.-001781-001781 / 2009,"27-11-2019 (English)
27-11-2019 (हिन्दी)"
S.No. 21,Case Number,C.A. No.-002868-002868 / 2020,05-08-2020 (English)
S.No. 22,Case Number,C.A. No.-002377-002377 / 2020,29-04-2020 (English)
S.No. 23,Case Number,SLP(C) No.-005472 / 2020,28-02-2020 (English)
S.No. 24,Case Number,C.A. No.-001236-001236 / 2020,07-02-2020 (English)
S.No. 25,Case Number,Crl.A. No.-000286-000286 / 2020,19-02-2020 (English)
S.No. 26,Case Number,Crl.A. No.-001885-001885 / 2019,13-12-2019 (English)
S.No. 27,Case Number,W.P.(C) No.-000059 / 2019,05-02-2020 (English)
S.No. 28,Case Number,SLP(C) No.-005440-005440 / 2020,28-02-2020 (English)
S.No. 29,Case Number,C.A. No.-001021-001026 / 2013,17-07-2020 (English)
S.No. 30,Case Number,C.A. No.-007231-007231 / 2012,27-04-2020 (English)
S.No. 31,Case Number,C.A. No.-006076-006076 / 2009,24-04-2020 (English)
S.No. 32,Case Number,C.A. No.-009052-009052 / 2019,26-11-2019 (English)
S.No. 33,Case Number,C.A. No.-003085-003085 / 2020,09-09-2020 (English)
S.No. 34,Case Number,C.A. No.-003239-003246 / 2020,"22-09-2020 (English)
22-09-2020 (മലയാളം)"
S.No. 35,Case Number,C.A. No.-001639-001639 / 2020,17-02-2020 (English)
S.No. 36,Case Number,Crl.A. No.-000724 / 2019,28-01-2020 (English)
S.No. 37,Case Number,C.A. No.-007823-007823 / 2014,05-12-2019 (English)
S.No. 38,Case Number,Crl.A. No.-000416-000416 / 2020,24-04-2020 (English)
S.No. 39,Case Number,CONMT.PET.(C) No.-000034-000034 / 2016,"09-10-2020 (English)
24-04-2020 (English)"
S.No. 40,Case Number,C.A. No.-002014-002014 / 2020,17-03-2020 (English)
S.No. 41,Case Number,W.P.(C) No.-000055 / 2019,05-08-2020 (English)
S.No. 42,Case Number,C.A. No.-001606-001606 / 2020,14-02-2020 (English)
S.No. 43,Case Number,C.A. No.-008989-008989 / 2019,15-01-2020 (English)
S.No. 44,Case Number,Crl.A. No.-000480-000480 / 2009,"24-10-2019 (English)
24-10-2019 (हिन्दी)"
S.No. 45,Case Number,Crl.A. No.-000232-000232 / 2020,11-02-2020 (English)
S.No. 46,Case Number,C.A. No.-008933-008934 / 2017,18-03-2020 (English)
S.No. 47,Case Number,SLP(Crl) No.-000547 / 2020,20-01-2020 (English)
S.No. 48,Case Number,C.A. No.-003636-003636 / 2016,04-02-2020 (English)
S.No. 49,Case Number,C.A. No.-009183-009183 / 2019,03-12-2019 (English)
S.No. 50,Case Number,C.A. No.-000562-000562 / 2020,28-01-2020 (English)
S.No. 51,Case Number,C.A. No.-003334-003334 / 2020,07-10-2020 (English)
S.No. 52,Case Number,Crl.A. No.-001120-001120 / 2010,01-04-2020 (English)
S.No. 53,Case Number,C.A. No.-003282-003282 / 2020,07-10-2020 (English)
S.No. 54,Case Number,Crl.A. No.-000238-000238 / 2011,"06-02-2020 (English)
06-02-2020 (हिन्दी)"
S.No. 55,Case Number,C.A. No.-001526-001526 / 2016,01-04-2020 (English)
S.No. 56,Case Number,C.A. No.-002773-002773 / 2020,17-07-2020 (English)
S.No. 57,Case Number,CONMT.PET.(C) No.-000404 / 2019,19-05-2020 (English)
S.No. 58,Case Number,Crl.A. No.-000521-000521 / 2020,14-08-2020 (English)
S.No. 59,Case Number,C.A. No.-003278-003278 / 2012,24-10-2019 (English)
S.No. 60,Case Number,C.A. No.-000106-000106 / 2010,20-01-2020 (English)
S.No. 61,Case Number,Crl.A. No.-001670-001670 / 2019,"08-11-2019 (English)
08-11-2019 (हिन्दी)"
S.No. 62,Case Number,C.A. No.-003542-003543 / 2010,"05-02-2020 (English)
05-02-2020 (ଓଡ଼ିଆ)"
S.No. 63,Case Number,W.P.(C) No.-000227 / 2019,11-06-2020 (English)
S.No. 64,Case Number,W.P.(Crl.) No.-000040 / 2020,29-01-2020 (English)
S.No. 65,Case Number,Crl.A. No.-002463-002463 / 2014,27-07-2020 (English)
S.No. 66,Case Number,C.A. No.-003298-003298 / 2020,25-09-2020 (English)
S.No. 67,Case Number,C.A. No.-009265-009265 / 2019,09-12-2019 (English)
S.No. 68,Case Number,C.A. No.-009488-009489 / 2019,17-12-2019 (English)
S.No. 69,Case Number,C.A. No.-001209-001209 / 2020,11-02-2020 (English)
S.No. 70,Case Number,C.A. No.-001600-001600 / 2020,14-02-2020 (English)
S.No. 71,Case Number,C.A. No.-008227-008227 / 2019,23-10-2019 (English)
S.No. 72,Case Number,C.A. No.-003613-003613 / 2016,10-12-2019 (English)
S.No. 73,Case Number,C.A. No.-006110-006110 / 2009,24-04-2020 (English)
S.No. 74,Case Number,C.A. No.-008175-008175 / 2019,21-10-2019 (English)
S.No. 75,Case Number,SLP(Crl) No.-001218 / 2018,11-02-2020 (English)
S.No. 76,Case Number,Crl.A. No.-001522-001522 / 2009,"07-11-2019 (English)
07-11-2019 (हिन्दी)"
S.No. 77,Case Number,C.A. No.-008590-008590 / 2010,19-03-2020 (English)
S.No. 78,Case Number,C.A. No.-009441-009441 / 2019,18-12-2019 (English)
S.No. 79,Case Number,C.A. No.-001966-001967 / 2020,04-03-2020 (English)
S.No. 80,Case Number,C.A. No.-001495-001495 / 2016,28-11-2019 (English)
S.No. 81,Case Number,Crl.A. No.-000989-000989 / 2018,27-04-2020 (English)
S.No. 82,Case Number,W.P.(C) No.-000114-000114 / 2014,11-08-2020 (English)
S.No. 83,Case Number,C.A. No.-003975-003975 / 2010,24-01-2020 (English)
S.No. 84,Case Number,C.A. No.-000990-000992 / 2020,04-02-2020 (English)
S.No. 85,Case Number,C.A. No.-002059-002059 / 2015,13-12-2019 (English)
S.No. 86,Case Number,C.A. No.-000136-000136 / 2020,15-01-2020 (English)
S.No. 87,Case Number,Crl.A. No.-001181-001181 / 2011,06-11-2019 (English)
S.No. 88,Case Number,C.A. No.-007764-007764 / 2014,31-07-2020 (English)
S.No. 89,Case Number,C.A. No.-002813-002813 / 2017,17-04-2020 (English)
S.No. 90,Case Number,C.A. No.-009063-009063 / 2019,27-11-2019 (English)
S.No. 91,Case Number,C.A. No.-009918-009918 / 2011,19-03-2020 (English)
S.No. 92,Case Number,Crl.A. No.-000102-000102 / 2011,20-03-2020 (English)
S.No. 93,Case Number,C.A. No.-000131-000131 / 2020,"09-01-2020 (English)
09-01-2020 (हिन्दी)"
S.No. 94,Case Number,C.A. No.-008153-008153 / 2009,07-02-2020 (English)
S.No. 95,Case Number,T.P.(C) No.-000496-000509 / 2020,26-08-2020 (English)
S.No. 96,Case Number,C.A. No.-009140-009140 / 2019,"06-12-2019 (English)
06-12-2019 (हिन्दी)"
S.No. 97,Case Number,Crl.A. No.-000982-000982 / 2011,26-05-2020 (English)
S.No. 98,Case Number,C.A. No.-004382-004382 / 2014,02-12-2019 (English)
S.No. 99,Case Number,C.A. No.-009280-009281 / 2014,04-03-2020 (English)
S.No. 100,Case Number,C.A. No.-001892-001892 / 2020,02-03-2020 (English)
S.No. 101,Case Number,R.P.(C) No.-000786-000787 / 2019,18-12-2019 (English)
S.No. 102,Case Number,C.A. No.-001627-001627 / 2020,"14-02-2020 (English)
14-02-2020 (ଓଡ଼ିଆ)"
S.No. 103,Case Number,Crl.A. No.-000520-000520 / 2020,14-08-2020 (English)
S.No. 104,Case Number,W.P.(Crl.) No.-000065 / 2020,14-02-2020 (English)
S.No. 105,Case Number,C.A. No.-002463-002463 / 2015,"02-03-2020 (English)
02-03-2020 (हिन्दी)"
S.No. 106,Case Number,C.A. No.-002236-002236 / 2020,15-04-2020 (English)
S.No. 107,Case Number,C.A. No.-005437-005438 / 2012,19-02-2020 (English)
S.No. 108,Case Number,C.A. No.-009775-009775 / 2011,24-04-2020 (English)
S.No. 109,Case Number,C.A. No.-002006-002007 / 2020,05-03-2020 (English)
S.No. 110,Case Number,C.A. No.-003498-003498 / 2020,16-10-2020 (English)
S.No. 111,Case Number,C.A. No.-002379-002379 / 2020,29-04-2020 (English)
S.No. 112,Case Number,Crl.A. No.-000546-000550 / 2017,02-09-2020 (English)
S.No. 113,Case Number,C.A. No.-005808-005808 / 2017,06-01-2020 (English)
S.No. 114,Case Number,C.A. No.-001713 / 2020,11-08-2020 (English)
S.No. 115,Case Number,C.A. No.-002175-002175 / 2020,17-03-2020 (English)
S.No. 116,Case Number,C.A. No.-002527-002527 / 2020,08-06-2020 (English)
S.No. 117,Case Number,C.A. No.-001599-001599 / 2020,14-02-2020 (English)
S.No. 118,Case Number,C.A. No.-002567-002567 / 2020,17-09-2020 (English)
S.No. 119,Case Number,Crl.A. No.-000458-000458 / 2020,18-06-2020 (English)
S.No. 120,Case Number,C.A. No.-000482-000482 / 2020,19-02-2020 (English)
S.No. 121,Case Number,C.A. No.-009415-009415 / 2019,13-12-2019 (English)
S.No. 122,Case Number,C.A. No.-007164-007164 / 2013,29-06-2020 (English)
S.No. 123,Case Number,C.A. No.-008595-008595 / 2019,14-11-2019 (English)
S.No. 124,Case Number,Crl.A. No.-000460-000460 / 2020,19-06-2020 (English)
S.No. 125,Case Number,C.A. No.-000760-000760 / 2020,28-01-2020 (English)
S.No. 126,Case Number,Crl.A. No.-000722-000722 / 2017,22-04-2020 (English)
S.No. 127,Case Number,C.A. No.-000673-000673 / 2012,11-05-2020 (English)
S.No. 128,Case Number,Crl.A. No.-000119-000119 / 2010,20-02-2020 (English)
S.No. 129,Case Number,C.A. No.-005673-005673 / 2009,22-01-2020 (English)
S.No. 130,Case Number,C.A. No.-009196-009197 / 2019,"09-12-2019 (English)
09-12-2019 (தமிழ்)"
S.No. 131,Case Number,SLP(C) No.-005368 / 2020,18-03-2020 (English)
S.No. 132,Case Number,C.A. No.-000802-000802 / 2020,29-01-2020 (English)
S.No. 133,Case Number,C.A. No.-006398-006398 / 2009,27-04-2020 (English)
S.No. 134,Case Number,Crl.A. No.-001889-001889 / 2010,"24-10-2019 (English)
24-10-2019 (हिन्दी)"
S.No. 135,Case Number,Crl.A. No.-000283-000283 / 2011,28-07-2020 (English)
S.No. 136,Case Number,T.P.(C) No.-000455 / 2020,30-09-2020 (English)
S.No. 137,Case Number,C.A. No.-006006-006006 / 2009,19-02-2020 (English)
S.No. 138,Case Number,Crl.A. No.-001897-001897 / 2019,28-01-2020 (English)
S.No. 139,Case Number,Crl.A. No.-000403-000403 / 2010,03-06-2020 (English)
S.No. 140,Case Number,C.A. No.-002435 / 2019,03-12-2019 (English)
S.No. 141,Case Number,C.A. No.-003383-003383 / 2004,04-12-2019 (English)
S.No. 142,Case Number,C.A. No.-002633 / 2020,28-08-2020 (English)
S.No. 143,Case Number,W.P.(C) No.-000190 / 2018,27-02-2020 (English)
S.No. 144,Case Number,C.A. No.-005105-005105 / 2009,11-09-2020 (English)
S.No. 145,Case Number,C.A. No.-002566 / 2019,17-03-2020 (English)
S.No. 146,Case Number,C.A. No.-006572-006572 / 2010,"15-11-2019 (English)
15-11-2019 (हिन्दी)"
S.No. 147,Case Number,C.A. No.-000893-000893 / 2020,"31-01-2020 (English)
31-01-2020 (ଓଡ଼ିଆ)"
S.No. 148,Case Number,C.A. No.-001622-001622 / 2020,14-02-2020 (English)
S.No. 149,Case Number,C.A. No.-005749-005749 / 2012,29-04-2020 (English)
S.No. 150,Case Number,C.A. No.-000246-000255 / 2020,15-01-2020 (English)
S.No. 151,Case Number,C.A. No.-010680-010683 / 2011,05-02-2020 (English)
S.No. 152,Case Number,W.P.(C) No.-000196 / 2018,31-08-2020 (English)
S.No. 153,Case Number,Crl.A. No.-002255-002255 / 2010,30-07-2020 (English)
S.No. 154,Case Number,C.A. No.-003609-003609 / 2002,22-04-2020 (English)
S.No. 155,Case Number,C.A. No.-004070-004070 / 2016,11-05-2020 (English)
S.No. 156,Case Number,C.A. No.-002217-002217 / 2011,27-04-2020 (English)
S.No. 157,Case Number,C.A. No.-003240-003240 / 2011,"17-04-2020 (English)
17-04-2020 (ଓଡ଼ିଆ)"
S.No. 158,Case Number,SLP(C) No.-009036-009038 / 2016,"06-03-2020 (English)
23-10-2019 (English)"
S.No. 159,Case Number,C.A. No.-002611-002611 / 2020,16-06-2020 (English)
S.No. 160,Case Number,C.A. No.-011923-011923 / 2018,07-02-2020 (English)
S.No. 161,Case Number,C.A. No.-002793-002793 / 2010,06-05-2020 (English)
S.No. 162,Case Number,C.A. No.-009492-009492 / 2019,19-02-2020 (English)
S.No. 163,Case Number,C.A. No.-002811-002812 / 2020,27-07-2020 (English)
S.No. 164,Case Number,Crl.A. No.-001268-001268 / 2013,"17-12-2019 (English)
17-12-2019 (हिन्दी)"
S.No. 165,Case Number,C.A. No.-002368-002368 / 2020,24-04-2020 (English)
S.No. 166,Case Number,C.A. No.-005511-005511 / 2012,08-11-2019 (English)
S.No. 167,Case Number,Crl.A. No.-000577-000577 / 2020,09-09-2020 (English)
S.No. 168,Case Number,/ 0,15-10-2020 (English)
S.No. 169,Case Number,Crl.A. No.-000688-000688 / 2013,15-09-2020 (English)
S.No. 170,Case Number,C.A. No.-009519-009519 / 2019,09-07-2020 (English)
S.No. 171,Case Number,Crl.A. No.-000378-000378 / 2020,03-03-2020 (English)
S.No. 172,Case Number,Crl.A. No.-001551-001551 / 2010,19-08-2020 (English)
S.No. 173,Case Number,C.A. No.-003526-003526 / 2016,24-08-2020 (English)
S.No. 174,Case Number,MA-000814 / 2019,25-10-2019 (English)
S.No. 175,Case Number,C.A. No.-008588-008588 / 2019,"13-11-2019 (English)
13-11-2019 (മലയാളം)"
S.No. 176,Case Number,W.P.(C) No.-000439 / 2020,13-04-2020 (English)
S.No. 177,Case Number,C.A. No.-009220-009220 / 2019,18-12-2019 (English)
S.No. 178,Case Number,C.A. No.-004714-004715 / 2012,07-11-2019 (English)
S.No. 179,Case Number,C.A. No.-002210-002210 / 2020,19-03-2020 (English)
S.No. 180,Case Number,C.A. No.-004569-004569 / 2003,29-11-2019 (English)
S.No. 181,Case Number,/ 0,01-09-2020 (English)
S.No. 182,Case Number,Crl.A. No.-000264-000264 / 2020,14-02-2020 (English)
S.No. 183,Case Number,C.A. No.-004780-004781 / 2018,08-11-2019 (English)
S.No. 184,Case Number,C.A. No.-001570 / 2020,13-02-2020 (English)
S.No. 185,Case Number,C.A. No.-000945-000946 / 2020,02-03-2020 (English)
S.No. 186,Case Number,C.A. No.-009482-009482 / 2019,17-12-2019 (English)
S.No. 187,Case Number,Crl.A. No.-001492-001493 / 2010,26-11-2019 (English)
S.No. 188,Case Number,Crl.A. No.-000087-000087 / 2020,"14-01-2020 (English)
14-01-2020 (हिन्दी)"
S.No. 189,Case Number,Crl.A. No.-001938-001938 / 2010,22-07-2020 (English)
S.No. 190,Case Number,C.A. No.-000200-000200 / 2020,24-01-2020 (English)
S.No. 191,Case Number,C.A. No.-002732-002732 / 2020,13-07-2020 (English)
S.No. 192,Case Number,C.A. No.-012044-012044 / 2016,22-07-2020 (English)
S.No. 193,Case Number,C.A. No.-002843-002844 / 2010,"27-08-2020 (English)
27-08-2020 (தமிழ்)"
S.No. 194,Case Number,Crl.A. No.-000208-000208 / 2020,31-01-2020 (English)
S.No. 195,Case Number,C.A. No.-002410-002410 / 2020,06-05-2020 (English)
S.No. 196,Case Number,C.A. No.-002448-002448 / 2010,24-01-2020 (English)
S.No. 197,Case Number,Crl.A. No.-000667-000667 / 2020,12-10-2020 (English)
S.No. 198,Case Number,C.A. No.-000176-000176 / 2020,14-01-2020 (English)
S.No. 199,Case Number,C.A. No.-007402-007402 / 2009,28-01-2020 (English)
S.No. 200,Case Number,Crl.A. No.-000417-000417 / 2010,31-01-2020 (English)
S.No. 201,Case Number,Crl.A. No.-001285-001285 / 2010,02-09-2020 (English)
S.No. 202,Case Number,Crl.A. No.-000317-000317 / 2020,28-02-2020 (English)
S.No. 203,Case Number,W.P.(Crl.) No.-000119 / 2020,19-03-2020 (English)
S.No. 204,Case Number,W.P.(Crl.) No.-000121 / 2020,19-03-2020 (English)
S.No. 205,Case Number,Crl.A. No.-000690-000690 / 2014,"22-10-2019 (English)
22-10-2019 (हिन्दी)"
S.No. 206,Case Number,C.A. No.-001081-001081 / 2017,13-12-2019 (English)
S.No. 207,Case Number,C.A. No.-006021-006021 / 2009,11-02-2020 (English)
S.No. 208,Case Number,W.P.(Crl.) No.-000122 / 2020,20-03-2020 (English)
S.No. 209,Case Number,C.A. No.-009267 / 2019,07-01-2020 (English)
S.No. 210,Case Number,Crl.A. No.-000040-000040 / 2011,01-10-2020 (English)
S.No. 211,Case Number,Crl.A. No.-000660-000662 / 2020,08-10-2020 (English)
S.No. 212,Case Number,C.A. No.-005751-005751 / 2017,11-02-2020 (English)
S.No. 213,Case Number,Crl.A. No.-000200-000200 / 2020,28-08-2020 (English)
S.No. 214,Case Number,/ 0,11-05-2020 (English)
S.No. 215,Case Number,SMW(C) No.-000005 / 2020,06-04-2020 (English)
S.No. 216,Case Number,C.A. No.-001804-001804 / 2020,25-02-2020 (English)
S.No. 217,Case Number,W.P.(C) No.-001131 / 2020,01-10-2020 (English)
S.No. 218,Case Number,W.P.(C) No.-000899 / 2020,12-06-2020 (English)
S.No. 219,Case Number,W.P.(Crl.) No.-000130 / 2020,19-05-2020 (English)
S.No. 220,Case Number,/ 0,26-05-2020 (English)
S.No. 221,Case Number,C.A. No.-009318-009318 / 2014,17-12-2019 (English)
S.No. 222,Case Number,MA-000929 / 2020,23-06-2020 (English)
S.No. 223,Case Number,C.A. No.-001544-001544 / 2020,13-02-2020 (English)
S.No. 224,Case Number,Crl.A. No.-000635-000635 / 2020,28-09-2020 (English)
S.No. 225,Case Number,Crl.A. No.-001662-001662 / 2019,"06-12-2019 (English)
06-12-2019 (తెలుగు)"
S.No. 226,Case Number,SLP(C) No.-006787-006788 / 2020,13-10-2020 (English)
S.No. 227,Case Number,C.A. No.-002964-002964 / 2020,20-08-2020 (English)
S.No. 228,Case Number,Crl.A. No.-000452-000452 / 2020,19-06-2020 (English)
S.No. 229,Case Number,W.P.(C) No.-000708 / 2020,01-10-2020 (English)
S.No. 230,Case Number,C.A. No.-001894-001895 / 2020,02-03-2020 (English)
S.No. 231,Case Number,Crl.A. No.-001887-001887 / 2019,18-12-2019 (English)
S.No. 232,Case Number,C.A. No.-008497-008497 / 2019,"08-11-2019 (English)
08-11-2019 (தமிழ்)"
S.No. 233,Case Number,C.A. No.-002077-002077 / 2020,06-03-2020 (English)
S.No. 234,Case Number,C.A. No.-000344-000344 / 2020,21-01-2020 (English)
S.No. 235,Case Number,C.A. No.-003185-003185 / 2020,16-09-2020 (English)
S.No. 236,Case Number,SMC(Crl) No.-000002 / 2019,27-04-2020 (English)
S.No. 237,Case Number,W.P.(Crl.) No.-000141 / 2020,16-09-2020 (English)
S.No. 238,Case Number,C.A. No.-000838-000838 / 2020,30-01-2020 (English)
S.No. 239,Case Number,W.P.(C) No.-000546 / 2020,18-08-2020 (English)
S.No. 240,Case Number,W.P.(C) No.-000541 / 2020,06-07-2020 (English)
S.No. 241,Case Number,SLP(C) No.-011476 / 2018,27-11-2019 (English)
S.No. 242,Case Number,C.A. No.-009300-009300 / 2019,"10-12-2019 (English)
10-12-2019 (हिन्दी)"
S.No. 243,Case Number,SMW(C) No.-000007 / 2020,19-06-2020 (English)
S.No. 244,Case Number,C.A. No.-004490-004490 / 2008,14-02-2020 (English)
S.No. 245,Case Number,C.A. No.-002651-002656 / 2020,24-06-2020 (English)
S.No. 246,Case Number,Crl.A. No.-001765-001766 / 2019,"26-11-2019 (English)
26-11-2019 (தமிழ்)"
S.No. 247,Case Number,C.A. No.-002710-002710 / 2010,26-08-2020 (English)
S.No. 248,Case Number,Crl.A. No.-002183-002183 / 2011,18-06-2020 (English)
S.No. 249,Case Number,SLP(Crl) No.-005423-005424 / 2015,08-09-2020 (English)
S.No. 250,Case Number,C.A. No.-008265-008266 / 2019,24-10-2019 (English)
S.No. 251,Case Number,Crl.A. No.-001431-001431 / 2013,02-03-2020 (English)
S.No. 252,Case Number,C.A. No.-008980-008980 / 2017,01-10-2020 (English)
S.No. 253,Case Number,Crl.A. No.-000550-000554 / 2020,28-08-2020 (English)
S.No. 254,Case Number,Crl.A. No.-000562-000562 / 2020,"04-09-2020 (English)
04-09-2020 (हिन्दी)"
S.No. 255,Case Number,Crl.A. No.-001619-001619 / 2019,25-10-2019 (English)
S.No. 256,Case Number,C.A. No.-003194-003194 / 2020,17-09-2020 (English)
S.No. 257,Case Number,C.A. No.-002378-002378 / 2020,29-04-2020 (English)
S.No. 258,Case Number,C.A. No.-001698-001698 / 2020,19-02-2020 (English)
S.No. 259,Case Number,ARBIT.CASE(C) No.-000015 / 2020,16-09-2020 (English)
S.No. 260,Case Number,Crl.A. No.-000237-000237 / 2020,07-02-2020 (English)
S.No. 261,Case Number,C.A. No.-000559-000560 / 2008,"06-11-2019 (English)
06-11-2019 (தமிழ்)"
S.No. 262,Case Number,Crl.A. No.-000138-000138 / 2020,30-01-2020 (English)
S.No. 263,Case Number,MA-001260 / 2020,13-10-2020 (English)
S.No. 264,Case Number,C.A. No.-009423-009423 / 2019,"13-12-2019 (English)
13-12-2019 (தமிழ்)"
S.No. 265,Case Number,Crl.A. No.-002172-002172 / 2011,02-03-2020 (English)
S.No. 266,Case Number,C.A. No.-001643-001644 / 2020,17-03-2020 (English)
S.No. 267,Case Number,C.A. No.-001970-001975 / 2009,05-02-2020 (English)
S.No. 268,Case Number,Crl.A. No.-001688-001688 / 2009,06-12-2019 (English)
S.No. 269,Case Number,C.A. No.-002638-002639 / 2020,19-06-2020 (English)
S.No. 270,Case Number,Crl.A. No.-000161-000161 / 2020,24-01-2020 (English)
S.No. 271,Case Number,C.A. No.-009494-009495 / 2019,18-12-2019 (English)
S.No. 272,Case Number,Crl.A. No.-000764-000764 / 2009,05-11-2019 (English)
S.No. 273,Case Number,C.A. No.-004645 / 2019,20-05-2020 (English)
S.No. 274,Case Number,C.A. No.-003992 / 2019,17-02-2020 (English)
S.No. 275,Case Number,C.A. No.-000190-000190 / 2020,15-01-2020 (English)
S.No. 276,Case Number,C.A. No.-002016-002016 / 2020,"05-03-2020 (English)
05-03-2020 (മലയാളം)"
S.No. 277,Case Number,C.A. No.-004452 / 2019,24-10-2019 (English)
S.No. 278,Case Number,C.A. No.-001443-001456 / 2020,11-02-2020 (English)
S.No. 279,Case Number,Crl.A. No.-000555-000555 / 2020,28-08-2020 (English)
S.No. 280,Case Number,C.A. No.-002624-002624 / 2020,18-06-2020 (English)
S.No. 281,Case Number,SMC(Crl) No.-000001 / 2020,"31-08-2020 (English)
14-08-2020 (English)"
S.No. 282,Case Number,C.A. No.-004242 / 2019,22-01-2020 (English)
S.No. 283,Case Number,W.P.(Crl.) No.-000177 / 2020,19-08-2020 (English)
S.No. 284,Case Number,CONMT.PET.(C) No.-000591 / 2019,06-05-2020 (English)
S.No. 285,Case Number,C.A. No.-017355-017355 / 2017,"17-03-2020 (English)
17-03-2020 (தமிழ்)"
S.No. 286,Case Number,C.A. No.-002870-002870 / 2007,"28-01-2020 (English)
28-01-2020 (தமிழ்)"
S.No. 287,Case Number,C.A. No.-008259-008259 / 2019,24-10-2019 (English)
S.No. 288,Case Number,C.A. No.-006642-006643 / 2010,07-02-2020 (English)
S.No. 289,Case Number,C.A. No.-002926-002926 / 2020,07-08-2020 (English)
S.No. 290,Case Number,C.A. No.-002955 / 2020,04-09-2020 (English)
S.No. 291,Case Number,Crl.A. No.-001934-001934 / 2019,21-01-2020 (English)
S.No. 292,Case Number,C.A. No.-006380-006380 / 2012,06-05-2020 (English)
S.No. 293,Case Number,C.A. No.-002413-002413 / 2020,06-05-2020 (English)
S.No. 294,Case Number,C.A. No.-002250-002252 / 2020,17-04-2020 (English)
S.No. 295,Case Number,C.A. No.-009407-009407 / 2019,13-12-2019 (English)
S.No. 296,Case Number,W.P.(C) No.-000565 / 2019,13-12-2019 (English)
S.No. 297,Case Number,C.A. No.-004626-004626 / 2009,15-11-2019 (English)
S.No. 298,Case Number,C.A. No.-007357-007376 / 2010,06-03-2020 (English)
S.No. 299,Case Number,W.P.(C) No.-000724 / 2020,28-08-2020 (English)
S.No. 300,Case Number,C.A. No.-004687-004687 / 2010,"15-11-2019 (English)
15-11-2019 (हिन्दी)"
S.No. 301,Case Number,MA-001122 / 2019,06-11-2019 (English)
S.No. 302,Case Number,C.A. No.-008611-008611 / 2019,14-11-2019 (English)
S.No. 303,Case Number,C.A. No.-002170-002171 / 2020,17-03-2020 (English)
S.No. 304,Case Number,W.P.(C) No.-000032 / 2020,08-01-2020 (English)
S.No. 305,Case Number,C.A. No.-009223-009224 / 2019,17-12-2019 (English)
S.No. 306,Case Number,Crl.A. No.-000648-000648 / 2020,01-10-2020 (English)
S.No. 307,Case Number,C.A. No.-000032-000032 / 2020,07-01-2020 (English)
S.No. 308,Case Number,C.A. No.-006835-006835 / 2009,19-03-2020 (English)
S.No. 309,Case Number,MA-001301 / 2018,03-03-2020 (English)
S.No. 310,Case Number,C.A. No.-009417-009417 / 2019,"13-12-2019 (English)
13-12-2019 (हिन्दी)"
S.No. 311,Case Number,C.A. No.-004407-004408 / 2011,21-01-2020 (English)
S.No. 312,Case Number,T.P.(Crl.) No.-000225 / 2020,19-08-2020 (English)
S.No. 313,Case Number,C.A. No.-009289-009289 / 2019,09-12-2019 (English)
S.No. 314,Case Number,C.A. No.-002046-002046 / 2020,05-03-2020 (English)
S.No. 315,Case Number,C.A. No.-007477-007477 / 2019,22-10-2019 (English)
S.No. 316,Case Number,Crl.A. No.-000038-000038 / 2020,21-01-2020 (English)
S.No. 317,Case Number,C.A. No.-000350-000351 / 2020,21-01-2020 (English)
S.No. 318,Case Number,C.A. No.-000848-000852 / 2009,06-03-2020 (English)
S.No. 319,Case Number,Crl.A. No.-001798-001798 / 2019,29-11-2019 (English)
S.No. 320,Case Number,Crl.A. No.-000251-000251 / 2010,"10-12-2019 (English)
10-12-2019 (हिन्दी)"
S.No. 321,Case Number,C.A. No.-001889-001889 / 2020,13-05-2020 (English)
S.No. 322,Case Number,C.A. No.-005147-005147 / 2016,19-08-2020 (English)
S.No. 323,Case Number,C.A. No.-002834-002834 / 2020,30-07-2020 (English)
S.No. 324,Case Number,C.A. No.-001866-001866 / 2020,04-03-2020 (English)
S.No. 325,Case Number,Crl.A. No.-000367-000368 / 2020,02-03-2020 (English)
S.No. 326,Case Number,C.A. No.-007649-007651 / 2019,27-04-2020 (English)
S.No. 327,Case Number,C.A. No.-003397-003397 / 2020,09-10-2020 (English)
S.No. 328,Case Number,C.A. No.-009204-009204 / 2019,"04-12-2019 (English)
04-12-2019 (ଓଡ଼ିଆ)"
S.No. 329,Case Number,C.A. No.-008609 / 2019,14-11-2019 (English)
S.No. 330,Case Number,MA-001434 / 2020,03-09-2020 (English)
S.No. 331,Case Number,C.A. No.-003007-003008 / 2020,18-09-2020 (English)
S.No. 332,Case Number,Crl.A. No.-002298-002298 / 2010,18-12-2019 (English)
S.No. 333,Case Number,C.A. No.-002197-002197 / 2020,18-03-2020 (English)
S.No. 334,Case Number,C.A. No.-009257-009257 / 2019,09-12-2019 (English)
S.No. 335,Case Number,C.A. No.-008276-008277 / 2019,25-10-2019 (English)
S.No. 336,Case Number,C.A. No.-002412-002412 / 2020,06-05-2020 (English)
S.No. 337,Case Number,C.A. No.-001234-001234 / 2020,07-02-2020 (English)
S.No. 338,Case Number,C.A. No.-006875-006875 / 2008,03-04-2020 (English)
S.No. 339,Case Number,C.A. No.-001999-002000 / 2020,04-03-2020 (English)
S.No. 340,Case Number,C.A. No.-008847-008847 / 2019,19-11-2019 (English)
S.No. 341,Case Number,C.A. No.-001485-001485 / 2020,12-02-2020 (English)
S.No. 342,Case Number,R.P.(C) No.-002175-002178 / 2018,31-08-2020 (English)
S.No. 343,Case Number,C.A. No.-000839-000839 / 2020,30-01-2020 (English)
S.No. 344,Case Number,C.A. No.-003419-003419 / 2020,13-10-2020 (English)
S.No. 345,Case Number,MA-000965 / 2019,16-01-2020 (English)
S.No. 346,Case Number,Crl.A. No.-001837-001837 / 2019,"05-12-2019 (English)
05-12-2019 (ಕನ್ನಡ)"
S.No. 347,Case Number,Crl.A. No.-000050-000050 / 2020,"10-01-2020 (English)
10-01-2020 (हिन्दी)"
S.No. 348,Case Number,Crl.A. No.-000141-000141 / 2020,"22-01-2020 (English)
22-01-2020 (ಕನ್ನಡ)"
S.No. 349,Case Number,Crl.A. No.-000020-000020 / 2010,13-02-2020 (English)
S.No. 350,Case Number,Crl.A. No.-000194-000195 / 2012,07-01-2020 (English)
S.No. 351,Case Number,SLP(C) No.-010482 / 2020,05-10-2020 (English)
S.No. 352,Case Number,Crl.A. No.-000045-000045 / 2020,15-01-2020 (English)
S.No. 353,Case Number,Crl.A. No.-000681-000682 / 2020,15-10-2020 (English)
S.No. 354,Case Number,Crl.A. No.-000144-000144 / 2020,23-01-2020 (English)
S.No. 355,Case Number,Crl.A. No.-001856-001856 / 2013,07-11-2019 (English)
S.No. 356,Case Number,C.A. No.-009026-009026 / 2019,"16-12-2019 (English)
16-12-2019 (हिन्दी)"
S.No. 357,Case Number,C.A. No.-002229-002229 / 2020,03-04-2020 (English)
S.No. 358,Case Number,C.A. No.-003345-003345 / 2020,09-10-2020 (English)
S.No. 359,Case Number,C.A. No.-002165-002165 / 2009,14-02-2020 (English)
S.No. 360,Case Number,SLP(Crl) No.-004116 / 2020,22-09-2020 (English)
S.No. 361,Case Number,C.A. No.-013516-013516 / 2015,12-10-2020 (English)
S.No. 362,Case Number,Crl.A. No.-000831-000831 / 2015,21-01-2020 (English)
S.No. 363,Case Number,Crl.A. No.-000377-000377 / 2020,"03-03-2020 (English)
03-03-2020 (ಕನ್ನಡ)"
S.No. 364,Case Number,C.A. No.-002612-002612 / 2020,16-06-2020 (English)
S.No. 365,Case Number,C.A. No.-001899-001900 / 2020,02-03-2020 (English)
S.No. 366,Case Number,Crl.A. No.-002127-002127 / 2009,20-11-2019 (English)
S.No. 367,Case Number,C.A. No.-000483-000483 / 2020,21-01-2020 (English)
S.No. 368,Case Number,C.A. No.-002573-002573 / 2020,15-06-2020 (English)
S.No. 369,Case Number,C.A. No.-004189-004196 / 2010,03-12-2019 (English)
S.No. 370,Case Number,C.A. No.-003438-003439 / 2020,14-10-2020 (English)
S.No. 371,Case Number,C.A. No.-002514-002514 / 2020,05-06-2020 (English)
S.No. 372,Case Number,W.P.(C) No.-000528 / 2018,04-03-2020 (English)
S.No. 373,Case Number,C.A. No.-002697-002697 / 2020,26-06-2020 (English)
S.No. 374,Case Number,W.P.(C) No.-001030 / 2020,21-09-2020 (English)
S.No. 375,Case Number,C.A. No.-003493-003493 / 2020,16-10-2020 (English)
S.No. 376,Case Number,C.A. No.-002562-002562 / 2006,02-06-2020 (English)
S.No. 377,Case Number,C.A. No.-009173-009173 / 2010,25-02-2020 (English)
S.No. 378,Case Number,Crl.A. No.-001815-001815 / 2019,"10-12-2019 (English)
10-12-2019 (हिन्दी)"
S.No. 379,Case Number,C.A. No.-002558-002558 / 2020,12-06-2020 (English)
S.No. 380,Case Number,Crl.A. No.-000686-000686 / 2020,15-10-2020 (English)
S.No. 381,Case Number,C.A. No.-009087-009087 / 2019,28-11-2019 (English)
S.No. 382,Case Number,C.A. No.-005889-005889 / 2009,22-11-2019 (English)
S.No. 383,Case Number,Crl.A. No.-000680-000680 / 2020,14-10-2020 (English)
S.No. 384,Case Number,Crl.A. No.-000640-000641 / 2016,24-04-2020 (English)
S.No. 385,Case Number,ORGNL.SUIT No.-000001 / 2018,14-11-2019 (English)
S.No. 386,Case Number,C.A. No.-000735-000735 / 2020,05-02-2020 (English)
S.No. 387,Case Number,C.A. No.-001429-001430 / 2020,19-03-2020 (English)
S.No. 388,Case Number,Crl.A. No.-000860-000860 / 2019,07-10-2020 (English)
S.No. 389,Case Number,C.A. No.-010029-010029 / 2017,28-11-2019 (English)
S.No. 390,Case Number,C.A. No.-003545-003545 / 2009,24-04-2020 (English)
S.No. 391,Case Number,C.A. No.-000742-000742 / 2020,27-01-2020 (English)
S.No. 392,Case Number,Crl.A. No.-000249-000249 / 2020,10-02-2020 (English)
S.No. 393,Case Number,C.A. No.-005401-005401 / 2009,"06-11-2019 (English)
06-11-2019 (മലയാളം)"
S.No. 394,Case Number,C.A. No.-002847-002847 / 2010,24-04-2020 (English)
S.No. 395,Case Number,SLP(Crl) No.-004858-004859 / 2018,"12-12-2019 (English)
12-12-2019 (हिन्दी)"
S.No. 396,Case Number,C.A. No.-001118-001118 / 2016,14-02-2020 (English)
S.No. 397,Case Number,C.A. No.-009367-009369 / 2011,17-02-2020 (English)
S.No. 398,Case Number,Crl.A. No.-001850-001850 / 2010,17-12-2019 (English)
S.No. 399,Case Number,Crl.A. No.-000057-000057 / 2013,29-05-2020 (English)
S.No. 400,Case Number,C.A. No.-005109 / 2019,25-11-2019 (English)
S.No. 401,Case Number,C.A. No.-009049-009053 / 2011,14-08-2020 (English)
S.No. 402,Case Number,Crl.A. No.-001397-001397 / 2014,"11-12-2019 (English)
11-12-2019 (हिन्दी)"
S.No. 403,Case Number,C.A. No.-001819-001819 / 2020,17-03-2020 (English)
S.No. 404,Case Number,C.A. No.-001893-001893 / 2020,02-03-2020 (English)
S.No. 405,Case Number,Crl.A. No.-000168-000168 / 2020,31-01-2020 (English)
S.No. 406,Case Number,C.A. No.-003346 / 2018,07-02-2020 (English)
S.No. 407,Case Number,C.A. No.-004594-004594 / 2010,17-04-2020 (English)
S.No. 408,Case Number,C.A. No.-012743-012743 / 2017,22-10-2019 (English)
S.No. 409,Case Number,Crl.A. No.-001876-001876 / 2019,"18-12-2019 (English)
18-12-2019 (తెలుగు)"
S.No. 410,Case Number,C.A. No.-002601-002601 / 2020,15-06-2020 (English)
S.No. 411,Case Number,C.A. No.-012183-012183 / 2016,22-07-2020 (English)
S.No. 412,Case Number,C.A. No.-006619-006619 / 2016,16-12-2019 (English)
S.No. 413,Case Number,Crl.A. No.-001987-001987 / 2014,10-12-2019 (English)
S.No. 414,Case Number,C.A. No.-008198-008199 / 2019,22-10-2019 (English)
S.No. 415,Case Number,C.A. No.-007865-007865 / 2009,29-07-2020 (English)
S.No. 416,Case Number,Crl.A. No.-000586-000586 / 2010,17-12-2019 (English)
S.No. 417,Case Number,C.A. No.-000831-000831 / 2020,29-01-2020 (English)
S.No. 418,Case Number,C.A. No.-002526-002526 / 2020,08-06-2020 (English)
S.No. 419,Case Number,C.A. No.-002230-002230 / 2020,13-04-2020 (English)
S.No. 420,Case Number,SLP(C) No.-025098 / 2019,16-12-2019 (English)
S.No. 421,Case Number,Crl.A. No.-001843-001843 / 2019,05-12-2019 (English)
S.No. 422,Case Number,W.P.(C) No.-000649 / 2018,04-11-2019 (English)
S.No. 423,Case Number,Crl.A. No.-000013-000013 / 2013,29-07-2020 (English)
S.No. 424,Case Number,Crl.A. No.-001820-001820 / 2019,03-12-2019 (English)
S.No. 425,Case Number,C.A. No.-000314-000314 / 2020,"15-01-2020 (English)
15-01-2020 (हिन्दी)"
S.No. 426,Case Number,C.A. No.-000956-000956 / 2010,25-10-2019 (English)
S.No. 427,Case Number,Crl.A. No.-000271-000271 / 2020,"14-02-2020 (English)
14-02-2020 (हिन्दी)"
S.No. 428,Case Number,C.A. No.-003964-003971 / 2007,08-09-2020 (English)
S.No. 429,Case Number,SLP(Crl) No.-007369 / 2019,30-09-2020 (English)
S.No. 430,Case Number,Crl.A. No.-001003-001003 / 2017,17-07-2020 (English)
S.No. 431,Case Number,C.A. No.-007627-007627 / 2019,24-10-2019 (English)
S.No. 432,Case Number,C.A. No.-007849-007849 / 2019,22-10-2019 (English)
S.No. 433,Case Number,C.A. No.-008564-008564 / 2015,29-09-2020 (English)
S.No. 434,Case Number,C.A. No.-007850-007850 / 2009,12-02-2020 (English)
S.No. 435,Case Number,Crl.A. No.-000335-000335 / 2020,26-02-2020 (English)
S.No. 436,Case Number,C.A. No.-001918-001918 / 2020,"03-03-2020 (English)
03-03-2020 (हिन्दी)"
S.No. 437,Case Number,C.A. No.-008398-008399 / 2019,05-11-2019 (English)
S.No. 438,Case Number,C.A. No.-008833-008835 / 2019,19-11-2019 (English)
S.No. 439,Case Number,C.A. No.-008455-008455 / 2019,14-11-2019 (English)
S.No. 440,Case Number,/ 0,09-11-2019 (English)
S.No. 441,Case Number,Crl.A. No.-000504-000504 / 2020,05-08-2020 (English)
S.No. 442,Case Number,C.A. No.-002019-002019 / 2010,02-09-2020 (English)
S.No. 443,Case Number,Crl.A. No.-001874-001875 / 2010,17-12-2019 (English)
S.No. 444,Case Number,C.A. No.-002516-002516 / 2020,"05-06-2020 (English)
05-06-2020 (ଓଡ଼ିଆ)"
S.No. 445,Case Number,C.A. No.-000996-000996 / 2020,"04-02-2020 (English)
04-02-2020 (മലയാളം)"
S.No. 446,Case Number,CONMT.PET.(C) No.-001332-001360 / 2018,13-12-2019 (English)
S.No. 447,Case Number,Crl.A. No.-001734-001736 / 2019,"26-11-2019 (English)
26-11-2019 (ಕನ್ನಡ)"
S.No. 448,Case Number,C.A. No.-002047-002047 / 2020,17-03-2020 (English)
S.No. 449,Case Number,C.A. No.-002256-002263 / 2020,22-04-2020 (English)
S.No. 450,Case Number,C.A. No.-007508-007508 / 2005,22-04-2020 (English)
S.No. 451,Case Number,C.A. No.-008859-008859 / 2019,19-11-2019 (English)
S.No. 452,Case Number,C.A. No.-009683 / 2019,17-12-2019 (English)
S.No. 453,Case Number,C.A. No.-001674-001674 / 2020,18-02-2020 (English)
S.No. 454,Case Number,C.A. No.-001567-001567 / 2017,14-01-2020 (English)
S.No. 455,Case Number,C.A. No.-003123-003123 / 2020,09-09-2020 (English)
S.No. 456,Case Number,C.A. No.-006328-006399 / 2015,24-10-2019 (English)
S.No. 457,Case Number,C.A. No.-005829-005830 / 2012,06-08-2020 (English)
S.No. 458,Case Number,C.A. No.-009237-009237 / 2019,06-12-2019 (English)
S.No. 459,Case Number,C.A. No.-001960-001960 / 2020,19-03-2020 (English)
S.No. 460,Case Number,C.A. No.-002904-002904 / 2020,05-08-2020 (English)
S.No. 461,Case Number,C.A. No.-006438-006439 / 2009,18-02-2020 (English)
S.No. 462,Case Number,C.A. No.-007138-007138 / 2010,10-08-2020 (English)
S.No. 463,Case Number,C.A. No.-004304-004304 / 2007,28-02-2020 (English)
S.No. 464,Case Number,Crl.A. No.-001779-001779 / 2019,"29-11-2019 (English)
29-11-2019 (हिन्दी)"
S.No. 465,Case Number,C.A. No.-000653-000653 / 2020,24-01-2020 (English)
S.No. 466,Case Number,C.A. No.-000652-000652 / 2020,30-01-2020 (English)
S.No. 467,Case Number,C.A. No.-000356-000356 / 2020,28-01-2020 (English)
S.No. 468,Case Number,C.A. No.-000475-000475 / 2020,21-01-2020 (English)
S.No. 469,Case Number,C.A. No.-003427-003427 / 2020,13-10-2020 (English)
S.No. 470,Case Number,C.A. No.-009083-009083 / 2019,"28-11-2019 (English)
28-11-2019 (ଓଡ଼ିଆ)"
S.No. 471,Case Number,MA-001235 / 2019,01-09-2020 (English)
S.No. 472,Case Number,Crl.A. No.-000154-000157 / 2020,24-01-2020 (English)
S.No. 473,Case Number,C.A. No.-008257-008257 / 2019,07-11-2019 (English)
S.No. 474,Case Number,Crl.A. No.-000374-000374 / 2020,02-03-2020 (English)
S.No. 475,Case Number,C.A. No.-003984-003984 / 2010,26-08-2020 (English)
S.No. 476,Case Number,C.A. No.-002506-002509 / 2020,"05-06-2020 (English)
05-06-2020 (മലയാളം)"
S.No. 477,Case Number,Crl.A. No.-002248-002248 / 2010,05-12-2019 (English)
S.No. 478,Case Number,C.A. No.-008766-008767 / 2019,15-11-2019 (English)
S.No. 479,Case Number,MA-001323 / 2019,19-03-2020 (English)
S.No. 480,Case Number,SLP(C) No.-018065 / 2018,31-01-2020 (English)
S.No. 481,Case Number,C.A. No.-000184-000186 / 2020,"10-01-2020 (English)
10-01-2020 (മലയാളം)"
S.No. 482,Case Number,C.A. No.-000196-000196 / 2011,02-03-2020 (English)
S.No. 483,Case Number,C.A. No.-002228 / 2020,03-04-2020 (English)
S.No. 484,Case Number,C.A. No.-001851-001851 / 2020,28-02-2020 (English)
S.No. 485,Case Number,C.A. No.-000142-000142 / 2009,22-10-2019 (English)
S.No. 486,Case Number,C.A. No.-001009-001009 / 2020,05-02-2020 (English)
S.No. 487,Case Number,C.A. No.-007240-007248 / 2009,19-08-2020 (English)
S.No. 488,Case Number,C.A. No.-000850-000850 / 2020,"30-01-2020 (English)
30-01-2020 (ଓଡ଼ିଆ)"
S.No. 489,Case Number,C.A. No.-002796-002796 / 2020,"29-07-2020 (English)
29-07-2020 (മലയാളം)"
S.No. 490,Case Number,Crl.A. No.-001894-001894 / 2010,"06-05-2020 (English)
06-05-2020 (हिन्दी)"
S.No. 491,Case Number,C.A. No.-008606-008606 / 2019,14-11-2019 (English)
S.No. 492,Case Number,C.A. No.-001789-001789 / 2020,09-09-2020 (English)
S.No. 493,Case Number,C.A. No.-001579-001579 / 2019,20-11-2019 (हिन्दी)
S.No. 494,Case Number,C.A. No.-000892-000892 / 2020,31-01-2020 (English)
S.No. 495,Case Number,Crl.A. No.-001401-001401 / 2012,30-09-2020 (English)
S.No. 496,Case Number,C.A. No.-000887-000888 / 2020,31-01-2020 (English)
S.No. 497,Case Number,C.A. No.-002317-002317 / 2011,27-08-2020 (English)
S.No. 498,Case Number,Crl.A. No.-000066-000066 / 2012,06-12-2019 (English)
S.No. 499,Case Number,C.A. No.-000867-000870 / 2013,14-02-2020 (English)
S.No. 500,Case Number,C.A. No.-001722-001722 / 2020,19-02-2020 (English)
S.No. 501,Case Number,C.A. No.-007074-007074 / 2008,26-08-2020 (English)
S.No. 502,Case Number,C.A. No.-008298-008298 / 2019,22-10-2019 (English)
S.No. 503,Case Number,C.A. No.-002153-002153 / 2010,18-12-2019 (English)
S.No. 504,Case Number,Crl.A. No.-000062-000063 / 2014,18-12-2019 (English)
S.No. 505,Case Number,Crl.A. No.-001681-001681 / 2019,13-11-2019 (English)
S.No. 506,Case Number,C.A. No.-006319-006319 / 2009,04-03-2020 (English)
S.No. 507,Case Number,C.A. No.-010409-010409 / 2016,12-02-2020 (English)
S.No. 508,Case Number,C.A. No.-001815-001815 / 2020,01-06-2020 (English)
S.No. 509,Case Number,Crl.A. No.-000404-000404 / 2013,"27-11-2019 (English)
27-11-2019 (हिन्दी)"
S.No. 510,Case Number,C.A. No.-006347 / 2019,14-08-2020 (English)
S.No. 511,Case Number,C.A. No.-002414-002416 / 2020,06-05-2020 (English)
S.No. 512,Case Number,C.A. No.-009076-009076 / 2019,05-12-2019 (English)
S.No. 513,Case Number,C.A. No.-002850-002850 / 2020,12-10-2020 (English)
S.No. 514,Case Number,C.A. No.-000987-000987 / 2020,11-02-2020 (English)
S.No. 515,Case Number,C.A. No.-001042-001042 / 2020,06-02-2020 (English)
S.No. 516,Case Number,Crl.A. No.-000321-000321 / 2020,"19-02-2020 (English)
19-02-2020 (తెలుగు)"
S.No. 517,Case Number,C.A. No.-009393-009393 / 2019,07-01-2020 (English)
S.No. 518,Case Number,C.A. No.-009778-009778 / 2010,17-03-2020 (English)
S.No. 519,Case Number,C.A. No.-008814-008814 / 2010,"06-03-2020 (English)
06-03-2020 (తెలుగు)"
S.No. 520,Case Number,ARBIT.CASE(C) No.-000032 / 2018,05-03-2020 (English)
S.No. 521,Case Number,C.A. No.-009453-009453 / 2019,16-12-2019 (English)
S.No. 522,Case Number,C.A. No.-005674-005674 / 2009,"05-05-2020 (English)
05-05-2020 (मराठी)"
S.No. 523,Case Number,C.A. No.-006239 / 2019,24-08-2020 (English)
S.No. 524,Case Number,C.A. No.-000364-000364 / 2005,08-11-2019 (English)
S.No. 525,Case Number,W.P.(C) No.-000992 / 2019,13-11-2019 (English)
S.No. 526,Case Number,C.A. No.-006932-006932 / 2015,14-07-2020 (English)
S.No. 527,Case Number,C.A. No.-001835-001835 / 2020,04-03-2020 (English)
S.No. 528,Case Number,SLP(C) No.-005467-005468 / 2019,13-10-2020 (English)
S.No. 529,Case Number,C.A. No.-003890-003890 / 2010,07-02-2020 (English)
S.No. 530,Case Number,C.A. No.-008796-008796 / 2019,19-11-2019 (English)
S.No. 531,Case Number,C.A. No.-002442-002443 / 2011,"13-01-2020 (English)
13-01-2020 (മലയാളം)"
S.No. 532,Case Number,C.A. No.-001917-001917 / 2020,03-03-2020 (English)
S.No. 533,Case Number,ARBIT.CASE(C) No.-000032 / 2019,26-11-2019 (English)
S.No. 534,Case Number,C.A. No.-000547-000547 / 2020,21-01-2020 (English)
S.No. 535,Case Number,SLP(C) No.-027598-027598 / 2016,10-02-2020 (English)
S.No. 536,Case Number,C.A. No.-008782-008782 / 2019,06-12-2019 (English)
S.No. 537,Case Number,C.A. No.-002376-002376 / 2020,24-04-2020 (English)
S.No. 538,Case Number,Crl.A. No.-001746-001746 / 2019,"22-11-2019 (English)
22-11-2019 (हिन्दी)"
S.No. 539,Case Number,C.A. No.-001008-001008 / 2020,03-04-2020 (English)
S.No. 540,Case Number,C.A. No.-009682 / 2019,06-01-2020 (English)
S.No. 541,Case Number,C.A. No.-008898-008898 / 2019,"21-11-2019 (English)
21-11-2019 (தமிழ்)"
S.No. 542,Case Number,C.A. No.-001442-001442 / 2016,13-10-2020 (English)
S.No. 543,Case Number,SLP(C) No.-023599 / 2018,19-11-2019 (English)
S.No. 544,Case Number,C.A. No.-000505-000531 / 2020,07-02-2020 (English)
S.No. 545,Case Number,SLP(Crl) No.-007281-007282 / 2017,29-01-2020 (English)
S.No. 546,Case Number,C.A. No.-009217-009218 / 2019,06-12-2019 (English)
S.No. 547,Case Number,C.A. No.-002551-002551 / 2020,10-06-2020 (English)
S.No. 548,Case Number,Crl.A. No.-000127-000127 / 2020,20-01-2020 (English)
S.No. 549,Case Number,C.A. No.-008349 / 2017,"22-11-2019 (English)
22-11-2019 (தமிழ்)"
S.No. 550,Case Number,Crl.A. No.-001586-001586 / 2019,21-10-2019 (English)
S.No. 551,Case Number,Crl.A. No.-000616-000616 / 2020,16-09-2020 (English)
S.No. 552,Case Number,C.A. No.-009228-009228 / 2016,"06-11-2019 (English)
06-11-2019 (हिन्दी)"
S.No. 553,Case Number,C.A. No.-013401-013401 / 2015,14-02-2020 (English)
S.No. 554,Case Number,W.P.(C) No.-000936 / 2018,29-04-2020 (English)
S.No. 555,Case Number,ARBIT.CASE(C) No.-000036 / 2019,07-11-2019 (English)
S.No. 556,Case Number,C.A. No.-009486-009487 / 2019,"17-12-2019 (English)
17-12-2019 (हिन्दी)"
S.No. 557,Case Number,C.A. No.-009352-009352 / 2019,18-12-2019 (English)
S.No. 558,Case Number,Crl.A. No.-001930-001930 / 2019,07-01-2020 (English)
S.No. 559,Case Number,C.A. No.-007157-007157 / 2008,01-09-2020 (English)
S.No. 560,Case Number,C.A. No.-005145-005145 / 2016,19-08-2020 (English)
S.No. 561,Case Number,Crl.A. No.-000388-000388 / 2020,05-03-2020 (English)
S.No. 562,Case Number,C.A. No.-009143-009143 / 2019,02-12-2019 (English)
S.No. 563,Case Number,C.A. No.-009496-009499 / 2019,18-12-2019 (English)
S.No. 564,Case Number,C.A. No.-002416-002416 / 2010,25-08-2020 (English)
S.No. 565,Case Number,C.A. No.-000580-000580 / 2020,23-01-2020 (English)
S.No. 566,Case Number,W.P.(C) No.-001031 / 2019,10-01-2020 (English)
S.No. 567,Case Number,Crl.A. No.-000034-000034 / 2020,09-01-2020 (English)
S.No. 568,Case Number,C.A. No.-006350 / 2019,15-11-2019 (English)
S.No. 569,Case Number,C.A. No.-000501-000501 / 2020,21-01-2020 (English)
S.No. 570,Case Number,C.A. No.-003105-003105 / 2017,08-11-2019 (English)
S.No. 571,Case Number,C.A. No.-008875-008875 / 2019,"10-12-2019 (English)
10-12-2019 (हिन्दी)"
S.No. 572,Case Number,C.A. No.-007220-007221 / 2011,23-09-2020 (English)
S.No. 573,Case Number,MA-002757 / 2018,03-03-2020 (English)
S.No. 574,Case Number,C.A. No.-002237-002237 / 2020,17-04-2020 (English)
S.No. 575,Case Number,C.A. No.-003046-003048 / 2020,01-09-2020 (English)
S.No. 576,Case Number,C.A. No.-009127-009127 / 2019,29-11-2019 (English)
S.No. 577,Case Number,W.P.(Crl.) No.-000191 / 2018,10-12-2019 (English)
S.No. 578,Case Number,C.A. No.-002823-002823 / 2020,23-07-2020 (English)
S.No. 579,Case Number,W.P.(C) No.-001074 / 2019,27-11-2019 (English)
S.No. 580,Case Number,C.A. No.-009288-009288 / 2019,18-12-2019 (English)
S.No. 581,Case Number,C.A. No.-001716-001716 / 2020,25-02-2020 (English)
S.No. 582,Case Number,C.A. No.-009312-009312 / 2019,10-12-2019 (English)
S.No. 583,Case Number,Crl.A. No.-002035-002035 / 2012,18-03-2020 (English)
S.No. 584,Case Number,W.P.(C) No.-001099 / 2019,02-03-2020 (English)
S.No. 585,Case Number,C.A. No.-002739-002739 / 2020,14-07-2020 (English)
S.No. 586,Case Number,C.A. No.-008597-008597 / 2019,14-11-2019 (English)
S.No. 587,Case Number,C.A. No.-008263-008263 / 2019,24-10-2019 (English)
S.No. 588,Case Number,Crl.A. No.-000192-000192 / 2011,18-06-2020 (English)
S.No. 589,Case Number,C.A. No.-009247-009247 / 2019,06-12-2019 (English)
S.No. 590,Case Number,W.P.(C) No.-000940 / 2017,10-06-2020 (English)
S.No. 591,Case Number,C.A. No.-001641-001641 / 2020,"08-04-2020 (English)
08-04-2020 (മലയാളം)"
S.No. 592,Case Number,C.A. No.-002705-002705 / 2020,30-06-2020 (English)
S.No. 593,Case Number,C.A. No.-009106-009106 / 2019,28-11-2019 (English)
S.No. 594,Case Number,T.P.(Crl.) No.-000456 / 2019,30-09-2020 (English)
S.No. 595,Case Number,C.A. No.-009693-009693 / 2013,"27-05-2020 (English)
27-05-2020 (ଓଡ଼ିଆ)"
S.No. 596,Case Number,W.P.(Crl.) No.-000242 / 2019,06-11-2019 (English)
S.No. 597,Case Number,C.A. No.-006597-006597 / 2008,23-01-2020 (English)
S.No. 598,Case Number,C.A. No.-002375-002375 / 2020,24-04-2020 (English)
S.No. 599,Case Number,C.A. No.-001305-001305 / 2010,13-05-2020 (English)
S.No. 600,Case Number,C.A. No.-009413-009414 / 2019,"13-12-2019 (English)
13-12-2019 (हिन्दी)"
S.No. 601,Case Number,C.A. No.-001836-001836 / 2020,06-03-2020 (English)
S.No. 602,Case Number,C.A. No.-003195-003196 / 2020,17-09-2020 (English)
S.No. 603,Case Number,T.P.(Crl.) No.-000534-000536 / 2019,16-10-2020 (English)
S.No. 604,Case Number,Crl.A. No.-001727-001727 / 2019,20-11-2019 (English)
S.No. 605,Case Number,C.A. No.-010683-010686 / 2014,25-11-2019 (English)
S.No. 606,Case Number,C.A. No.-003688-003688 / 2017,19-05-2020 (English)
S.No. 607,Case Number,C.A. No.-003093-003093 / 2020,07-09-2020 (English)
S.No. 608,Case Number,C.A. No.-008945-008945 / 2019,22-11-2019 (English)
S.No. 609,Case Number,C.A. No.-003961-003961 / 2010,06-05-2020 (English)
S.No. 610,Case Number,Crl.A. No.-000316-000316 / 2011,09-10-2020 (English)
S.No. 611,Case Number,C.A. No.-003050-003050 / 2010,15-11-2019 (English)
S.No. 612,Case Number,C.A. No.-000302-000303 / 2009,01-05-2020 (English)
S.No. 613,Case Number,W.P.(C) No.-001015 / 2018,10-02-2020 (English)
S.No. 614,Case Number,C.A. No.-001601-001601 / 2020,14-02-2020 (English)
S.No. 615,Case Number,C.A. No.-001998-001998 / 2020,04-03-2020 (English)
S.No. 616,Case Number,CONMT.PET.(C) No.-001868 / 2018,25-11-2019 (English)
S.No. 617,Case Number,C.A. No.-001959-001959 / 2020,04-03-2020 (தமிழ்)
S.No. 618,Case Number,C.A. No.-009483-009483 / 2019,17-12-2019 (English)
S.No. 619,Case Number,C.A. No.-006270-006270 / 2012,10-09-2020 (English)
S.No. 620,Case Number,R.P.(Crl.) No.-000446-000447 / 2019,07-11-2019 (English)
S.No. 621,Case Number,SLP(C) No.-021341 / 2019,07-02-2020 (English)
S.No. 622,Case Number,C.A. No.-000593-000594 / 2020,23-01-2020 (English)
S.No. 623,Case Number,C.A. No.-009109-009109 / 2019,29-11-2019 (English)
S.No. 624,Case Number,W.P.(C) No.-001172 / 2019,04-09-2020 (English)
S.No. 625,Case Number,C.A. No.-010748-010748 / 2016,17-12-2019 (English)
S.No. 626,Case Number,C.A. No.-000337 / 2020,16-01-2020 (English)
S.No. 627,Case Number,C.A. No.-007604 / 2019,12-02-2020 (English)
S.No. 628,Case Number,C.A. No.-005467-005469 / 2017,06-12-2019 (English)
S.No. 629,Case Number,C.A. No.-006216-006217 / 2019,17-04-2020 (English)
S.No. 630,Case Number,/ 0,11-08-2020 (English)
S.No. 631,Case Number,C.A. No.-009276-009290 / 2015,24-10-2019 (English)
S.No. 632,Case Number,C.A. No.-002798-002798 / 2010,08-01-2020 (English)
S.No. 633,Case Number,C.A. No.-002374-002374 / 2020,24-04-2020 (English)
S.No. 634,Case Number,Crl.A. No.-000510-000510 / 2017,26-11-2019 (English)
S.No. 635,Case Number,C.A. No.-001720-001720 / 2020,28-02-2020 (English)
S.No. 636,Case Number,C.A. No.-008800-008801 / 2019,18-11-2019 (English)
S.No. 637,Case Number,C.A. No.-008219-008219 / 2019,22-10-2019 (English)
S.No. 638,Case Number,C.A. No.-002701-002704 / 2020,21-08-2020 (English)
S.No. 639,Case Number,C.A. No.-001670-001670 / 2020,18-02-2020 (English)
S.No. 640,Case Number,C.A. No.-009244-009244 / 2019,06-12-2019 (English)
S.No. 641,Case Number,C.A. No.-000800-000800 / 2020,05-02-2020 (English)
S.No. 642,Case Number,Crl.A. No.-000410-000410 / 2011,"04-11-2019 (English)
04-11-2019 (हिन्दी)"
S.No. 643,Case Number,C.A. No.-008642-008642 / 2009,"08-01-2020 (English)
08-01-2020 (தமிழ்)"
S.No. 644,Case Number,C.A. No.-006049-006049 / 2007,24-10-2019 (English)
S.No. 645,Case Number,Crl.A. No.-001677-001677 / 2010,"07-11-2019 (English)
07-11-2019 (हिन्दी)"
S.No. 646,Case Number,Crl.A. No.-000779-000779 / 2010,"27-04-2020 (English)
27-04-2020 (हिन्दी)"
S.No. 647,Case Number,C.A. No.-010870 / 2018,11-12-2019 (English)
S.No. 648,Case Number,C.A. No.-005740-005741 / 2015,"10-12-2019 (English)
10-12-2019 (हिन्दी)"
S.No. 649,Case Number,C.A. No.-007474 / 2019,28-08-2020 (English)
S.No. 650,Case Number,C.A. No.-001226-001226 / 2020,07-02-2020 (English)
S.No. 651,Case Number,C.A. No.-008932-008933 / 2015,28-08-2020 (English)
S.No. 652,Case Number,C.A. No.-006659-006660 / 2010,26-05-2020 (English)
S.No. 653,Case Number,C.A. No.-001759-001759 / 2020,27-02-2020 (English)
S.No. 654,Case Number,C.A. No.-001993-001995 / 2020,"04-03-2020 (English)
04-03-2020 (മലയാളം)"
S.No. 655,Case Number,C.A. No.-000079-000079 / 2020,08-01-2020 (English)
S.No. 656,Case Number,C.A. No.-001919-001919 / 2010,06-03-2020 (English)
S.No. 657,Case Number,C.A. No.-018830 / 2017,17-01-2020 (English)
S.No. 658,Case Number,C.A. No.-000780-000780 / 2020,28-01-2020 (English)
S.No. 659,Case Number,T.P.(C) No.-001531 / 2018,18-06-2020 (English)
S.No. 660,Case Number,C.A. No.-001672-001672 / 2020,18-02-2020 (English)
S.No. 661,Case Number,Crl.A. No.-000407-000407 / 2020,18-03-2020 (English)
S.No. 662,Case Number,C.A. No.-004499-004501 / 2010,27-04-2020 (English)
S.No. 663,Case Number,C.A. No.-009170-009170 / 2019,03-12-2019 (English)
S.No. 664,Case Number,C.A. No.-003574-003574 / 2009,18-09-2020 (English)
S.No. 665,Case Number,C.A. No.-008225-008225 / 2012,28-05-2020 (English)
S.No. 666,Case Number,Crl.A. No.-000335-000335 / 2015,12-10-2020 (English)
S.No. 667,Case Number,C.A. No.-009346-009346 / 2019,06-01-2020 (English)
S.No. 668,Case Number,C.A. No.-002535-002535 / 2011,20-01-2020 (English)
S.No. 669,Case Number,Crl.A. No.-001974-001975 / 2019,07-01-2020 (English)
S.No. 670,Case Number,C.A. No.-009306-009306 / 2019,10-12-2019 (English)
S.No. 671,Case Number,Crl.A. No.-001339-001339 / 2010,16-12-2019 (English)
S.No. 672,Case Number,C.A. No.-001215-001215 / 2020,07-02-2020 (English)
S.No. 673,Case Number,C.A. No.-009100-009100 / 2019,28-11-2019 (English)
S.No. 674,Case Number,C.A. No.-008350-008350 / 2009,"20-02-2020 (English)
20-02-2020 (മലയാളം)"
S.No. 675,Case Number,Crl.A. No.-000152-000152 / 2020,24-01-2020 (English)
S.No. 676,Case Number,C.A. No.-009412-009412 / 2019,"13-12-2019 (English)
13-12-2019 (हिन्दी)"
S.No. 677,Case Number,C.A. No.-009307-009307 / 2019,10-12-2019 (English)
S.No. 678,Case Number,Crl.A. No.-000615-000615 / 2020,15-09-2020 (English)
S.No. 679,Case Number,C.A. No.-002004-002004 / 2020,19-03-2020 (English)
S.No. 680,Case Number,C.A. No.-000724-000724 / 2020,31-01-2020 (English)
S.No. 681,Case Number,C.A. No.-010941-010942 / 2013,04-03-2020 (English)
S.No. 682,Case Number,C.A. No.-001482-001482 / 2020,11-02-2020 (English)
S.No. 683,Case Number,C.A. No.-007940 / 2019,08-11-2019 (English)
S.No. 684,Case Number,C.A. No.-008400-008400 / 2019,05-11-2019 (English)
S.No. 685,Case Number,C.A. No.-008802-008803 / 2013,25-02-2020 (English)
S.No. 686,Case Number,C.A. No.-001992-001992 / 2020,04-03-2020 (English)
S.No. 687,Case Number,C.A. No.-005297-005297 / 2008,09-12-2019 (English)
S.No. 688,Case Number,Crl.A. No.-001121-001121 / 2016,25-09-2020 (English)
S.No. 689,Case Number,C.A. No.-002103-002103 / 2020,08-04-2020 (English)
S.No. 690,Case Number,C.A. No.-009429-009429 / 2019,13-12-2019 (English)
S.No. 691,Case Number,Crl.A. No.-001901-001901 / 2019,"16-12-2019 (English)
16-12-2019 (ಕನ್ನಡ)"
S.No. 692,Case Number,C.A. No.-002182-002187 / 2020,17-03-2020 (English)
S.No. 693,Case Number,C.A. No.-009491-009491 / 2019,17-12-2019 (English)
S.No. 694,Case Number,ORGNL.SUIT No.-000005-000005 / 2012,06-12-2019 (English)
S.No. 695,Case Number,C.A. No.-009443-009443 / 2019,"07-01-2020 (English)
07-01-2020 (தமிழ்)"
S.No. 696,Case Number,C.A. No.-008512-008527 / 2019,26-02-2020 (English)
S.No. 697,Case Number,C.A. No.-000777-000777 / 2020,"28-01-2020 (English)
28-01-2020 (മലയാളം)"
S.No. 698,Case Number,Crl.A. No.-001603-001603 / 2019,22-10-2019 (English)
S.No. 699,Case Number,C.A. No.-004139-004139 / 2008,21-10-2019 (English)
S.No. 700,Case Number,C.A. No.-002586-002586 / 2020,15-06-2020 (English)
S.No. 701,Case Number,C.A. No.-007968-007968 / 2019,13-01-2020 (English)
S.No. 702,Case Number,C.A. No.-009834-009834 / 2016,14-11-2019 (English)
S.No. 703,Case Number,C.A. No.-001667-001667 / 2020,18-02-2020 (English)
S.No. 704,Case Number,C.A. No.-001961-001961 / 2020,04-03-2020 (English)
S.No. 705,Case Number,C.A. No.-009336-009336 / 2019,11-12-2019 (English)
S.No. 706,Case Number,C.A. No.-010866-010867 / 2010,09-11-2019 (English)
S.No. 707,Case Number,C.A. No.-006156-006156 / 2013,07-08-2020 (English)
S.No. 708,Case Number,CONMT.PET.(C) No.-000453-000454 / 2012,23-01-2020 (English)
S.No. 709,Case Number,C.A. No.-000266-000266 / 2020,14-01-2020 (English)
S.No. 710,Case Number,C.A. No.-010044-010044 / 2010,13-11-2019 (English)
S.No. 711,Case Number,C.A. No.-001510-001510 / 2020,06-03-2020 (English)
S.No. 712,Case Number,C.A. No.-004726-004726 / 2010,18-12-2019 (English)
S.No. 713,Case Number,T.P.(C) No.-002592 / 2019,23-07-2020 (English)
S.No. 714,Case Number,C.A. No.-004658-004658 / 2009,29-01-2020 (English)
S.No. 715,Case Number,C.A. No.-000692-000692 / 2016,03-12-2019 (English)
S.No. 716,Case Number,C.A. No.-000060-000061 / 2020,08-01-2020 (English)
S.No. 717,Case Number,Crl.A. No.-001813-001813 / 2017,21-01-2020 (English)
S.No. 718,Case Number,C.A. No.-000603-000603 / 2020,20-02-2020 (English)
S.No. 719,Case Number,C.A. No.-000066-000067 / 2020,08-01-2020 (English)
S.No. 720,Case Number,C.A. No.-001677-001678 / 2020,18-02-2020 (English)
S.No. 721,Case Number,C.A. No.-001757-001757 / 2020,19-03-2020 (English)
S.No. 722,Case Number,C.A. No.-000260-000260 / 2020,14-01-2020 (English)
S.No. 723,Case Number,C.A. No.-006267-006267 / 2010,05-03-2020 (English)
S.No. 724,Case Number,Crl.A. No.-000408-000408 / 2020,"18-03-2020 (English)
18-03-2020 (हिन्दी)"
S.No. 725,Case Number,C.A. No.-000667-000667 / 2012,22-04-2020 (English)
S.No. 726,Case Number,C.A. No.-006400-006400 / 2016,14-11-2019 (English)
S.No. 727,Case Number,C.A. No.-001764-001764 / 2010,05-03-2020 (English)
S.No. 728,Case Number,C.A. No.-010636-010636 / 2010,14-02-2020 (English)
S.No. 729,Case Number,CONMT.PET.(C) No.-002120 / 2018,15-11-2019 (English)
S.No. 730,Case Number,C.A. No.-002632-002632 / 2020,18-06-2020 (English)
S.No. 731,Case Number,C.A. No.-002903-002903 / 2020,05-08-2020 (English)
S.No. 732,Case Number,Crl.A. No.-000003-000004 / 2015,09-12-2019 (English)
S.No. 733,Case Number,C.A. No.-008071-008071 / 2014,14-02-2020 (English)
S.No. 734,Case Number,C.A. No.-008307-008307 / 2019,08-01-2020 (English)
S.No. 735,Case Number,C.A. No.-008139 / 2019,05-11-2019 (English)
S.No. 736,Case Number,C.A. No.-000655-000655 / 2016,07-11-2019 (English)
S.No. 737,Case Number,R.P.(C) No.-003358 / 2018,"10-02-2020 (English)
14-11-2019 (English)"
S.No. 738,Case Number,Crl.A. No.-000884-000884 / 2013,22-01-2020 (English)
S.No. 739,Case Number,Crl.A. No.-001920-001920 / 2019,"18-12-2019 (English)
18-12-2019 (हिन्दी)"
S.No. 740,Case Number,C.A. No.-000852-000852 / 2020,30-01-2020 (English)
S.No. 741,Case Number,C.A. No.-000778-000779 / 2020,28-01-2020 (English)
S.No. 742,Case Number,C.A. No.-006146-006146 / 2019,24-04-2020 (English)
S.No. 743,Case Number,C.A. No.-020825-020826 / 2017,14-07-2020 (English)
S.No. 744,Case Number,C.A. No.-000833-000834 / 2020,30-01-2020 (English)
S.No. 745,Case Number,C.A. No.-012322-012322 / 2016,14-11-2019 (English)
S.No. 746,Case Number,Crl.A. No.-000740-000740 / 2018,"10-12-2019 (English)
10-12-2019 (தமிழ்)"
S.No. 747,Case Number,C.A. No.-000155-000155 / 2015,17-12-2019 (English)
S.No. 748,Case Number,/ 0,31-08-2020 (English)
S.No. 749,Case Number,Crl.A. No.-000413-000413 / 2020,24-04-2020 (English)
S.No. 750,Case Number,Crl.A. No.-000580-000580 / 2020,10-09-2020 (English)
S.No. 751,Case Number,Crl.A. No.-000488-000489 / 2017,18-06-2020 (English)
S.No. 752,Case Number,C.A. No.-008550-008550 / 2019,13-11-2019 (English)
S.No. 753,Case Number,T.P.(C) No.-001928 / 2018,28-02-2020 (English)
S.No. 754,Case Number,C.A. No.-008625-008626 / 2019,31-08-2020 (English)
S.No. 755,Case Number,Crl.A. No.-000077-000077 / 2020,21-01-2020 (English)
S.No. 756,Case Number,T.C.(C) No.-000213-000227 / 2020,"05-03-2020 (English)
05-03-2020 (मराठी)"
S.No. 757,Case Number,C.A. No.-001204-001204 / 2020,06-02-2020 (English)
S.No. 758,Case Number,Crl.A. No.-000019-000019 / 2017,02-03-2020 (English)
S.No. 759,Case Number,Crl.A. No.-000659-000659 / 2020,08-10-2020 (English)
S.No. 760,Case Number,Crl.A. No.-000175-000175 / 2020,31-01-2020 (English)
S.No. 761,Case Number,C.A. No.-002235-002235 / 2020,15-04-2020 (English)
S.No. 762,Case Number,Crl.A. No.-000333-000334 / 2017,13-12-2019 (English)
S.No. 763,Case Number,C.A. No.-002070-002070 / 2020,06-03-2020 (English)
S.No. 764,Case Number,Crl.A. No.-001831-001831 / 2019,"04-12-2019 (English)
04-12-2019 (हिन्दी)"
S.No. 765,Case Number,C.A. No.-002201-002201 / 2020,18-03-2020 (English)
S.No. 766,Case Number,C.A. No.-005622-005622 / 2019,01-10-2020 (English)
S.No. 767,Case Number,C.A. No.-000654-000660 / 2020,31-01-2020 (English)
S.No. 768,Case Number,C.A. No.-000054-000054 / 2016,12-02-2020 (English)
S.No. 769,Case Number,Crl.A. No.-000414-000414 / 2020,24-04-2020 (English)
S.No. 770,Case Number,C.A. No.-001798-001799 / 2014,05-03-2020 (English)
S.No. 771,Case Number,C.A. No.-011497-011504 / 2018,18-11-2019 (English)
S.No. 772,Case Number,Crl.A. No.-001598-001598 / 2019,21-10-2019 (English)
S.No. 773,Case Number,C.A. No.-002855-002855 / 2020,17-09-2020 (English)
S.No. 774,Case Number,W.P.(C) No.-001393 / 2019,26-11-2019 (English)
S.No. 775,Case Number,C.A. No.-001863-001864 / 2020,"28-02-2020 (English)
28-02-2020 (தமிழ்)"
S.No. 776,Case Number,Crl.A. No.-000123-000123 / 2020,17-01-2020 (English)
S.No. 777,Case Number,SLP(C) No.-004802-004803 / 2019,10-02-2020 (English)
S.No. 778,Case Number,C.A. No.-001878-001878 / 2016,07-02-2020 (English)
S.No. 779,Case Number,Crl.A. No.-000250-000250 / 2020,10-02-2020 (English)
S.No. 780,Case Number,C.A. No.-000232-000232 / 2016,04-12-2019 (English)
S.No. 781,Case Number,C.A. No.-000710-000710 / 2020,30-01-2020 (English)
S.No. 782,Case Number,C.A. No.-001902-001902 / 2020,02-03-2020 (English)
S.No. 783,Case Number,Crl.A. No.-001794-001794 / 2019,29-11-2019 (English)
S.No. 784,Case Number,C.A. No.-002373-002373 / 2020,24-04-2020 (English)
S.No. 785,Case Number,C.A. No.-009350-009351 / 2019,19-03-2020 (English)
S.No. 786,Case Number,Crl.A. No.-000125-000125 / 2020,31-01-2020 (English)
S.No. 787,Case Number,MA-003082 / 2018,24-04-2020 (English)
S.No. 788,Case Number,C.A. No.-002116-002128 / 2020,19-05-2020 (English)
S.No. 789,Case Number,C.A. No.-009340 / 2019,06-07-2020 (English)
S.No. 790,Case Number,C.A. No.-009343-009343 / 2019,11-12-2019 (English)
S.No. 791,Case Number,CONMT.PET.(C) No.-002192 / 2018,13-02-2020 (English)
S.No. 792,Case Number,Crl.A. No.-000543-000543 / 2020,26-08-2020 (English)
S.No. 793,Case Number,T.P.(C) No.-003053 / 2019,04-03-2020 (English)
S.No. 794,Case Number,SLP(C) No.-004636 / 2020,17-03-2020 (English)
S.No. 795,Case Number,Crl.A. No.-001711-001711 / 2019,"19-11-2019 (English)
19-11-2019 (ଓଡ଼ିଆ)"
S.No. 796,Case Number,R.P.(Crl.) No.-000602-000603 / 2019,18-12-2019 (English)
S.No. 797,Case Number,C.A. No.-009425 / 2019,08-09-2020 (English)
S.No. 798,Case Number,C.A. No.-002366-002367 / 2020,24-04-2020 (English)
S.No. 799,Case Number,C.A. No.-009521-009521 / 2019,"18-12-2019 (English)
18-12-2019 (ଓଡ଼ିଆ)"
S.No. 800,Case Number,Crl.A. No.-001936-001963 / 2019,08-01-2020 (English)
S.No. 801,Case Number,C.A. No.-003489-003489 / 2020,15-10-2020 (English)
S.No. 802,Case Number,W.P.(Crl.) No.-000362 / 2019,04-03-2020 (English)
S.No. 803,Case Number,C.A. No.-002617-002617 / 2020,17-06-2020 (English)
S.No. 804,Case Number,SMW(Crl) No.-000004 / 2019,18-12-2019 (English)
S.No. 805,Case Number,C.A. No.-000353-000353 / 2020,17-01-2020 (English)
S.No. 806,Case Number,C.A. No.-008986-008988 / 2019,06-12-2019 (English)
S.No. 807,Case Number,R.P.(C) No.-000614 / 2020,05-02-2020 (English)
S.No. 808,Case Number,Crl.A. No.-001790-001791 / 2019,"28-11-2019 (English)
28-11-2019 (हिन्दी)"
S.No. 809,Case Number,SLP(C) No.-006439 / 2020,24-07-2020 (English)
S.No. 810,Case Number,C.A. No.-008443-008443 / 2019,06-11-2019 (English)
S.No. 811,Case Number,C.A. No.-000378-000378 / 2020,17-01-2020 (English)
S.No. 812,Case Number,C.A. No.-001890-001891 / 2020,02-03-2020 (English)
S.No. 813,Case Number,C.A. No.-009514-009514 / 2019,"10-01-2020 (English)
10-01-2020 (ଓଡ଼ିଆ)"
S.No. 814,Case Number,Crl.A. No.-001709-001710 / 2019,19-11-2019 (English)
S.No. 815,Case Number,Crl.A. No.-000417-000418 / 2020,"29-04-2020 (English)
29-04-2020 (हिन्दी)"
S.No. 816,Case Number,C.A. No.-000979-000979 / 2020,03-02-2020 (English)
S.No. 817,Case Number,C.A. No.-000242-000243 / 2020,13-01-2020 (English)
S.No. 818,Case Number,C.A. No.-012248 / 2018,19-02-2020 (English)
S.No. 819,Case Number,C.A. No.-000433-000433 / 2020,20-01-2020 (English)
S.No. 820,Case Number,C.A. No.-001912-001913 / 2020,"03-03-2020 (English)
03-03-2020 (தமிழ்)"
S.No. 821,Case Number,C.A. No.-003674-003674 / 2009,04-12-2019 (English)
S.No. 822,Case Number,T.C.(C) No.-000098-000098 / 2012,29-04-2020 (English)
S.No. 823,Case Number,Crl.A. No.-000512-000512 / 2009,06-01-2020 (English)
S.No. 824,Case Number,W.P.(C) No.-004677-004677 / 1985,14-08-2020 (English)
S.No. 825,Case Number,W.P.(C) No.-013029-013029 / 1985,13-01-2020 (English)
