﻿Column-0,Column-1,Column-2,Column-3
S.No. 1,Case Number,Appeal Civil 2666 of 1977,"18-10-1994 (English)
18-10-1994 (English)
18-10-1994 (English)
18-10-1994 (English)
17-10-1994 (English)
07-10-1994 (English)
05-10-1994 (English)
05-10-1994 (English)
05-10-1994 (English)
04-10-1994 (English)
04-10-1994 (English)"
S.No. 2,Case Number,/,21-07-1994 (English)
S.No. 3,Case Number,/,23-02-1994 (English)
S.No. 4,Case Number,/,09-02-1994 (English)
S.No. 5,Case Number,/,11-07-1994 (English)
S.No. 6,Case Number,/,12-07-1994 (English)
S.No. 7,Case Number,/,04-02-1994 (English)
S.No. 8,Case Number,/,25-08-1994 (English)
S.No. 9,Case Number,/,31-01-1994 (English)
S.No. 10,Case Number,/,30-03-1994 (English)
S.No. 11,Case Number,/,01-02-1994 (English)
S.No. 12,Case Number,/,25-01-1994 (English)
S.No. 13,Case Number,/,12-07-1994 (English)
S.No. 14,Case Number,/,16-11-1993 (English)
S.No. 15,Case Number,/,13-05-1994 (English)
S.No. 16,Case Number,/,12-07-1994 (English)
S.No. 17,Case Number,/,02-03-1994 (English)
S.No. 18,Case Number,/,07-12-1993 (English)
S.No. 19,Case Number,/,16-12-1993 (English)
S.No. 20,Case Number,/,23-06-1994 (English)
S.No. 21,Case Number,/,20-09-1994 (English)
S.No. 22,Case Number,/,08-08-1994 (English)
S.No. 23,Case Number,/,16-08-1994 (English)
S.No. 24,Case Number,SLP(C) No.-016792-016792 / 1994,09-09-1994 (English)
S.No. 25,Case Number,W.P.(C) No.-000516-000516 / 1994,09-09-1994 (English)
S.No. 26,Case Number,SLP(C) No.-012392-012392 / 1994,16-08-1994 (English)
S.No. 27,Case Number,W.P.(C) No.-000430-000430 / 1994,01-08-1994 (English)
S.No. 28,Case Number,SLP(C) No.-012213-012213 / 1994,12-08-1994 (English)
S.No. 29,Case Number,C.A. No.-007466-007466 / 1994,06-10-1994 (English)
S.No. 30,Case Number,C.A. No.-006584-006585 / 1994,06-10-1994 (English)
S.No. 31,Case Number,C.A. No.-003442-003444 / 1995,21-09-1994 (English)
S.No. 32,Case Number,Crl.A. No.-000581-000581 / 1996,05-04-1994 (English)
S.No. 33,Case Number,C.A. No.-001913-001913 / 1974,18-07-1994 (English)
S.No. 34,Case Number,W.P.(C) No.-000097-000097 / 1992,"21-07-1994 (English)
21-07-1994 (English)"
S.No. 35,Case Number,C.A. No.-000992-000992 / 1975,19-07-1994 (English)
S.No. 36,Case Number,C.A. No.-000662-000668 / 1991,25-01-1994 (English)
S.No. 37,Case Number,C.A. No.-001354-001354 / 1987,02-03-1994 (English)
S.No. 38,Case Number,C.A. No.-002399-002400 / 1978,02-02-1994 (English)
S.No. 39,Case Number,W.P.(C) No.-000382-000382 / 1979,04-10-1994 (English)
S.No. 40,Case Number,C.A. No.-002946-002946 / 1977,14-07-1994 (English)
S.No. 41,Case Number,W.P.(C) No.-000053-000053 / 1993,27-04-1994 (English)
S.No. 42,Case Number,W.P.(C) No.-000687-000687 / 1986,"16-08-1994 (English)
16-08-1994 (English)"
S.No. 43,Case Number,C.A. No.-001811-001815 / 1977,18-07-1994 (English)
S.No. 44,Case Number,Crl.A. No.-000001-000001 / 1994,12-05-1994 (English)
S.No. 45,Case Number,W.P.(C) No.-000151-000151 / 1989,20-09-1994 (English)
S.No. 46,Case Number,W.P.(C) No.-000895-000895 / 1992,13-07-1994 (English)
S.No. 47,Case Number,C.A. No.-000135-000135 / 1979,30-06-1994 (English)
S.No. 48,Case Number,C.A. No.-000546-000569 / 1979,30-09-1994 (English)
S.No. 49,Case Number,C.A. No.-000554-000554 / 1986,03-11-1993 (English)
S.No. 50,Case Number,C.A. No.-001758-001758 / 1980,08-12-1993 (English)
S.No. 51,Case Number,Crl.A. No.-000419-000419 / 1980,08-02-1994 (English)
S.No. 52,Case Number,C.A. No.-002006-002006 / 1981,02-03-1994 (English)
S.No. 53,Case Number,Crl.A. No.-000212-000212 / 1981,18-08-1994 (English)
S.No. 54,Case Number,C.A. No.-004019-004019 / 1982,26-11-1993 (English)
S.No. 55,Case Number,C.A. No.-004214-004214 / 1982,20-06-1994 (English)
S.No. 56,Case Number,C.A. No.-002696-002696 / 1982,19-07-1994 (English)
S.No. 57,Case Number,SLP(C) No.-009089-009089 / 1984,16-09-1994 (English)
S.No. 58,Case Number,Crl.A. No.-000314-000314 / 1981,09-08-1994 (English)
S.No. 59,Case Number,C.A. No.-002620-002664 / 1981,11-07-1994 (English)
S.No. 60,Case Number,C.A. No.-003414-003416 / 1982,09-05-1994 (English)
S.No. 61,Case Number,C.A. No.-000264-000264 / 1994,14-01-1994 (English)
S.No. 62,Case Number,SLP(C) No.-000314-000314 / 1989,20-09-1994 (English)
S.No. 63,Case Number,C.A. No.-000441-000441 / 1992,09-02-1994 (English)
S.No. 64,Case Number,SLP(C) No.-002129-002129 / 1991,01-10-1994 (English)
S.No. 65,Case Number,C.A. No.-003307-003307 / 1983,09-02-1994 (English)
S.No. 66,Case Number,C.A. No.-000235-000235 / 1983,12-05-1994 (English)
S.No. 67,Case Number,C.A. No.-004336-004336 / 1983,18-10-1994 (English)
S.No. 68,Case Number,Crl.A. No.-000087-000087 / 1994,10-08-1994 (English)
S.No. 69,Case Number,C.A. No.-000354-000354 / 1994,25-01-1994 (English)
S.No. 70,Case Number,C.A. No.-005451-005451 / 1994,08-08-1994 (English)
S.No. 71,Case Number,C.A. No.-005743-005748 / 1994,30-08-1994 (English)
S.No. 72,Case Number,C.A. No.-001690-001690 / 1984,05-01-1994 (English)
S.No. 73,Case Number,C.A. No.-003671-003671 / 1984,03-03-1994 (English)
S.No. 74,Case Number,C.A. No.-002647-002647 / 1984,13-05-1994 (English)
S.No. 75,Case Number,Crl.A. No.-000041-000041 / 1985,04-08-1994 (English)
S.No. 76,Case Number,Crl.A. No.-000859-000859 / 1985,17-12-1993 (English)
S.No. 77,Case Number,C.A. No.-002211-002211 / 1984,"20-07-1994 (English)
20-07-1994 (English)"
S.No. 78,Case Number,C.A. No.-001959-001959 / 1984,09-08-1994 (English)
S.No. 79,Case Number,C.A. No.-002824-002824 / 1984,16-08-1994 (English)
S.No. 80,Case Number,C.A. No.-003556-003556 / 1984,14-09-1994 (English)
S.No. 81,Case Number,C.A. No.-000688-000688 / 1985,09-09-1994 (English)
S.No. 82,Case Number,C.A. No.-006493-006493 / 1994,30-09-1994 (English)
S.No. 83,Case Number,C.A. No.-004682-004682 / 1994,13-07-1994 (English)
S.No. 84,Case Number,C.A. No.-004497-004497 / 1985,07-10-1994 (English)
S.No. 85,Case Number,C.A. No.-002941-002942 / 1985,11-01-1994 (English)
S.No. 86,Case Number,Crl.A. No.-000032-000032 / 1992,07-10-1994 (English)
S.No. 87,Case Number,R.P.(C) No.-000131-000131 / 1994,14-07-1994 (English)
S.No. 88,Case Number,SLP(C) No.-010792-010792 / 1994,22-07-1994 (English)
S.No. 89,Case Number,Crl.A. No.-000210-000210 / 1994,"07-04-1994 (English)
21-02-1994 (English)
21-02-1994 (English)"
S.No. 90,Case Number,C.A. No.-000818-000818 / 1986,15-07-1994 (English)
S.No. 91,Case Number,Crl.A. No.-000250-000250 / 1986,02-09-1994 (English)
S.No. 92,Case Number,W.P.(C) No.-000626-000626 / 1986,04-01-1994 (English)
S.No. 93,Case Number,C.A. No.-003579-003581 / 1984,23-09-1994 (English)
S.No. 94,Case Number,C.A. No.-003702-003707 / 1984,07-09-1994 (English)
S.No. 95,Case Number,SLP(Crl) No.-000135-000135 / 1994,12-08-1994 (English)
S.No. 96,Case Number,W.P.(C) No.-012897-012899 / 1984,08-02-1994 (English)
S.No. 97,Case Number,C.A. No.-001543-001544 / 1988,28-10-1993 (English)
S.No. 98,Case Number,C.A. No.-002177-002177 / 1988,27-01-1994 (English)
S.No. 99,Case Number,C.A. No.-000910-000910 / 1988,12-07-1994 (English)
S.No. 100,Case Number,C.A. No.-000106-000106 / 1994,29-07-1994 (English)
S.No. 101,Case Number,Crl.A. No.-000514-000514 / 1988,27-01-1994 (English)
S.No. 102,Case Number,C.A. No.-003856-003856 / 1988,06-09-1994 (English)
S.No. 103,Case Number,C.A. No.-002563-002563 / 1988,09-09-1994 (English)
S.No. 104,Case Number,C.A. No.-000838-000838 / 1987,21-07-1994 (English)
S.No. 105,Case Number,W.P.(C) No.-000123-000123 / 1987,14-07-1994 (English)
S.No. 106,Case Number,C.A. No.-000964-000964 / 1991,25-02-1994 (English)
S.No. 107,Case Number,C.A. No.-001705-001705 / 1987,27-10-1993 (English)
S.No. 108,Case Number,C.A. No.-000840-000840 / 1988,13-05-1994 (English)
S.No. 109,Case Number,C.A. No.-004531-004532 / 1986,20-01-1994 (English)
S.No. 110,Case Number,Crl.A. No.-000201-000201 / 1989,01-03-1994 (English)
S.No. 111,Case Number,C.A. No.-002971-002971 / 1989,14-07-1994 (English)
S.No. 112,Case Number,C.A. No.-002020-002020 / 1989,19-07-1994 (English)
S.No. 113,Case Number,Crl.A. No.-000652-000652 / 1989,19-09-1994 (English)
S.No. 114,Case Number,C.A. No.-002689-002689 / 1989,"13-09-1994 (English)
19-03-1994 (English)
19-03-1994 (English)"
S.No. 115,Case Number,C.A. No.-003844-003844 / 1989,14-07-1994 (English)
S.No. 116,Case Number,C.A. No.-002938-002938 / 1989,09-03-1994 (English)
S.No. 117,Case Number,C.A. No.-004168-004169 / 1988,17-11-1993 (English)
S.No. 118,Case Number,Crl.A. No.-000623-000624 / 1987,22-07-1994 (English)
S.No. 119,Case Number,C.A. No.-000297-000298 / 1987,06-09-1994 (English)
S.No. 120,Case Number,C.A. No.-004858-004859 / 1994,22-07-1994 (English)
S.No. 121,Case Number,C.A. No.-006063-006063 / 1994,15-09-1994 (English)
S.No. 122,Case Number,C.A. No.-006103-006103 / 1994,19-09-1994 (English)
S.No. 123,Case Number,C.A. No.-004848-004850 / 1989,"17-08-1994 (English)
26-07-1994 (English)"
S.No. 124,Case Number,W.P.(C) No.-001285-001285 / 1989,20-07-1994 (English)
S.No. 125,Case Number,C.A. No.-001920-001921 / 1989,25-01-1994 (English)
S.No. 126,Case Number,C.A. No.-005064-005065 / 1989,26-07-1994 (English)
S.No. 127,Case Number,C.A. No.-005993-005994 / 1994,12-09-1994 (English)
S.No. 128,Case Number,C.A. No.-003947-003947 / 1990,05-11-1993 (English)
S.No. 129,Case Number,C.A. No.-005224-005224 / 1990,08-02-1994 (English)
S.No. 130,Case Number,W.P.(C) No.-001213-001213 / 1990,16-02-1994 (English)
S.No. 131,Case Number,/,14-07-1994 (English)
S.No. 132,Case Number,/,22-07-1994 (English)
S.No. 133,Case Number,C.A. No.-004994-004994 / 1990,28-07-1994 (English)
S.No. 134,Case Number,C.A. No.-002347-002347 / 1994,04-05-1994 (English)
S.No. 135,Case Number,R.P.(C) No.-001384-001384 / 1993,13-01-1994 (English)
S.No. 136,Case Number,C.A. No.-005422-005422 / 1994,03-08-1994 (English)
S.No. 137,Case Number,C.A. No.-002253-002253 / 1994,10-08-1994 (English)
S.No. 138,Case Number,C.A. No.-004671-004671 / 1994,10-08-1994 (English)
S.No. 139,Case Number,C.A. No.-000933-000933 / 1994,22-08-1994 (English)
S.No. 140,Case Number,C.A. No.-002137-002137 / 1994,12-09-1994 (English)
S.No. 141,Case Number,C.A. No.-006205-006205 / 1994,23-09-1994 (English)
S.No. 142,Case Number,C.A. No.-006238-006239 / 1994,05-09-1994 (English)
S.No. 143,Case Number,C.A. No.-006283-006283 / 1994,"09-09-1994 (English)
09-09-1994 (English)"
S.No. 144,Case Number,C.A. No.-006307-006307 / 1994,05-09-1994 (English)
S.No. 145,Case Number,C.A. No.-006575-006580 / 1994,05-10-1994 (English)
S.No. 146,Case Number,C.A. No.-005061-005061 / 1994,18-10-1994 (English)
S.No. 147,Case Number,C.A. No.-006865-006865 / 1994,05-09-1994 (English)
S.No. 148,Case Number,C.A. No.-006867-006867 / 1994,06-10-1994 (English)
S.No. 149,Case Number,C.A. No.-006868-006868 / 1994,"19-09-1994 (English)
19-09-1994 (English)"
S.No. 150,Case Number,C.A. No.-006895-006895 / 1994,05-09-1994 (English)
S.No. 151,Case Number,C.A. No.-007375-007375 / 1994,12-09-1994 (English)
S.No. 152,Case Number,C.A. No.-007382-007382 / 1994,07-10-1994 (English)
S.No. 153,Case Number,C.A. No.-007478-007478 / 1994,06-10-1994 (English)
S.No. 154,Case Number,C.A. No.-004726-004726 / 1991,"06-10-1994 (English)
06-10-1994 (English)"
S.No. 155,Case Number,C.A. No.-005627-005627 / 1994,08-08-1994 (English)
S.No. 156,Case Number,Crl.A. No.-000584-000584 / 1992,11-01-1994 (English)
S.No. 157,Case Number,W.P.(C) No.-000294-000294 / 1990,20-09-1994 (English)
S.No. 158,Case Number,W.P.(C) No.-000898-000898 / 1990,"18-07-1994 (English)
18-07-1994 (English)"
S.No. 159,Case Number,Crl.A. No.-000537-000537 / 1990,31-01-1994 (English)
S.No. 160,Case Number,Crl.A. No.-000357-000357 / 1990,27-10-1993 (English)
S.No. 161,Case Number,SLP(C) No.-016698-016698 / 1992,13-05-1994 (English)
S.No. 162,Case Number,C.A. No.-001751-001752 / 1990,04-05-1994 (English)
S.No. 163,Case Number,C.A. No.-004236-004236 / 1991,17-08-1994 (English)
S.No. 164,Case Number,C.A. No.-002474-002474 / 1991,14-09-1994 (English)
S.No. 165,Case Number,SLP(C) No.-010504-010504 / 1993,04-05-1994 (English)
S.No. 166,Case Number,SLP(C) No.-017206-017206 / 1993,26-11-1993 (English)
S.No. 167,Case Number,C.A. No.-001654-001655 / 1990,27-07-1994 (English)
S.No. 168,Case Number,Crl.A. No.-000156-000156 / 1994,04-05-1994 (English)
S.No. 169,Case Number,C.A. No.-001238-001238 / 1994,25-02-1994 (English)
S.No. 170,Case Number,C.A. No.-004770-004770 / 1994,14-07-1994 (English)
S.No. 171,Case Number,C.A. No.-005826-005833 / 1994,"23-09-1994 (English)
31-08-1994 (English)
31-08-1994 (English)"
S.No. 172,Case Number,C.A. No.-006312-006312 / 1994,27-09-1994 (English)
S.No. 173,Case Number,Crl.A. No.-000690-000690 / 1994,06-10-1994 (English)
S.No. 174,Case Number,Crl.A. No.-000678-000678 / 1991,04-10-1994 (English)
S.No. 175,Case Number,W.P.(C) No.-000536-000536 / 1991,08-12-1993 (English)
S.No. 176,Case Number,C.A. No.-003477-003477 / 1992,28-10-1993 (English)
S.No. 177,Case Number,C.A. No.-004211-004211 / 1992,21-01-1994 (English)
S.No. 178,Case Number,C.A. No.-007243-007243 / 1993,07-12-1993 (English)
S.No. 179,Case Number,C.A. No.-004771-004771 / 1992,23-06-1994 (English)
S.No. 180,Case Number,C.A. No.-005409-005409 / 1992,12-07-1994 (English)
S.No. 181,Case Number,C.A. No.-003958-003958 / 1992,14-07-1994 (English)
S.No. 182,Case Number,C.A. No.-003542-003542 / 1992,21-07-1994 (English)
S.No. 183,Case Number,C.A. No.-002000-002000 / 1992,17-08-1994 (English)
S.No. 184,Case Number,C.A. No.-005283-005283 / 1992,30-09-1994 (English)
S.No. 185,Case Number,C.A. No.-005118-005118 / 1992,24-01-1994 (English)
S.No. 186,Case Number,C.A. No.-000546-000546 / 1994,31-01-1994 (English)
S.No. 187,Case Number,C.A. No.-004670-004670 / 1994,11-07-1994 (English)
S.No. 188,Case Number,C.A. No.-004848-004848 / 1994,21-07-1994 (English)
S.No. 189,Case Number,C.A. No.-004878-004882 / 1994,"22-07-1994 (English)
22-07-1994 (English)"
S.No. 190,Case Number,C.A. No.-004196-004196 / 1994,18-08-1994 (English)
S.No. 191,Case Number,C.A. No.-006073-006074 / 1994,12-08-1994 (English)
S.No. 192,Case Number,C.A. No.-006308-006308 / 1994,12-09-1994 (English)
S.No. 193,Case Number,Crl.A. No.-000697-000703 / 1994,07-10-1994 (English)
S.No. 194,Case Number,C.A. No.-004828-004828 / 1994,18-07-1994 (English)
S.No. 195,Case Number,C.A. No.-005996-005996 / 1994,12-09-1994 (English)
S.No. 196,Case Number,Crl.A. No.-000329-000329 / 1992,13-07-1994 (English)
S.No. 197,Case Number,Crl.A. No.-000407-000407 / 1992,22-02-1994 (English)
S.No. 198,Case Number,C.A. No.-000849-000850 / 1992,05-10-1994 (English)
S.No. 199,Case Number,C.A. No.-007194-007194 / 1993,09-08-1994 (English)
S.No. 200,Case Number,C.A. No.-001581-001581 / 1994,08-03-1994 (English)
S.No. 201,Case Number,C.A. No.-002254-002254 / 1994,28-01-1994 (English)
S.No. 202,Case Number,Crl.A. No.-000122-000122 / 1994,13-05-1994 (English)
S.No. 203,Case Number,C.A. No.-003917-003917 / 1994,"07-04-1994 (English)
07-04-1994 (English)"
S.No. 204,Case Number,C.A. No.-002297-002297 / 1994,16-04-1994 (English)
S.No. 205,Case Number,C.A. No.-000556-000556 / 1994,03-02-1994 (English)
S.No. 206,Case Number,C.A. No.-001381-001381 / 1994,28-02-1994 (English)
S.No. 207,Case Number,C.A. No.-000532-000532 / 1994,02-02-1994 (English)
S.No. 208,Case Number,C.A. No.-001451-001451 / 1994,28-02-1994 (English)
S.No. 209,Case Number,C.A. No.-004677-004677 / 1994,11-07-1994 (English)
S.No. 210,Case Number,C.A. No.-004767-004767 / 1994,14-07-1994 (English)
S.No. 211,Case Number,C.A. No.-004981-004981 / 1994,27-07-1994 (English)
S.No. 212,Case Number,C.A. No.-000449-000449 / 1994,27-01-1994 (English)
S.No. 213,Case Number,C.A. No.-005729-005729 / 1994,18-08-1994 (English)
S.No. 214,Case Number,C.A. No.-005794-005794 / 1994,31-08-1994 (English)
S.No. 215,Case Number,C.A. No.-005795-005796 / 1994,31-08-1994 (English)
S.No. 216,Case Number,C.A. No.-005815-005815 / 1994,31-08-1994 (English)
S.No. 217,Case Number,C.A. No.-005917-005917 / 1994,06-09-1994 (English)
S.No. 218,Case Number,C.A. No.-006610-006611 / 1994,30-09-1994 (English)
S.No. 219,Case Number,C.A. No.-004100-004100 / 1994,04-05-1994 (English)
S.No. 220,Case Number,C.A. No.-007430-007430 / 1994,07-10-1994 (English)
S.No. 221,Case Number,C.A. No.-001609-001609 / 1994,11-03-1994 (English)
S.No. 222,Case Number,C.A. No.-005854-005854 / 1994,02-09-1994 (English)
S.No. 223,Case Number,C.A. No.-000851-000852 / 1993,04-05-1994 (English)
S.No. 224,Case Number,W.P.(C) No.-000317-000317 / 1993,"17-12-1993 (English)
19-11-1993 (English)"
S.No. 225,Case Number,C.A. No.-005252-005255 / 1993,27-01-1994 (English)
S.No. 226,Case Number,C.A. No.-000413-000413 / 1993,12-07-1994 (English)
S.No. 227,Case Number,W.P.(C) No.-000457-000457 / 1993,03-08-1994 (English)
S.No. 228,Case Number,C.A. No.-001387-001395 / 1993,"18-07-1994 (English)
18-07-1994 (English)"
S.No. 229,Case Number,C.A. No.-003223-003223 / 1993,26-07-1994 (English)
S.No. 230,Case Number,C.A. No.-000885-000885 / 1993,26-07-1994 (English)
S.No. 231,Case Number,W.P.(C) No.-000370-000370 / 1993,09-02-1994 (English)
S.No. 232,Case Number,SLP(Crl) No.-002081-002082 / 1993,29-10-1993 (English)
