﻿Column-0,Column-1,Column-2,Column-3
S.No. 1,Case Number,Special Leave Petition (Criminal) 918 of 1975,"10-10-1975 (English)
10-10-1975 (English)
10-10-1975 (English)
10-10-1975 (English)
10-10-1975 (English)
10-10-1975 (English)
10-10-1975 (English)
10-10-1975 (English)
10-10-1975 (English)
09-10-1975 (English)
09-10-1975 (English)"
S.No. 2,Case Number,Crl.A. No.-000480-000480 / 2001,12-12-1974 (English)
S.No. 3,Case Number,W.P.(C) No.-000163-000163 / 1972,17-01-1975 (English)
S.No. 4,Case Number,C.A. No.-000140-000140 / 1978,01-05-1975 (English)
S.No. 5,Case Number,Crl.A. No.-000242-000242 / 1994,22-01-1975 (English)
S.No. 6,Case Number,C.A. No.-011864-011867 / 1996,09-04-1975 (English)
