﻿Column-0,Column-1,Column-2,Column-3
S.No. 1,Case Number,Appeal Civil 2917 of 1985,"11-10-1990 (English)
10-10-1990 (English)
10-10-1990 (English)
10-10-1990 (English)
10-10-1990 (English)
09-10-1990 (English)
09-10-1990 (English)
09-10-1990 (English)
09-10-1990 (English)
09-10-1990 (English)
09-10-1990 (English)"
S.No. 2,Case Number,/,21-08-1990 (English)
S.No. 3,Case Number,C.A. No.-001402-001402 / 1990,13-03-1990 (English)
S.No. 4,Case Number,C.A. No.-003460-003462 / 2004,25-01-1990 (English)
S.No. 5,Case Number,C.A. No.-002898-002898 / 2006,02-01-1990 (English)
S.No. 6,Case Number,Crl.A. No.-000156-000156 / 1998,23-03-1990 (English)
S.No. 7,Case Number,C.A. No.-002116-002116 / 1972,10-11-1989 (English)
S.No. 8,Case Number,W.P.(C) No.-000100-000100 / 1988,15-12-1989 (English)
S.No. 9,Case Number,W.P.(C) No.-000975-000975 / 1986,13-02-1990 (English)
S.No. 10,Case Number,W.P.(C) No.-000348-000352 / 1985,31-08-1990 (English)
S.No. 11,Case Number,C.A. No.-002494-002494 / 1978,11-09-1990 (English)
S.No. 12,Case Number,W.P.(C) No.-001119-001119 / 1986,29-11-1989 (English)
S.No. 13,Case Number,W.P.(C) No.-000511-000511 / 1988,16-07-1990 (English)
S.No. 14,Case Number,W.P.(C) No.-000112-000112 / 1990,19-09-1990 (English)
S.No. 15,Case Number,C.A. No.-001552-001552 / 1981,07-11-1989 (English)
S.No. 16,Case Number,C.A. No.-001213-001213 / 1979,19-09-1990 (English)
S.No. 17,Case Number,W.P.(C) No.-000182-000182 / 1980,25-10-1989 (English)
S.No. 18,Case Number,C.A. No.-001369-001369 / 1980,08-03-1990 (English)
S.No. 19,Case Number,C.A. No.-001308-001309 / 1980,20-02-1990 (English)
S.No. 20,Case Number,C.A. No.-002840-002840 / 1982,21-09-1990 (English)
S.No. 21,Case Number,SLP(Crl) No.-000222-000222 / 1989,26-10-1989 (English)
S.No. 22,Case Number,W.P.(C) No.-013347-013347 / 1983,04-05-1990 (English)
S.No. 23,Case Number,W.P.(C) No.-013636-013636 / 1983,05-04-1990 (English)
S.No. 24,Case Number,C.A. No.-008530-008540 / 1983,04-05-1990 (English)
S.No. 25,Case Number,/,03-05-1990 (English)
S.No. 26,Case Number,C.A. No.-006729-006729 / 1983,23-03-1990 (English)
S.No. 27,Case Number,C.A. No.-005784-005785 / 1983,17-08-1990 (English)
S.No. 28,Case Number,C.A. No.-000778-000778 / 1988,27-10-1989 (English)
S.No. 29,Case Number,W.P.(C) No.-000847-000847 / 1987,10-08-1990 (English)
S.No. 30,Case Number,W.P.(C) No.-000251-000251 / 1987,28-11-1989 (English)
S.No. 31,Case Number,C.A. No.-003577-003577 / 1988,26-10-1989 (English)
S.No. 32,Case Number,C.A. No.-000912-000920 / 1988,21-02-1990 (English)
S.No. 33,Case Number,W.P.(C) No.-001155-001155 / 1987,24-10-1989 (English)
S.No. 34,Case Number,W.P.(C) No.-001018-001018 / 1988,15-11-1989 (English)
S.No. 35,Case Number,C.A. No.-000840-000840 / 1988,17-08-1990 (English)
S.No. 36,Case Number,C.A. No.-000596-000597 / 1986,11-01-1990 (English)
S.No. 37,Case Number,W.P.(C) No.-000824-000824 / 1988,15-11-1989 (English)
S.No. 38,Case Number,C.A. No.-000806-000810 / 1986,17-11-1989 (English)
S.No. 39,Case Number,C.A. No.-004496-004496 / 1989,25-10-1989 (English)
S.No. 40,Case Number,C.A. No.-003655-003655 / 1989,14-02-1990 (English)
S.No. 41,Case Number,C.A. No.-000440-000441 / 1989,19-10-1989 (English)
S.No. 42,Case Number,C.A. No.-003187-003188 / 1988,13-03-1990 (English)
S.No. 43,Case Number,W.P.(C) No.-000623-000623 / 1989,01-03-1990 (English)
S.No. 44,Case Number,C.A. No.-004447-004447 / 1989,24-10-1989 (English)
S.No. 45,Case Number,C.A. No.-004649-004649 / 1989,21-11-1989 (English)
S.No. 46,Case Number,C.A. No.-000449-000465 / 1989,21-03-1990 (English)
S.No. 47,Case Number,C.A. No.-006361-006361 / 1994,14-12-1989 (English)
S.No. 48,Case Number,C.A. No.-004380-004380 / 1990,22-08-1990 (English)
S.No. 49,Case Number,C.A. No.-001995-001995 / 1990,24-04-1990 (English)
S.No. 50,Case Number,C.A. No.-006266-006266 / 1990,13-09-1990 (English)
S.No. 51,Case Number,C.A. No.-004479-004479 / 1990,06-09-1990 (English)
S.No. 52,Case Number,C.A. No.-000992-000992 / 1990,31-01-1990 (English)
S.No. 53,Case Number,C.A. No.-002054-002054 / 1990,30-04-1990 (English)
S.No. 54,Case Number,C.A. No.-001778-001778 / 1990,06-04-1990 (English)
S.No. 55,Case Number,C.A. No.-004444-004444 / 1990,31-08-1990 (English)
S.No. 56,Case Number,C.A. No.-004890-004891 / 1990,11-10-1990 (English)
S.No. 57,Case Number,Crl.A. No.-000387-000387 / 1990,24-07-1990 (English)
S.No. 58,Case Number,C.A. No.-000339-000339 / 1993,20-04-1990 (English)
S.No. 59,Case Number,W.P.(C) No.-000457-000457 / 1993,28-08-1990 (English)
