﻿Column-0,Column-1,Column-2,Column-3
S.No. 1,Case Number,Appeal Civil 755 of 1971,"15-10-1986 (English)
13-10-1986 (English)
01-10-1986 (English)
30-09-1986 (English)
30-09-1986 (English)
30-09-1986 (English)
30-09-1986 (English)
29-09-1986 (English)
26-09-1986 (English)
26-09-1986 (English)
26-09-1986 (English)"
S.No. 2,Case Number,Crl.A. No.-000687-000687 / 1998,07-05-1986 (English)
S.No. 3,Case Number,C.A. No.-004979-004979 / 1995,17-07-1986 (English)
S.No. 4,Case Number,SLP(C) No.-011638-011638 / 1985,30-09-1986 (English)
S.No. 5,Case Number,C.A. No.-001734-001739 / 1980,17-04-1986 (English)
S.No. 6,Case Number,SLP(C) No.-002604-002604 / 1985,11-02-1986 (English)
S.No. 7,Case Number,C.A. No.-004253-004253 / 1983,02-05-1986 (English)
S.No. 8,Case Number,W.P.(C) No.-000588-000588 / 1984,07-03-1986 (English)
S.No. 9,Case Number,C.A. No.-004395-004395 / 1984,06-04-1986 (English)
S.No. 10,Case Number,W.P.(Crl.) No.-001451-001451 / 1985,"13-08-1986 (English)
05-08-1986 (English)"
S.No. 11,Case Number,W.P.(C) No.-012739-012739 / 1985,17-02-1986 (English)
S.No. 12,Case Number,C.A. No.-000484-000484 / 1985,11-12-1985 (English)
S.No. 13,Case Number,C.A. No.-001969-001969 / 1986,26-09-1986 (English)
S.No. 14,Case Number,W.P.(C) No.-000292-000292 / 1986,17-09-1986 (English)
S.No. 15,Case Number,C.A. No.-000413-000413 / 1986,10-04-1986 (English)
S.No. 16,Case Number,C.A. No.-001495-001511 / 1986,12-09-1986 (English)
