﻿Column-0,Column-1,Column-2,Column-3
S.No. 1,Case Number,Special Leave Petition (crl.) 3271 of 2007,"14-09-2009 (English)
04-09-2009 (English)
01-09-2009 (English)
31-08-2009 (English)
28-08-2009 (English)
25-08-2009 (English)
24-08-2009 (English)
21-08-2009 (English)
17-08-2009 (English)
13-08-2009 (English)
11-08-2009 (English)"
S.No. 2,Case Number,C.A. No.-002245-002245 / 2009,08-04-2009 (English)
S.No. 3,Case Number,C.A. No.-003582-003584 / 2009,15-05-2009 (English)
S.No. 4,Case Number,Crl.A. No.-000076-000076 / 2004,07-08-2009 (English)
S.No. 5,Case Number,C.A. No.-000926-000926 / 2004,20-05-2009 (English)
S.No. 6,Case Number,C.A. No.-007192-007192 / 2008,"08-12-2008 (English)
08-12-2008 (English)"
S.No. 7,Case Number,Crl.A. No.-000156-000156 / 2009,27-01-2009 (English)
S.No. 8,Case Number,C.A. No.-007308-007308 / 2008,16-12-2008 (English)
S.No. 9,Case Number,C.A. No.-004954-004954 / 2001,18-03-2009 (English)
S.No. 10,Case Number,C.A. No.-003253-003253 / 2002,09-04-2009 (English)
S.No. 11,Case Number,C.A. No.-005233-005233 / 2009,03-08-2009 (English)
S.No. 12,Case Number,C.A. No.-005786-005786 / 2002,18-09-2009 (English)
S.No. 13,Case Number,C.A. No.-001801-001801 / 2009,23-03-2009 (English)
S.No. 14,Case Number,C.A. No.-005082-005082 / 2009,04-08-2009 (English)
S.No. 15,Case Number,C.A. No.-007209-007209 / 2008,02-12-2008 (English)
S.No. 16,Case Number,C.A. No.-003564-003564 / 2009,14-05-2009 (English)
S.No. 17,Case Number,Crl.A. No.-001025-001025 / 2006,04-11-2008 (English)
S.No. 18,Case Number,C.A. No.-007408-007409 / 2008,18-12-2008 (English)
S.No. 19,Case Number,C.A. No.-001127-001127 / 2009,20-02-2009 (English)
S.No. 20,Case Number,Crl.A. No.-000319-000319 / 2009,16-02-2009 (English)
S.No. 21,Case Number,C.A. No.-001888-001888 / 2009,18-03-2009 (English)
S.No. 22,Case Number,C.A. No.-003146-003146 / 2009,01-05-2009 (English)
S.No. 23,Case Number,C.A. No.-000328-000328 / 2005,12-02-2009 (English)
S.No. 24,Case Number,Crl.A. No.-000730-000730 / 2009,15-04-2009 (English)
S.No. 25,Case Number,C.A. No.-004334-004334 / 2004,21-04-2009 (English)
S.No. 26,Case Number,C.A. No.-001879-001879 / 2003,09-02-2009 (English)
S.No. 27,Case Number,C.A. No.-003239-003239 / 2009,05-05-2009 (English)
S.No. 28,Case Number,Crl.A. No.-000405-000405 / 2009,27-02-2009 (English)
S.No. 29,Case Number,Crl.A. No.-001199-001199 / 2001,03-09-2009 (English)
S.No. 30,Case Number,C.A. No.-006285-006285 / 2009,15-09-2009 (English)
S.No. 31,Case Number,Crl.A. No.-000221-000221 / 2002,30-04-2009 (English)
S.No. 32,Case Number,C.A. No.-006921-006921 / 2009,09-10-2009 (English)
S.No. 33,Case Number,C.A. No.-002985-002985 / 2007,04-11-2008 (English)
S.No. 34,Case Number,C.A. No.-004353-004353 / 2009,14-07-2009 (English)
S.No. 35,Case Number,C.A. No.-001085-001085 / 2009,17-02-2009 (English)
S.No. 36,Case Number,C.A. No.-007252-007252 / 2008,12-12-2008 (English)
S.No. 37,Case Number,Crl.A. No.-000697-000697 / 2009,09-04-2009 (English)
S.No. 38,Case Number,C.A. No.-001866-001866 / 2009,23-03-2009 (English)
S.No. 39,Case Number,C.A. No.-000679-000714 / 2009,04-02-2009 (English)
S.No. 40,Case Number,C.A. No.-001120-001120 / 2009,19-02-2009 (English)
S.No. 41,Case Number,T.P.(C) No.-000027-000027 / 2009,13-08-2009 (English)
S.No. 42,Case Number,C.A. No.-004776-004776 / 2009,27-07-2009 (English)
S.No. 43,Case Number,C.A. No.-002470-002470 / 2007,23-10-2008 (English)
S.No. 44,Case Number,Crl.A. No.-000260-000260 / 2004,26-03-2009 (English)
S.No. 45,Case Number,Crl.A. No.-001715-001715 / 2008,03-11-2008 (English)
S.No. 46,Case Number,Crl.A. No.-000787-000787 / 2009,20-04-2009 (English)
S.No. 47,Case Number,C.A. No.-006588-006588 / 2002,27-11-2008 (English)
S.No. 48,Case Number,Crl.A. No.-000180-000180 / 2002,12-02-2009 (English)
S.No. 49,Case Number,Crl.A. No.-000149-000149 / 2009,23-01-2009 (English)
S.No. 50,Case Number,Crl.A. No.-000332-000333 / 2002,11-02-2009 (English)
S.No. 51,Case Number,ARBIT.CASE(C) No.-000003-000003 / 2009,22-07-2009 (English)
S.No. 52,Case Number,C.A. No.-001388-001388 / 2003,07-10-2009 (English)
S.No. 53,Case Number,Crl.A. No.-000377-000377 / 2009,24-02-2009 (English)
S.No. 54,Case Number,C.A. No.-001386-001386 / 2001,24-03-2009 (English)
S.No. 55,Case Number,C.A. No.-001754-001754 / 2006,07-11-2008 (English)
S.No. 56,Case Number,C.A. No.-002056-002056 / 2002,12-08-2009 (English)
S.No. 57,Case Number,C.A. No.-002841-002841 / 2009,25-04-2009 (English)
S.No. 58,Case Number,C.A. No.-000068-000068 / 2007,09-04-2009 (English)
S.No. 59,Case Number,C.A. No.-007260-007261 / 2001,18-02-2009 (English)
S.No. 60,Case Number,C.A. No.-003547-003547 / 2009,12-05-2009 (English)
S.No. 61,Case Number,C.A. No.-006202-006202 / 2001,14-07-2009 (English)
S.No. 62,Case Number,C.A. No.-002092-002092 / 2006,07-11-2008 (English)
S.No. 63,Case Number,C.A. No.-005712-005712 / 2009,"21-08-2009 (English)
21-08-2009 (English)"
S.No. 64,Case Number,Crl.A. No.-000616-000616 / 2002,30-04-2009 (English)
S.No. 65,Case Number,C.A. No.-006685-006685 / 2008,14-11-2008 (English)
S.No. 66,Case Number,Crl.A. No.-000230-000230 / 2009,06-02-2009 (English)
S.No. 67,Case Number,C.A. No.-000446-000446 / 2009,27-01-2009 (English)
S.No. 68,Case Number,Crl.A. No.-000902-000903 / 2001,11-12-2008 (English)
S.No. 69,Case Number,C.A. No.-002548-002548 / 2009,15-04-2009 (English)
S.No. 70,Case Number,C.A. No.-006708-006708 / 2008,19-11-2008 (English)
S.No. 71,Case Number,Crl.A. No.-000898-000898 / 2004,10-08-2009 (English)
S.No. 72,Case Number,C.A. No.-002116-002116 / 2000,20-03-2009 (English)
S.No. 73,Case Number,C.A. No.-005077-005077 / 2009,04-08-2009 (English)
S.No. 74,Case Number,Crl.A. No.-001264-001264 / 2005,28-11-2008 (English)
S.No. 75,Case Number,C.A. No.-006248-006248 / 2009,14-09-2009 (English)
S.No. 76,Case Number,Crl.A. No.-000900-000900 / 2006,07-07-2009 (English)
S.No. 77,Case Number,Crl.A. No.-000344-000344 / 2009,20-02-2009 (English)
S.No. 78,Case Number,C.A. No.-003649-003650 / 2003,12-11-2008 (English)
S.No. 79,Case Number,C.A. No.-000058-000058 / 2009,09-01-2009 (English)
S.No. 80,Case Number,C.A. No.-002904-002904 / 2009,22-04-2009 (English)
S.No. 81,Case Number,SLP(C) No.-000630-000630 / 2008,28-04-2009 (English)
S.No. 82,Case Number,Crl.A. No.-000886-000886 / 2002,30-04-2009 (English)
S.No. 83,Case Number,Crl.A. No.-000843-000843 / 2009,27-04-2009 (English)
S.No. 84,Case Number,C.A. No.-000472-000472 / 2009,27-01-2009 (English)
S.No. 85,Case Number,C.A. No.-006898-006898 / 2004,01-09-2009 (English)
S.No. 86,Case Number,Crl.A. No.-000692-000692 / 2002,22-04-2009 (English)
S.No. 87,Case Number,Crl.A. No.-001252-001252 / 2006,11-08-2009 (English)
S.No. 88,Case Number,C.A. No.-002381-002381 / 2003,23-10-2008 (English)
S.No. 89,Case Number,C.A. No.-004334-004334 / 2009,14-07-2009 (English)
S.No. 90,Case Number,C.A. No.-005547-005547 / 2009,17-08-2009 (English)
S.No. 91,Case Number,C.A. No.-006684-006684 / 2008,14-11-2008 (English)
S.No. 92,Case Number,C.A. No.-003543-003543 / 2009,13-05-2009 (English)
S.No. 93,Case Number,Crl.A. No.-000673-000673 / 2001,30-09-2009 (English)
S.No. 94,Case Number,C.A. No.-000245-000245 / 2007,28-07-2009 (English)
S.No. 95,Case Number,C.A. No.-000955-000955 / 2009,12-02-2009 (English)
S.No. 96,Case Number,C.A. No.-001111-001111 / 2007,19-01-2009 (English)
S.No. 97,Case Number,T.P.(C) No.-000078-000078 / 2009,09-09-2009 (English)
S.No. 98,Case Number,C.A. No.-006570-006570 / 2008,07-11-2008 (English)
S.No. 99,Case Number,C.A. No.-003477-003478 / 2001,27-11-2008 (English)
S.No. 100,Case Number,C.A. No.-005134-005135 / 2002,21-04-2009 (English)
S.No. 101,Case Number,C.A. No.-001825-001825 / 2009,24-03-2009 (English)
S.No. 102,Case Number,C.A. No.-007233-007233 / 2008,11-12-2008 (English)
S.No. 103,Case Number,Crl.A. No.-000191-000191 / 2009,02-02-2009 (English)
S.No. 104,Case Number,C.A. No.-007420-007420 / 2008,18-12-2008 (English)
S.No. 105,Case Number,Crl.A. No.-000556-000556 / 2001,11-12-2008 (English)
S.No. 106,Case Number,C.A. No.-006225-006225 / 2008,22-10-2008 (English)
S.No. 107,Case Number,Crl.A. No.-000570-000570 / 2003,29-05-2009 (English)
S.No. 108,Case Number,C.A. No.-007275-007275 / 2002,05-11-2008 (English)
S.No. 109,Case Number,Crl.A. No.-001180-001180 / 2009,10-07-2009 (English)
S.No. 110,Case Number,SLP(C) No.-001069-001071 / 2009,20-07-2009 (English)
S.No. 111,Case Number,C.A. No.-000740-000740 / 2001,11-12-2008 (English)
S.No. 112,Case Number,C.A. No.-006754-006754 / 2008,25-11-2008 (English)
S.No. 113,Case Number,SLP(C) No.-006479-006479 / 2005,31-07-2009 (English)
S.No. 114,Case Number,C.A. No.-002176-002177 / 2002,17-04-2009 (English)
S.No. 115,Case Number,C.A. No.-000175-000175 / 2009,14-01-2009 (English)
S.No. 116,Case Number,C.A. No.-006477-006477 / 2008,03-11-2008 (English)
S.No. 117,Case Number,C.A. No.-001135-001135 / 2001,13-02-2009 (English)
S.No. 118,Case Number,C.A. No.-002765-002765 / 2009,23-04-2009 (English)
S.No. 119,Case Number,C.A. No.-001910-001910 / 2009,26-03-2009 (English)
S.No. 120,Case Number,C.A. No.-000306-000306 / 2009,19-01-2009 (English)
S.No. 121,Case Number,C.A. No.-003911-003911 / 2003,04-09-2009 (English)
S.No. 122,Case Number,C.A. No.-000107-000107 / 2009,13-01-2009 (English)
S.No. 123,Case Number,C.A. No.-001505-001505 / 2003,"27-04-2009 (English)
21-10-2008 (English)"
S.No. 124,Case Number,Crl.A. No.-000315-000316 / 2002,04-08-2009 (English)
S.No. 125,Case Number,C.A. No.-004385-004385 / 2009,16-07-2009 (English)
S.No. 126,Case Number,C.A. No.-003234-003235 / 2009,05-05-2009 (English)
S.No. 127,Case Number,Crl.A. No.-000276-000276 / 2002,08-05-2009 (English)
S.No. 128,Case Number,C.A. No.-001849-001849 / 2002,"29-04-2009 (English)
03-03-2009 (English)"
S.No. 129,Case Number,C.A. No.-007317-007317 / 2008,16-12-2008 (English)
S.No. 130,Case Number,C.A. No.-003482-003482 / 2009,12-05-2009 (English)
S.No. 131,Case Number,T.P.(C) No.-000055-000055 / 2009,13-08-2009 (English)
S.No. 132,Case Number,Crl.A. No.-000177-000178 / 2005,21-04-2009 (English)
S.No. 133,Case Number,C.A. No.-000006-000006 / 2009,05-01-2009 (English)
S.No. 134,Case Number,T.P.(C) No.-000067-000067 / 2008,17-12-2008 (English)
S.No. 135,Case Number,C.A. No.-006142-006143 / 2009,09-09-2009 (English)
S.No. 136,Case Number,C.A. No.-001600-001600 / 2009,06-03-2009 (English)
S.No. 137,Case Number,C.A. No.-001100-001100 / 2002,07-10-2009 (English)
S.No. 138,Case Number,C.A. No.-001240-001240 / 2005,31-03-2009 (English)
S.No. 139,Case Number,C.A. No.-001699-001699 / 2002,30-04-2009 (English)
S.No. 140,Case Number,C.A. No.-006658-006658 / 2008,14-11-2008 (English)
S.No. 141,Case Number,C.A. No.-003233-003233 / 2009,05-05-2009 (English)
S.No. 142,Case Number,T.P.(C) No.-000079-000079 / 2008,21-11-2008 (English)
S.No. 143,Case Number,C.A. No.-000480-000480 / 2009,28-01-2009 (English)
S.No. 144,Case Number,C.A. No.-005144-005146 / 2009,06-08-2009 (English)
S.No. 145,Case Number,Crl.A. No.-000328-000328 / 2009,06-02-2009 (English)
S.No. 146,Case Number,Crl.A. No.-001174-001174 / 2003,31-03-2009 (English)
S.No. 147,Case Number,C.A. No.-007310-007311 / 2008,16-12-2008 (English)
S.No. 148,Case Number,C.A. No.-006376-006376 / 2009,17-09-2009 (English)
S.No. 149,Case Number,Crl.A. No.-000686-000686 / 2004,28-05-2009 (English)
S.No. 150,Case Number,T.P.(C) No.-000075-000075 / 2009,13-04-2009 (English)
S.No. 151,Case Number,C.A. No.-004348-004349 / 2009,14-07-2009 (English)
S.No. 152,Case Number,C.A. No.-002242-002242 / 2009,08-04-2009 (English)
S.No. 153,Case Number,C.A. No.-000881-000881 / 2001,12-02-2009 (English)
S.No. 154,Case Number,C.A. No.-002131-002131 / 2009,02-04-2009 (English)
S.No. 155,Case Number,C.A. No.-003191-003191 / 2009,04-05-2009 (English)
S.No. 156,Case Number,Crl.A. No.-000200-000200 / 2004,31-03-2009 (English)
S.No. 157,Case Number,C.A. No.-001740-001740 / 2008,20-05-2009 (English)
S.No. 158,Case Number,Crl.A. No.-001190-001190 / 2003,15-04-2009 (English)
S.No. 159,Case Number,C.A. No.-000275-000275 / 2007,09-04-2009 (English)
S.No. 160,Case Number,Crl.A. No.-000886-000886 / 2009,01-05-2009 (English)
S.No. 161,Case Number,C.A. No.-004643-004643 / 2009,23-07-2009 (English)
S.No. 162,Case Number,C.A. No.-000944-000944 / 2008,30-04-2009 (English)
S.No. 163,Case Number,C.A. No.-006583-006584 / 2008,07-11-2008 (English)
S.No. 164,Case Number,Crl.A. No.-000451-000451 / 2009,06-03-2009 (English)
S.No. 165,Case Number,Crl.A. No.-000402-000402 / 2001,17-03-2009 (English)
S.No. 166,Case Number,CONMT.PET.(C) No.-000017-000017 / 2009,14-05-2009 (English)
S.No. 167,Case Number,Crl.A. No.-000126-000126 / 1999,06-05-2009 (English)
S.No. 168,Case Number,T.P.(C) No.-000091-000091 / 2008,27-01-2009 (English)
S.No. 169,Case Number,C.A. No.-004163-004165 / 2009,08-07-2009 (English)
S.No. 170,Case Number,C.A. No.-003556-003556 / 2009,14-05-2009 (English)
S.No. 171,Case Number,W.P.(C) No.-000056-000056 / 2004,04-03-2009 (English)
S.No. 172,Case Number,Crl.A. No.-001377-001377 / 2003,26-05-2009 (English)
S.No. 173,Case Number,Crl.A. No.-001967-001967 / 2008,04-12-2008 (English)
S.No. 174,Case Number,C.A. No.-002434-002434 / 2006,07-07-2009 (English)
S.No. 175,Case Number,C.A. No.-006253-006253 / 2009,15-09-2009 (English)
S.No. 176,Case Number,C.A. No.-002479-002479 / 2009,15-04-2009 (English)
S.No. 177,Case Number,C.A. No.-000333-000333 / 2007,09-04-2009 (English)
S.No. 178,Case Number,C.A. No.-000369-000369 / 2007,09-04-2009 (English)
S.No. 179,Case Number,C.A. No.-001320-001320 / 2005,17-09-2009 (English)
S.No. 180,Case Number,Crl.A. No.-000146-000146 / 2009,23-01-2009 (English)
S.No. 181,Case Number,Crl.A. No.-000314-000315 / 2001,27-02-2009 (English)
S.No. 182,Case Number,C.A. No.-000049-000049 / 2009,05-01-2009 (English)
S.No. 183,Case Number,C.A. No.-002117-002119 / 2009,31-03-2009 (English)
S.No. 184,Case Number,C.A. No.-003839-003839 / 2008,21-11-2008 (English)
S.No. 185,Case Number,C.A. No.-000600-000600 / 2007,20-05-2009 (English)
S.No. 186,Case Number,C.A. No.-001110-001110 / 2007,03-03-2009 (English)
S.No. 187,Case Number,ARBIT.CASE(C) No.-000014-000014 / 2008,22-07-2009 (English)
S.No. 188,Case Number,Crl.A. No.-000846-000846 / 2009,27-04-2009 (English)
S.No. 189,Case Number,Crl.A. No.-001678-001679 / 2009,02-09-2009 (English)
S.No. 190,Case Number,Crl.A. No.-000898-000898 / 2009,04-05-2009 (English)
S.No. 191,Case Number,C.A. No.-004613-004613 / 2000,18-08-2009 (English)
S.No. 192,Case Number,C.A. No.-001159-001159 / 2009,23-02-2009 (English)
S.No. 193,Case Number,Crl.A. No.-000732-000732 / 2009,15-04-2009 (English)
S.No. 194,Case Number,C.A. No.-000835-000835 / 2009,09-02-2009 (English)
S.No. 195,Case Number,C.A. No.-000099-000099 / 2009,13-01-2009 (English)
S.No. 196,Case Number,T.P.(C) No.-000136-000136 / 2008,25-11-2008 (English)
S.No. 197,Case Number,Crl.A. No.-001435-001435 / 2009,28-07-2009 (English)
S.No. 198,Case Number,C.A. No.-002406-002406 / 2009,13-04-2009 (English)
S.No. 199,Case Number,C.A. No.-005614-005614 / 2009,18-08-2009 (English)
S.No. 200,Case Number,C.A. No.-000105-000105 / 2009,13-01-2009 (English)
S.No. 201,Case Number,C.A. No.-000601-000601 / 2009,02-02-2009 (English)
S.No. 202,Case Number,C.A. No.-000809-000809 / 2002,20-08-2009 (English)
S.No. 203,Case Number,C.A. No.-002619-002619 / 2009,17-04-2009 (English)
S.No. 204,Case Number,T.P.(C) No.-000105-000105 / 2009,13-08-2009 (English)
S.No. 205,Case Number,C.A. No.-000917-000918 / 2004,20-08-2009 (English)
S.No. 206,Case Number,Crl.A. No.-000139-000139 / 2009,23-01-2009 (English)
S.No. 207,Case Number,Crl.A. No.-000047-000047 / 2009,13-01-2009 (English)
S.No. 208,Case Number,C.A. No.-004143-004143 / 2009,07-07-2009 (English)
S.No. 209,Case Number,C.A. No.-000755-000755 / 2009,06-02-2009 (English)
S.No. 210,Case Number,W.P.(C) No.-000202-000202 / 1995,08-10-2009 (English)
S.No. 211,Case Number,T.P.(C) No.-000123-000123 / 2008,03-12-2008 (English)
S.No. 212,Case Number,C.A. No.-004147-004147 / 2009,07-07-2009 (English)
S.No. 213,Case Number,C.A. No.-007251-007251 / 2008,12-12-2008 (English)
S.No. 214,Case Number,C.A. No.-004956-004956 / 2009,31-07-2009 (English)
S.No. 215,Case Number,C.A. No.-001883-001883 / 2009,25-03-2009 (English)
S.No. 216,Case Number,C.A. No.-004578-004578 / 2009,21-07-2009 (English)
S.No. 217,Case Number,C.A. No.-002838-002840 / 2009,27-04-2009 (English)
S.No. 218,Case Number,C.A. No.-007360-007361 / 2002,02-12-2008 (English)
S.No. 219,Case Number,C.A. No.-006567-006569 / 2008,07-11-2008 (English)
S.No. 220,Case Number,C.A. No.-001390-001390 / 2007,21-01-2009 (English)
S.No. 221,Case Number,C.A. No.-000022-000023 / 2001,10-12-2008 (English)
S.No. 222,Case Number,Crl.A. No.-000847-000847 / 2009,27-04-2009 (English)
S.No. 223,Case Number,C.A. No.-007400-007400 / 2008,18-12-2008 (English)
S.No. 224,Case Number,C.A. No.-003176-003176 / 2009,04-05-2009 (English)
S.No. 225,Case Number,C.A. No.-002573-002573 / 2008,15-05-2009 (English)
S.No. 226,Case Number,C.A. No.-001795-001795 / 2009,23-03-2009 (English)
S.No. 227,Case Number,Crl.A. No.-000591-000591 / 2003,04-03-2009 (English)
S.No. 228,Case Number,Crl.A. No.-000249-000249 / 2004,06-07-2009 (English)
S.No. 229,Case Number,C.A. No.-000477-000477 / 2009,28-01-2009 (English)
S.No. 230,Case Number,Crl.A. No.-000077-000077 / 2005,10-09-2009 (English)
S.No. 231,Case Number,C.A. No.-005149-005149 / 2009,31-07-2009 (English)
S.No. 232,Case Number,C.A. No.-001743-001743 / 2009,20-03-2009 (English)
S.No. 233,Case Number,Crl.A. No.-001918-001918 / 2008,25-11-2008 (English)
S.No. 234,Case Number,C.A. No.-002239-002239 / 2009,08-04-2009 (English)
S.No. 235,Case Number,Crl.A. No.-000946-000946 / 2009,28-04-2009 (English)
S.No. 236,Case Number,Crl.A. No.-000840-000841 / 2003,17-06-2009 (English)
S.No. 237,Case Number,Crl.A. No.-000341-000341 / 2006,06-05-2009 (English)
S.No. 238,Case Number,C.A. No.-000018-000018 / 2009,06-01-2009 (English)
S.No. 239,Case Number,Crl.A. No.-001731-001731 / 2008,05-11-2008 (English)
S.No. 240,Case Number,C.A. No.-007407-007407 / 2008,18-12-2008 (English)
S.No. 241,Case Number,Crl.A. No.-002020-002020 / 2008,12-12-2008 (English)
S.No. 242,Case Number,Crl.A. No.-000448-000448 / 2007,20-01-2009 (English)
S.No. 243,Case Number,Crl.A. No.-001133-001134 / 2009,07-07-2009 (English)
S.No. 244,Case Number,Crl.A. No.-000639-000639 / 2004,26-05-2009 (English)
S.No. 245,Case Number,C.A. No.-006168-006168 / 2008,01-05-2009 (English)
S.No. 246,Case Number,Crl.A. No.-000604-000604 / 2006,30-04-2009 (English)
S.No. 247,Case Number,Crl.A. No.-000468-000468 / 2009,16-03-2009 (English)
S.No. 248,Case Number,Crl.A. No.-000672-000672 / 2005,31-03-2009 (English)
S.No. 249,Case Number,C.A. No.-006186-006186 / 2009,10-09-2009 (English)
S.No. 250,Case Number,Crl.A. No.-000959-000960 / 2005,16-09-2009 (English)
S.No. 251,Case Number,C.A. No.-001071-001071 / 2009,16-02-2009 (English)
S.No. 252,Case Number,C.A. No.-005053-005053 / 2009,03-08-2009 (English)
S.No. 253,Case Number,Crl.A. No.-000792-000792 / 2006,15-05-2009 (English)
S.No. 254,Case Number,C.A. No.-004668-004668 / 2007,09-07-2009 (English)
S.No. 255,Case Number,Crl.A. No.-000594-000594 / 2004,24-07-2009 (English)
S.No. 256,Case Number,C.A. No.-000769-000769 / 2009,06-02-2009 (English)
S.No. 257,Case Number,Crl.A. No.-001285-001287 / 2001,12-02-2009 (English)
S.No. 258,Case Number,C.A. No.-006444-006449 / 2008,04-11-2008 (English)
S.No. 259,Case Number,C.A. No.-006213-006213 / 2008,21-10-2008 (English)
S.No. 260,Case Number,Crl.A. No.-000962-000962 / 2009,08-05-2009 (English)
S.No. 261,Case Number,Crl.A. No.-001337-001337 / 2007,16-09-2009 (English)
S.No. 262,Case Number,C.A. No.-003526-003526 / 2009,12-05-2009 (English)
S.No. 263,Case Number,C.A. No.-001979-001979 / 2009,27-03-2009 (English)
S.No. 264,Case Number,Crl.A. No.-002019-002019 / 2008,12-12-2008 (English)
S.No. 265,Case Number,Crl.A. No.-000373-000373 / 2008,08-05-2009 (English)
S.No. 266,Case Number,C.A. No.-001040-001053 / 2009,13-02-2009 (English)
S.No. 267,Case Number,C.A. No.-001009-001010 / 2001,21-04-2009 (English)
S.No. 268,Case Number,C.A. No.-000158-000158 / 2009,12-01-2009 (English)
S.No. 269,Case Number,Crl.A. No.-000266-000266 / 2009,11-02-2009 (English)
S.No. 270,Case Number,Crl.A. No.-001849-001849 / 2009,01-10-2009 (English)
S.No. 271,Case Number,Crl.A. No.-000090-000090 / 2009,19-01-2009 (English)
S.No. 272,Case Number,C.A. No.-006674-006674 / 2008,10-11-2008 (English)
S.No. 273,Case Number,Crl.A. No.-001024-001024 / 2003,20-08-2009 (English)
S.No. 274,Case Number,Crl.A. No.-001002-001002 / 2004,27-04-2009 (English)
S.No. 275,Case Number,C.A. No.-005891-005891 / 2009,31-08-2009 (English)
S.No. 276,Case Number,C.A. No.-006428-006428 / 2008,03-11-2008 (English)
S.No. 277,Case Number,Crl.A. No.-000662-000662 / 2007,27-02-2009 (English)
S.No. 278,Case Number,C.A. No.-002482-002482 / 2001,21-01-2009 (English)
S.No. 279,Case Number,C.A. No.-000846-000847 / 2001,05-03-2009 (English)
S.No. 280,Case Number,C.A. No.-003485-003485 / 2009,12-05-2009 (English)
S.No. 281,Case Number,C.A. No.-007404-007404 / 2008,18-12-2008 (English)
S.No. 282,Case Number,Crl.A. No.-001755-001755 / 2008,07-11-2008 (English)
S.No. 283,Case Number,C.A. No.-000263-000263 / 2007,21-04-2009 (English)
S.No. 284,Case Number,Crl.A. No.-000634-000635 / 2008,19-08-2009 (English)
S.No. 285,Case Number,Crl.A. No.-000807-000807 / 2004,28-05-2009 (English)
S.No. 286,Case Number,C.A. No.-006191-006191 / 2008,22-10-2008 (English)
S.No. 287,Case Number,Crl.A. No.-000482-000482 / 2009,17-03-2009 (English)
S.No. 288,Case Number,C.A. No.-007435-007435 / 2008,19-12-2008 (English)
S.No. 289,Case Number,C.A. No.-004818-004819 / 2009,29-07-2009 (English)
S.No. 290,Case Number,Crl.A. No.-001402-001402 / 2003,21-05-2009 (English)
S.No. 291,Case Number,C.A. No.-000397-000397 / 2009,23-01-2009 (English)
S.No. 292,Case Number,C.A. No.-002805-002805 / 2009,24-04-2009 (English)
S.No. 293,Case Number,Crl.A. No.-002062-002062 / 2008,18-12-2008 (English)
S.No. 294,Case Number,C.A. No.-006685-006685 / 2001,14-05-2009 (English)
S.No. 295,Case Number,C.A. No.-001991-001991 / 2006,25-03-2009 (English)
S.No. 296,Case Number,C.A. No.-003324-003324 / 2009,06-05-2009 (English)
S.No. 297,Case Number,Crl.A. No.-002045-002045 / 2008,16-12-2008 (English)
S.No. 298,Case Number,Crl.A. No.-000934-000939 / 2001,02-12-2008 (English)
S.No. 299,Case Number,Crl.A. No.-001302-001302 / 2009,07-10-2009 (English)
S.No. 300,Case Number,C.A. No.-004585-004585 / 2009,21-07-2009 (English)
S.No. 301,Case Number,C.A. No.-002252-002252 / 2005,06-12-2008 (English)
S.No. 302,Case Number,Crl.A. No.-001605-001605 / 2009,24-08-2009 (English)
S.No. 303,Case Number,Crl.A. No.-000320-000320 / 2007,01-12-2008 (English)
S.No. 304,Case Number,Crl.A. No.-001864-001864 / 2008,21-11-2008 (English)
S.No. 305,Case Number,C.A. No.-004965-004965 / 2009,31-07-2009 (English)
S.No. 306,Case Number,C.A. No.-000292-000292 / 2009,16-01-2009 (English)
S.No. 307,Case Number,C.A. No.-003332-003332 / 2001,22-01-2009 (English)
S.No. 308,Case Number,Crl.A. No.-000169-000169 / 2009,28-01-2009 (English)
S.No. 309,Case Number,C.A. No.-002564-002564 / 2009,15-04-2009 (English)
S.No. 310,Case Number,Crl.A. No.-000720-000720 / 2004,20-10-2008 (English)
S.No. 311,Case Number,C.A. No.-006753-006753 / 2008,25-11-2008 (English)
S.No. 312,Case Number,Crl.A. No.-001155-001155 / 2004,05-11-2008 (English)
S.No. 313,Case Number,C.A. No.-002330-002330 / 2009,09-04-2009 (English)
S.No. 314,Case Number,C.A. No.-003572-003572 / 2009,14-05-2009 (English)
S.No. 315,Case Number,Crl.A. No.-000774-000774 / 2006,13-05-2009 (English)
S.No. 316,Case Number,C.A. No.-003378-003378 / 2009,06-05-2009 (English)
S.No. 317,Case Number,Crl.A. No.-001776-001776 / 2008,12-11-2008 (English)
S.No. 318,Case Number,R.P.(C) No.-000503-000503 / 2007,12-01-2009 (English)
S.No. 319,Case Number,C.A. No.-006850-006851 / 2008,26-11-2008 (English)
S.No. 320,Case Number,C.A. No.-006409-006409 / 2009,04-09-2009 (English)
S.No. 321,Case Number,C.A. No.-003242-003242 / 2009,05-05-2009 (English)
S.No. 322,Case Number,C.A. No.-002622-002622 / 2009,17-04-2009 (English)
S.No. 323,Case Number,Crl.A. No.-000463-000463 / 2005,23-04-2009 (English)
S.No. 324,Case Number,C.A. No.-006818-006818 / 2009,05-10-2009 (English)
S.No. 325,Case Number,C.A. No.-006903-006903 / 2008,28-11-2008 (English)
S.No. 326,Case Number,C.A. No.-001186-001186 / 2009,25-02-2009 (English)
S.No. 327,Case Number,T.P.(C) No.-000261-000261 / 2009,13-08-2009 (English)
S.No. 328,Case Number,C.A. No.-006573-006573 / 2008,07-11-2008 (English)
S.No. 329,Case Number,C.A. No.-000229-000229 / 2005,13-05-2009 (English)
S.No. 330,Case Number,Crl.A. No.-001284-001284 / 2003,11-08-2009 (English)
S.No. 331,Case Number,C.A. No.-002506-002506 / 2004,16-09-2009 (English)
S.No. 332,Case Number,C.A. No.-002080-002080 / 2002,01-04-2009 (English)
S.No. 333,Case Number,C.A. No.-000265-000265 / 2009,16-01-2009 (English)
S.No. 334,Case Number,C.A. No.-006619-006619 / 2008,10-11-2008 (English)
S.No. 335,Case Number,C.A. No.-000095-000095 / 2005,27-02-2009 (English)
S.No. 336,Case Number,C.A. No.-001875-001875 / 2009,25-03-2009 (English)
S.No. 337,Case Number,C.A. No.-007705-007705 / 2002,17-02-2009 (English)
S.No. 338,Case Number,Crl.A. No.-001721-001721 / 2008,03-11-2008 (English)
S.No. 339,Case Number,Crl.A. No.-000817-000817 / 2009,22-04-2009 (English)
S.No. 340,Case Number,Crl.A. No.-002049-002049 / 2008,16-12-2008 (English)
S.No. 341,Case Number,C.A. No.-004487-004487 / 2004,24-08-2009 (English)
S.No. 342,Case Number,Crl.A. No.-000670-000670 / 2003,07-07-2009 (English)
S.No. 343,Case Number,C.A. No.-006918-006918 / 2009,"09-10-2009 (English)
09-10-2009 (English)"
S.No. 344,Case Number,Crl.A. No.-000323-000323 / 2007,31-03-2009 (English)
S.No. 345,Case Number,Crl.A. No.-000276-000276 / 2000,22-10-2008 (English)
S.No. 346,Case Number,C.A. No.-007244-007244 / 2003,05-05-2009 (English)
S.No. 347,Case Number,C.A. No.-003411-003411 / 2009,08-05-2009 (English)
S.No. 348,Case Number,Crl.A. No.-000940-000940 / 2003,06-10-2009 (English)
S.No. 349,Case Number,C.A. No.-003169-003169 / 2009,04-05-2009 (English)
S.No. 350,Case Number,Crl.A. No.-000501-000501 / 2004,31-03-2009 (English)
S.No. 351,Case Number,C.A. No.-005067-005067 / 2009,29-07-2009 (English)
S.No. 352,Case Number,Crl.A. No.-000620-000620 / 2009,31-03-2009 (English)
S.No. 353,Case Number,C.A. No.-000946-000946 / 2007,05-01-2009 (English)
S.No. 354,Case Number,SLP(C) No.-003635-003635 / 2007,"11-08-2009 (English)
21-11-2008 (English)"
S.No. 355,Case Number,C.A. No.-005267-005269 / 2002,24-10-2008 (English)
S.No. 356,Case Number,Crl.A. No.-000088-000088 / 2002,22-10-2008 (English)
S.No. 357,Case Number,C.A. No.-007801-007801 / 2002,02-12-2008 (English)
S.No. 358,Case Number,C.A. No.-005231-005231 / 2000,07-11-2008 (English)
S.No. 359,Case Number,C.A. No.-003629-003629 / 2003,20-08-2009 (English)
S.No. 360,Case Number,C.A. No.-001178-001178 / 2009,24-02-2009 (English)
S.No. 361,Case Number,Crl.A. No.-000402-000402 / 2009,27-02-2009 (English)
S.No. 362,Case Number,C.A. No.-002179-002179 / 2009,06-04-2009 (English)
S.No. 363,Case Number,C.A. No.-001077-001077 / 2009,17-02-2009 (English)
S.No. 364,Case Number,Crl.A. No.-001681-001681 / 2008,20-10-2008 (English)
S.No. 365,Case Number,Crl.A. No.-000891-000892 / 2002,18-09-2009 (English)
S.No. 366,Case Number,C.A. No.-001438-001438 / 2004,20-10-2008 (English)
S.No. 367,Case Number,Crl.A. No.-000557-000558 / 2002,09-02-2009 (English)
S.No. 368,Case Number,C.A. No.-003159-003159 / 2004,30-07-2009 (English)
S.No. 369,Case Number,Crl.A. No.-000939-000939 / 2007,06-03-2009 (English)
S.No. 370,Case Number,C.A. No.-001146-001146 / 2003,07-09-2009 (English)
S.No. 371,Case Number,C.A. No.-004717-004717 / 2009,27-07-2009 (English)
S.No. 372,Case Number,C.A. No.-002776-002776 / 2002,10-07-2009 (English)
S.No. 373,Case Number,Crl.A. No.-001197-001197 / 2002,09-09-2009 (English)
S.No. 374,Case Number,C.A. No.-000086-000086 / 2009,12-01-2009 (English)
S.No. 375,Case Number,C.A. No.-001311-001311 / 2009,26-02-2009 (English)
S.No. 376,Case Number,C.A. No.-004970-004971 / 2009,31-07-2009 (English)
S.No. 377,Case Number,C.A. No.-005761-005761 / 2009,18-08-2009 (English)
S.No. 378,Case Number,C.A. No.-006244-006244 / 2008,21-10-2008 (English)
S.No. 379,Case Number,C.A. No.-005347-005347 / 2009,07-08-2009 (English)
S.No. 380,Case Number,Crl.A. No.-000971-000971 / 2003,09-10-2009 (English)
S.No. 381,Case Number,Crl.A. No.-000008-000008 / 2009,07-01-2009 (English)
S.No. 382,Case Number,Crl.A. No.-001517-001517 / 2009,13-08-2009 (English)
S.No. 383,Case Number,C.A. No.-003327-003328 / 2002,25-03-2009 (English)
S.No. 384,Case Number,C.A. No.-006915-006915 / 2009,09-10-2009 (English)
S.No. 385,Case Number,C.A. No.-006159-006159 / 2008,20-10-2008 (English)
S.No. 386,Case Number,C.A. No.-001337-001337 / 2007,27-02-2009 (English)
S.No. 387,Case Number,C.A. No.-001525-001525 / 2009,04-03-2009 (English)
S.No. 388,Case Number,C.A. No.-004048-004048 / 2001,13-04-2009 (English)
S.No. 389,Case Number,C.A. No.-000009-000009 / 2009,06-01-2009 (English)
S.No. 390,Case Number,C.A. No.-004718-004718 / 2009,27-07-2009 (English)
S.No. 391,Case Number,C.A. No.-005872-005872 / 2009,28-08-2009 (English)
S.No. 392,Case Number,C.A. No.-002243-002243 / 2009,08-04-2009 (English)
S.No. 393,Case Number,Crl.A. No.-000258-000258 / 2009,10-02-2009 (English)
S.No. 394,Case Number,C.A. No.-000085-000085 / 2009,12-01-2009 (English)
S.No. 395,Case Number,C.A. No.-005969-005971 / 2001,18-03-2009 (English)
S.No. 396,Case Number,Crl.A. No.-000476-000476 / 2005,12-12-2008 (English)
S.No. 397,Case Number,C.A. No.-004662-004662 / 2009,24-07-2009 (English)
S.No. 398,Case Number,Crl.A. No.-000564-000564 / 2002,01-12-2008 (English)
S.No. 399,Case Number,Crl.A. No.-000891-000891 / 2001,12-02-2009 (English)
S.No. 400,Case Number,C.A. No.-008335-008335 / 2004,17-09-2009 (English)
S.No. 401,Case Number,Crl.A. No.-001130-001130 / 2001,20-11-2008 (English)
S.No. 402,Case Number,Crl.A. No.-002021-002021 / 2008,12-12-2008 (English)
S.No. 403,Case Number,Crl.A. No.-001198-001198 / 2003,08-10-2009 (English)
S.No. 404,Case Number,C.A. No.-001303-001303 / 2002,30-04-2009 (English)
S.No. 405,Case Number,C.A. No.-003867-003867 / 2001,13-05-2009 (English)
S.No. 406,Case Number,Crl.A. No.-000183-000183 / 2003,04-05-2009 (English)
S.No. 407,Case Number,C.A. No.-001355-001355 / 2009,02-03-2009 (English)
S.No. 408,Case Number,C.A. No.-003481-003481 / 2009,12-05-2009 (English)
S.No. 409,Case Number,C.A. No.-001782-001783 / 2009,23-03-2009 (English)
S.No. 410,Case Number,C.A. No.-001526-001526 / 2009,04-03-2009 (English)
S.No. 411,Case Number,T.P.(C) No.-000406-000406 / 2008,03-12-2008 (English)
S.No. 412,Case Number,Crl.A. No.-000141-000141 / 2009,23-01-2009 (English)
S.No. 413,Case Number,Crl.A. No.-000961-000961 / 2006,18-08-2009 (English)
S.No. 414,Case Number,Crl.A. No.-001790-001790 / 2008,14-11-2008 (English)
S.No. 415,Case Number,Crl.A. No.-002015-002015 / 2008,11-12-2008 (English)
S.No. 416,Case Number,C.A. No.-001072-001072 / 2009,16-02-2009 (English)
S.No. 417,Case Number,C.A. No.-002251-002251 / 2009,08-04-2009 (English)
S.No. 418,Case Number,Crl.A. No.-000006-000006 / 2009,06-01-2009 (English)
S.No. 419,Case Number,Crl.A. No.-001312-001312 / 2007,15-04-2009 (English)
S.No. 420,Case Number,Crl.A. No.-000376-000376 / 2007,21-11-2008 (English)
S.No. 421,Case Number,Crl.A. No.-000032-000033 / 2004,15-04-2009 (English)
S.No. 422,Case Number,C.A. No.-004775-004775 / 2009,28-07-2009 (English)
S.No. 423,Case Number,C.A. No.-007166-007166 / 2008,08-12-2008 (English)
S.No. 424,Case Number,C.A. No.-001171-001171 / 2002,26-02-2009 (English)
S.No. 425,Case Number,Crl.A. No.-000441-000441 / 2002,18-02-2009 (English)
S.No. 426,Case Number,C.A. No.-007083-007083 / 2008,03-12-2008 (English)
S.No. 427,Case Number,Crl.A. No.-001094-001094 / 2006,23-03-2009 (English)
S.No. 428,Case Number,C.A. No.-004968-004968 / 2009,31-07-2009 (English)
S.No. 429,Case Number,C.A. No.-000393-000393 / 2009,23-01-2009 (English)
S.No. 430,Case Number,C.A. No.-005116-005116 / 2002,01-04-2009 (English)
S.No. 431,Case Number,Crl.A. No.-000473-000473 / 2007,18-11-2008 (English)
S.No. 432,Case Number,C.A. No.-002544-002544 / 2009,15-04-2009 (English)
S.No. 433,Case Number,T.P.(C) No.-000445-000445 / 2008,27-02-2009 (English)
S.No. 434,Case Number,C.A. No.-004872-004892 / 2000,27-11-2008 (English)
S.No. 435,Case Number,Crl.A. No.-000080-000080 / 2009,16-01-2009 (English)
S.No. 436,Case Number,W.P.(C) No.-000196-000196 / 2001,22-04-2009 (English)
S.No. 437,Case Number,C.A. No.-001001-001001 / 2005,21-01-2009 (English)
S.No. 438,Case Number,C.A. No.-000764-000764 / 2009,06-02-2009 (English)
S.No. 439,Case Number,C.A. No.-001609-001609 / 2009,16-03-2009 (English)
S.No. 440,Case Number,C.A. No.-006864-006864 / 2009,07-10-2009 (English)
S.No. 441,Case Number,C.A. No.-003736-003736 / 2001,21-01-2009 (English)
S.No. 442,Case Number,Crl.A. No.-000904-000904 / 2009,04-05-2009 (English)
S.No. 443,Case Number,C.A. No.-003306-003306 / 2009,06-05-2009 (English)
S.No. 444,Case Number,C.A. No.-000478-000478 / 2009,28-01-2009 (English)
S.No. 445,Case Number,Crl.A. No.-000908-000908 / 2009,05-05-2009 (English)
S.No. 446,Case Number,C.A. No.-001172-001172 / 2009,24-02-2009 (English)
S.No. 447,Case Number,Crl.A. No.-000841-000841 / 2002,29-05-2009 (English)
S.No. 448,Case Number,C.A. No.-000316-000316 / 2009,19-01-2009 (English)
S.No. 449,Case Number,C.A. No.-000321-000321 / 2009,20-01-2009 (English)
S.No. 450,Case Number,Crl.A. No.-000529-000529 / 2004,05-03-2009 (English)
S.No. 451,Case Number,C.A. No.-002006-002007 / 2009,30-03-2009 (English)
S.No. 452,Case Number,C.A. No.-002860-002860 / 2009,27-04-2009 (English)
S.No. 453,Case Number,Crl.A. No.-001758-001758 / 2009,11-09-2009 (English)
S.No. 454,Case Number,Crl.A. No.-001510-001510 / 2009,13-08-2009 (English)
S.No. 455,Case Number,C.A. No.-004119-004119 / 1999,14-05-2009 (English)
S.No. 456,Case Number,W.P.(C) No.-000091-000091 / 2008,03-12-2008 (English)
S.No. 457,Case Number,W.P.(C) No.-000161-000161 / 2004,23-02-2009 (English)
S.No. 458,Case Number,SLP(C) No.-017932-017932 / 2009,21-08-2009 (English)
S.No. 459,Case Number,Crl.A. No.-000062-000062 / 2009,15-01-2009 (English)
S.No. 460,Case Number,C.A. No.-006262-006262 / 2003,06-11-2008 (English)
S.No. 461,Case Number,Crl.A. No.-001891-001891 / 2008,28-11-2008 (English)
S.No. 462,Case Number,Crl.A. No.-000681-000681 / 2003,28-05-2009 (English)
S.No. 463,Case Number,C.A. No.-000318-000318 / 2009,20-01-2009 (English)
S.No. 464,Case Number,Crl.A. No.-000729-000729 / 2003,06-07-2009 (English)
S.No. 465,Case Number,C.A. No.-001064-001064 / 2009,16-02-2009 (English)
S.No. 466,Case Number,Crl.A. No.-001297-001297 / 2005,19-08-2009 (English)
S.No. 467,Case Number,C.A. No.-000742-000742 / 2001,12-02-2009 (English)
S.No. 468,Case Number,C.A. No.-004117-004118 / 2001,03-03-2009 (English)
S.No. 469,Case Number,C.A. No.-006639-006639 / 2008,10-11-2008 (English)
S.No. 470,Case Number,C.A. No.-001874-001874 / 2009,25-03-2009 (English)
S.No. 471,Case Number,Crl.A. No.-000406-000406 / 2009,27-02-2009 (English)
S.No. 472,Case Number,Crl.A. No.-000646-000646 / 2005,24-04-2009 (English)
S.No. 473,Case Number,Crl.A. No.-000575-000575 / 2009,25-08-2009 (English)
S.No. 474,Case Number,Crl.A. No.-000085-000086 / 2006,06-08-2009 (English)
S.No. 475,Case Number,C.A. No.-007128-007128 / 2008,05-12-2008 (English)
S.No. 476,Case Number,C.A. No.-002447-002447 / 2007,16-02-2009 (English)
S.No. 477,Case Number,Crl.A. No.-000755-000755 / 2001,25-11-2008 (English)
S.No. 478,Case Number,C.A. No.-004190-004190 / 2000,01-04-2009 (English)
S.No. 479,Case Number,C.A. No.-006587-006587 / 2008,07-11-2008 (English)
S.No. 480,Case Number,C.A. No.-001271-001271 / 2002,16-09-2009 (English)
S.No. 481,Case Number,Crl.A. No.-000823-000823 / 2003,06-07-2009 (English)
S.No. 482,Case Number,C.A. No.-002929-002929 / 2002,27-03-2009 (English)
S.No. 483,Case Number,Crl.A. No.-001213-001213 / 2002,12-08-2009 (English)
S.No. 484,Case Number,C.A. No.-006529-006529 / 2008,22-10-2008 (English)
S.No. 485,Case Number,Crl.A. No.-001202-001202 / 2003,22-04-2009 (English)
S.No. 486,Case Number,C.A. No.-005800-005800 / 2002,20-02-2009 (English)
S.No. 487,Case Number,C.A. No.-007433-007433 / 2008,19-12-2008 (English)
S.No. 488,Case Number,C.A. No.-006261-006261 / 2009,15-09-2009 (English)
S.No. 489,Case Number,Crl.A. No.-000386-000386 / 2009,25-02-2009 (English)
S.No. 490,Case Number,Crl.A. No.-000406-000406 / 2008,12-12-2008 (English)
S.No. 491,Case Number,Crl.A. No.-000760-000760 / 2009,17-04-2009 (English)
S.No. 492,Case Number,Crl.A. No.-001436-001436 / 2009,04-08-2009 (English)
S.No. 493,Case Number,C.A. No.-007307-007307 / 2008,16-12-2008 (English)
S.No. 494,Case Number,C.A. No.-003998-003998 / 2007,09-07-2009 (English)
S.No. 495,Case Number,C.A. No.-002650-002652 / 1998,09-09-2009 (English)
S.No. 496,Case Number,C.A. No.-002385-002385 / 2009,13-04-2009 (English)
S.No. 497,Case Number,C.A. No.-000815-000817 / 2009,09-02-2009 (English)
S.No. 498,Case Number,C.A. No.-001119-001119 / 2009,19-02-2009 (English)
S.No. 499,Case Number,C.A. No.-002652-002652 / 2009,20-04-2009 (English)
S.No. 500,Case Number,Crl.A. No.-000976-000976 / 2001,01-04-2009 (English)
S.No. 501,Case Number,C.A. No.-006585-006585 / 2008,07-11-2008 (English)
S.No. 502,Case Number,Crl.A. No.-001042-001042 / 2005,20-03-2009 (English)
S.No. 503,Case Number,C.A. No.-006413-006413 / 2008,03-11-2008 (English)
S.No. 504,Case Number,Crl.A. No.-002048-002048 / 2008,16-12-2008 (English)
S.No. 505,Case Number,Crl.A. No.-000203-000203 / 2009,03-02-2009 (English)
S.No. 506,Case Number,C.A. No.-002012-002012 / 2009,30-03-2009 (English)
S.No. 507,Case Number,C.A. No.-007256-007256 / 2008,12-12-2008 (English)
S.No. 508,Case Number,T.P.(C) No.-000288-000288 / 2008,17-12-2008 (English)
S.No. 509,Case Number,C.A. No.-001585-001585 / 2001,18-12-2008 (English)
S.No. 510,Case Number,C.A. No.-000940-000940 / 2009,12-02-2009 (English)
S.No. 511,Case Number,C.A. No.-005001-005001 / 2009,24-07-2009 (English)
S.No. 512,Case Number,Crl.A. No.-000837-000837 / 2002,26-08-2009 (English)
S.No. 513,Case Number,C.A. No.-000989-000989 / 2005,21-01-2009 (English)
S.No. 514,Case Number,C.A. No.-004162-004162 / 2009,08-07-2009 (English)
S.No. 515,Case Number,Crl.A. No.-000661-000661 / 2004,03-02-2009 (English)
S.No. 516,Case Number,C.A. No.-003238-003238 / 2009,05-05-2009 (English)
S.No. 517,Case Number,Crl.A. No.-000352-000352 / 2002,11-11-2008 (English)
S.No. 518,Case Number,Crl.A. No.-000907-000907 / 2009,05-05-2009 (English)
S.No. 519,Case Number,SLP(C) No.-009838-009838 / 2007,24-04-2009 (English)
S.No. 520,Case Number,Crl.A. No.-001591-001591 / 2009,24-08-2009 (English)
S.No. 521,Case Number,W.P.(C) No.-000110-000110 / 2008,21-01-2009 (English)
S.No. 522,Case Number,C.A. No.-003569-003569 / 2009,13-05-2009 (English)
S.No. 523,Case Number,Crl.A. No.-000826-000826 / 2002,05-11-2008 (English)
S.No. 524,Case Number,Crl.A. No.-001080-001080 / 2008,06-02-2009 (English)
S.No. 525,Case Number,C.A. No.-004152-004152 / 2009,07-07-2009 (English)
S.No. 526,Case Number,C.A. No.-001716-001716 / 2009,18-03-2009 (English)
S.No. 527,Case Number,C.A. No.-003311-003311 / 2009,06-05-2009 (English)
S.No. 528,Case Number,C.A. No.-005840-005840 / 2004,29-07-2009 (English)
S.No. 529,Case Number,Crl.A. No.-000060-000060 / 2002,22-10-2008 (English)
S.No. 530,Case Number,T.P.(C) No.-000351-000351 / 2009,20-04-2009 (English)
S.No. 531,Case Number,C.A. No.-001830-001830 / 2009,24-03-2009 (English)
S.No. 532,Case Number,C.A. No.-004148-004149 / 2009,07-07-2009 (English)
S.No. 533,Case Number,Crl.A. No.-001050-001050 / 2002,03-09-2009 (English)
S.No. 534,Case Number,C.A. No.-003511-003511 / 2004,05-02-2009 (English)
S.No. 535,Case Number,C.A. No.-003376-003376 / 2001,22-01-2009 (English)
S.No. 536,Case Number,Crl.A. No.-000055-000055 / 2002,22-10-2008 (English)
S.No. 537,Case Number,Crl.A. No.-000660-000660 / 2004,15-04-2009 (English)
S.No. 538,Case Number,Crl.A. No.-000595-000595 / 2007,19-12-2008 (English)
S.No. 539,Case Number,Crl.A. No.-000495-000495 / 2006,08-05-2009 (English)
S.No. 540,Case Number,Crl.A. No.-000951-000951 / 2005,25-02-2009 (English)
S.No. 541,Case Number,Crl.A. No.-000446-000446 / 2009,06-03-2009 (English)
S.No. 542,Case Number,C.A. No.-000172-000172 / 2007,07-07-2009 (English)
S.No. 543,Case Number,Crl.A. No.-001869-001869 / 2008,25-11-2008 (English)
S.No. 544,Case Number,Crl.A. No.-000444-000444 / 2009,06-03-2009 (English)
S.No. 545,Case Number,C.A. No.-002831-002831 / 2009,27-04-2009 (English)
S.No. 546,Case Number,Crl.A. No.-000566-000567 / 2002,21-04-2009 (English)
S.No. 547,Case Number,C.A. No.-006905-006905 / 2008,28-11-2008 (English)
S.No. 548,Case Number,Crl.A. No.-001366-001366 / 2002,27-02-2009 (English)
S.No. 549,Case Number,C.A. No.-006270-006270 / 2001,26-02-2009 (English)
S.No. 550,Case Number,C.A. No.-004070-004070 / 2001,22-01-2009 (English)
S.No. 551,Case Number,C.A. No.-001693-001693 / 2009,17-03-2009 (English)
S.No. 552,Case Number,C.A. No.-004772-004772 / 2009,24-07-2009 (English)
S.No. 553,Case Number,C.A. No.-008430-008431 / 2002,06-05-2009 (English)
S.No. 554,Case Number,Crl.A. No.-000695-000695 / 2001,08-05-2009 (English)
S.No. 555,Case Number,C.A. No.-002939-002939 / 2006,08-05-2009 (English)
S.No. 556,Case Number,C.A. No.-004451-004451 / 2008,19-12-2008 (English)
S.No. 557,Case Number,C.A. No.-004671-004671 / 2004,29-07-2009 (English)
S.No. 558,Case Number,C.A. No.-008334-008334 / 2002,27-04-2009 (English)
S.No. 559,Case Number,Crl.A. No.-000581-000581 / 2007,12-05-2009 (English)
S.No. 560,Case Number,C.A. No.-001173-001173 / 2009,24-02-2009 (English)
S.No. 561,Case Number,Crl.A. No.-000575-000575 / 2007,27-04-2009 (English)
S.No. 562,Case Number,C.A. No.-002050-002050 / 2007,09-04-2009 (English)
S.No. 563,Case Number,C.A. No.-004883-004883 / 2002,31-03-2009 (English)
S.No. 564,Case Number,Crl.A. No.-000501-000501 / 2000,22-10-2008 (English)
S.No. 565,Case Number,ARBIT.CASE(C) No.-000008-000008 / 2008,20-04-2009 (English)
S.No. 566,Case Number,T.P.(C) No.-000309-000309 / 2009,13-08-2009 (English)
S.No. 567,Case Number,C.A. No.-003874-003874 / 2006,29-07-2009 (English)
S.No. 568,Case Number,Crl.A. No.-001390-001390 / 2003,03-03-2009 (English)
S.No. 569,Case Number,C.A. No.-007312-007312 / 2008,16-12-2008 (English)
S.No. 570,Case Number,C.A. No.-004258-004258 / 2001,08-12-2008 (English)
S.No. 571,Case Number,C.A. No.-000968-000968 / 2009,12-02-2009 (English)
S.No. 572,Case Number,Crl.A. No.-000203-000203 / 2005,20-04-2009 (English)
S.No. 573,Case Number,Crl.A. No.-002054-002054 / 2008,17-12-2008 (English)
S.No. 574,Case Number,C.A. No.-007790-007790 / 2001,14-07-2009 (English)
S.No. 575,Case Number,C.A. No.-002654-002654 / 2009,20-04-2009 (English)
S.No. 576,Case Number,C.A. No.-000317-000317 / 2009,19-01-2009 (English)
S.No. 577,Case Number,C.A. No.-002609-002610 / 2009,13-04-2009 (English)
S.No. 578,Case Number,C.A. No.-001973-001973 / 2006,25-02-2009 (English)
S.No. 579,Case Number,C.A. No.-006203-006203 / 2009,11-09-2009 (English)
S.No. 580,Case Number,C.A. No.-002446-002446 / 2005,04-12-2008 (English)
S.No. 581,Case Number,Crl.A. No.-001152-001154 / 2003,05-11-2008 (English)
S.No. 582,Case Number,Crl.A. No.-000427-000427 / 2009,03-03-2009 (English)
S.No. 583,Case Number,C.A. No.-004272-004272 / 2009,09-07-2009 (English)
S.No. 584,Case Number,Crl.A. No.-001722-001722 / 2008,04-11-2008 (English)
S.No. 585,Case Number,C.A. No.-005645-005645 / 2005,05-03-2009 (English)
S.No. 586,Case Number,Crl.A. No.-001473-001473 / 2009,10-08-2009 (English)
S.No. 587,Case Number,Crl.A. No.-000403-000403 / 2009,27-02-2009 (English)
S.No. 588,Case Number,Crl.A. No.-000486-000487 / 2009,18-03-2009 (English)
S.No. 589,Case Number,C.A. No.-005530-005530 / 2002,01-04-2009 (English)
S.No. 590,Case Number,C.A. No.-003541-003541 / 2002,17-02-2009 (English)
S.No. 591,Case Number,C.A. No.-000092-000105 / 2004,15-04-2009 (English)
S.No. 592,Case Number,Crl.A. No.-001942-001942 / 2008,01-12-2008 (English)
S.No. 593,Case Number,C.A. No.-004972-004972 / 2009,31-07-2009 (English)
S.No. 594,Case Number,Crl.A. No.-001748-001748 / 2008,07-11-2008 (English)
S.No. 595,Case Number,C.A. No.-000883-000883 / 2009,11-02-2009 (English)
S.No. 596,Case Number,Crl.A. No.-000292-000292 / 2001,14-07-2009 (English)
S.No. 597,Case Number,Crl.A. No.-000242-000242 / 2009,09-02-2009 (English)
S.No. 598,Case Number,C.A. No.-002598-002598 / 2009,13-04-2009 (English)
S.No. 599,Case Number,C.A. No.-004486-004486 / 2009,"17-07-2009 (English)
17-07-2009 (English)"
S.No. 600,Case Number,Crl.A. No.-000679-000679 / 2009,06-04-2009 (English)
S.No. 601,Case Number,Crl.A. No.-001277-001277 / 2009,17-07-2009 (English)
S.No. 602,Case Number,C.A. No.-002096-002096 / 2001,23-10-2008 (English)
S.No. 603,Case Number,C.A. No.-004227-004227 / 2003,03-09-2009 (English)
S.No. 604,Case Number,C.A. No.-006618-006618 / 2008,11-11-2008 (English)
S.No. 605,Case Number,Crl.A. No.-000016-000016 / 2007,27-02-2009 (English)
S.No. 606,Case Number,C.A. No.-000849-000849 / 2002,27-08-2009 (English)
S.No. 607,Case Number,C.A. No.-003495-003495 / 2005,28-04-2009 (English)
S.No. 608,Case Number,Crl.A. No.-001582-001582 / 2009,21-08-2009 (English)
S.No. 609,Case Number,Crl.A. No.-000815-000815 / 2003,04-05-2009 (English)
S.No. 610,Case Number,C.A. No.-003563-003563 / 2009,14-05-2009 (English)
S.No. 611,Case Number,Crl.A. No.-001018-001018 / 2009,13-05-2009 (English)
S.No. 612,Case Number,Crl.A. No.-001232-001232 / 2004,26-05-2009 (English)
S.No. 613,Case Number,C.A. No.-000104-000104 / 2009,13-01-2009 (English)
S.No. 614,Case Number,C.A. No.-007253-007253 / 2008,12-12-2008 (English)
S.No. 615,Case Number,Crl.A. No.-002036-002036 / 2008,15-12-2008 (English)
S.No. 616,Case Number,Crl.A. No.-001063-001063 / 2003,21-10-2008 (English)
S.No. 617,Case Number,C.A. No.-003457-003458 / 2009,11-05-2009 (English)
S.No. 618,Case Number,Crl.A. No.-000428-000428 / 2002,16-03-2009 (English)
S.No. 619,Case Number,C.A. No.-004013-004013 / 2001,22-01-2009 (English)
S.No. 620,Case Number,Crl.A. No.-001240-001240 / 2006,08-05-2009 (English)
S.No. 621,Case Number,Crl.A. No.-000772-000772 / 2008,26-05-2009 (English)
S.No. 622,Case Number,C.A. No.-003571-003571 / 2009,14-05-2009 (English)
S.No. 623,Case Number,C.A. No.-004154-004154 / 2000,20-01-2009 (English)
S.No. 624,Case Number,Crl.A. No.-001100-001100 / 2002,30-04-2009 (English)
S.No. 625,Case Number,C.A. No.-000016-000016 / 2003,06-05-2009 (English)
S.No. 626,Case Number,C.A. No.-006112-006112 / 2009,04-09-2009 (English)
S.No. 627,Case Number,C.A. No.-006187-006187 / 2009,10-09-2009 (English)
S.No. 628,Case Number,Crl.A. No.-001057-001057 / 2009,14-05-2009 (English)
S.No. 629,Case Number,C.A. No.-006621-006621 / 2008,11-11-2008 (English)
S.No. 630,Case Number,C.A. No.-005826-005826 / 2006,25-05-2009 (English)
S.No. 631,Case Number,Crl.A. No.-001324-001324 / 2009,27-07-2009 (English)
S.No. 632,Case Number,C.A. No.-006746-006746 / 2008,19-11-2008 (English)
S.No. 633,Case Number,C.A. No.-006056-006056 / 2009,04-09-2009 (English)
S.No. 634,Case Number,C.A. No.-005692-005692 / 2001,27-08-2009 (English)
S.No. 635,Case Number,Crl.A. No.-000811-000811 / 2008,06-03-2009 (English)
S.No. 636,Case Number,Crl.A. No.-000773-000773 / 2003,19-02-2009 (English)
S.No. 637,Case Number,W.P.(C) No.-000195-000195 / 2006,10-02-2009 (English)
S.No. 638,Case Number,C.A. No.-000806-000806 / 2009,09-02-2009 (English)
S.No. 639,Case Number,Crl.A. No.-009825-009825 / 2002,29-04-2009 (English)
S.No. 640,Case Number,C.A. No.-000807-000807 / 2009,06-02-2009 (English)
S.No. 641,Case Number,Crl.A. No.-000285-000285 / 2009,12-02-2009 (English)
S.No. 642,Case Number,Crl.A. No.-001530-001530 / 2004,29-04-2009 (English)
S.No. 643,Case Number,C.A. No.-006410-006410 / 2008,17-08-2009 (English)
S.No. 644,Case Number,C.A. No.-004146-004146 / 2009,07-07-2009 (English)
S.No. 645,Case Number,Crl.A. No.-000688-000688 / 2009,09-04-2009 (English)
S.No. 646,Case Number,T.P.(C) No.-000326-000326 / 2008,06-12-2008 (English)
S.No. 647,Case Number,Crl.A. No.-001283-001283 / 2009,21-07-2009 (English)
S.No. 648,Case Number,C.A. No.-002837-002837 / 2009,27-04-2009 (English)
S.No. 649,Case Number,Crl.A. No.-001884-001884 / 2008,26-11-2008 (English)
S.No. 650,Case Number,C.A. No.-004436-004436 / 2004,01-09-2009 (English)
S.No. 651,Case Number,C.A. No.-001135-001135 / 2009,20-02-2009 (English)
S.No. 652,Case Number,Crl.A. No.-001063-001063 / 2001,07-11-2008 (English)
S.No. 653,Case Number,Crl.A. No.-000303-000304 / 2003,03-03-2009 (English)
S.No. 654,Case Number,C.A. No.-001794-001794 / 2009,23-03-2009 (English)
S.No. 655,Case Number,C.A. No.-003535-003536 / 2005,23-04-2009 (English)
S.No. 656,Case Number,C.A. No.-002605-002605 / 2009,15-04-2009 (English)
S.No. 657,Case Number,C.A. No.-006235-006236 / 2009,11-09-2009 (English)
S.No. 658,Case Number,Crl.A. No.-000658-000658 / 2002,07-08-2009 (English)
S.No. 659,Case Number,C.A. No.-004290-004290 / 2003,21-07-2009 (English)
S.No. 660,Case Number,C.A. No.-005699-005699 / 2000,07-07-2009 (English)
S.No. 661,Case Number,C.A. No.-003468-003468 / 2009,04-05-2009 (English)
S.No. 662,Case Number,C.A. No.-003346-003346 / 2002,"27-03-2009 (English)
26-03-2009 (English)"
S.No. 663,Case Number,C.A. No.-000753-000753 / 2007,22-05-2009 (English)
S.No. 664,Case Number,C.A. No.-001121-001121 / 2009,19-02-2009 (English)
S.No. 665,Case Number,Crl.A. No.-000300-000300 / 2003,12-02-2009 (English)
S.No. 666,Case Number,C.A. No.-004154-004154 / 2009,07-07-2009 (English)
S.No. 667,Case Number,C.A. No.-006442-006442 / 2000,07-11-2008 (English)
S.No. 668,Case Number,Crl.A. No.-000210-000210 / 2008,23-04-2009 (English)
S.No. 669,Case Number,C.A. No.-004150-004150 / 2009,07-07-2009 (English)
S.No. 670,Case Number,C.A. No.-004151-004151 / 2009,07-07-2009 (English)
S.No. 671,Case Number,C.A. No.-001317-001317 / 2002,30-04-2009 (English)
S.No. 672,Case Number,C.A. No.-007367-007367 / 2008,17-12-2008 (English)
S.No. 673,Case Number,C.A. No.-001104-001104 / 2009,18-02-2009 (English)
S.No. 674,Case Number,C.A. No.-001353-001353 / 2009,02-03-2009 (English)
S.No. 675,Case Number,W.P.(C) No.-000403-000403 / 2002,08-05-2009 (English)
S.No. 676,Case Number,C.A. No.-005241-005241 / 2002,09-09-2009 (English)
S.No. 677,Case Number,C.A. No.-001252-001253 / 2005,11-11-2008 (English)
S.No. 678,Case Number,Crl.A. No.-000190-000190 / 2005,21-04-2009 (English)
S.No. 679,Case Number,Crl.A. No.-000838-000838 / 2009,27-04-2009 (English)
S.No. 680,Case Number,C.A. No.-001102-001102 / 2009,18-02-2009 (English)
S.No. 681,Case Number,Crl.A. No.-000491-000491 / 2007,16-04-2009 (English)
S.No. 682,Case Number,Crl.A. No.-000822-000822 / 2003,15-04-2009 (English)
S.No. 683,Case Number,C.A. No.-007112-007112 / 2008,04-12-2008 (English)
S.No. 684,Case Number,C.A. No.-000154-000154 / 2009,09-01-2009 (English)
S.No. 685,Case Number,C.A. No.-007203-007203 / 2004,04-08-2009 (English)
S.No. 686,Case Number,C.A. No.-007412-007413 / 2008,18-12-2008 (English)
S.No. 687,Case Number,C.A. No.-006776-006776 / 2009,06-10-2009 (English)
S.No. 688,Case Number,C.A. No.-002876-002876 / 2001,08-04-2009 (English)
S.No. 689,Case Number,C.A. No.-003401-003401 / 2009,08-05-2009 (English)
S.No. 690,Case Number,Crl.A. No.-001649-001649 / 2008,21-10-2008 (English)
S.No. 691,Case Number,C.A. No.-007139-007139 / 2004,27-08-2009 (English)
S.No. 692,Case Number,Crl.A. No.-002067-002067 / 2008,18-12-2008 (English)
S.No. 693,Case Number,T.P.(C) No.-000413-000413 / 2008,13-02-2009 (English)
S.No. 694,Case Number,C.A. No.-006517-006517 / 2009,18-09-2009 (English)
S.No. 695,Case Number,C.A. No.-000804-000804 / 2009,09-02-2009 (English)
S.No. 696,Case Number,C.A. No.-004173-004173 / 2008,25-02-2009 (English)
S.No. 697,Case Number,C.A. No.-003668-003668 / 2007,08-10-2009 (English)
S.No. 698,Case Number,Crl.A. No.-000565-000566 / 2009,27-03-2009 (English)
S.No. 699,Case Number,Crl.A. No.-000859-000859 / 2004,21-04-2009 (English)
S.No. 700,Case Number,Crl.A. No.-001087-001087 / 2009,15-05-2009 (English)
S.No. 701,Case Number,C.A. No.-006289-006289 / 2001,25-08-2009 (English)
S.No. 702,Case Number,C.A. No.-006943-006943 / 2000,10-12-2008 (English)
S.No. 703,Case Number,Crl.A. No.-002055-002055 / 2008,17-12-2008 (English)
S.No. 704,Case Number,Crl.A. No.-001094-001094 / 2009,15-05-2009 (English)
S.No. 705,Case Number,C.A. No.-003337-003361 / 2009,06-05-2009 (English)
S.No. 706,Case Number,Crl.A. No.-000018-000018 / 2003,28-04-2009 (English)
S.No. 707,Case Number,W.P.(C) No.-000211-000211 / 2007,11-12-2008 (English)
S.No. 708,Case Number,C.A. No.-002732-002732 / 2001,10-09-2009 (English)
S.No. 709,Case Number,C.A. No.-007604-007604 / 2002,28-04-2009 (English)
S.No. 710,Case Number,C.A. No.-002850-002852 / 2001,25-03-2009 (English)
S.No. 711,Case Number,C.A. No.-002634-002634 / 2009,17-04-2009 (English)
S.No. 712,Case Number,C.A. No.-006707-006707 / 2008,19-11-2008 (English)
S.No. 713,Case Number,C.A. No.-005349-005351 / 2001,14-07-2009 (English)
S.No. 714,Case Number,C.A. No.-007641-007641 / 2009,14-09-2009 (English)
S.No. 715,Case Number,C.A. No.-001024-001035 / 2002,30-04-2009 (English)
S.No. 716,Case Number,C.A. No.-003156-003156 / 2007,07-10-2009 (English)
S.No. 717,Case Number,C.A. No.-004192-004192 / 2009,06-10-2009 (English)
S.No. 718,Case Number,T.P.(C) No.-000422-000422 / 2008,15-12-2008 (English)
S.No. 719,Case Number,C.A. No.-005952-005952 / 2002,"06-10-2009 (English)
08-09-2009 (English)"
S.No. 720,Case Number,Crl.A. No.-000943-000945 / 2002,29-07-2009 (English)
S.No. 721,Case Number,Crl.A. No.-000551-000551 / 2005,21-01-2009 (English)
S.No. 722,Case Number,Crl.A. No.-001351-001351 / 2009,29-07-2009 (English)
S.No. 723,Case Number,Crl.A. No.-001074-001074 / 2001,24-02-2009 (English)
S.No. 724,Case Number,C.A. No.-004166-004166 / 2008,15-06-2009 (English)
S.No. 725,Case Number,C.A. No.-000993-000993 / 2005,21-01-2009 (English)
S.No. 726,Case Number,C.A. No.-003140-003140 / 2009,01-05-2009 (English)
S.No. 727,Case Number,Crl.A. No.-000607-000612 / 2009,30-03-2009 (English)
S.No. 728,Case Number,C.A. No.-000798-000798 / 2008,12-08-2009 (English)
S.No. 729,Case Number,C.A. No.-000884-000884 / 2009,11-02-2009 (English)
S.No. 730,Case Number,C.A. No.-000050-000050 / 2009,05-01-2009 (English)
S.No. 731,Case Number,C.A. No.-000957-000957 / 2009,12-02-2009 (English)
S.No. 732,Case Number,C.A. No.-005914-005915 / 2009,01-09-2009 (English)
S.No. 733,Case Number,Crl.A. No.-001870-001870 / 2008,25-11-2008 (English)
S.No. 734,Case Number,C.A. No.-002053-002053 / 2009,31-03-2009 (English)
S.No. 735,Case Number,C.A. No.-006704-006704 / 2008,17-11-2008 (English)
S.No. 736,Case Number,Crl.A. No.-001048-001048 / 2002,04-03-2009 (English)
S.No. 737,Case Number,Crl.A. No.-000690-000694 / 2009,09-04-2009 (English)
S.No. 738,Case Number,Crl.A. No.-000271-000271 / 2009,11-02-2009 (English)
S.No. 739,Case Number,C.A. No.-006541-006541 / 2000,10-12-2008 (English)
S.No. 740,Case Number,C.A. No.-002627-002627 / 2009,17-04-2009 (English)
S.No. 741,Case Number,Crl.A. No.-001969-001969 / 2008,05-12-2008 (English)
S.No. 742,Case Number,C.A. No.-002608-002608 / 2001,25-03-2009 (English)
S.No. 743,Case Number,Crl.A. No.-001030-001031 / 2003,15-04-2009 (English)
S.No. 744,Case Number,C.A. No.-004960-004960 / 2009,31-07-2009 (English)
S.No. 745,Case Number,Crl.A. No.-001133-001133 / 2001,17-04-2009 (English)
S.No. 746,Case Number,C.A. No.-003469-003469 / 2009,04-05-2009 (English)
S.No. 747,Case Number,C.A. No.-002367-002367 / 2006,12-05-2009 (English)
S.No. 748,Case Number,C.A. No.-001292-001292 / 2002,16-09-2009 (English)
S.No. 749,Case Number,C.A. No.-007283-007283 / 2001,18-03-2009 (English)
S.No. 750,Case Number,W.P.(C) No.-000219-000219 / 2006,13-01-2009 (English)
S.No. 751,Case Number,Crl.A. No.-001068-001068 / 2001,07-11-2008 (English)
S.No. 752,Case Number,C.A. No.-005141-005141 / 2002,09-10-2009 (English)
S.No. 753,Case Number,C.A. No.-003407-003407 / 2009,04-05-2009 (English)
S.No. 754,Case Number,Crl.A. No.-000115-000115 / 2009,21-01-2009 (English)
S.No. 755,Case Number,Crl.A. No.-001876-001876 / 2009,05-10-2009 (English)
S.No. 756,Case Number,Crl.A. No.-000101-000101 / 2005,14-01-2009 (English)
S.No. 757,Case Number,Crl.A. No.-001365-001365 / 2002,27-02-2009 (English)
S.No. 758,Case Number,C.A. No.-006280-006281 / 2008,24-10-2008 (English)
S.No. 759,Case Number,C.A. No.-003273-003274 / 2009,01-05-2009 (English)
S.No. 760,Case Number,C.A. No.-005510-005510 / 2001,22-04-2009 (English)
S.No. 761,Case Number,Crl.A. No.-000845-000845 / 2009,27-04-2009 (English)
S.No. 762,Case Number,C.A. No.-004617-004617 / 2004,21-04-2009 (English)
S.No. 763,Case Number,ARBIT.CASE(C) No.-000007-000007 / 2006,20-01-2009 (English)
S.No. 764,Case Number,Crl.A. No.-001535-001535 / 2008,26-03-2009 (English)
S.No. 765,Case Number,C.A. No.-004795-004795 / 2009,29-07-2009 (English)
S.No. 766,Case Number,C.A. No.-005292-005292 / 2008,20-02-2009 (English)
S.No. 767,Case Number,C.A. No.-007417-007417 / 2008,18-12-2008 (English)
S.No. 768,Case Number,Crl.A. No.-000697-000697 / 2000,06-11-2008 (English)
S.No. 769,Case Number,C.A. No.-002672-002672 / 2009,25-08-2009 (English)
S.No. 770,Case Number,Crl.A. No.-000117-000117 / 2003,05-05-2009 (English)
S.No. 771,Case Number,Crl.A. No.-001651-001652 / 2008,01-12-2008 (English)
S.No. 772,Case Number,C.A. No.-007050-007050 / 2002,15-07-2009 (English)
S.No. 773,Case Number,C.A. No.-002630-002630 / 2009,17-04-2009 (English)
S.No. 774,Case Number,Crl.A. No.-000231-000231 / 2001,12-11-2008 (English)
S.No. 775,Case Number,Crl.A. No.-000447-000447 / 2009,06-03-2009 (English)
S.No. 776,Case Number,C.A. No.-007169-007169 / 2008,06-12-2008 (English)
S.No. 777,Case Number,C.A. No.-007972-007972 / 2002,22-01-2009 (English)
S.No. 778,Case Number,C.A. No.-007314-007314 / 2008,16-12-2008 (English)
S.No. 779,Case Number,C.A. No.-007087-007087 / 2002,26-05-2009 (English)
S.No. 780,Case Number,C.A. No.-003179-003179 / 2009,27-04-2009 (English)
S.No. 781,Case Number,C.A. No.-006528-006528 / 2008,24-10-2008 (English)
S.No. 782,Case Number,C.A. No.-006381-006381 / 2009,31-08-2009 (English)
S.No. 783,Case Number,Crl.A. No.-000810-000810 / 2003,01-12-2008 (English)
S.No. 784,Case Number,Crl.A. No.-001416-001416 / 2009,04-08-2009 (English)
S.No. 785,Case Number,C.A. No.-003486-003486 / 2009,12-05-2009 (English)
S.No. 786,Case Number,Crl.A. No.-001373-001373 / 2009,31-07-2009 (English)
S.No. 787,Case Number,Crl.A. No.-001325-001325 / 2004,05-05-2009 (English)
S.No. 788,Case Number,SLP(C) No.-008519-008519 / 2006,29-09-2009 (English)
S.No. 789,Case Number,C.A. No.-003379-003379 / 2009,06-05-2009 (English)
S.No. 790,Case Number,C.A. No.-007211-007211 / 2008,21-11-2008 (English)
S.No. 791,Case Number,C.A. No.-001308-001308 / 2008,17-08-2009 (English)
S.No. 792,Case Number,C.A. No.-005576-005576 / 2009,18-08-2009 (English)
S.No. 793,Case Number,Crl.A. No.-001724-001724 / 2008,03-11-2008 (English)
S.No. 794,Case Number,C.A. No.-001976-001976 / 2003,04-08-2009 (English)
S.No. 795,Case Number,C.A. No.-002580-002580 / 2009,13-04-2009 (English)
S.No. 796,Case Number,C.A. No.-003459-003459 / 2009,11-05-2009 (English)
S.No. 797,Case Number,C.A. No.-007259-007259 / 2002,28-01-2009 (English)
S.No. 798,Case Number,C.A. No.-006151-006151 / 2001,26-02-2009 (English)
S.No. 799,Case Number,Crl.A. No.-000665-000665 / 2006,17-04-2009 (English)
S.No. 800,Case Number,C.A. No.-005237-005237 / 2002,27-03-2009 (English)
S.No. 801,Case Number,C.A. No.-000380-000380 / 2007,24-03-2009 (English)
S.No. 802,Case Number,C.A. No.-006922-006923 / 2009,08-10-2009 (English)
S.No. 803,Case Number,T.P.(C) No.-000490-000490 / 2008,03-12-2008 (English)
S.No. 804,Case Number,C.A. No.-006510-006510 / 2009,29-09-2009 (English)
S.No. 805,Case Number,C.A. No.-000355-000355 / 2009,19-01-2009 (English)
S.No. 806,Case Number,Crl.A. No.-000864-000864 / 2009,24-04-2009 (English)
S.No. 807,Case Number,Crl.A. No.-001186-001186 / 2001,18-11-2008 (English)
S.No. 808,Case Number,C.A. No.-001098-001098 / 2009,18-02-2009 (English)
S.No. 809,Case Number,C.A. No.-003188-003190 / 2009,04-05-2009 (English)
S.No. 810,Case Number,C.A. No.-002632-002632 / 2005,30-04-2009 (English)
S.No. 811,Case Number,Crl.A. No.-001389-001389 / 2004,"15-04-2009 (English)
24-03-2009 (English)"
S.No. 812,Case Number,C.A. No.-007028-007028 / 2008,17-11-2008 (English)
S.No. 813,Case Number,C.A. No.-006802-006806 / 2003,17-11-2008 (English)
S.No. 814,Case Number,Crl.A. No.-001053-001053 / 2005,04-05-2009 (English)
S.No. 815,Case Number,Crl.A. No.-001836-001836 / 2008,17-11-2008 (English)
S.No. 816,Case Number,C.A. No.-004944-004944 / 2004,31-03-2009 (English)
S.No. 817,Case Number,Crl.A. No.-001434-001434 / 2004,02-09-2009 (English)
S.No. 818,Case Number,C.A. No.-002700-002700 / 2006,06-05-2009 (English)
S.No. 819,Case Number,C.A. No.-006335-006336 / 2001,22-04-2009 (English)
S.No. 820,Case Number,Crl.A. No.-000057-000057 / 2002,13-02-2009 (English)
S.No. 821,Case Number,Crl.A. No.-000915-000915 / 2003,07-11-2008 (English)
S.No. 822,Case Number,C.A. No.-004646-004646 / 2009,23-07-2009 (English)
S.No. 823,Case Number,C.A. No.-002764-002764 / 2009,22-04-2009 (English)
S.No. 824,Case Number,C.A. No.-002554-002554 / 2009,15-04-2009 (English)
S.No. 825,Case Number,C.A. No.-004966-004966 / 2009,31-07-2009 (English)
S.No. 826,Case Number,Crl.A. No.-001233-001234 / 2002,07-10-2009 (English)
S.No. 827,Case Number,C.A. No.-002687-002687 / 2007,17-04-2009 (English)
S.No. 828,Case Number,Crl.A. No.-000453-000454 / 2003,21-10-2008 (English)
S.No. 829,Case Number,C.A. No.-001079-001079 / 2009,17-02-2009 (English)
S.No. 830,Case Number,C.A. No.-003758-003758 / 2006,08-09-2009 (English)
S.No. 831,Case Number,Crl.A. No.-000435-000436 / 2014,27-07-2009 (English)
S.No. 832,Case Number,C.A. No.-006607-006607 / 2005,17-09-2009 (English)
S.No. 833,Case Number,Crl.A. No.-000017-000017 / 2002,21-10-2008 (English)
S.No. 834,Case Number,C.A. No.-000311-000312 / 2003,07-09-2009 (English)
S.No. 835,Case Number,Crl.A. No.-000030-000031 / 2003,03-12-2008 (English)
S.No. 836,Case Number,Crl.A. No.-000016-000016 / 2003,30-04-2009 (English)
S.No. 837,Case Number,C.A. No.-001678-001678 / 2002,08-07-2009 (English)
S.No. 838,Case Number,C.A. No.-003453-003453 / 2006,21-05-2009 (English)
S.No. 839,Case Number,Crl.A. No.-002088-002088 / 2008,19-12-2008 (English)
S.No. 840,Case Number,Crl.A. No.-001094-001098 / 2000,03-12-2008 (English)
S.No. 841,Case Number,C.A. No.-000007-000007 / 2009,06-01-2009 (English)
S.No. 842,Case Number,Crl.A. No.-001069-001069 / 2004,11-02-2009 (English)
S.No. 843,Case Number,SLP(C) No.-014126-014126 / 2009,16-07-2009 (English)
S.No. 844,Case Number,SLP(C) No.-009721-009721 / 2006,23-10-2008 (English)
S.No. 845,Case Number,C.A. No.-003702-003702 / 2006,"06-07-2009 (English)
05-11-2008 (English)"
S.No. 846,Case Number,C.A. No.-005085-005085 / 2009,04-08-2009 (English)
S.No. 847,Case Number,Crl.A. No.-001697-001697 / 2008,24-10-2008 (English)
S.No. 848,Case Number,C.A. No.-006397-006398 / 2001,15-05-2009 (English)
S.No. 849,Case Number,C.A. No.-006582-006582 / 2008,"07-11-2008 (English)
07-11-2008 (English)"
S.No. 850,Case Number,C.A. No.-003243-003243 / 2009,05-05-2009 (English)
S.No. 851,Case Number,Crl.A. No.-000037-000037 / 2009,12-01-2009 (English)
S.No. 852,Case Number,C.A. No.-003335-003335 / 2009,06-05-2009 (English)
S.No. 853,Case Number,C.A. No.-004125-004125 / 2009,21-04-2009 (English)
S.No. 854,Case Number,C.A. No.-003405-003405 / 2009,08-05-2009 (English)
S.No. 855,Case Number,C.A. No.-003870-003870 / 2009,01-05-2009 (English)
S.No. 856,Case Number,CONMT.PET.(C) No.-000245-000245 / 2007,19-12-2008 (English)
S.No. 857,Case Number,C.A. No.-005271-005271 / 2009,10-08-2009 (English)
S.No. 858,Case Number,Crl.A. No.-001665-001668 / 2008,21-10-2008 (English)
S.No. 859,Case Number,C.A. No.-004206-004206 / 2008,12-01-2009 (English)
S.No. 860,Case Number,T.P.(C) No.-000519-000519 / 2008,17-11-2008 (English)
S.No. 861,Case Number,C.A. No.-003240-003240 / 2009,05-05-2009 (English)
S.No. 862,Case Number,C.A. No.-003696-003696 / 2005,21-04-2009 (English)
S.No. 863,Case Number,Crl.A. No.-000860-000860 / 2004,31-03-2009 (English)
S.No. 864,Case Number,Crl.A. No.-001214-001214 / 2009,14-07-2009 (English)
S.No. 865,Case Number,Crl.A. No.-000140-000140 / 2009,23-01-2009 (English)
S.No. 866,Case Number,C.A. No.-006253-006253 / 2008,"29-07-2009 (English)
22-10-2008 (English)"
S.No. 867,Case Number,Crl.A. No.-000848-000848 / 2009,27-04-2009 (English)
S.No. 868,Case Number,C.A. No.-005717-005717 / 2009,21-08-2009 (English)
S.No. 869,Case Number,Crl.A. No.-000598-000598 / 2009,31-03-2009 (English)
S.No. 870,Case Number,Crl.A. No.-000377-000377 / 2000,03-12-2008 (English)
S.No. 871,Case Number,Crl.A. No.-002086-002086 / 2008,19-12-2008 (English)
S.No. 872,Case Number,C.A. No.-007137-007137 / 2008,15-12-2008 (English)
S.No. 873,Case Number,C.A. No.-003483-003483 / 2008,15-04-2009 (English)
S.No. 874,Case Number,Crl.A. No.-000308-000308 / 2006,11-11-2008 (English)
S.No. 875,Case Number,C.A. No.-002829-002829 / 2009,27-04-2009 (English)
S.No. 876,Case Number,SLP(C) No.-015843-015843 / 2008,19-03-2009 (English)
S.No. 877,Case Number,Crl.A. No.-000988-000988 / 2004,27-08-2009 (English)
S.No. 878,Case Number,C.A. No.-003721-003721 / 2002,06-11-2008 (English)
S.No. 879,Case Number,C.A. No.-005291-005291 / 2004,06-07-2009 (English)
S.No. 880,Case Number,Crl.A. No.-001766-001766 / 2009,14-09-2009 (English)
S.No. 881,Case Number,R.P.(C) No.-001368-001368 / 2004,07-08-2009 (English)
S.No. 882,Case Number,Crl.A. No.-001271-001271 / 2004,15-04-2009 (English)
S.No. 883,Case Number,C.A. No.-007316-007316 / 2008,16-12-2008 (English)
S.No. 884,Case Number,Crl.A. No.-000553-000553 / 2008,06-05-2009 (English)
S.No. 885,Case Number,Crl.A. No.-000445-000445 / 2009,06-03-2009 (English)
S.No. 886,Case Number,C.A. No.-004152-004152 / 2008,11-05-2009 (English)
S.No. 887,Case Number,C.A. No.-004367-004367 / 2000,15-04-2009 (English)
S.No. 888,Case Number,C.A. No.-008535-008535 / 2002,06-05-2009 (English)
S.No. 889,Case Number,T.P.(C) No.-000531-000531 / 2008,28-04-2009 (English)
S.No. 890,Case Number,C.A. No.-005524-005524 / 2004,26-05-2009 (English)
S.No. 891,Case Number,C.A. No.-007350-007350 / 2008,17-12-2008 (English)
S.No. 892,Case Number,Crl.A. No.-001231-001231 / 2002,06-05-2009 (English)
S.No. 893,Case Number,Crl.A. No.-000535-000535 / 2004,26-08-2009 (English)
S.No. 894,Case Number,Crl.A. No.-001430-001434 / 2009,29-07-2009 (English)
S.No. 895,Case Number,CONMT.PET.(C) No.-000102-000102 / 2008,16-12-2008 (English)
S.No. 896,Case Number,C.A. No.-007184-007185 / 2001,09-10-2009 (English)
S.No. 897,Case Number,C.A. No.-000542-000542 / 2009,30-01-2009 (English)
S.No. 898,Case Number,Crl.A. No.-000986-000986 / 2007,08-10-2009 (English)
S.No. 899,Case Number,C.A. No.-006575-006575 / 2008,07-11-2008 (English)
S.No. 900,Case Number,Crl.A. No.-001289-001289 / 2002,13-02-2009 (English)
S.No. 901,Case Number,Crl.A. No.-000100-000100 / 2002,07-01-2009 (English)
S.No. 902,Case Number,Crl.A. No.-001113-001113 / 2005,21-10-2008 (English)
S.No. 903,Case Number,C.A. No.-001784-001784 / 2009,23-03-2009 (English)
S.No. 904,Case Number,Crl.A. No.-000044-000044 / 2002,11-11-2008 (English)
S.No. 905,Case Number,C.A. No.-002535-002535 / 2009,15-04-2009 (English)
S.No. 906,Case Number,C.A. No.-004774-004774 / 2009,27-07-2009 (English)
S.No. 907,Case Number,C.A. No.-002044-002044 / 2009,27-03-2009 (English)
S.No. 908,Case Number,C.A. No.-004916-004916 / 2002,18-02-2009 (English)
S.No. 909,Case Number,C.A. No.-001866-001866 / 2002,13-04-2009 (English)
S.No. 910,Case Number,C.A. No.-005780-005780 / 1999,10-09-2009 (English)
S.No. 911,Case Number,C.A. No.-000762-000762 / 2009,06-02-2009 (English)
S.No. 912,Case Number,C.A. No.-000498-000498 / 2009,29-01-2009 (English)
S.No. 913,Case Number,C.A. No.-006161-006161 / 2008,20-10-2008 (English)
S.No. 914,Case Number,Crl.A. No.-000817-000817 / 2006,23-07-2009 (English)
S.No. 915,Case Number,Crl.A. No.-001893-001893 / 2008,28-11-2008 (English)
S.No. 916,Case Number,C.A. No.-004380-004382 / 2016,06-05-2009 (English)
S.No. 917,Case Number,Crl.A. No.-001374-001374 / 2009,31-07-2009 (English)
S.No. 918,Case Number,Crl.A. No.-000362-000363 / 2002,12-02-2009 (English)
S.No. 919,Case Number,Crl.A. No.-001271-001271 / 2001,25-02-2009 (English)
S.No. 920,Case Number,C.A. No.-005952-005952 / 2009,01-09-2009 (English)
S.No. 921,Case Number,Crl.A. No.-000958-000958 / 2004,06-07-2009 (English)
S.No. 922,Case Number,C.A. No.-006656-006656 / 2008,14-11-2008 (English)
S.No. 923,Case Number,C.A. No.-000036-000036 / 2003,29-04-2009 (English)
S.No. 924,Case Number,Crl.A. No.-000885-000885 / 2009,01-05-2009 (English)
S.No. 925,Case Number,C.A. No.-004644-004644 / 2009,23-07-2009 (English)
S.No. 926,Case Number,C.A. No.-003474-003474 / 2009,08-05-2009 (English)
S.No. 927,Case Number,C.A. No.-002833-002836 / 2009,25-04-2009 (English)
S.No. 928,Case Number,Crl.A. No.-001315-001315 / 2002,22-04-2009 (English)
S.No. 929,Case Number,Crl.A. No.-000505-000505 / 2006,11-02-2009 (English)
S.No. 930,Case Number,C.A. No.-007033-007033 / 2001,21-04-2009 (English)
S.No. 931,Case Number,C.A. No.-000044-000044 / 2003,10-07-2009 (English)
S.No. 932,Case Number,Crl.A. No.-000426-000426 / 2009,03-03-2009 (English)
S.No. 933,Case Number,C.A. No.-000035-000035 / 2009,05-01-2009 (English)
S.No. 934,Case Number,C.A. No.-006657-006657 / 2008,14-11-2008 (English)
S.No. 935,Case Number,C.A. No.-003237-003237 / 2009,05-05-2009 (English)
S.No. 936,Case Number,C.A. No.-007352-007352 / 2008,17-12-2008 (English)
S.No. 937,Case Number,C.A. No.-001756-001757 / 2009,16-02-2009 (English)
S.No. 938,Case Number,C.A. No.-006580-006580 / 2008,"07-11-2008 (English)
07-11-2008 (English)"
S.No. 939,Case Number,C.A. No.-002186-002187 / 2009,06-04-2009 (English)
S.No. 940,Case Number,C.A. No.-002240-002240 / 2009,08-04-2009 (English)
S.No. 941,Case Number,Crl.A. No.-001329-001329 / 2003,28-05-2009 (English)
S.No. 942,Case Number,C.A. No.-005448-005448 / 1998,28-04-2009 (English)
S.No. 943,Case Number,Crl.A. No.-000987-000987 / 2002,01-09-2009 (English)
S.No. 944,Case Number,C.A. No.-003510-003511 / 2008,06-05-2009 (English)
S.No. 945,Case Number,C.A. No.-006871-006871 / 2008,25-11-2008 (English)
S.No. 946,Case Number,C.A. No.-002656-002656 / 2009,20-04-2009 (English)
S.No. 947,Case Number,Crl.A. No.-000549-000549 / 2009,25-03-2009 (English)
S.No. 948,Case Number,C.A. No.-007304-007304 / 2008,16-12-2008 (English)
S.No. 949,Case Number,Crl.A. No.-001047-001047 / 2002,06-05-2009 (English)
S.No. 950,Case Number,C.A. No.-000389-000389 / 2009,23-01-2009 (English)
S.No. 951,Case Number,C.A. No.-006049-006049 / 2002,29-01-2009 (English)
S.No. 952,Case Number,C.A. No.-007034-007034 / 2001,27-11-2008 (English)
S.No. 953,Case Number,C.A. No.-007358-007358 / 2002,31-07-2009 (English)
S.No. 954,Case Number,Crl.A. No.-001390-001390 / 2004,23-04-2009 (English)
S.No. 955,Case Number,C.A. No.-005076-005076 / 2009,04-08-2009 (English)
S.No. 956,Case Number,C.A. No.-008500-008501 / 2001,25-08-2009 (English)
S.No. 957,Case Number,C.A. No.-002632-002632 / 2009,17-04-2009 (English)
S.No. 958,Case Number,C.A. No.-005127-005128 / 2009,"06-08-2009 (English)
22-07-2009 (English)"
S.No. 959,Case Number,Crl.A. No.-000343-000343 / 2009,20-02-2009 (English)
S.No. 960,Case Number,C.A. No.-004716-004716 / 2009,27-07-2009 (English)
S.No. 961,Case Number,C.A. No.-007355-007355 / 2008,17-12-2008 (English)
S.No. 962,Case Number,C.A. No.-006557-006557 / 2002,28-11-2008 (English)
S.No. 963,Case Number,C.A. No.-001965-001965 / 2009,27-03-2009 (English)
S.No. 964,Case Number,C.A. No.-002383-002384 / 2009,30-03-2009 (English)
S.No. 965,Case Number,Crl.A. No.-000102-000102 / 2001,25-11-2008 (English)
S.No. 966,Case Number,Crl.A. No.-000267-000267 / 2009,11-02-2009 (English)
S.No. 967,Case Number,T.P.(C) No.-000574-000574 / 2008,27-07-2009 (English)
S.No. 968,Case Number,C.A. No.-005064-005064 / 2004,25-02-2009 (English)
S.No. 969,Case Number,C.A. No.-004962-004962 / 2002,10-07-2009 (English)
S.No. 970,Case Number,C.A. No.-003433-003433 / 2007,28-08-2009 (English)
S.No. 971,Case Number,Crl.A. No.-000167-000168 / 2001,12-11-2008 (English)
S.No. 972,Case Number,Crl.A. No.-000879-000879 / 2004,06-07-2009 (English)
S.No. 973,Case Number,Crl.A. No.-000288-000288 / 2009,12-02-2009 (English)
S.No. 974,Case Number,C.A. No.-005073-005073 / 2009,04-08-2009 (English)
S.No. 975,Case Number,C.A. No.-000812-000814 / 2009,09-02-2009 (English)
S.No. 976,Case Number,Crl.A. No.-001834-001834 / 2008,18-11-2008 (English)
S.No. 977,Case Number,Crl.A. No.-000865-000865 / 2009,24-04-2009 (English)
S.No. 978,Case Number,C.A. No.-003700-003700 / 2007,21-11-2008 (English)
S.No. 979,Case Number,C.A. No.-002372-002372 / 2002,30-04-2009 (English)
S.No. 980,Case Number,Crl.A. No.-001562-001562 / 2009,17-08-2009 (English)
S.No. 981,Case Number,Crl.A. No.-002044-002044 / 2008,16-12-2008 (English)
S.No. 982,Case Number,C.A. No.-003493-003493 / 2009,12-05-2009 (English)
S.No. 983,Case Number,W.P.(C) No.-000216-000216 / 2009,26-05-2009 (English)
S.No. 984,Case Number,Crl.A. No.-000189-000189 / 2003,06-05-2009 (English)
S.No. 985,Case Number,C.A. No.-004583-004583 / 2009,21-07-2009 (English)
S.No. 986,Case Number,Crl.A. No.-001011-001011 / 2005,18-08-2009 (English)
S.No. 987,Case Number,C.A. No.-003611-003611 / 2008,06-03-2009 (English)
S.No. 988,Case Number,Crl.A. No.-001339-001339 / 2005,22-04-2009 (English)
S.No. 989,Case Number,C.A. No.-006520-006520 / 2002,09-10-2009 (English)
S.No. 990,Case Number,C.A. No.-006854-006854 / 2008,26-11-2008 (English)
S.No. 991,Case Number,C.A. No.-005079-005079 / 2009,04-08-2009 (English)
S.No. 992,Case Number,C.A. No.-007305-007305 / 2008,16-12-2008 (English)
S.No. 993,Case Number,Crl.A. No.-001263-001263 / 2001,21-10-2008 (English)
S.No. 994,Case Number,C.A. No.-001006-001006 / 2009,13-02-2009 (English)
S.No. 995,Case Number,C.A. No.-003726-003726 / 2001,19-08-2009 (English)
S.No. 996,Case Number,Crl.A. No.-000254-000254 / 2002,07-11-2008 (English)
S.No. 997,Case Number,C.A. No.-001716-001716 / 2004,19-12-2008 (English)
S.No. 998,Case Number,Crl.A. No.-001034-001034 / 2003,07-10-2009 (English)
S.No. 999,Case Number,Crl.A. No.-001221-001221 / 2004,29-04-2009 (English)
S.No. 1000,Case Number,Crl.A. No.-000265-000265 / 2009,11-02-2009 (English)
S.No. 1001,Case Number,C.A. No.-005074-005074 / 2009,04-08-2009 (English)
S.No. 1002,Case Number,Crl.A. No.-000905-000905 / 2005,07-08-2009 (English)
S.No. 1003,Case Number,Crl.A. No.-000639-000639 / 2008,06-05-2009 (English)
S.No. 1004,Case Number,Crl.A. No.-001729-001729 / 2008,05-11-2008 (English)
S.No. 1005,Case Number,C.A. No.-000499-000499 / 2009,29-01-2009 (English)
S.No. 1006,Case Number,Crl.A. No.-000979-000979 / 2002,05-05-2009 (English)
S.No. 1007,Case Number,Crl.A. No.-000157-000157 / 2009,23-01-2009 (English)
S.No. 1008,Case Number,C.A. No.-000272-000272 / 2009,16-01-2009 (English)
S.No. 1009,Case Number,Crl.A. No.-000006-000007 / 2003,28-04-2009 (English)
S.No. 1010,Case Number,Crl.A. No.-001399-001399 / 2004,22-10-2008 (English)
S.No. 1011,Case Number,Crl.A. No.-000951-000951 / 2001,05-05-2009 (English)
S.No. 1012,Case Number,C.A. No.-003414-003414 / 2009,08-05-2009 (English)
S.No. 1013,Case Number,Crl.A. No.-000237-000237 / 2004,15-04-2009 (English)
S.No. 1014,Case Number,C.A. No.-006938-006939 / 2008,02-12-2008 (English)
S.No. 1015,Case Number,Crl.A. No.-000828-000828 / 2006,21-11-2008 (English)
S.No. 1016,Case Number,C.A. No.-007121-007121 / 2001,23-02-2009 (English)
S.No. 1017,Case Number,C.A. No.-002213-002213 / 2001,07-09-2009 (English)
S.No. 1018,Case Number,Crl.A. No.-000296-000296 / 2009,13-02-2009 (English)
S.No. 1019,Case Number,C.A. No.-000388-000388 / 2009,23-01-2009 (English)
S.No. 1020,Case Number,Crl.A. No.-001055-001055 / 2007,04-08-2009 (English)
S.No. 1021,Case Number,C.A. No.-005455-005455 / 2002,22-04-2009 (English)
S.No. 1022,Case Number,SLP(C) No.-018563-018563 / 2005,03-12-2008 (English)
S.No. 1023,Case Number,C.A. No.-005191-005191 / 2002,16-12-2008 (English)
S.No. 1024,Case Number,Crl.A. No.-000813-000813 / 2009,21-04-2009 (English)
S.No. 1025,Case Number,C.A. No.-006346-006346 / 2002,26-03-2009 (English)
S.No. 1026,Case Number,C.A. No.-003300-003300 / 2007,03-03-2009 (English)
S.No. 1027,Case Number,Crl.A. No.-000854-000854 / 2002,14-09-2009 (English)
S.No. 1028,Case Number,C.A. No.-008983-008985 / 2003,13-01-2009 (English)
S.No. 1029,Case Number,Crl.A. No.-000868-000868 / 2009,29-04-2009 (English)
S.No. 1030,Case Number,C.A. No.-001068-001068 / 2009,16-02-2009 (English)
S.No. 1031,Case Number,C.A. No.-001069-001069 / 2009,16-02-2009 (English)
S.No. 1032,Case Number,Crl.A. No.-001502-001502 / 2007,05-05-2009 (English)
S.No. 1033,Case Number,Crl.A. No.-000212-000212 / 2008,29-07-2009 (English)
S.No. 1034,Case Number,C.A. No.-002769-002769 / 2009,23-04-2009 (English)
S.No. 1035,Case Number,C.A. No.-005097-005097 / 2002,10-02-2009 (English)
S.No. 1036,Case Number,C.A. No.-006757-006758 / 2008,25-11-2008 (English)
S.No. 1037,Case Number,Crl.A. No.-002077-002078 / 2008,17-12-2008 (English)
S.No. 1038,Case Number,Crl.A. No.-000654-000654 / 2004,21-01-2009 (English)
S.No. 1039,Case Number,Crl.A. No.-001716-001716 / 2008,03-11-2008 (English)
S.No. 1040,Case Number,Crl.A. No.-000431-000431 / 2003,07-07-2009 (English)
S.No. 1041,Case Number,W.P.(C) No.-000256-000256 / 2008,16-01-2009 (English)
S.No. 1042,Case Number,C.A. No.-005991-005991 / 2002,11-09-2009 (English)
S.No. 1043,Case Number,Crl.A. No.-001236-001237 / 2002,07-10-2009 (English)
S.No. 1044,Case Number,Crl.A. No.-002059-002059 / 2008,17-12-2008 (English)
S.No. 1045,Case Number,ARBIT.CASE(C) No.-000017-000017 / 2007,06-11-2008 (English)
S.No. 1046,Case Number,Crl.A. No.-000106-000106 / 2001,10-12-2008 (English)
S.No. 1047,Case Number,Crl.A. No.-000815-000815 / 2002,28-11-2008 (English)
S.No. 1048,Case Number,Crl.A. No.-000334-000334 / 2009,19-02-2009 (English)
S.No. 1049,Case Number,C.A. No.-006391-006391 / 2009,18-09-2009 (English)
S.No. 1050,Case Number,Crl.A. No.-000291-000291 / 2004,26-03-2009 (English)
S.No. 1051,Case Number,C.A. No.-005069-005070 / 2009,04-08-2009 (English)
S.No. 1052,Case Number,C.A. No.-005139-005139 / 2009,27-07-2009 (English)
S.No. 1053,Case Number,C.A. No.-000867-000867 / 2009,04-02-2009 (English)
S.No. 1054,Case Number,C.A. No.-007598 / 2017,18-12-2008 (English)
S.No. 1055,Case Number,Crl.A. No.-000884-000884 / 2009,01-05-2009 (English)
S.No. 1056,Case Number,Crl.A. No.-000040-000040 / 2009,12-01-2009 (English)
S.No. 1057,Case Number,C.A. No.-004060-004060 / 2009,27-05-2009 (English)
S.No. 1058,Case Number,C.A. No.-001748-001748 / 2009,20-03-2009 (English)
S.No. 1059,Case Number,C.A. No.-004723-004723 / 2002,16-04-2009 (English)
S.No. 1060,Case Number,C.A. No.-006663-006663 / 2008,12-11-2008 (English)
S.No. 1061,Case Number,C.A. No.-004401-004401 / 2009,16-07-2009 (English)
S.No. 1062,Case Number,Crl.A. No.-000939-000939 / 2009,06-05-2009 (English)
S.No. 1063,Case Number,C.A. No.-000835-000836 / 2002,05-02-2009 (English)
S.No. 1064,Case Number,C.A. No.-003902-003902 / 2006,06-03-2009 (English)
S.No. 1065,Case Number,Crl.A. No.-000595-000595 / 2002,16-04-2009 (English)
S.No. 1066,Case Number,C.A. No.-000947-000947 / 2004,05-03-2009 (English)
S.No. 1067,Case Number,C.A. No.-000801-000801 / 2009,09-02-2009 (English)
S.No. 1068,Case Number,Crl.A. No.-000985-000985 / 2009,08-05-2009 (English)
S.No. 1069,Case Number,Crl.A. No.-000408-000408 / 2007,21-04-2009 (English)
S.No. 1070,Case Number,C.A. No.-005129-005129 / 2009,06-08-2009 (English)
S.No. 1071,Case Number,C.A. No.-003605-003605 / 2009,15-05-2009 (English)
S.No. 1072,Case Number,C.A. No.-000100-000100 / 2009,13-01-2009 (English)
S.No. 1073,Case Number,C.A. No.-007346-007346 / 2008,17-12-2008 (English)
S.No. 1074,Case Number,C.A. No.-000387-000387 / 2009,23-01-2009 (English)
S.No. 1075,Case Number,Crl.A. No.-001972-001972 / 2008,05-12-2008 (English)
S.No. 1076,Case Number,C.A. No.-001198-001198 / 2007,19-03-2009 (English)
S.No. 1077,Case Number,C.A. No.-006755-006756 / 2008,25-11-2008 (English)
S.No. 1078,Case Number,Crl.A. No.-000305-000306 / 2003,01-04-2009 (English)
S.No. 1079,Case Number,Crl.A. No.-000957-000957 / 2003,21-04-2009 (English)
S.No. 1080,Case Number,C.A. No.-003871-003871 / 2006,12-02-2009 (English)
S.No. 1081,Case Number,Crl.A. No.-000194-000194 / 2002,27-02-2009 (English)
S.No. 1082,Case Number,C.A. No.-000724-000724 / 2009,05-02-2009 (English)
S.No. 1083,Case Number,C.A. No.-006058-006058 / 2009,04-09-2009 (English)
S.No. 1084,Case Number,Crl.A. No.-000867-000867 / 2009,29-04-2009 (English)
S.No. 1085,Case Number,Crl.A. No.-001159-001159 / 2001,01-12-2008 (English)
S.No. 1086,Case Number,C.A. No.-001221-001221 / 2008,06-05-2009 (English)
S.No. 1087,Case Number,C.A. No.-006391-006391 / 2002,17-09-2009 (English)
S.No. 1088,Case Number,C.A. No.-000448-000448 / 2009,27-01-2009 (English)
S.No. 1089,Case Number,C.A. No.-000844-000846 / 2002,05-02-2009 (English)
S.No. 1090,Case Number,C.A. No.-001717-001717 / 2009,18-03-2009 (English)
S.No. 1091,Case Number,C.A. No.-000607-000607 / 2009,30-01-2009 (English)
S.No. 1092,Case Number,CONMT.PET.(C) No.-000169-000169 / 2005,14-11-2008 (English)
S.No. 1093,Case Number,C.A. No.-001259-001259 / 2009,25-02-2009 (English)
S.No. 1094,Case Number,Crl.A. No.-000068-000068 / 2002,16-12-2008 (English)
S.No. 1095,Case Number,C.A. No.-005849-005850 / 2002,20-02-2009 (English)
S.No. 1096,Case Number,T.P.(C) No.-000690-000690 / 2008,16-03-2009 (English)
S.No. 1097,Case Number,C.A. No.-006192-006197 / 2008,22-10-2008 (English)
S.No. 1098,Case Number,C.A. No.-001921-001921 / 2009,26-03-2009 (English)
S.No. 1099,Case Number,C.A. No.-003565-003565 / 2009,14-05-2009 (English)
S.No. 1100,Case Number,C.A. No.-003603-003603 / 2009,15-05-2009 (English)
S.No. 1101,Case Number,Crl.A. No.-001236-001236 / 2009,15-07-2009 (English)
S.No. 1102,Case Number,ARBIT.CASE(C) No.-000016-000016 / 2007,02-12-2008 (English)
S.No. 1103,Case Number,C.A. No.-007515-007515 / 2001,07-11-2008 (English)
S.No. 1104,Case Number,C.A. No.-006492-006492 / 2002,17-03-2009 (English)
S.No. 1105,Case Number,C.A. No.-002184-002184 / 2009,06-04-2009 (English)
S.No. 1106,Case Number,Crl.A. No.-000174-000174 / 2009,30-01-2009 (English)
S.No. 1107,Case Number,C.A. No.-001251-001251 / 2009,25-02-2009 (English)
S.No. 1108,Case Number,Crl.A. No.-000385-000385 / 2000,23-10-2008 (English)
S.No. 1109,Case Number,Crl.A. No.-000177-000177 / 2004,08-10-2009 (English)
S.No. 1110,Case Number,C.A. No.-003475-003475 / 2009,11-05-2009 (English)
S.No. 1111,Case Number,Crl.A. No.-000940-000940 / 2009,06-05-2009 (English)
