﻿Column-0,Column-1,Column-2,Column-3
S.No. 1,Case Number,Appeal Civil 720 of 1976,"10-10-1983 (English)
07-10-1983 (English)
07-10-1983 (English)
07-10-1983 (English)
07-10-1983 (English)
07-10-1983 (English)
06-10-1983 (English)
06-10-1983 (English)
06-10-1983 (English)
06-10-1983 (English)
05-10-1983 (English)"
S.No. 2,Case Number,C.A. No.-005394-005394 / 1994,02-09-1983 (English)
S.No. 3,Case Number,Crl.A. No.-000255-000255 / 2001,01-02-1983 (English)
S.No. 4,Case Number,W.P.(C) No.-004675-004675 / 1978,23-09-1983 (English)
S.No. 5,Case Number,W.P.(C) No.-000829-000829 / 1979,06-05-1983 (English)
S.No. 6,Case Number,SLP(C) No.-006735-006735 / 1983,25-08-1983 (English)
S.No. 7,Case Number,C.A. No.-002269-002269 / 1980,07-10-1983 (English)
S.No. 8,Case Number,W.P.(C) No.-005939-005941 / 1980,17-12-1982 (English)
S.No. 9,Case Number,C.A. No.-002609-002609 / 1983,19-08-1983 (English)
