﻿Column-0,Column-1,Column-2,Column-3
S.No. 1,Case Number,Appeal Civil 1232 of 1973,"17-10-1995 (English)
16-10-1995 (English)
13-10-1995 (English)
13-10-1995 (English)
13-10-1995 (English)
13-10-1995 (English)
12-10-1995 (English)
12-10-1995 (English)
11-10-1995 (English)
11-10-1995 (English)
11-10-1995 (English)"
S.No. 2,Case Number,/,11-01-1995 (English)
S.No. 3,Case Number,/,19-09-1995 (English)
S.No. 4,Case Number,/,08-03-1995 (English)
S.No. 5,Case Number,/,27-01-1995 (English)
S.No. 6,Case Number,/,"08-12-1994 (English)
08-12-1994 (English)"
S.No. 7,Case Number,/,02-07-1995 (English)
S.No. 8,Case Number,/,27-03-1995 (English)
S.No. 9,Case Number,/,27-03-1995 (English)
S.No. 10,Case Number,/,26-09-1995 (English)
S.No. 11,Case Number,/,07-02-1995 (English)
S.No. 12,Case Number,/,31-01-1995 (English)
S.No. 13,Case Number,/,26-04-1995 (English)
S.No. 14,Case Number,/,12-01-1995 (English)
S.No. 15,Case Number,/,21-09-1995 (English)
S.No. 16,Case Number,/,23-11-1994 (English)
S.No. 17,Case Number,/,01-03-1995 (English)
S.No. 18,Case Number,/,17-01-1995 (English)
S.No. 19,Case Number,W.P.(C) No.-000002-000002 / 1995,17-01-1995 (English)
S.No. 20,Case Number,C.A. No.-005205-005205 / 1995,10-04-1995 (English)
S.No. 21,Case Number,C.A. No.-008918-008918 / 1994,07-12-1994 (English)
S.No. 22,Case Number,Crl.A. No.-000013-000013 / 1995,12-09-1995 (English)
S.No. 23,Case Number,Crl.A. No.-000649-000649 / 1995,10-05-1995 (English)
S.No. 24,Case Number,C.A. No.-000771-000771 / 1995,18-09-1995 (English)
S.No. 25,Case Number,C.A. No.-000817-000817 / 1995,02-05-1995 (English)
S.No. 26,Case Number,C.A. No.-004156-004156 / 1995,20-03-1995 (English)
S.No. 27,Case Number,W.P.(C) No.-000022-000022 / 1995,01-05-1995 (English)
S.No. 28,Case Number,C.A. No.-007284-007284 / 1995,07-08-1995 (English)
S.No. 29,Case Number,/,01-05-1995 (English)
S.No. 30,Case Number,C.A. No.-009277-009277 / 1994,"14-12-1994 (English)
14-12-1994 (English)"
S.No. 31,Case Number,C.A. No.-005437-005438 / 1995,08-05-1995 (English)
S.No. 32,Case Number,SLP(C) No.-009356-009356 / 1995,01-05-1995 (English)
S.No. 33,Case Number,C.A. No.-007974-007974 / 1995,28-08-1995 (English)
S.No. 34,Case Number,C.A. No.-006546-006546 / 1995,24-07-1995 (English)
S.No. 35,Case Number,C.A. No.-007835-007835 / 1995,29-08-1995 (English)
S.No. 36,Case Number,C.A. No.-008032-008032 / 1995,28-08-1995 (English)
S.No. 37,Case Number,C.A. No.-003364-003364 / 1995,07-03-1995 (English)
S.No. 38,Case Number,C.A. No.-006227-006227 / 1995,13-10-1995 (English)
S.No. 39,Case Number,C.A. No.-008439-008439 / 1995,15-09-1995 (English)
S.No. 40,Case Number,C.A. No.-007409-007409 / 1995,17-08-1995 (English)
S.No. 41,Case Number,Crl.A. No.-001094-001094 / 1995,19-09-1995 (English)
S.No. 42,Case Number,Crl.A. No.-000524-000524 / 1994,19-09-1995 (English)
S.No. 43,Case Number,SLP(C) No.-009056-009056 / 1995,24-04-1995 (English)
S.No. 44,Case Number,C.A. No.-001110-001110 / 1995,30-01-1995 (English)
S.No. 45,Case Number,SLP(C) No.-005624-005625 / 1995,27-09-1995 (English)
S.No. 46,Case Number,C.A. No.-004172-004172 / 1995,07-09-1995 (English)
S.No. 47,Case Number,C.A. No.-001323-001327 / 1995,20-01-1995 (English)
S.No. 48,Case Number,C.A. No.-004404-004404 / 1995,28-02-1995 (English)
S.No. 49,Case Number,W.P.(C) No.-000162-000162 / 1995,05-09-1995 (English)
S.No. 50,Case Number,C.A. No.-004695-004695 / 1995,31-03-1995 (English)
S.No. 51,Case Number,SLP(C) No.-011083-011083 / 1995,17-04-1995 (English)
S.No. 52,Case Number,C.A. No.-008470-008470 / 1995,18-09-1995 (English)
S.No. 53,Case Number,C.A. No.-000820-000820 / 1995,13-01-1995 (English)
S.No. 54,Case Number,C.A. No.-009134-009134 / 1995,27-09-1995 (English)
S.No. 55,Case Number,SLP(C) No.-007504-007504 / 1995,07-04-1995 (English)
S.No. 56,Case Number,C.A. No.-009136-009136 / 1995,27-09-1995 (English)
S.No. 57,Case Number,C.A. No.-009135-009135 / 1995,27-09-1995 (English)
S.No. 58,Case Number,C.A. No.-009133-009133 / 1995,27-09-1995 (English)
S.No. 59,Case Number,W.P.(Crl.) No.-000242-000258 / 1994,02-07-1995 (English)
S.No. 60,Case Number,SLP(C) No.-009397-009397 / 1995,01-05-1995 (English)
S.No. 61,Case Number,C.A. No.-008434-008434 / 1995,21-09-1995 (English)
S.No. 62,Case Number,C.A. No.-006481-006481 / 1995,14-07-1995 (English)
S.No. 63,Case Number,C.A. No.-008184-008188 / 1995,11-09-1995 (English)
S.No. 64,Case Number,C.A. No.-006839-006840 / 1995,04-08-1995 (English)
S.No. 65,Case Number,SLP(C) No.-010546-010546 / 1995,12-05-1995 (English)
S.No. 66,Case Number,C.A. No.-008235-008235 / 1995,13-09-1995 (English)
S.No. 67,Case Number,SLP(C) No.-012376-012376 / 1995,12-07-1995 (English)
S.No. 68,Case Number,W.P.(C) No.-000276-000276 / 1995,28-07-1995 (English)
S.No. 69,Case Number,SLP(C) No.-012709-012709 / 1995,12-07-1995 (English)
S.No. 70,Case Number,C.A. No.-009461-009461 / 1995,12-10-1995 (English)
S.No. 71,Case Number,C.A. No.-001733-001733 / 1995,14-02-1995 (English)
S.No. 72,Case Number,C.A. No.-004188-004188 / 1995,21-03-1995 (English)
S.No. 73,Case Number,Crl.A. No.-000847-000847 / 1995,11-08-1995 (English)
S.No. 74,Case Number,SLP(C) No.-017885-017885 / 1995,17-08-1995 (English)
S.No. 75,Case Number,Crl.A. No.-001011-001011 / 1995,25-08-1995 (English)
S.No. 76,Case Number,C.A. No.-006553-006553 / 1995,25-07-1995 (English)
S.No. 77,Case Number,C.A. No.-008223-008223 / 1995,"13-09-1995 (English)
13-09-1995 (English)"
S.No. 78,Case Number,C.A. No.-007920-007920 / 1995,24-08-1995 (English)
S.No. 79,Case Number,C.A. No.-005564-005564 / 1995,12-05-1995 (English)
S.No. 80,Case Number,Crl.A. No.-001085-001086 / 1995,08-09-1995 (English)
S.No. 81,Case Number,C.A. No.-006920-006920 / 1994,02-07-1995 (English)
S.No. 82,Case Number,C.A. No.-007849-007851 / 1995,01-09-1995 (English)
S.No. 83,Case Number,C.A. No.-005704-005704 / 1995,08-05-1995 (English)
S.No. 84,Case Number,Crl.A. No.-000698-000698 / 1995,13-10-1995 (English)
S.No. 85,Case Number,Crl.A. No.-001000-001001 / 1995,28-08-1995 (English)
S.No. 86,Case Number,W.P.(Crl.) No.-000413-000413 / 1995,21-07-1995 (English)
S.No. 87,Case Number,SLP(C) No.-015806-015806 / 1995,07-08-1995 (English)
S.No. 88,Case Number,SLP(C) No.-014430-014432 / 1995,28-07-1995 (English)
S.No. 89,Case Number,R.P.(C) No.-001347-001347 / 1995,12-09-1995 (English)
S.No. 90,Case Number,T.P.(C) No.-000270-000270 / 1994,14-08-1995 (English)
S.No. 91,Case Number,C.A. No.-004970-004970 / 1995,25-04-1995 (English)
S.No. 92,Case Number,C.A. No.-007586-007586 / 1995,"11-08-1995 (English)
11-08-1995 (English)"
S.No. 93,Case Number,SLP(C) No.-011006-011006 / 1994,24-10-1994 (English)
S.No. 94,Case Number,C.A. No.-009219-009219 / 1995,29-09-1995 (English)
S.No. 95,Case Number,Crl.A. No.-000848-000848 / 1995,11-08-1995 (English)
S.No. 96,Case Number,C.A. No.-000818-000819 / 1995,18-01-1995 (English)
S.No. 97,Case Number,C.A. No.-001312-001312 / 1995,06-02-1995 (English)
S.No. 98,Case Number,C.A. No.-005620-005620 / 1994,19-01-1995 (English)
S.No. 99,Case Number,SLP(C) No.-001383-001392 / 1995,03-01-1995 (English)
S.No. 100,Case Number,C.A. No.-007933-007933 / 1995,31-08-1995 (English)
S.No. 101,Case Number,SLP(C) No.-017474-017474 / 1995,11-09-1995 (English)
S.No. 102,Case Number,C.A. No.-004430-004431 / 1995,03-04-1995 (English)
S.No. 103,Case Number,C.A. No.-000330-000604 / 1995,24-04-1995 (English)
S.No. 104,Case Number,C.A. No.-003079-003079 / 1995,23-02-1995 (English)
S.No. 105,Case Number,Crl.A. No.-000877-000877 / 1995,11-08-1995 (English)
S.No. 106,Case Number,C.A. No.-011054-011054 / 1995,02-12-1994 (English)
S.No. 107,Case Number,C.A. No.-007400-007400 / 1995,31-07-1995 (English)
S.No. 108,Case Number,W.P.(C) No.-000487-000487 / 1994,30-03-1995 (English)
S.No. 109,Case Number,C.A. No.-005664-005664 / 1994,21-08-1995 (English)
S.No. 110,Case Number,C.A. No.-009438-009453 / 1995,17-10-1995 (English)
S.No. 111,Case Number,C.A. No.-000922-000922 / 1995,16-01-1995 (English)
S.No. 112,Case Number,C.A. No.-009227-009227 / 1994,14-12-1994 (English)
S.No. 113,Case Number,C.A. No.-008948-008948 / 1994,07-12-1994 (English)
S.No. 114,Case Number,Crl.A. No.-000769-000769 / 1994,09-11-1994 (English)
S.No. 115,Case Number,C.A. No.-005710-005710 / 1995,17-04-1995 (English)
S.No. 116,Case Number,C.A. No.-008868-008868 / 1994,25-11-1994 (English)
S.No. 117,Case Number,C.A. No.-009152-009152 / 1994,"13-12-1994 (English)
13-12-1994 (English)"
S.No. 118,Case Number,C.A. No.-002590-002590 / 1995,20-07-1995 (English)
S.No. 119,Case Number,SLP(C) No.-022705-022705 / 1994,24-11-1994 (English)
S.No. 120,Case Number,Crl.A. No.-000600-000601 / 1994,10-03-1995 (English)
S.No. 121,Case Number,C.A. No.-007091-007091 / 1995,"04-08-1995 (English)
04-08-1995 (English)"
S.No. 122,Case Number,SLP(C) No.-004021-004021 / 1995,28-02-1995 (English)
S.No. 123,Case Number,C.A. No.-006697-006697 / 1995,02-08-1995 (English)
S.No. 124,Case Number,W.P.(C) No.-000546-000546 / 1994,06-02-1995 (English)
S.No. 125,Case Number,C.A. No.-004007-004007 / 1995,06-03-1995 (English)
S.No. 126,Case Number,Crl.A. No.-000839-000839 / 1994,24-11-1994 (English)
S.No. 127,Case Number,C.A. No.-008117-008117 / 1995,25-08-1995 (English)
S.No. 128,Case Number,Crl.A. No.-000311-000312 / 1995,24-02-1995 (English)
S.No. 129,Case Number,C.A. No.-005568-005571 / 1995,10-05-1995 (English)
S.No. 130,Case Number,SLP(C) No.-017305-017305 / 1994,24-10-1994 (English)
S.No. 131,Case Number,C.A. No.-003206-003206 / 1995,06-03-1995 (English)
S.No. 132,Case Number,C.A. No.-003277-003277 / 1995,07-03-1995 (English)
S.No. 133,Case Number,C.A. No.-006960-006960 / 1994,03-08-1995 (English)
S.No. 134,Case Number,W.P.(C) No.-000631-000631 / 1994,04-09-1995 (English)
S.No. 135,Case Number,C.A. No.-005110-005110 / 1995,25-04-1995 (English)
S.No. 136,Case Number,Crl.A. No.-000764-000765 / 1994,17-04-1995 (English)
S.No. 137,Case Number,C.A. No.-001251-001251 / 1995,02-02-1995 (English)
S.No. 138,Case Number,C.A. No.-001101-001101 / 1995,31-01-1995 (English)
S.No. 139,Case Number,C.A. No.-004587-004587 / 1995,07-04-1995 (English)
S.No. 140,Case Number,C.A. No.-008416-008416 / 1995,11-09-1995 (English)
S.No. 141,Case Number,C.A. No.-001980-001980 / 1995,18-10-1995 (English)
S.No. 142,Case Number,C.A. No.-007565-007565 / 1995,14-08-1995 (English)
S.No. 143,Case Number,C.A. No.-003273-003273 / 1995,07-03-1995 (English)
S.No. 144,Case Number,C.A. No.-008400-008400 / 1995,20-09-1995 (English)
S.No. 145,Case Number,Crl.A. No.-001043-001043 / 1995,14-09-1995 (English)
S.No. 146,Case Number,C.A. No.-003521-003521 / 1995,28-02-1995 (English)
S.No. 147,Case Number,C.A. No.-004272-004272 / 1995,27-03-1995 (English)
S.No. 148,Case Number,C.A. No.-003367-003367 / 1995,21-08-1995 (English)
S.No. 149,Case Number,W.P.(C) No.-000680-000680 / 1994,21-11-1994 (English)
S.No. 150,Case Number,C.A. No.-008254-008254 / 1995,13-09-1995 (English)
S.No. 151,Case Number,C.A. No.-008085-008085 / 1995,01-09-1995 (English)
S.No. 152,Case Number,C.A. No.-003982-003982 / 1995,10-03-1995 (English)
S.No. 153,Case Number,C.A. No.-001305-001305 / 1995,12-07-1995 (English)
S.No. 154,Case Number,C.A. No.-000931-000931 / 1995,20-02-1995 (English)
S.No. 155,Case Number,C.A. No.-007711-007711 / 1994,10-05-1995 (English)
S.No. 156,Case Number,C.A. No.-003112-003112 / 1995,16-10-1995 (English)
S.No. 157,Case Number,C.A. No.-006191-006191 / 1995,14-07-1995 (English)
S.No. 158,Case Number,Crl.A. No.-000485-000485 / 1995,03-04-1995 (English)
S.No. 159,Case Number,C.A. No.-004474-004474 / 1995,27-03-1995 (English)
S.No. 160,Case Number,C.A. No.-007932-007932 / 1995,24-08-1995 (English)
S.No. 161,Case Number,C.A. No.-003058-003058 / 1995,25-04-1995 (English)
S.No. 162,Case Number,C.A. No.-009473-009473 / 1994,09-12-1994 (English)
S.No. 163,Case Number,W.P.(C) No.-000731-000731 / 1994,06-02-1995 (English)
S.No. 164,Case Number,C.A. No.-000045-000050 / 1995,12-05-1995 (English)
S.No. 165,Case Number,SLP(C) No.-021448-021448 / 1994,02-01-1995 (English)
S.No. 166,Case Number,C.A. No.-001433-001433 / 1995,20-07-1995 (English)
S.No. 167,Case Number,C.A. No.-008429-008430 / 1995,11-09-1995 (English)
S.No. 168,Case Number,W.P.(C) No.-000738-000738 / 1994,10-03-1995 (English)
S.No. 169,Case Number,C.A. No.-008058-008060 / 1995,25-08-1995 (English)
S.No. 170,Case Number,Crl.A. No.-000521-000522 / 1998,27-04-1995 (English)
S.No. 171,Case Number,C.A. No.-003030-003031 / 1995,24-02-1995 (English)
S.No. 172,Case Number,C.A. No.-004407-004407 / 1995,27-03-1995 (English)
S.No. 173,Case Number,C.A. No.-002992-002992 / 1995,24-02-1995 (English)
S.No. 174,Case Number,C.A. No.-005405-005405 / 1995,09-05-1995 (English)
S.No. 175,Case Number,SLP(C) No.-000004-000004 / 1995,02-07-1995 (English)
S.No. 176,Case Number,C.A. No.-005433-005433 / 1995,24-04-1995 (English)
S.No. 177,Case Number,C.A. No.-004035-004035 / 1995,20-03-1995 (English)
S.No. 178,Case Number,C.A. No.-003771-003778 / 1995,24-03-1995 (English)
S.No. 179,Case Number,W.P.(C) No.-000777-000777 / 1994,02-02-1995 (English)
S.No. 180,Case Number,SLP(C) No.-023415-023415 / 1994,13-01-1995 (English)
S.No. 181,Case Number,SLP(C) No.-022863-022863 / 1994,06-01-1995 (English)
S.No. 182,Case Number,C.A. No.-003034-003034 / 1995,23-02-1995 (English)
S.No. 183,Case Number,C.A. No.-007848-007848 / 1995,28-08-1995 (English)
S.No. 184,Case Number,SLP(C) No.-000378-000378 / 1995,10-04-1995 (English)
S.No. 185,Case Number,C.A. No.-000522-000522 / 1989,18-04-1995 (English)
S.No. 186,Case Number,C.A. No.-000865-000865 / 1973,30-06-1995 (English)
S.No. 187,Case Number,C.A. No.-001304-001304 / 1972,01-09-1995 (English)
S.No. 188,Case Number,C.A. No.-000224-000224 / 1974,17-04-1995 (English)
S.No. 189,Case Number,C.A. No.-000597-000597 / 1975,19-04-1995 (English)
S.No. 190,Case Number,C.A. No.-000568-000568 / 1987,22-11-1994 (English)
S.No. 191,Case Number,C.A. No.-000071-000071 / 1975,17-11-1994 (English)
S.No. 192,Case Number,C.A. No.-000319-000319 / 1976,26-10-1994 (English)
S.No. 193,Case Number,C.A. No.-001482-001482 / 1976,11-10-1995 (English)
S.No. 194,Case Number,W.P.(C) No.-000079-000079 / 1979,"10-02-1995 (English)
10-02-1995 (English)"
S.No. 195,Case Number,C.A. No.-000606-000606 / 1978,07-03-1995 (English)
S.No. 196,Case Number,W.P.(C) No.-000206-000206 / 1986,27-01-1995 (English)
S.No. 197,Case Number,C.A. No.-000745-000746 / 1976,16-08-1995 (English)
S.No. 198,Case Number,C.A. No.-001607-001607 / 1978,22-02-1995 (English)
S.No. 199,Case Number,C.A. No.-000316-000317 / 1978,09-05-1995 (English)
S.No. 200,Case Number,C.A. No.-001807-001809 / 1978,25-07-1995 (English)
S.No. 201,Case Number,C.A. No.-002476-002478 / 1978,22-09-1995 (English)
S.No. 202,Case Number,C.A. No.-001413-001413 / 1977,13-01-1995 (English)
S.No. 203,Case Number,C.A. No.-002312-002312 / 1977,17-01-1995 (English)
S.No. 204,Case Number,C.A. No.-001213-001213 / 1977,31-01-1995 (English)
S.No. 205,Case Number,C.A. No.-002728-002728 / 1977,30-01-1995 (English)
S.No. 206,Case Number,C.A. No.-000095-000096 / 1977,08-08-1995 (English)
S.No. 207,Case Number,SLP(C) No.-014702-014702 / 1995,31-07-1995 (English)
S.No. 208,Case Number,C.A. No.-002652-002653 / 1977,20-03-1995 (English)
S.No. 209,Case Number,C.A. No.-001344-001345 / 1977,28-03-1995 (English)
S.No. 210,Case Number,W.P.(C) No.-000507-000507 / 1992,09-05-1995 (English)
S.No. 211,Case Number,C.A. No.-001868-001868 / 1979,26-07-1995 (English)
S.No. 212,Case Number,SLP(C) No.-002421-002421 / 1993,07-05-1995 (English)
S.No. 213,Case Number,C.A. No.-002823-002823 / 1979,27-03-1995 (English)
S.No. 214,Case Number,C.A. No.-000488-000493 / 1979,11-11-1994 (English)
S.No. 215,Case Number,C.A. No.-000615-000620 / 1979,27-03-1995 (English)
S.No. 216,Case Number,C.A. No.-003012-003014 / 1979,02-05-1995 (English)
S.No. 217,Case Number,C.A. No.-002134-002135 / 1979,18-04-1995 (English)
S.No. 218,Case Number,C.A. No.-001354-001354 / 1980,21-07-1995 (English)
S.No. 219,Case Number,Crl.A. No.-000419-000419 / 1980,"16-08-1995 (English)
10-11-1994 (English)"
S.No. 220,Case Number,Crl.A. No.-000754-000754 / 1980,20-01-1995 (English)
S.No. 221,Case Number,C.A. No.-000032-000032 / 1980,06-01-1995 (English)
S.No. 222,Case Number,C.A. No.-000928-000928 / 1980,15-09-1995 (English)
S.No. 223,Case Number,C.A. No.-000974-000974 / 1980,10-05-1995 (English)
S.No. 224,Case Number,C.A. No.-000441-000441 / 1980,15-11-1994 (English)
S.No. 225,Case Number,C.A. No.-003077-003078 / 1980,29-08-1995 (English)
S.No. 226,Case Number,C.A. No.-000704-000706 / 1980,26-07-1995 (English)
S.No. 227,Case Number,C.A. No.-002573-002574 / 1980,29-08-1995 (English)
S.No. 228,Case Number,C.A. No.-001965-001966 / 1980,11-10-1995 (English)
S.No. 229,Case Number,C.A. No.-002550-002550 / 1981,10-03-1995 (English)
S.No. 230,Case Number,C.A. No.-002914-002914 / 1981,25-01-1995 (English)
S.No. 231,Case Number,C.A. No.-001754-001754 / 1982,01-12-1994 (English)
S.No. 232,Case Number,C.A. No.-000807-000807 / 1982,"08-12-1994 (English)
08-12-1994 (English)"
S.No. 233,Case Number,C.A. No.-001985-001985 / 1982,17-10-1995 (English)
S.No. 234,Case Number,C.A. No.-003312-003312 / 1981,"22-11-1994 (English)
22-11-1994 (English)"
S.No. 235,Case Number,C.A. No.-000080-000080 / 1988,14-02-1995 (English)
S.No. 236,Case Number,C.A. No.-006323-006323 / 1995,18-07-1995 (English)
S.No. 237,Case Number,C.A. No.-006627-006631 / 1995,28-07-1995 (English)
S.No. 238,Case Number,C.A. No.-004220-004224 / 1982,01-03-1995 (English)
S.No. 239,Case Number,Crl.A. No.-001196-001196 / 1995,16-10-1995 (English)
S.No. 240,Case Number,C.A. No.-003353-003354 / 1981,24-10-1994 (English)
S.No. 241,Case Number,C.A. No.-000275-000275 / 1994,01-02-1995 (English)
S.No. 242,Case Number,C.A. No.-000233-000233 / 1992,07-11-1994 (English)
S.No. 243,Case Number,Crl.A. No.-000571-000571 / 1983,08-11-1994 (English)
S.No. 244,Case Number,/,02-03-1995 (English)
S.No. 245,Case Number,Crl.A. No.-000469-000469 / 1983,21-03-1995 (English)
S.No. 246,Case Number,C.A. No.-010001-010001 / 1983,24-03-1995 (English)
S.No. 247,Case Number,C.A. No.-008545-008545 / 1983,28-10-1994 (English)
S.No. 248,Case Number,SLP(C) No.-006503-006503 / 1986,09-10-1995 (English)
S.No. 249,Case Number,C.A. No.-002943-002950 / 1995,20-01-1995 (English)
S.No. 250,Case Number,W.P.(C) No.-005140-005152 / 1983,24-03-1995 (English)
S.No. 251,Case Number,C.A. No.-004324-004332 / 1983,29-08-1995 (English)
S.No. 252,Case Number,SLP(C) No.-009886-009886 / 1987,27-04-1995 (English)
S.No. 253,Case Number,C.A. No.-010618-010619 / 1983,11-07-1995 (English)
S.No. 254,Case Number,C.A. No.-003689-003689 / 1984,04-09-1995 (English)
S.No. 255,Case Number,C.A. No.-000958-000958 / 1985,22-11-1994 (English)
S.No. 256,Case Number,Crl.A. No.-000182-000182 / 1985,08-12-1994 (English)
S.No. 257,Case Number,C.A. No.-000258-000258 / 1985,18-01-1995 (English)
S.No. 258,Case Number,C.A. No.-005401-005401 / 1985,01-02-1995 (English)
S.No. 259,Case Number,C.A. No.-002951-002951 / 1985,24-02-1995 (English)
S.No. 260,Case Number,Crl.A. No.-000434-000434 / 1985,04-01-1995 (English)
S.No. 261,Case Number,Crl.A. No.-000537-000537 / 1985,"21-08-1995 (English)
21-08-1995 (English)"
S.No. 262,Case Number,W.P.(C) No.-005222-005222 / 1985,18-10-1995 (English)
S.No. 263,Case Number,C.A. No.-002336-002336 / 1985,17-02-1995 (English)
S.No. 264,Case Number,C.A. No.-006790-006790 / 1983,16-11-1994 (English)
S.No. 265,Case Number,C.A. No.-004545-004545 / 1995,18-04-1995 (English)
S.No. 266,Case Number,Crl.A. No.-000034-000034 / 1992,21-03-1995 (English)
S.No. 267,Case Number,C.A. No.-001017-001017 / 1995,23-01-1995 (English)
S.No. 268,Case Number,C.A. No.-006537-006537 / 1995,26-07-1995 (English)
S.No. 269,Case Number,C.A. No.-008425-008425 / 1995,15-09-1995 (English)
S.No. 270,Case Number,C.A. No.-004974-004976 / 1985,18-01-1995 (English)
S.No. 271,Case Number,C.A. No.-005491-005491 / 1985,10-01-1995 (English)
S.No. 272,Case Number,SLP(C) No.-000032-000032 / 1990,08-08-1995 (English)
S.No. 273,Case Number,SLP(C) No.-004597-004597 / 1990,24-08-1995 (English)
S.No. 274,Case Number,C.A. No.-000785-000785 / 1986,26-10-1994 (English)
S.No. 275,Case Number,C.A. No.-003723-003723 / 1986,"26-10-1994 (English)
26-10-1994 (English)"
S.No. 276,Case Number,C.A. No.-002288-002288 / 1986,14-12-1994 (English)
S.No. 277,Case Number,C.A. No.-004056-004057 / 1984,29-11-1994 (English)
S.No. 278,Case Number,C.A. No.-000632-000632 / 1986,01-12-1994 (English)
S.No. 279,Case Number,C.A. No.-000117-000117 / 1986,20-04-1995 (English)
S.No. 280,Case Number,Crl.A. No.-000012-000021 / 1986,13-07-1995 (English)
S.No. 281,Case Number,C.A. No.-004895-004896 / 1984,22-09-1995 (English)
S.No. 282,Case Number,C.A. No.-000111-000112 / 1984,07-04-1995 (English)
S.No. 283,Case Number,C.A. No.-003403-003403 / 1987,"16-12-1994 (English)
16-12-1994 (English)"
S.No. 284,Case Number,Crl.A. No.-000457-000457 / 1987,13-01-1995 (English)
S.No. 285,Case Number,C.A. No.-007567-007567 / 1994,24-10-1994 (English)
S.No. 286,Case Number,C.A. No.-003078-003078 / 1995,24-02-1995 (English)
S.No. 287,Case Number,C.A. No.-003940-003940 / 1995,06-03-1995 (English)
S.No. 288,Case Number,Crl.A. No.-000432-000432 / 1988,12-07-1995 (English)
S.No. 289,Case Number,C.A. No.-004155-004155 / 1995,21-03-1995 (English)
S.No. 290,Case Number,C.A. No.-001789-001789 / 1988,01-12-1994 (English)
S.No. 291,Case Number,C.A. No.-005753-005753 / 1995,27-04-1995 (English)
S.No. 292,Case Number,W.P.(C) No.-000390-000390 / 1995,20-04-1995 (English)
S.No. 293,Case Number,C.A. No.-007401-007401 / 1995,11-08-1995 (English)
S.No. 294,Case Number,C.A. No.-007402-007408 / 1995,03-08-1995 (English)
S.No. 295,Case Number,C.A. No.-001523-001524 / 1986,22-03-1995 (English)
S.No. 296,Case Number,C.A. No.-000971-000972 / 1986,27-04-1995 (English)
S.No. 297,Case Number,C.A. No.-006962-006962 / 1994,24-10-1994 (English)
S.No. 298,Case Number,C.A. No.-007536-007536 / 1994,16-11-1994 (English)
S.No. 299,Case Number,C.A. No.-008910-008910 / 1994,07-12-1994 (English)
S.No. 300,Case Number,C.A. No.-009462-009462 / 1994,09-12-1994 (English)
S.No. 301,Case Number,C.A. No.-009465-009465 / 1994,"16-12-1994 (English)
16-12-1994 (English)"
S.No. 302,Case Number,Crl.A. No.-000117-000118 / 1986,09-04-1995 (English)
S.No. 303,Case Number,Crl.A. No.-000071-000071 / 1995,13-01-1995 (English)
S.No. 304,Case Number,C.A. No.-009160-009160 / 1994,13-12-1994 (English)
S.No. 305,Case Number,C.A. No.-007629-007630 / 1994,20-02-1995 (English)
S.No. 306,Case Number,Crl.A. No.-000217-000217 / 1993,09-05-1995 (English)
S.No. 307,Case Number,C.A. No.-004152-004152 / 1995,01-03-1995 (English)
S.No. 308,Case Number,C.A. No.-004341-004341 / 1995,29-03-1995 (English)
S.No. 309,Case Number,C.A. No.-004597-004597 / 1995,31-03-1995 (English)
S.No. 310,Case Number,C.A. No.-004609-004609 / 1995,20-04-1995 (English)
S.No. 311,Case Number,C.A. No.-006696-006696 / 1995,01-08-1995 (English)
S.No. 312,Case Number,C.A. No.-007373-007374 / 1995,16-08-1995 (English)
S.No. 313,Case Number,Crl.A. No.-000456-000456 / 1989,25-10-1994 (English)
S.No. 314,Case Number,C.A. No.-007398-007398 / 1995,03-08-1995 (English)
S.No. 315,Case Number,C.A. No.-007983-007983 / 1995,28-08-1995 (English)
S.No. 316,Case Number,Crl.A. No.-001143-001143 / 1995,22-09-1995 (English)
S.No. 317,Case Number,C.A. No.-000215-000216 / 1989,"10-01-1995 (English)
10-01-1995 (English)"
S.No. 318,Case Number,C.A. No.-005185-005185 / 1995,18-04-1995 (English)
S.No. 319,Case Number,C.A. No.-005330-005330 / 1995,05-05-1995 (English)
S.No. 320,Case Number,C.A. No.-004740-004740 / 1989,"17-02-1995 (English)
17-02-1995 (English)"
S.No. 321,Case Number,C.A. No.-007572-007572 / 1995,16-08-1995 (English)
S.No. 322,Case Number,C.A. No.-007588-007588 / 1995,16-08-1995 (English)
S.No. 323,Case Number,C.A. No.-007979-007979 / 1995,16-08-1995 (English)
S.No. 324,Case Number,C.A. No.-008030-008030 / 1995,25-08-1995 (English)
S.No. 325,Case Number,C.A. No.-002466-002466 / 1989,05-01-1995 (English)
S.No. 326,Case Number,Crl.A. No.-000310-000310 / 1989,13-07-1995 (English)
S.No. 327,Case Number,C.A. No.-000103-000104 / 1988,04-04-1995 (English)
S.No. 328,Case Number,SLP(Crl) No.-001208-001208 / 1994,04-01-1995 (English)
S.No. 329,Case Number,C.A. No.-002221-002222 / 1987,13-12-1994 (English)
S.No. 330,Case Number,C.A. No.-007499-007502 / 1994,15-11-1994 (English)
S.No. 331,Case Number,C.A. No.-003287-003295 / 1995,28-02-1995 (English)
S.No. 332,Case Number,C.A. No.-004183-004183 / 1995,31-03-1995 (English)
S.No. 333,Case Number,C.A. No.-004727-004728 / 1995,23-03-1995 (English)
S.No. 334,Case Number,C.A. No.-005259-005259 / 1995,02-05-1995 (English)
S.No. 335,Case Number,C.A. No.-005654-005655 / 1995,10-05-1995 (English)
S.No. 336,Case Number,C.A. No.-007771-007772 / 1995,14-08-1995 (English)
S.No. 337,Case Number,C.A. No.-007870-007870 / 1995,16-08-1995 (English)
S.No. 338,Case Number,C.A. No.-008077-008077 / 1995,01-09-1995 (English)
S.No. 339,Case Number,C.A. No.-008086-008086 / 1995,01-09-1995 (English)
S.No. 340,Case Number,C.A. No.-008509-008509 / 1995,08-09-1995 (English)
S.No. 341,Case Number,C.A. No.-008246-008246 / 1995,13-09-1995 (English)
S.No. 342,Case Number,C.A. No.-008305-008306 / 1995,04-09-1995 (English)
S.No. 343,Case Number,C.A. No.-005403-005404 / 1995,09-05-1995 (English)
S.No. 344,Case Number,C.A. No.-001634-001635 / 1990,24-03-1995 (English)
S.No. 345,Case Number,W.P.(C) No.-001079-001079 / 1989,10-05-1995 (English)
S.No. 346,Case Number,SLP(C) No.-017524-017524 / 1991,"23-11-1994 (English)
23-11-1994 (English)"
S.No. 347,Case Number,W.P.(C) No.-000951-000951 / 1989,"25-11-1994 (English)
25-11-1994 (English)"
S.No. 348,Case Number,C.A. No.-004708-004712 / 1989,19-10-1994 (English)
S.No. 349,Case Number,C.A. No.-002532-002533 / 1989,12-05-1995 (English)
S.No. 350,Case Number,C.A. No.-004922-004923 / 1994,07-04-1995 (English)
S.No. 351,Case Number,C.A. No.-001891-001892 / 1989,11-01-1995 (English)
S.No. 352,Case Number,C.A. No.-001953-001955 / 1989,19-04-1995 (English)
S.No. 353,Case Number,C.A. No.-001343-001343 / 1995,06-02-1995 (English)
S.No. 354,Case Number,C.A. No.-001639-001639 / 1990,15-04-1995 (English)
S.No. 355,Case Number,Crl.A. No.-000392-000392 / 1994,14-12-1994 (English)
S.No. 356,Case Number,C.A. No.-005411-005411 / 1990,05-05-1995 (English)
S.No. 357,Case Number,C.A. No.-003158-003158 / 1995,02-03-1995 (English)
S.No. 358,Case Number,C.A. No.-003774-003775 / 1992,"24-02-1995 (English)
24-02-1995 (English)
06-12-1994 (English)"
S.No. 359,Case Number,C.A. No.-007230-007231 / 1994,09-11-1994 (English)
S.No. 360,Case Number,C.A. No.-007375-007375 / 1994,20-10-1994 (English)
S.No. 361,Case Number,C.A. No.-007138-007138 / 1994,20-10-1994 (English)
S.No. 362,Case Number,C.A. No.-000565-000565 / 1994,17-11-1994 (English)
S.No. 363,Case Number,C.A. No.-007664-007664 / 1994,10-11-1994 (English)
S.No. 364,Case Number,Crl.A. No.-000327-000327 / 1994,24-11-1994 (English)
S.No. 365,Case Number,C.A. No.-007721-007721 / 1994,10-11-1994 (English)
S.No. 366,Case Number,C.A. No.-007828-007828 / 1994,14-11-1994 (English)
S.No. 367,Case Number,Crl.A. No.-000832-000832 / 1994,24-11-1994 (English)
S.No. 368,Case Number,C.A. No.-008033-008033 / 1994,24-11-1994 (English)
S.No. 369,Case Number,C.A. No.-008923-008923 / 1994,07-12-1994 (English)
S.No. 370,Case Number,C.A. No.-009096-009096 / 1994,07-12-1994 (English)
S.No. 371,Case Number,W.P.(C) No.-000819-000819 / 1992,19-01-1995 (English)
S.No. 372,Case Number,C.A. No.-009151-009151 / 1994,24-11-1994 (English)
S.No. 373,Case Number,C.A. No.-009218-009218 / 1994,21-11-1994 (English)
S.No. 374,Case Number,C.A. No.-009517-009517 / 1994,21-11-1994 (English)
S.No. 375,Case Number,C.A. No.-009630-009630 / 1994,17-11-1994 (English)
S.No. 376,Case Number,C.A. No.-009644-009644 / 1994,02-12-1994 (English)
S.No. 377,Case Number,C.A. No.-009643-009643 / 1994,02-12-1994 (English)
S.No. 378,Case Number,C.A. No.-007423-007423 / 1994,13-01-1995 (English)
S.No. 379,Case Number,C.A. No.-005060-005060 / 1994,20-01-1995 (English)
S.No. 380,Case Number,C.A. No.-009225-009225 / 1994,01-12-1994 (English)
S.No. 381,Case Number,C.A. No.-002986-002986 / 1995,27-01-1995 (English)
S.No. 382,Case Number,C.A. No.-004307-004307 / 1995,30-03-1995 (English)
S.No. 383,Case Number,Crl.A. No.-000242-000242 / 1994,05-04-1995 (English)
S.No. 384,Case Number,C.A. No.-007830-007830 / 1995,17-08-1995 (English)
S.No. 385,Case Number,C.A. No.-007896-007896 / 1995,17-08-1995 (English)
S.No. 386,Case Number,C.A. No.-008116-008116 / 1995,29-08-1995 (English)
S.No. 387,Case Number,C.A. No.-008164-008164 / 1995,"08-09-1995 (English)
08-09-1995 (English)"
S.No. 388,Case Number,C.A. No.-008435-008436 / 1995,20-09-1995 (English)
S.No. 389,Case Number,C.A. No.-009515-009515 / 1994,12-12-1994 (English)
S.No. 390,Case Number,Crl.A. No.-001139-001139 / 1995,26-09-1995 (English)
S.No. 391,Case Number,C.A. No.-009413-009413 / 1995,16-10-1995 (English)
S.No. 392,Case Number,C.A. No.-007056-007056 / 1994,26-10-1994 (English)
S.No. 393,Case Number,CONMT.PET.(C) No.-000097-000097 / 1992,24-10-1994 (English)
S.No. 394,Case Number,W.P.(Crl.) No.-000203-000203 / 1994,16-12-1994 (English)
S.No. 395,Case Number,C.A. No.-008743-008744 / 1994,27-10-1994 (English)
S.No. 396,Case Number,C.A. No.-000607-000607 / 1995,10-01-1995 (English)
S.No. 397,Case Number,C.A. No.-000674-000674 / 1995,10-01-1995 (English)
S.No. 398,Case Number,C.A. No.-000722-000722 / 1995,09-01-1995 (English)
S.No. 399,Case Number,C.A. No.-000772-000772 / 1995,06-01-1995 (English)
S.No. 400,Case Number,C.A. No.-000834-000834 / 1995,18-01-1995 (English)
S.No. 401,Case Number,C.A. No.-001152-001152 / 1995,"06-01-1995 (English)
06-01-1995 (English)"
S.No. 402,Case Number,C.A. No.-001250-001250 / 1995,"01-02-1995 (English)
01-02-1995 (English)"
S.No. 403,Case Number,C.A. No.-001256-001256 / 1995,"01-02-1995 (English)
01-02-1995 (English)"
S.No. 404,Case Number,C.A. No.-001285-001285 / 1995,19-01-1995 (English)
S.No. 405,Case Number,C.A. No.-002216-002217 / 1995,14-02-1995 (English)
S.No. 406,Case Number,C.A. No.-002576-002576 / 1995,21-02-1995 (English)
S.No. 407,Case Number,C.A. No.-003007-003007 / 1995,24-02-1995 (English)
S.No. 408,Case Number,C.A. No.-003179-003181 / 1995,27-01-1995 (English)
S.No. 409,Case Number,C.A. No.-003247-003247 / 1995,07-03-1995 (English)
S.No. 410,Case Number,C.A. No.-003265-003265 / 1995,09-03-1995 (English)
S.No. 411,Case Number,Crl.A. No.-000400-000400 / 1995,21-03-1995 (English)
S.No. 412,Case Number,Crl.A. No.-000336-000336 / 1990,07-12-1994 (English)
S.No. 413,Case Number,C.A. No.-004193-004193 / 1995,04-04-1995 (English)
S.No. 414,Case Number,C.A. No.-004608-004608 / 1995,07-04-1995 (English)
S.No. 415,Case Number,C.A. No.-004689-004689 / 1995,21-04-1995 (English)
S.No. 416,Case Number,C.A. No.-004721-004721 / 1995,25-04-1995 (English)
S.No. 417,Case Number,C.A. No.-004851-004851 / 1995,06-04-1995 (English)
S.No. 418,Case Number,C.A. No.-005210-005210 / 1995,10-04-1995 (English)
S.No. 419,Case Number,C.A. No.-005285-005285 / 1995,"17-04-1995 (English)
17-04-1995 (English)"
S.No. 420,Case Number,C.A. No.-005656-005656 / 1995,08-05-1995 (English)
S.No. 421,Case Number,C.A. No.-000103-000103 / 1995,02-01-1995 (English)
S.No. 422,Case Number,C.A. No.-005526-005526 / 1995,"10-05-1995 (English)
10-05-1995 (English)"
S.No. 423,Case Number,C.A. No.-007412-007412 / 1995,03-08-1995 (English)
S.No. 424,Case Number,C.A. No.-007413-007413 / 1995,27-07-1995 (English)
S.No. 425,Case Number,C.A. No.-007813-007813 / 1995,30-08-1995 (English)
S.No. 426,Case Number,C.A. No.-007872-007872 / 1995,01-09-1995 (English)
S.No. 427,Case Number,C.A. No.-007874-007874 / 1995,24-08-1995 (English)
S.No. 428,Case Number,C.A. No.-008379-008379 / 1995,18-09-1995 (English)
S.No. 429,Case Number,C.A. No.-008380-008380 / 1995,01-09-1995 (English)
S.No. 430,Case Number,C.A. No.-008398-008398 / 1995,19-09-1995 (English)
S.No. 431,Case Number,C.A. No.-009337-009337 / 1995,12-10-1995 (English)
S.No. 432,Case Number,C.A. No.-009383-009383 / 1995,13-10-1995 (English)
S.No. 433,Case Number,W.P.(C) No.-000896-000896 / 1990,10-03-1995 (English)
S.No. 434,Case Number,C.A. No.-005167-005167 / 1995,17-04-1995 (English)
S.No. 435,Case Number,C.A. No.-009229-009229 / 1996,31-01-1995 (English)
S.No. 436,Case Number,C.A. No.-004958-004960 / 1990,"20-06-1995 (English)
20-06-1995 (English)"
S.No. 437,Case Number,C.A. No.-001810-001810 / 1991,09-11-1994 (English)
S.No. 438,Case Number,W.P.(C) No.-000853-000853 / 1990,01-09-1995 (English)
S.No. 439,Case Number,C.A. No.-003528-003528 / 1991,13-01-1995 (English)
S.No. 440,Case Number,W.P.(C) No.-000974-000974 / 1991,03-02-1995 (English)
S.No. 441,Case Number,Crl.A. No.-000422-000422 / 1990,17-01-1995 (English)
S.No. 442,Case Number,C.A. No.-003543-003546 / 1990,"08-12-1994 (English)
08-12-1994 (English)"
S.No. 443,Case Number,C.A. No.-002227-002227 / 1991,12-05-1995 (English)
S.No. 444,Case Number,W.P.(C) No.-001151-001151 / 1991,12-05-1995 (English)
S.No. 445,Case Number,Crl.A. No.-000716-000716 / 1991,11-07-1995 (English)
S.No. 446,Case Number,C.A. No.-002587-002588 / 1994,27-10-1994 (English)
S.No. 447,Case Number,C.A. No.-004347-004354 / 1990,"12-01-1995 (English)
12-01-1995 (English)"
S.No. 448,Case Number,C.A. No.-003968-003968 / 1994,25-10-1994 (English)
S.No. 449,Case Number,C.A. No.-001315-001318 / 1990,20-03-1995 (English)
S.No. 450,Case Number,C.A. No.-000731-000769 / 1994,24-02-1995 (English)
S.No. 451,Case Number,C.A. No.-002638-002639 / 1994,09-08-1995 (English)
S.No. 452,Case Number,W.P.(C) No.-000021-000021 / 1994,11-09-1995 (English)
S.No. 453,Case Number,T.P.(C) No.-000835-000835 / 1993,14-11-1994 (English)
S.No. 454,Case Number,R.P.(C) No.-000041-000041 / 1993,13-01-1995 (English)
S.No. 455,Case Number,C.A. No.-002516-002517 / 1994,04-05-1995 (English)
S.No. 456,Case Number,W.P.(C) No.-000353-000353 / 1994,25-01-1995 (English)
S.No. 457,Case Number,Crl.A. No.-000761-000761 / 1994,08-11-1994 (English)
S.No. 458,Case Number,C.A. No.-000083-000083 / 1995,01-12-1994 (English)
S.No. 459,Case Number,C.A. No.-003011-003019 / 1995,21-02-1995 (English)
S.No. 460,Case Number,C.A. No.-004029-004029 / 1995,06-03-1995 (English)
S.No. 461,Case Number,C.A. No.-004564-004564 / 1995,"17-04-1995 (English)
17-04-1995 (English)"
S.No. 462,Case Number,C.A. No.-005752-005752 / 1995,12-05-1995 (English)
S.No. 463,Case Number,C.A. No.-005791-005791 / 1995,10-05-1995 (English)
S.No. 464,Case Number,Crl.A. No.-000836-000836 / 1995,27-07-1995 (English)
S.No. 465,Case Number,C.A. No.-007370-007370 / 1995,28-07-1995 (English)
S.No. 466,Case Number,C.A. No.-007926-007926 / 1995,24-08-1995 (English)
S.No. 467,Case Number,C.A. No.-008082-008082 / 1995,01-09-1995 (English)
S.No. 468,Case Number,Crl.A. No.-001026-001026 / 1995,24-08-1995 (English)
S.No. 469,Case Number,C.A. No.-008198-008203 / 1995,07-09-1995 (English)
S.No. 470,Case Number,C.A. No.-008257-008257 / 1995,12-09-1995 (English)
S.No. 471,Case Number,C.A. No.-008310-008310 / 1995,06-09-1995 (English)
S.No. 472,Case Number,C.A. No.-008336-008336 / 1995,01-09-1995 (English)
S.No. 473,Case Number,C.A. No.-008371-008371 / 1995,08-09-1995 (English)
S.No. 474,Case Number,C.A. No.-008384-008384 / 1995,07-09-1995 (English)
S.No. 475,Case Number,C.A. No.-008738-008738 / 1995,19-09-1995 (English)
S.No. 476,Case Number,C.A. No.-008780-008780 / 1995,13-09-1995 (English)
S.No. 477,Case Number,C.A. No.-004237-004237 / 1995,09-05-1995 (English)
S.No. 478,Case Number,C.A. No.-007018-007018 / 1995,08-08-1995 (English)
S.No. 479,Case Number,C.A. No.-009278-009278 / 1995,10-10-1995 (English)
S.No. 480,Case Number,W.P.(C) No.-000509-000509 / 1991,08-11-1994 (English)
S.No. 481,Case Number,Crl.A. No.-000553-000553 / 1991,21-03-1995 (English)
S.No. 482,Case Number,Crl.A. No.-000571-000571 / 1991,12-07-1995 (English)
S.No. 483,Case Number,C.A. No.-005117-005117 / 1995,25-04-1995 (English)
S.No. 484,Case Number,C.A. No.-001421-001422 / 1991,17-01-1995 (English)
S.No. 485,Case Number,C.A. No.-001306-001306 / 1995,20-09-1995 (English)
S.No. 486,Case Number,C.A. No.-004724-004724 / 1995,31-03-1995 (English)
S.No. 487,Case Number,C.A. No.-004832-004832 / 1992,15-11-1994 (English)
S.No. 488,Case Number,C.A. No.-003755-003755 / 1992,13-12-1994 (English)
S.No. 489,Case Number,W.P.(C) No.-000146-000146 / 1992,19-01-1995 (English)
S.No. 490,Case Number,C.A. No.-002532-002532 / 1992,"30-03-1995 (English)
30-03-1995 (English)"
S.No. 491,Case Number,C.A. No.-006964-006964 / 1994,24-10-1994 (English)
S.No. 492,Case Number,C.A. No.-007062-007062 / 1994,24-10-1994 (English)
S.No. 493,Case Number,C.A. No.-007665-007666 / 1994,22-11-1994 (English)
S.No. 494,Case Number,C.A. No.-001408-001408 / 1995,07-02-1995 (English)
S.No. 495,Case Number,C.A. No.-001418-001418 / 1995,03-02-1995 (English)
S.No. 496,Case Number,C.A. No.-004480-004483 / 1995,23-03-1995 (English)
S.No. 497,Case Number,Crl.A. No.-000564-000564 / 1995,20-04-1995 (English)
S.No. 498,Case Number,C.A. No.-005256-005256 / 1995,02-05-1995 (English)
S.No. 499,Case Number,C.A. No.-005278-005278 / 1995,28-04-1995 (English)
S.No. 500,Case Number,C.A. No.-005384-005384 / 1995,09-05-1995 (English)
S.No. 501,Case Number,C.A. No.-005460-005460 / 1995,09-05-1995 (English)
S.No. 502,Case Number,C.A. No.-002589-002589 / 1995,22-02-1995 (English)
S.No. 503,Case Number,C.A. No.-007511-007511 / 1995,17-08-1995 (English)
S.No. 504,Case Number,C.A. No.-007756-007756 / 1995,14-08-1995 (English)
S.No. 505,Case Number,Crl.A. No.-000984-000984 / 1995,30-08-1995 (English)
S.No. 506,Case Number,C.A. No.-008338-008338 / 1995,15-09-1995 (English)
S.No. 507,Case Number,C.A. No.-008409-008409 / 1995,20-09-1995 (English)
S.No. 508,Case Number,C.A. No.-009100-009100 / 1995,25-09-1995 (English)
S.No. 509,Case Number,C.A. No.-009107-009107 / 1995,26-09-1995 (English)
S.No. 510,Case Number,C.A. No.-009579-009579 / 1995,16-10-1995 (English)
S.No. 511,Case Number,C.A. No.-008218-008218 / 1995,12-09-1995 (English)
S.No. 512,Case Number,W.P.(C) No.-000167-000167 / 1992,30-03-1995 (English)
S.No. 513,Case Number,C.A. No.-005423-005427 / 1992,25-11-1994 (English)
S.No. 514,Case Number,C.A. No.-007412-007412 / 1993,14-12-1994 (English)
S.No. 515,Case Number,R.P.(C) No.-000364-000365 / 1992,10-03-1995 (English)
S.No. 516,Case Number,C.A. No.-003553-003556 / 1992,09-05-1995 (English)
S.No. 517,Case Number,W.P.(C) No.-000674-000674 / 1992,19-01-1995 (English)
S.No. 518,Case Number,W.P.(C) No.-000050-000050 / 1993,08-05-1995 (English)
S.No. 519,Case Number,C.A. No.-000540-000540 / 1994,29-11-1994 (English)
S.No. 520,Case Number,C.A. No.-007153-007153 / 1994,"08-11-1994 (English)
08-11-1994 (English)"
S.No. 521,Case Number,C.A. No.-007191-007191 / 1994,11-11-1994 (English)
S.No. 522,Case Number,C.A. No.-007892-007893 / 1994,25-11-1994 (English)
S.No. 523,Case Number,C.A. No.-008768-008768 / 1994,27-10-1994 (English)
S.No. 524,Case Number,C.A. No.-009161-009161 / 1994,"14-12-1994 (English)
14-12-1994 (English)"
S.No. 525,Case Number,C.A. No.-009177-009178 / 1994,14-12-1994 (English)
S.No. 526,Case Number,C.A. No.-009250-009251 / 1994,24-11-1994 (English)
S.No. 527,Case Number,C.A. No.-007674-007674 / 1994,20-10-1994 (English)
S.No. 528,Case Number,C.A. No.-000870-000870 / 1995,20-01-1995 (English)
S.No. 529,Case Number,C.A. No.-001037-001038 / 1995,27-01-1995 (English)
S.No. 530,Case Number,C.A. No.-001088-001088 / 1995,13-01-1995 (English)
S.No. 531,Case Number,Crl.A. No.-000212-000212 / 1995,02-02-1995 (English)
S.No. 532,Case Number,C.A. No.-001429-001430 / 1995,09-02-1995 (English)
S.No. 533,Case Number,C.A. No.-001696-001696 / 1995,19-01-1995 (English)
S.No. 534,Case Number,C.A. No.-003006-003006 / 1995,24-02-1995 (English)
S.No. 535,Case Number,C.A. No.-003432-003433 / 1995,28-02-1995 (English)
S.No. 536,Case Number,C.A. No.-004027-004027 / 1995,06-03-1995 (English)
S.No. 537,Case Number,C.A. No.-004470-004470 / 1995,18-04-1995 (English)
S.No. 538,Case Number,C.A. No.-004495-004496 / 1995,19-04-1995 (English)
S.No. 539,Case Number,C.A. No.-004725-004725 / 1995,21-04-1995 (English)
S.No. 540,Case Number,C.A. No.-005383-005383 / 1995,05-05-1995 (English)
S.No. 541,Case Number,C.A. No.-005645-005645 / 1995,02-05-1995 (English)
S.No. 542,Case Number,C.A. No.-005699-005699 / 1995,27-04-1995 (English)
S.No. 543,Case Number,C.A. No.-006808-006810 / 1995,27-07-1995 (English)
S.No. 544,Case Number,C.A. No.-007107-007108 / 1995,09-08-1995 (English)
S.No. 545,Case Number,C.A. No.-007316-007316 / 1995,17-08-1995 (English)
S.No. 546,Case Number,C.A. No.-007344-007344 / 1995,14-08-1995 (English)
S.No. 547,Case Number,C.A. No.-007510-007510 / 1995,21-08-1995 (English)
S.No. 548,Case Number,C.A. No.-007564-007564 / 1995,22-08-1995 (English)
S.No. 549,Case Number,C.A. No.-007587-007587 / 1995,17-08-1995 (English)
S.No. 550,Case Number,C.A. No.-007608-007608 / 1995,03-08-1995 (English)
S.No. 551,Case Number,C.A. No.-007701-007702 / 1995,11-08-1995 (English)
S.No. 552,Case Number,C.A. No.-007866-007866 / 1995,24-08-1995 (English)
S.No. 553,Case Number,C.A. No.-007873-007873 / 1995,17-08-1995 (English)
S.No. 554,Case Number,C.A. No.-007977-007977 / 1995,24-08-1995 (English)
S.No. 555,Case Number,C.A. No.-008183-008183 / 1995,17-08-1995 (English)
S.No. 556,Case Number,C.A. No.-008377-008377 / 1995,08-09-1995 (English)
S.No. 557,Case Number,C.A. No.-009374-009374 / 1995,16-10-1995 (English)
S.No. 558,Case Number,C.A. No.-007803-007803 / 1995,31-08-1995 (English)
S.No. 559,Case Number,C.A. No.-006066-006066 / 1995,12-05-1995 (English)
S.No. 560,Case Number,C.A. No.-004438-004442 / 1995,23-03-1995 (English)
S.No. 561,Case Number,C.A. No.-001655-001655 / 1993,19-01-1995 (English)
S.No. 562,Case Number,W.P.(C) No.-000317-000317 / 1993,"11-08-1995 (English)
10-05-1995 (English)
10-05-1995 (English)"
S.No. 563,Case Number,W.P.(C) No.-000786-000786 / 1993,"17-01-1995 (English)
17-01-1995 (English)"
S.No. 564,Case Number,C.A. No.-000702-000702 / 1993,12-07-1995 (English)
S.No. 565,Case Number,C.A. No.-000574-000574 / 1993,05-01-1995 (English)
S.No. 566,Case Number,C.A. No.-007142-007142 / 1993,09-02-1995 (English)
S.No. 567,Case Number,C.A. No.-001233-001234 / 1993,10-05-1995 (English)
S.No. 568,Case Number,C.A. No.-005332-005332 / 1993,09-11-1994 (English)
S.No. 569,Case Number,C.A. No.-000718-000718 / 1993,01-05-1995 (English)
S.No. 570,Case Number,C.A. No.-000640-000640 / 1993,18-07-1995 (English)
S.No. 571,Case Number,C.A. No.-005061-005061 / 1993,"12-05-1995 (English)
12-05-1995 (English)"
S.No. 572,Case Number,R.P.(C) No.-001372-001373 / 1993,24-10-1994 (English)
S.No. 573,Case Number,SLP(C) No.-012597-012600 / 1993,"06-12-1994 (English)
06-12-1994 (English)"
S.No. 574,Case Number,W.P.(C) No.-000694-000694 / 1993,09-03-1995 (English)
