﻿Column-0,Column-1,Column-2,Column-3
S.No. 1,Case Number,Writ Petition (crl.) 109 of 2010,"08-10-2010 (English)
05-10-2010 (English)
05-10-2010 (English)
15-09-2010 (English)
10-09-2010 (English)
09-09-2010 (English)
27-08-2010 (English)
25-08-2010 (English)
20-08-2010 (English)
13-08-2010 (English)
11-08-2010 (English)"
S.No. 2,Case Number,C.A. No.-002440-002440 / 2010,16-03-2010 (English)
S.No. 3,Case Number,C.A. No.-006299-006299 / 2010,05-08-2010 (English)
S.No. 4,Case Number,C.A. No.-007648-007649 / 2009,18-11-2009 (English)
S.No. 5,Case Number,C.A. No.-007736-007736 / 2009,24-11-2009 (English)
S.No. 6,Case Number,Crl.A. No.-000749-000749 / 2010,09-04-2010 (English)
S.No. 7,Case Number,C.A. No.-007272-007272 / 2009,28-10-2009 (English)
S.No. 8,Case Number,C.A. No.-007415-007415 / 2010,07-09-2010 (English)
S.No. 9,Case Number,Crl.A. No.-001798-001798 / 2008,01-12-2009 (English)
S.No. 10,Case Number,W.P.(C) No.-000021-000021 / 1999,06-05-2010 (English)
S.No. 11,Case Number,C.A. No.-005339-005339 / 2002,07-01-2010 (English)
S.No. 12,Case Number,C.A. No.-001569-001569 / 2001,06-01-2010 (English)
S.No. 13,Case Number,C.A. No.-002538-002538 / 2010,19-03-2010 (English)
S.No. 14,Case Number,C.A. No.-000328-000328 / 2005,20-07-2010 (English)
S.No. 15,Case Number,C.A. No.-002943-002943 / 2010,31-03-2010 (English)
S.No. 16,Case Number,C.A. No.-002043-002046 / 2010,25-02-2010 (English)
S.No. 17,Case Number,Crl.A. No.-000267-000267 / 2006,26-07-2010 (English)
S.No. 18,Case Number,C.A. No.-006423-006423 / 2010,10-08-2010 (English)
S.No. 19,Case Number,C.A. No.-003086-003086 / 2007,26-05-2010 (English)
S.No. 20,Case Number,C.A. No.-001094-001094 / 2010,29-01-2010 (English)
S.No. 21,Case Number,Crl.A. No.-001123-001123 / 2008,13-05-2010 (English)
S.No. 22,Case Number,C.A. No.-005292-005292 / 2003,09-02-2010 (English)
S.No. 23,Case Number,C.A. No.-007907-007907 / 2009,"01-12-2009 (English)
01-12-2009 (English)"
S.No. 24,Case Number,C.A. No.-001136-001136 / 2010,28-01-2010 (English)
S.No. 25,Case Number,C.A. No.-000907-000907 / 2006,25-05-2010 (English)
S.No. 26,Case Number,C.A. No.-007206-007206 / 2009,28-10-2009 (English)
S.No. 27,Case Number,Crl.A. No.-000052-000052 / 2010,08-01-2010 (English)
S.No. 28,Case Number,C.A. No.-002048-002048 / 2007,22-04-2010 (English)
S.No. 29,Case Number,C.A. No.-003816-003816 / 2010,26-04-2010 (English)
S.No. 30,Case Number,Crl.A. No.-000164-000164 / 2004,24-11-2009 (English)
S.No. 31,Case Number,C.A. No.-001143-001143 / 2004,25-11-2009 (English)
S.No. 32,Case Number,Crl.A. No.-000584-000584 / 2008,11-11-2009 (English)
S.No. 33,Case Number,C.A. No.-000523-000523 / 2005,08-12-2009 (English)
S.No. 34,Case Number,C.A. No.-001096-001096 / 2010,01-02-2010 (English)
S.No. 35,Case Number,C.A. No.-001801-001801 / 2007,25-08-2010 (English)
S.No. 36,Case Number,C.A. No.-000430-000430 / 2003,09-02-2010 (English)
S.No. 37,Case Number,C.A. No.-004338-004338 / 2010,06-05-2010 (English)
S.No. 38,Case Number,C.A. No.-000565-000565 / 2005,17-02-2010 (English)
S.No. 39,Case Number,C.A. No.-008550-008550 / 2010,30-09-2010 (English)
S.No. 40,Case Number,Crl.A. No.-002020-002020 / 2009,"06-05-2010 (English)
04-11-2009 (English)"
S.No. 41,Case Number,Crl.A. No.-000186-000186 / 2008,07-05-2010 (English)
S.No. 42,Case Number,C.A. No.-002164-002164 / 2004,03-08-2010 (English)
S.No. 43,Case Number,Crl.A. No.-001027-001027 / 2002,06-07-2010 (English)
S.No. 44,Case Number,SLP(C) No.-002954-002954 / 2010,05-02-2010 (English)
S.No. 45,Case Number,C.A. No.-002228-002228 / 2010,09-03-2010 (English)
S.No. 46,Case Number,Crl.A. No.-002309-002309 / 2009,04-12-2009 (English)
S.No. 47,Case Number,W.P.(C) No.-000061-000061 / 2002,18-03-2010 (English)
S.No. 48,Case Number,C.A. No.-000940-000940 / 2004,11-08-2010 (English)
S.No. 49,Case Number,Crl.A. No.-001052-001052 / 2010,11-05-2010 (English)
S.No. 50,Case Number,Crl.A. No.-000653-000653 / 2007,08-09-2010 (English)
S.No. 51,Case Number,C.A. No.-001834-001834 / 2002,08-10-2010 (English)
S.No. 52,Case Number,C.A. No.-003625-003625 / 2006,10-09-2010 (English)
S.No. 53,Case Number,C.A. No.-006791-006791 / 2010,19-08-2010 (English)
S.No. 54,Case Number,C.A. No.-006000-006000 / 2010,26-07-2010 (English)
S.No. 55,Case Number,Crl.A. No.-001830-001830 / 2010,22-09-2010 (English)
S.No. 56,Case Number,Crl.A. No.-000411-000411 / 2005,28-07-2010 (English)
S.No. 57,Case Number,Crl.A. No.-000240-000240 / 2007,29-07-2010 (English)
S.No. 58,Case Number,C.A. No.-009041-009041 / 2003,21-10-2009 (English)
S.No. 59,Case Number,C.A. No.-002225-002225 / 2010,09-03-2010 (English)
S.No. 60,Case Number,C.A. No.-008196-008197 / 2010,22-09-2010 (English)
S.No. 61,Case Number,C.A. No.-002012-002012 / 2002,08-03-2010 (English)
S.No. 62,Case Number,C.A. No.-008839-008839 / 2010,"08-10-2010 (English)
08-10-2010 (English)"
S.No. 63,Case Number,Crl.A. No.-000120-000120 / 2008,06-11-2009 (English)
S.No. 64,Case Number,C.A. No.-002057-002057 / 2010,26-02-2010 (English)
S.No. 65,Case Number,C.A. No.-003192-003192 / 2010,12-04-2010 (English)
S.No. 66,Case Number,C.A. No.-007780-007781 / 2010,09-09-2010 (English)
S.No. 67,Case Number,Crl.A. No.-001012-001012 / 2009,02-12-2009 (English)
S.No. 68,Case Number,Crl.A. No.-000499-000499 / 2002,13-04-2010 (English)
S.No. 69,Case Number,C.A. No.-003291-003291 / 2010,15-04-2010 (English)
S.No. 70,Case Number,Crl.A. No.-001020-001020 / 2010,07-05-2010 (English)
S.No. 71,Case Number,Crl.A. No.-000320-000336 / 2010,15-02-2010 (English)
S.No. 72,Case Number,Crl.A. No.-002255-002255 / 2009,20-11-2009 (English)
S.No. 73,Case Number,C.A. No.-000291-000292 / 2006,08-07-2010 (English)
S.No. 74,Case Number,Crl.A. No.-000307-000307 / 2003,05-10-2010 (English)
S.No. 75,Case Number,C.A. No.-002562-002562 / 2009,09-02-2010 (English)
S.No. 76,Case Number,C.A. No.-007277-007277 / 2002,14-09-2010 (English)
S.No. 77,Case Number,C.A. No.-005999-005999 / 2010,26-07-2010 (English)
S.No. 78,Case Number,C.A. No.-000301-000301 / 2010,15-01-2010 (English)
S.No. 79,Case Number,C.A. No.-004278-004278 / 2010,07-05-2010 (English)
S.No. 80,Case Number,C.A. No.-002579-002579 / 2004,22-09-2010 (English)
S.No. 81,Case Number,C.A. No.-002042-002044 / 2004,23-09-2010 (English)
S.No. 82,Case Number,W.P.(C) No.-000036-000036 / 2009,06-08-2010 (English)
S.No. 83,Case Number,C.A. No.-000891-000891 / 2006,15-09-2010 (English)
S.No. 84,Case Number,ARBIT.CASE(C) No.-000007-000007 / 2008,07-05-2010 (English)
S.No. 85,Case Number,C.A. No.-007593-007593 / 2009,16-11-2009 (English)
S.No. 86,Case Number,C.A. No.-002059-002060 / 2003,06-07-2010 (English)
S.No. 87,Case Number,C.A. No.-002088-002089 / 2010,06-08-2010 (English)
S.No. 88,Case Number,C.A. No.-001210-001210 / 2004,10-11-2009 (English)
S.No. 89,Case Number,C.A. No.-001478-001478 / 2004,15-12-2009 (English)
S.No. 90,Case Number,Crl.A. No.-000087-000087 / 2007,06-10-2010 (English)
S.No. 91,Case Number,C.A. No.-008273-008273 / 2004,11-05-2010 (English)
S.No. 92,Case Number,C.A. No.-008200-008200 / 2009,20-11-2009 (English)
S.No. 93,Case Number,C.A. No.-008393-008393 / 2010,"30-09-2010 (English)
30-09-2010 (English)"
S.No. 94,Case Number,C.A. No.-007910-007910 / 2009,"01-12-2009 (English)
01-12-2009 (English)"
S.No. 95,Case Number,C.A. No.-003118-003118 / 2008,09-06-2010 (English)
S.No. 96,Case Number,C.A. No.-004097-004097 / 2010,05-05-2010 (English)
S.No. 97,Case Number,C.A. No.-000893-000893 / 2007,16-03-2010 (English)
S.No. 98,Case Number,Crl.A. No.-001021-001021 / 2010,07-05-2010 (English)
S.No. 99,Case Number,C.A. No.-002284-002284 / 2010,10-03-2010 (English)
S.No. 100,Case Number,C.A. No.-004887-004887 / 2010,05-07-2010 (English)
S.No. 101,Case Number,C.A. No.-002354-002354 / 2010,09-03-2010 (English)
S.No. 102,Case Number,C.A. No.-002856-002856 / 2010,30-03-2010 (English)
S.No. 103,Case Number,Crl.A. No.-000304-000304 / 2006,09-12-2009 (English)
S.No. 104,Case Number,SLP(C) No.-003009-003009 / 2009,17-09-2010 (English)
S.No. 105,Case Number,C.A. No.-001622-001622 / 2010,08-02-2010 (English)
S.No. 106,Case Number,C.A. No.-005508-005508 / 2003,02-02-2010 (English)
S.No. 107,Case Number,Crl.A. No.-001026-001026 / 2008,10-12-2009 (English)
S.No. 108,Case Number,SLP(C) No.-004549-004549 / 2008,06-05-2010 (English)
S.No. 109,Case Number,C.A. No.-008124-008124 / 2009,04-12-2009 (English)
S.No. 110,Case Number,C.A. No.-003973-003973 / 2007,22-01-2010 (English)
S.No. 111,Case Number,Crl.A. No.-000436-000436 / 2006,13-09-2010 (English)
S.No. 112,Case Number,C.A. No.-004486-004486 / 2002,10-08-2010 (English)
S.No. 113,Case Number,C.A. No.-008178-008178 / 2010,21-09-2010 (English)
S.No. 114,Case Number,C.A. No.-002899-002899 / 2002,20-04-2010 (English)
S.No. 115,Case Number,W.P.(C) No.-000086-000086 / 2004,29-03-2010 (English)
S.No. 116,Case Number,C.A. No.-002754-002754 / 2007,02-06-2010 (English)
S.No. 117,Case Number,C.A. No.-008378-008392 / 2010,30-09-2010 (English)
S.No. 118,Case Number,C.A. No.-002651-002652 / 2010,23-03-2010 (English)
S.No. 119,Case Number,C.A. No.-000055-000055 / 2010,"07-01-2010 (English)
07-01-2010 (English)"
S.No. 120,Case Number,C.A. No.-005440-005440 / 2000,11-02-2010 (English)
S.No. 121,Case Number,Crl.A. No.-000920-000920 / 2008,17-03-2010 (English)
S.No. 122,Case Number,Crl.A. No.-001079-001079 / 2010,14-05-2010 (English)
S.No. 123,Case Number,Crl.A. No.-000231-000231 / 2004,09-09-2010 (English)
S.No. 124,Case Number,C.A. No.-001508-001508 / 2004,18-08-2010 (English)
S.No. 125,Case Number,Crl.A. No.-000179-000179 / 2007,19-04-2010 (English)
S.No. 126,Case Number,C.A. No.-003685-003685 / 2003,06-05-2010 (English)
S.No. 127,Case Number,C.A. No.-003379-003379 / 2010,12-04-2010 (English)
S.No. 128,Case Number,C.A. No.-000321-000321 / 2002,09-03-2010 (English)
S.No. 129,Case Number,C.A. No.-004623-004623 / 2005,22-04-2010 (English)
S.No. 130,Case Number,C.A. No.-006395-006396 / 2010,09-08-2010 (English)
S.No. 131,Case Number,C.A. No.-001697-001697 / 2005,25-02-2010 (English)
S.No. 132,Case Number,C.A. No.-007073-007073 / 2010,25-08-2010 (English)
S.No. 133,Case Number,C.A. No.-007880-007880 / 2004,03-08-2010 (English)
S.No. 134,Case Number,C.A. No.-002948-002948 / 2010,01-04-2010 (English)
S.No. 135,Case Number,C.A. No.-007208-007208 / 2010,31-08-2010 (English)
S.No. 136,Case Number,SLP(C) No.-006661-006661 / 2006,15-12-2009 (English)
S.No. 137,Case Number,C.A. No.-000638-000638 / 2007,06-07-2010 (English)
S.No. 138,Case Number,Crl.A. No.-001974-001974 / 2009,28-10-2009 (English)
S.No. 139,Case Number,C.A. No.-001750-001751 / 2010,16-02-2010 (English)
S.No. 140,Case Number,Crl.A. No.-000451-000451 / 2007,06-01-2010 (English)
S.No. 141,Case Number,C.A. No.-006937-006937 / 2004,30-11-2009 (English)
S.No. 142,Case Number,C.A. No.-001957-001957 / 2006,06-07-2010 (English)
S.No. 143,Case Number,C.A. No.-002757-002757 / 2010,26-03-2010 (English)
S.No. 144,Case Number,C.A. No.-001088-001088 / 2006,15-09-2010 (English)
S.No. 145,Case Number,Crl.A. No.-001320-001320 / 2006,26-11-2009 (English)
S.No. 146,Case Number,C.A. No.-004970-004970 / 2010,07-07-2010 (English)
S.No. 147,Case Number,C.A. No.-005888-005888 / 2006,18-11-2009 (English)
S.No. 148,Case Number,Crl.A. No.-000297-000298 / 2002,23-02-2010 (English)
S.No. 149,Case Number,Crl.A. No.-000032-000032 / 2009,05-04-2010 (English)
S.No. 150,Case Number,C.A. No.-002928-002928 / 2010,01-04-2010 (English)
S.No. 151,Case Number,C.A. No.-004029-004029 / 2010,03-05-2010 (English)
S.No. 152,Case Number,Crl.A. No.-000574-000574 / 2010,22-03-2010 (English)
S.No. 153,Case Number,C.A. No.-000998-000998 / 2007,08-10-2010 (English)
S.No. 154,Case Number,Crl.A. No.-001965-001965 / 2010,08-10-2010 (English)
S.No. 155,Case Number,Crl.A. No.-001599-001599 / 2010,26-08-2010 (English)
S.No. 156,Case Number,C.A. No.-004135-004152 / 2010,04-05-2010 (English)
S.No. 157,Case Number,SLP(C) No.-003592-003592 / 2006,15-12-2009 (English)
S.No. 158,Case Number,C.A. No.-006397-006397 / 2010,09-08-2010 (English)
S.No. 159,Case Number,C.A. No.-000188-000188 / 2010,08-01-2010 (English)
S.No. 160,Case Number,Crl.A. No.-001215-001215 / 2005,31-08-2010 (English)
S.No. 161,Case Number,W.P.(C) No.-000057-000057 / 2008,01-02-2010 (English)
S.No. 162,Case Number,Crl.A. No.-000689-000689 / 2005,07-10-2010 (English)
S.No. 163,Case Number,C.A. No.-001106-001106 / 2007,12-05-2010 (English)
S.No. 164,Case Number,C.A. No.-008076-008076 / 2009,04-12-2009 (English)
S.No. 165,Case Number,Crl.A. No.-001357-001357 / 2010,28-07-2010 (English)
S.No. 166,Case Number,Crl.A. No.-001368-001368 / 2003,03-12-2009 (English)
S.No. 167,Case Number,C.A. No.-000473-000473 / 2010,15-01-2010 (English)
S.No. 168,Case Number,C.A. No.-005031-005031 / 2005,24-02-2010 (English)
S.No. 169,Case Number,C.A. No.-004345-004345 / 2010,07-05-2010 (English)
S.No. 170,Case Number,C.A. No.-000612-000612 / 2003,10-12-2009 (English)
S.No. 171,Case Number,Crl.A. No.-001973-001973 / 2010,08-10-2010 (English)
S.No. 172,Case Number,CURATIVE PET(R) No.-000007-000008 / 2009,09-03-2010 (English)
S.No. 173,Case Number,Crl.A. No.-001469-001469 / 2008,11-05-2010 (English)
S.No. 174,Case Number,C.A. No.-003674-003674 / 2010,21-04-2010 (English)
S.No. 175,Case Number,C.A. No.-006753-006753 / 2008,17-12-2009 (English)
S.No. 176,Case Number,C.A. No.-007964-007964 / 2009,02-12-2009 (English)
S.No. 177,Case Number,C.A. No.-002180-002180 / 2009,22-03-2010 (English)
S.No. 178,Case Number,C.A. No.-005394-005394 / 2010,15-07-2010 (English)
S.No. 179,Case Number,C.A. No.-000474-000474 / 2010,15-01-2010 (English)
S.No. 180,Case Number,C.A. No.-008317-008317 / 2009,07-12-2009 (English)
S.No. 181,Case Number,ARBIT.CASE(C) No.-000020-000020 / 2009,21-09-2010 (English)
S.No. 182,Case Number,C.A. No.-003027-003027 / 2007,05-05-2010 (English)
S.No. 183,Case Number,SLP(C) No.-004630-004630 / 2008,02-12-2009 (English)
S.No. 184,Case Number,Crl.A. No.-000498-000498 / 2006,27-07-2010 (English)
S.No. 185,Case Number,SLP(C) No.-005593-005593 / 2010,18-03-2010 (English)
S.No. 186,Case Number,W.P.(C) No.-000086-000086 / 2010,22-03-2010 (English)
S.No. 187,Case Number,C.A. No.-003453-003453 / 2002,16-04-2010 (English)
S.No. 188,Case Number,Crl.A. No.-001764-001764 / 2010,13-09-2010 (English)
S.No. 189,Case Number,C.A. No.-002344-002347 / 2004,10-09-2010 (English)
S.No. 190,Case Number,C.A. No.-009748-009748 / 2003,01-10-2010 (English)
S.No. 191,Case Number,C.A. No.-001621-001621 / 2004,03-11-2009 (English)
S.No. 192,Case Number,Crl.A. No.-000342-000342 / 2009,"04-02-2010 (English)
04-02-2010 (English)"
S.No. 193,Case Number,C.A. No.-008189-008189 / 2009,09-12-2009 (English)
S.No. 194,Case Number,SLP(C) No.-011023-011026 / 2010,01-04-2010 (English)
S.No. 195,Case Number,C.A. No.-007465-007465 / 2010,08-09-2010 (English)
S.No. 196,Case Number,C.A. No.-003089-003090 / 2010,08-02-2010 (English)
S.No. 197,Case Number,C.A. No.-005292-005292 / 2004,03-06-2010 (English)
S.No. 198,Case Number,C.A. No.-007258-007258 / 2009,30-10-2009 (English)
S.No. 199,Case Number,C.A. No.-007616-007616 / 2009,09-11-2009 (English)
S.No. 200,Case Number,C.A. No.-002547-002548 / 1998,05-01-2010 (English)
S.No. 201,Case Number,C.A. No.-009525-009525 / 2003,26-07-2010 (English)
S.No. 202,Case Number,C.A. No.-004168-004168 / 2003,21-10-2009 (English)
S.No. 203,Case Number,Crl.A. No.-001243-001243 / 2006,23-07-2010 (English)
S.No. 204,Case Number,C.A. No.-000095-000095 / 2009,16-04-2010 (English)
S.No. 205,Case Number,C.A. No.-001032-001033 / 2003,07-09-2010 (English)
S.No. 206,Case Number,C.A. No.-003809-003809 / 2005,27-10-2009 (English)
S.No. 207,Case Number,Crl.A. No.-000594-000594 / 2005,27-01-2010 (English)
S.No. 208,Case Number,Crl.A. No.-000527-000527 / 2002,23-02-2010 (English)
S.No. 209,Case Number,Crl.A. No.-000630-000630 / 2003,05-04-2010 (English)
S.No. 210,Case Number,C.A. No.-000147-000148 / 2001,05-10-2010 (English)
S.No. 211,Case Number,SLP(C) No.-007105-007105 / 2010,19-03-2010 (English)
S.No. 212,Case Number,Crl.A. No.-001489-001489 / 2004,08-07-2010 (English)
S.No. 213,Case Number,C.A. No.-002867-002867 / 2010,11-03-2010 (English)
S.No. 214,Case Number,C.A. No.-002037-002037 / 2006,06-05-2010 (English)
S.No. 215,Case Number,C.A. No.-005283-005283 / 2004,24-11-2009 (English)
S.No. 216,Case Number,Crl.A. No.-000716-000717 / 2008,14-05-2010 (English)
S.No. 217,Case Number,C.A. No.-007268-007268 / 2004,04-10-2010 (English)
S.No. 218,Case Number,Crl.A. No.-000295-000295 / 2010,11-02-2010 (English)
S.No. 219,Case Number,Crl.A. No.-001168-001168 / 2003,08-04-2010 (English)
S.No. 220,Case Number,C.A. No.-000012-000012 / 2005,08-04-2010 (English)
S.No. 221,Case Number,W.P.(C) No.-000200-000200 / 2002,03-05-2010 (English)
S.No. 222,Case Number,Crl.A. No.-001479-001479 / 2008,09-09-2010 (English)
S.No. 223,Case Number,Crl.A. No.-000662-000662 / 2006,16-09-2010 (English)
S.No. 224,Case Number,C.A. No.-005489-005489 / 2007,08-07-2010 (English)
S.No. 225,Case Number,C.A. No.-003944-003944 / 2003,04-05-2010 (English)
S.No. 226,Case Number,C.A. No.-001833-001833 / 2005,18-02-2010 (English)
S.No. 227,Case Number,C.A. No.-006900-006906 / 2001,08-01-2010 (English)
S.No. 228,Case Number,C.A. No.-008036-008036 / 2009,02-12-2009 (English)
S.No. 229,Case Number,C.A. No.-000036-000036 / 2004,11-08-2010 (English)
S.No. 230,Case Number,C.A. No.-002928-002928 / 2008,05-02-2010 (English)
S.No. 231,Case Number,C.A. No.-003893-003893 / 2003,04-05-2010 (English)
S.No. 232,Case Number,Crl.A. No.-000836-000836 / 2005,12-01-2010 (English)
S.No. 233,Case Number,C.A. No.-008031-008031 / 2001,10-03-2010 (English)
S.No. 234,Case Number,C.A. No.-007207-007207 / 2009,28-10-2009 (English)
S.No. 235,Case Number,Crl.A. No.-001211-001221 / 2003,11-08-2010 (English)
S.No. 236,Case Number,C.A. No.-002281-002282 / 2010,10-03-2010 (English)
S.No. 237,Case Number,C.A. No.-006249-006250 / 2001,"10-08-2010 (English)
17-02-2010 (English)"
S.No. 238,Case Number,C.A. No.-002622-002622 / 2005,08-07-2010 (English)
S.No. 239,Case Number,Crl.A. No.-000632-000632 / 2005,28-09-2010 (English)
S.No. 240,Case Number,C.A. No.-007237-007237 / 2010,30-08-2010 (English)
S.No. 241,Case Number,Crl.A. No.-000757-000757 / 2005,22-04-2010 (English)
S.No. 242,Case Number,C.A. No.-005990-005990 / 2010,26-07-2010 (English)
S.No. 243,Case Number,C.A. No.-002758-002758 / 2010,26-03-2010 (English)
S.No. 244,Case Number,SLP(C) No.-006286-006286 / 2009,17-02-2010 (English)
S.No. 245,Case Number,C.A. No.-004244-004244 / 2006,26-05-2010 (English)
S.No. 246,Case Number,C.A. No.-007664-007675 / 2004,08-10-2010 (English)
S.No. 247,Case Number,C.A. No.-007970-007970 / 2010,10-09-2010 (English)
S.No. 248,Case Number,C.A. No.-006592-006592 / 2005,08-02-2010 (English)
S.No. 249,Case Number,C.A. No.-001800-001800 / 2007,15-12-2009 (English)
S.No. 250,Case Number,Crl.A. No.-000436-000436 / 2009,15-02-2010 (English)
S.No. 251,Case Number,C.A. No.-002703-002703 / 2010,25-03-2010 (English)
S.No. 252,Case Number,C.A. No.-001027-001027 / 2001,14-12-2009 (English)
S.No. 253,Case Number,C.A. No.-003764-003764 / 2003,21-09-2010 (English)
S.No. 254,Case Number,W.P.(C) No.-000291-000291 / 1998,18-08-2010 (English)
S.No. 255,Case Number,Crl.A. No.-002406-002406 / 2009,15-12-2009 (English)
S.No. 256,Case Number,C.A. No.-009113-009126 / 2003,06-08-2010 (English)
S.No. 257,Case Number,C.A. No.-003185-003185 / 2002,28-07-2010 (English)
S.No. 258,Case Number,Crl.A. No.-000874-000874 / 2010,23-04-2010 (English)
S.No. 259,Case Number,C.A. No.-003677-003677 / 2010,21-04-2010 (English)
S.No. 260,Case Number,C.A. No.-005168-005168 / 2010,08-07-2010 (English)
S.No. 261,Case Number,C.A. No.-004891-004891 / 2010,05-07-2010 (English)
S.No. 262,Case Number,SLP(C) No.-006556-006556 / 2008,07-05-2010 (English)
S.No. 263,Case Number,C.A. No.-000300-000300 / 2010,15-01-2010 (English)
S.No. 264,Case Number,SLP(C) No.-007366-007367 / 2010,10-05-2010 (English)
S.No. 265,Case Number,C.A. No.-001638-001638 / 2010,08-02-2010 (English)
S.No. 266,Case Number,Crl.A. No.-000628-000628 / 2005,18-08-2010 (English)
S.No. 267,Case Number,Crl.A. No.-001305-001305 / 2010,20-07-2010 (English)
S.No. 268,Case Number,C.A. No.-006291-006291 / 2010,05-08-2010 (English)
S.No. 269,Case Number,Crl.A. No.-000203-000203 / 2010,28-01-2010 (English)
S.No. 270,Case Number,Crl.A. No.-000839-000839 / 2006,01-09-2010 (English)
S.No. 271,Case Number,Crl.A. No.-000751-000751 / 2002,03-11-2009 (English)
S.No. 272,Case Number,C.A. No.-003992-003992 / 2002,29-07-2010 (English)
S.No. 273,Case Number,Crl.A. No.-000792-000792 / 2003,05-08-2010 (English)
S.No. 274,Case Number,C.A. No.-000795-000798 / 2010,22-01-2010 (English)
S.No. 275,Case Number,C.A. No.-006240-006243 / 2001,24-02-2010 (English)
S.No. 276,Case Number,C.A. No.-004035-004035 / 2010,28-04-2010 (English)
S.No. 277,Case Number,C.A. No.-003933-003933 / 2010,28-04-2010 (English)
S.No. 278,Case Number,C.A. No.-000189-000189 / 2010,08-01-2010 (English)
S.No. 279,Case Number,C.A. No.-000730-000730 / 2004,07-09-2010 (English)
S.No. 280,Case Number,Crl.A. No.-000782-000782 / 2010,12-04-2010 (English)
S.No. 281,Case Number,SLP(C) No.-008525-008525 / 2010,20-04-2010 (English)
S.No. 282,Case Number,Crl.A. No.-001268-001268 / 2004,06-10-2010 (English)
S.No. 283,Case Number,C.A. No.-002653-002654 / 2010,23-03-2010 (English)
S.No. 284,Case Number,C.A. No.-005660-005660 / 2010,20-07-2010 (English)
S.No. 285,Case Number,Crl.A. No.-001247-001247 / 2008,26-07-2010 (English)
S.No. 286,Case Number,C.A. No.-007226-007226 / 2002,27-07-2010 (English)
S.No. 287,Case Number,C.A. No.-001337-001337 / 2003,11-01-2010 (English)
S.No. 288,Case Number,C.A. No.-008864-008864 / 2010,08-10-2010 (English)
S.No. 289,Case Number,C.A. No.-006127-006128 / 2002,14-01-2010 (English)
S.No. 290,Case Number,C.A. No.-008201-008201 / 2010,"23-09-2010 (English)
22-09-2010 (English)"
S.No. 291,Case Number,C.A. No.-007428-007428 / 2010,07-09-2010 (English)
S.No. 292,Case Number,C.A. No.-002335-002335 / 2010,12-03-2010 (English)
S.No. 293,Case Number,C.A. No.-002315-002315 / 2003,27-04-2010 (English)
S.No. 294,Case Number,C.A. No.-007599-007600 / 2009,16-11-2009 (English)
S.No. 295,Case Number,C.A. No.-004194-004194 / 2003,17-02-2010 (English)
S.No. 296,Case Number,Crl.A. No.-000686-000686 / 2002,04-12-2009 (English)
S.No. 297,Case Number,C.A. No.-005510-005510 / 2005,29-09-2010 (English)
S.No. 298,Case Number,CONMT.PET.(C) No.-000084-000084 / 2005,09-12-2009 (English)
S.No. 299,Case Number,C.A. No.-007103-007103 / 2009,23-10-2009 (English)
S.No. 300,Case Number,C.A. No.-004905-004905 / 2010,06-07-2010 (English)
S.No. 301,Case Number,C.A. No.-000939-000941 / 2010,25-01-2010 (English)
S.No. 302,Case Number,C.A. No.-000967-000967 / 2007,17-08-2010 (English)
S.No. 303,Case Number,C.A. No.-008365-008365 / 2002,07-07-2010 (English)
S.No. 304,Case Number,C.A. No.-001182-001182 / 2006,01-09-2010 (English)
S.No. 305,Case Number,Crl.A. No.-002408-002408 / 2009,15-12-2009 (English)
S.No. 306,Case Number,C.A. No.-007662-007663 / 2009,19-11-2009 (English)
S.No. 307,Case Number,C.A. No.-005896-005896 / 2010,23-07-2010 (English)
S.No. 308,Case Number,Crl.A. No.-000946-000946 / 2002,18-02-2010 (English)
S.No. 309,Case Number,C.A. No.-004596-004596 / 2003,19-01-2010 (English)
S.No. 310,Case Number,C.A. No.-006519-006519 / 2010,11-08-2010 (English)
S.No. 311,Case Number,Crl.A. No.-002062-002062 / 2009,09-11-2009 (English)
S.No. 312,Case Number,Crl.A. No.-001754-001754 / 2010,14-09-2010 (English)
S.No. 313,Case Number,C.A. No.-001640-001640 / 2010,09-02-2010 (English)
S.No. 314,Case Number,Crl.A. No.-000909-000910 / 2003,25-03-2010 (English)
S.No. 315,Case Number,C.A. No.-005798-005798 / 2002,31-08-2010 (English)
S.No. 316,Case Number,SLP(C) No.-024430-024430 / 2008,27-08-2010 (English)
S.No. 317,Case Number,C.A. No.-007721-007721 / 2009,23-11-2009 (English)
S.No. 318,Case Number,C.A. No.-007213-007213 / 2010,31-08-2010 (English)
S.No. 319,Case Number,SLP(C) No.-011801-011804 / 2005,17-12-2009 (English)
S.No. 320,Case Number,C.A. No.-006817-006817 / 2010,20-08-2010 (English)
S.No. 321,Case Number,C.A. No.-002500-002500 / 2001,08-01-2010 (English)
S.No. 322,Case Number,C.A. No.-000113-000113 / 2002,29-04-2010 (English)
S.No. 323,Case Number,C.A. No.-000933-000935 / 2004,17-02-2010 (English)
S.No. 324,Case Number,C.A. No.-004671-004671 / 2004,16-11-2009 (English)
S.No. 325,Case Number,C.A. No.-008247-008247 / 2004,25-11-2009 (English)
S.No. 326,Case Number,C.A. No.-008116-008116 / 2003,11-05-2010 (English)
S.No. 327,Case Number,C.A. No.-004714-004714 / 2006,05-01-2010 (English)
S.No. 328,Case Number,C.A. No.-006312-006312 / 2001,18-01-2010 (English)
S.No. 329,Case Number,C.A. No.-005790-005792 / 2002,18-11-2009 (English)
S.No. 330,Case Number,C.A. No.-000587-000587 / 2010,05-01-2010 (English)
S.No. 331,Case Number,C.A. No.-004964-004964 / 2010,07-07-2010 (English)
S.No. 332,Case Number,C.A. No.-000546-000546 / 2004,30-08-2010 (English)
S.No. 333,Case Number,C.A. No.-008817-008817 / 2010,08-10-2010 (English)
S.No. 334,Case Number,Crl.A. No.-000062-000062 / 2006,12-08-2010 (English)
S.No. 335,Case Number,C.A. No.-006394-006394 / 2010,09-08-2010 (English)
S.No. 336,Case Number,C.A. No.-005897-005897 / 2006,18-03-2010 (English)
S.No. 337,Case Number,Crl.A. No.-000682-000682 / 2006,28-07-2010 (English)
S.No. 338,Case Number,Crl.A. No.-000891-000893 / 2007,01-02-2010 (English)
S.No. 339,Case Number,Crl.A. No.-000535-000535 / 2009,21-07-2010 (English)
S.No. 340,Case Number,C.A. No.-001434-001434 / 2003,03-12-2009 (English)
S.No. 341,Case Number,C.A. No.-003607-003607 / 2002,27-04-2010 (English)
S.No. 342,Case Number,Crl.A. No.-001134-001134 / 2003,18-08-2010 (English)
S.No. 343,Case Number,SLP(C) No.-008975-008975 / 2004,07-12-2009 (English)
S.No. 344,Case Number,C.A. No.-008590-008590 / 2003,21-09-2010 (English)
S.No. 345,Case Number,C.A. No.-003003-003003 / 2005,17-03-2010 (English)
S.No. 346,Case Number,Crl.A. No.-000870-000870 / 2006,09-08-2010 (English)
S.No. 347,Case Number,C.A. No.-001138-001138 / 2010,29-01-2010 (English)
S.No. 348,Case Number,Crl.A. No.-000607-000607 / 2005,25-08-2010 (English)
S.No. 349,Case Number,C.A. No.-007019-007019 / 2009,22-10-2009 (English)
S.No. 350,Case Number,SLP(C) No.-006933-006933 / 2007,19-07-2010 (English)
S.No. 351,Case Number,C.A. No.-003460-003462 / 2004,"25-01-2010 (English)
12-11-2009 (English)"
S.No. 352,Case Number,Crl.A. No.-002265-002266 / 2009,30-11-2009 (English)
S.No. 353,Case Number,C.A. No.-008428-008428 / 2010,30-09-2010 (English)
S.No. 354,Case Number,C.A. No.-001886-001886 / 2007,31-03-2010 (English)
S.No. 355,Case Number,Crl.A. No.-001849-001849 / 2010,27-09-2010 (English)
S.No. 356,Case Number,S.L.P.(C)...CC No.-006832-006832 / 2009,12-08-2010 (English)
S.No. 357,Case Number,C.A. No.-003048-003048 / 2010,07-04-2010 (English)
S.No. 358,Case Number,C.A. No.-002865-002865 / 2008,13-09-2010 (English)
S.No. 359,Case Number,C.A. No.-005646-005646 / 2010,16-07-2010 (English)
S.No. 360,Case Number,C.A. No.-002088-002088 / 2007,09-11-2009 (English)
S.No. 361,Case Number,Crl.A. No.-001585-001585 / 2010,26-08-2010 (English)
S.No. 362,Case Number,C.A. No.-003067-003067 / 2004,11-05-2010 (English)
S.No. 363,Case Number,Crl.A. No.-000926-000926 / 2004,16-03-2010 (English)
S.No. 364,Case Number,C.A. No.-002352-002352 / 2007,20-10-2009 (English)
S.No. 365,Case Number,Crl.A. No.-002040-002040 / 2009,06-11-2009 (English)
S.No. 366,Case Number,C.A. No.-001718-001718 / 2010,22-01-2010 (English)
S.No. 367,Case Number,C.A. No.-008288-008288 / 2009,14-12-2009 (English)
S.No. 368,Case Number,SLP(C) No.-009821-009822 / 2009,"06-04-2010 (English)
06-04-2010 (English)"
S.No. 369,Case Number,Crl.A. No.-000131-000131 / 2004,30-09-2010 (English)
S.No. 370,Case Number,SLP(C) No.-012299-012299 / 2004,20-01-2010 (English)
S.No. 371,Case Number,C.A. No.-007362-007362 / 2003,06-05-2010 (English)
S.No. 372,Case Number,C.A. No.-000192-000192 / 2010,11-01-2010 (English)
S.No. 373,Case Number,C.A. No.-002450-002450 / 2010,12-03-2010 (English)
S.No. 374,Case Number,C.A. No.-003512-003512 / 2010,20-04-2010 (English)
S.No. 375,Case Number,Crl.A. No.-001361-001361 / 2003,27-08-2010 (English)
S.No. 376,Case Number,C.A. No.-006274-006274 / 2003,10-08-2010 (English)
S.No. 377,Case Number,SLP(C) No.-009110-009110 / 2008,07-05-2010 (English)
S.No. 378,Case Number,C.A. No.-004342-004343 / 2010,07-05-2010 (English)
S.No. 379,Case Number,ARBIT.CASE(C) No.-000021-000021 / 2009,17-02-2010 (English)
S.No. 380,Case Number,C.A. No.-003352-003352 / 2007,23-09-2010 (English)
S.No. 381,Case Number,Crl.A. No.-000266-000266 / 2004,06-10-2010 (English)
S.No. 382,Case Number,C.A. No.-005871-005872 / 2010,22-07-2010 (English)
S.No. 383,Case Number,C.A. No.-004220-004220 / 2002,03-05-2010 (English)
S.No. 384,Case Number,Crl.A. No.-001486-001486 / 2003,12-08-2010 (English)
S.No. 385,Case Number,C.A. No.-000492-000492 / 2003,21-07-2010 (English)
S.No. 386,Case Number,C.A. No.-008230-008230 / 2009,11-12-2009 (English)
S.No. 387,Case Number,C.A. No.-000963-000963 / 2010,25-01-2010 (English)
S.No. 388,Case Number,C.A. No.-008866-008866 / 2010,07-10-2010 (English)
S.No. 389,Case Number,C.A. No.-004392-004392 / 2010,11-05-2010 (English)
S.No. 390,Case Number,C.A. No.-008034-008034 / 2010,15-09-2010 (English)
S.No. 391,Case Number,C.A. No.-001745-001753 / 2004,15-09-2010 (English)
S.No. 392,Case Number,C.A. No.-008476-008476 / 2009,18-12-2009 (English)
S.No. 393,Case Number,C.A. No.-005324-005324 / 2007,01-06-2010 (English)
S.No. 394,Case Number,C.A. No.-007119-007119 / 2009,22-10-2009 (English)
S.No. 395,Case Number,C.A. No.-002879-002879 / 2007,20-10-2009 (English)
S.No. 396,Case Number,Crl.A. No.-001345-001345 / 2007,04-08-2010 (English)
S.No. 397,Case Number,C.A. No.-000225-000225 / 2010,08-01-2010 (English)
S.No. 398,Case Number,C.A. No.-004211-004211 / 2007,06-07-2010 (English)
S.No. 399,Case Number,C.A. No.-002726-002726 / 2004,21-10-2009 (English)
S.No. 400,Case Number,C.A. No.-008865-008865 / 2010,08-10-2010 (English)
S.No. 401,Case Number,C.A. No.-006818-006818 / 2010,20-08-2010 (English)
S.No. 402,Case Number,Crl.A. No.-000282-000282 / 2008,11-08-2010 (English)
S.No. 403,Case Number,Crl.A. No.-000988-000989 / 2010,05-05-2010 (English)
S.No. 404,Case Number,C.A. No.-004120-004120 / 2007,28-07-2010 (English)
S.No. 405,Case Number,C.A. No.-008271-008271 / 2009,14-12-2009 (English)
S.No. 406,Case Number,C.A. No.-002163-002163 / 2010,08-03-2010 (English)
S.No. 407,Case Number,Crl.A. No.-000168-000168 / 2008,19-04-2010 (English)
S.No. 408,Case Number,C.A. No.-001184-001184 / 2003,27-08-2010 (English)
S.No. 409,Case Number,C.A. No.-000617-000617 / 2010,20-01-2010 (English)
S.No. 410,Case Number,C.A. No.-003289-003289 / 2010,15-04-2010 (English)
S.No. 411,Case Number,C.A. No.-004927-004927 / 2010,06-07-2010 (English)
S.No. 412,Case Number,C.A. No.-007020-007020 / 2009,22-10-2009 (English)
S.No. 413,Case Number,C.A. No.-007966-007967 / 2009,02-12-2009 (English)
S.No. 414,Case Number,ARBIT.CASE(C) No.-000010-000010 / 2009,22-01-2010 (English)
S.No. 415,Case Number,Crl.A. No.-001241-001241 / 2003,06-01-2010 (English)
S.No. 416,Case Number,Crl.A. No.-001243-001243 / 2007,14-09-2010 (English)
S.No. 417,Case Number,C.A. No.-000187-000187 / 2003,12-05-2010 (English)
S.No. 418,Case Number,C.A. No.-007430-007430 / 2010,07-09-2010 (English)
S.No. 419,Case Number,C.A. No.-004258-004258 / 2010,06-05-2010 (English)
S.No. 420,Case Number,Crl.A. No.-000272-000272 / 2007,10-05-2010 (English)
S.No. 421,Case Number,Crl.A. No.-000688-000688 / 2010,05-04-2010 (English)
S.No. 422,Case Number,Crl.A. No.-002120-002120 / 2009,13-11-2009 (English)
S.No. 423,Case Number,Crl.A. No.-001679-001679 / 2005,05-08-2010 (English)
S.No. 424,Case Number,Crl.A. No.-000115-000115 / 2007,28-07-2010 (English)
S.No. 425,Case Number,C.A. No.-007085-007086 / 2010,26-08-2010 (English)
S.No. 426,Case Number,Crl.A. No.-001180-001180 / 2004,03-08-2010 (English)
S.No. 427,Case Number,C.A. No.-001930-001930 / 2010,22-02-2010 (English)
S.No. 428,Case Number,C.A. No.-007519-007519 / 2010,09-09-2010 (English)
S.No. 429,Case Number,C.A. No.-008601-008601 / 2010,05-10-2010 (English)
S.No. 430,Case Number,C.A. No.-006815-006816 / 2010,20-08-2010 (English)
S.No. 431,Case Number,T.P.(C) No.-000435-000444 / 2008,09-02-2010 (English)
S.No. 432,Case Number,SLP(C) No.-008317-008317 / 2006,07-09-2010 (English)
S.No. 433,Case Number,C.A. No.-004608-004609 / 2005,24-09-2010 (English)
S.No. 434,Case Number,SLP(C) No.-012144-012144 / 2009,21-09-2010 (English)
S.No. 435,Case Number,Crl.A. No.-000959-000959 / 2010,03-05-2010 (English)
S.No. 436,Case Number,C.A. No.-003505-003505 / 2007,08-07-2010 (English)
S.No. 437,Case Number,C.A. No.-002808-002808 / 2010,29-03-2010 (English)
S.No. 438,Case Number,C.A. No.-008235-008235 / 2009,11-12-2009 (English)
S.No. 439,Case Number,T.P.(C) No.-000400-000400 / 2009,10-11-2009 (English)
S.No. 440,Case Number,C.A. No.-005851-005851 / 2010,22-07-2010 (English)
S.No. 441,Case Number,C.A. No.-006566-006566 / 2010,13-08-2010 (English)
S.No. 442,Case Number,C.A. No.-007537-007541 / 2009,12-11-2009 (English)
S.No. 443,Case Number,C.A. No.-007463-007463 / 2009,09-11-2009 (English)
S.No. 444,Case Number,C.A. No.-006077-006077 / 2010,30-07-2010 (English)
S.No. 445,Case Number,C.A. No.-000074-000074 / 2010,08-01-2010 (English)
S.No. 446,Case Number,C.A. No.-005395-005395 / 2010,12-07-2010 (English)
S.No. 447,Case Number,C.A. No.-003702-003702 / 2003,09-07-2010 (English)
S.No. 448,Case Number,C.A. No.-008229-008230 / 2003,06-05-2010 (English)
S.No. 449,Case Number,C.A. No.-002379-002379 / 2005,29-09-2010 (English)
S.No. 450,Case Number,C.A. No.-009485-009485 / 2003,16-02-2010 (English)
S.No. 451,Case Number,Crl.A. No.-001377-001377 / 2010,30-07-2010 (English)
S.No. 452,Case Number,Crl.A. No.-001087-001087 / 2003,20-04-2010 (English)
S.No. 453,Case Number,Crl.A. No.-001964-001964 / 2010,08-10-2010 (English)
S.No. 454,Case Number,Crl.A. No.-000800-000800 / 2007,07-05-2010 (English)
S.No. 455,Case Number,C.A. No.-006036-006036 / 2003,04-05-2010 (English)
S.No. 456,Case Number,Crl.A. No.-001038-001038 / 2007,05-02-2010 (English)
S.No. 457,Case Number,C.A. No.-006412-006412 / 2002,15-03-2010 (English)
S.No. 458,Case Number,C.A. No.-006337-006337 / 2001,06-05-2010 (English)
S.No. 459,Case Number,Crl.A. No.-000816-000816 / 2002,06-11-2009 (English)
S.No. 460,Case Number,C.A. No.-008249-008249 / 2010,24-09-2010 (English)
S.No. 461,Case Number,C.A. No.-000492-000492 / 2007,03-08-2010 (English)
S.No. 462,Case Number,C.A. No.-000798-000798 / 2007,25-01-2010 (English)
S.No. 463,Case Number,C.A. No.-006057-006057 / 2010,29-07-2010 (English)
S.No. 464,Case Number,Crl.A. No.-001219-001219 / 2006,28-07-2010 (English)
S.No. 465,Case Number,Crl.A. No.-000686-000686 / 2008,08-07-2010 (English)
S.No. 466,Case Number,Crl.A. No.-000302-000302 / 2005,09-08-2010 (English)
S.No. 467,Case Number,C.A. No.-005215-005215 / 2009,27-09-2010 (English)
S.No. 468,Case Number,C.A. No.-007779-007779 / 2010,09-09-2010 (English)
S.No. 469,Case Number,Crl.A. No.-001078-001078 / 2006,27-08-2010 (English)
S.No. 470,Case Number,C.A. No.-004986-004987 / 2010,07-07-2010 (English)
S.No. 471,Case Number,C.A. No.-002816-002816 / 2007,17-12-2009 (English)
S.No. 472,Case Number,C.A. No.-001559-001559 / 2006,15-09-2010 (English)
S.No. 473,Case Number,Crl.A. No.-000396-000396 / 2008,08-02-2010 (English)
S.No. 474,Case Number,C.A. No.-004364-004364 / 2010,10-05-2010 (English)
S.No. 475,Case Number,C.A. No.-000663-000663 / 2003,23-04-2010 (English)
S.No. 476,Case Number,Crl.A. No.-001029-001029 / 2004,12-08-2010 (English)
S.No. 477,Case Number,C.A. No.-003811-003811 / 2005,21-10-2009 (English)
S.No. 478,Case Number,W.P.(C) No.-000172-000172 / 2010,28-09-2010 (English)
S.No. 479,Case Number,C.A. No.-000331-000331 / 2005,07-04-2010 (English)
S.No. 480,Case Number,C.A. No.-002075-002075 / 2010,26-02-2010 (English)
S.No. 481,Case Number,C.A. No.-007595-007595 / 2004,20-10-2009 (English)
S.No. 482,Case Number,C.A. No.-003127-003127 / 2008,22-04-2010 (English)
S.No. 483,Case Number,C.A. No.-001786-001786 / 2002,24-11-2009 (English)
S.No. 484,Case Number,C.A. No.-002994-002994 / 2010,05-04-2010 (English)
S.No. 485,Case Number,C.A. No.-005181-005181 / 2002,08-01-2010 (English)
S.No. 486,Case Number,C.A. No.-006088-006088 / 2003,08-10-2010 (English)
S.No. 487,Case Number,Crl.A. No.-001670-001670 / 2010,29-07-2010 (English)
S.No. 488,Case Number,C.A. No.-000271-000271 / 2010,13-01-2010 (English)
S.No. 489,Case Number,C.A. No.-002699-002699 / 2002,29-07-2010 (English)
S.No. 490,Case Number,C.A. No.-001929-001929 / 2004,26-02-2010 (English)
S.No. 491,Case Number,C.A. No.-008411-008411 / 2009,17-12-2009 (English)
S.No. 492,Case Number,C.A. No.-005616-005617 / 2000,14-09-2010 (English)
S.No. 493,Case Number,C.A. No.-005995-005995 / 2004,08-04-2010 (English)
S.No. 494,Case Number,C.A. No.-005173-005173 / 2004,05-05-2010 (English)
S.No. 495,Case Number,C.A. No.-008407-008407 / 2009,17-12-2009 (English)
S.No. 496,Case Number,C.A. No.-003889-003891 / 2003,06-05-2010 (English)
S.No. 497,Case Number,C.A. No.-001961-001961 / 2006,05-07-2010 (English)
S.No. 498,Case Number,Crl.A. No.-001496-001496 / 2004,13-07-2010 (English)
S.No. 499,Case Number,C.A. No.-008981-008981 / 2010,18-10-2010 (English)
S.No. 500,Case Number,C.A. No.-003793-003793 / 2010,10-05-2010 (English)
S.No. 501,Case Number,SLP(Crl) No.-004924-004924 / 2010,01-10-2010 (English)
S.No. 502,Case Number,C.A. No.-001134-001135 / 2002,18-01-2010 (English)
S.No. 503,Case Number,C.A. No.-007993-007993 / 2009,03-12-2009 (English)
S.No. 504,Case Number,Crl.A. No.-001480-001480 / 2009,05-04-2010 (English)
S.No. 505,Case Number,Crl.A. No.-002041-002041 / 2009,06-11-2009 (English)
S.No. 506,Case Number,C.A. No.-004185-004185 / 2006,24-11-2009 (English)
S.No. 507,Case Number,C.A. No.-007165-007165 / 2010,30-08-2010 (English)
S.No. 508,Case Number,Crl.A. No.-001499-001499 / 2007,10-03-2010 (English)
S.No. 509,Case Number,C.A. No.-003439-003439 / 2007,19-08-2010 (English)
S.No. 510,Case Number,W.P.(C) No.-000296-000296 / 2004,07-05-2010 (English)
S.No. 511,Case Number,Crl.A. No.-001059-001059 / 2004,17-08-2010 (English)
S.No. 512,Case Number,C.A. No.-003546-003546 / 2007,03-06-2010 (English)
S.No. 513,Case Number,C.A. No.-003392-003392 / 2007,03-06-2010 (English)
S.No. 514,Case Number,C.A. No.-007357-007357 / 2002,16-04-2010 (English)
S.No. 515,Case Number,C.A. No.-008431-008431 / 2010,"29-09-2010 (English)
29-09-2010 (English)"
S.No. 516,Case Number,C.A. No.-005611-005611 / 1999,17-02-2010 (English)
S.No. 517,Case Number,C.A. No.-003457-003457 / 2010,19-04-2010 (English)
S.No. 518,Case Number,C.A. No.-002576-002576 / 2003,06-07-2010 (English)
S.No. 519,Case Number,C.A. No.-000148-000148 / 2010,11-01-2010 (English)
S.No. 520,Case Number,C.A. No.-002724-002724 / 2006,"27-04-2010 (English)
27-04-2010 (English)"
S.No. 521,Case Number,C.A. No.-000855-000856 / 2005,27-10-2009 (English)
S.No. 522,Case Number,C.A. No.-008861-008861 / 2010,"08-10-2010 (English)
08-10-2010 (English)"
S.No. 523,Case Number,C.A. No.-007049-007049 / 2002,18-08-2010 (English)
S.No. 524,Case Number,C.A. No.-000829-000829 / 2003,15-12-2009 (English)
S.No. 525,Case Number,Crl.A. No.-000779-000779 / 2007,19-08-2010 (English)
S.No. 526,Case Number,Crl.A. No.-001696-001696 / 2010,07-09-2010 (English)
S.No. 527,Case Number,Crl.A. No.-000046-000046 / 2010,08-01-2010 (English)
S.No. 528,Case Number,C.A. No.-002641-002641 / 2010,08-03-2010 (English)
S.No. 529,Case Number,SLP(C) No.-021686-021686 / 2006,19-01-2010 (English)
S.No. 530,Case Number,C.A. No.-007416-007416 / 2010,07-09-2010 (English)
S.No. 531,Case Number,C.A. No.-007236-007236 / 2003,05-10-2010 (English)
S.No. 532,Case Number,Crl.A. No.-000951-000951 / 2004,25-11-2009 (English)
S.No. 533,Case Number,C.A. No.-002544-002544 / 2010,31-08-2010 (English)
S.No. 534,Case Number,Crl.A. No.-001475-001475 / 2003,29-04-2010 (English)
S.No. 535,Case Number,C.A. No.-004346-004346 / 2010,07-05-2010 (English)
S.No. 536,Case Number,Crl.A. No.-000956-000956 / 2005,12-01-2010 (English)
S.No. 537,Case Number,C.A. No.-005239-005239 / 2002,03-12-2009 (English)
S.No. 538,Case Number,C.A. No.-002916-002916 / 2010,31-03-2010 (English)
S.No. 539,Case Number,C.A. No.-002786-002786 / 2007,12-01-2010 (English)
S.No. 540,Case Number,C.A. No.-005341-005341 / 2005,04-08-2010 (English)
S.No. 541,Case Number,C.A. No.-000298-000299 / 2010,15-01-2010 (English)
S.No. 542,Case Number,Crl.A. No.-000972-000972 / 2007,17-11-2009 (English)
S.No. 543,Case Number,C.A. No.-005205-005205 / 2010,09-07-2010 (English)
S.No. 544,Case Number,C.A. No.-003815-003815 / 2010,26-04-2010 (English)
S.No. 545,Case Number,Crl.A. No.-000913-000913 / 2010,28-04-2010 (English)
S.No. 546,Case Number,W.P.(C) No.-000261-000261 / 2007,06-05-2010 (English)
S.No. 547,Case Number,Crl.A. No.-001327-001327 / 2003,14-01-2010 (English)
S.No. 548,Case Number,Crl.A. No.-001265-001265 / 2006,28-01-2010 (English)
S.No. 549,Case Number,Crl.A. No.-001957-001957 / 2009,27-10-2009 (English)
S.No. 550,Case Number,C.A. No.-006045-006045 / 2002,27-07-2010 (English)
S.No. 551,Case Number,C.A. No.-002917-002917 / 2010,04-02-2010 (English)
S.No. 552,Case Number,C.A. No.-004310-004311 / 2010,"07-05-2010 (English)
07-05-2010 (English)"
S.No. 553,Case Number,Crl.A. No.-000898-000898 / 2007,03-08-2010 (English)
S.No. 554,Case Number,Crl.A. No.-000279-000281 / 2002,27-09-2010 (English)
S.No. 555,Case Number,C.A. No.-005564-005564 / 2005,31-08-2010 (English)
S.No. 556,Case Number,C.A. No.-002909-002909 / 2002,05-05-2010 (English)
S.No. 557,Case Number,Crl.A. No.-001418-001418 / 2004,11-01-2010 (English)
S.No. 558,Case Number,Crl.A. No.-002337-002337 / 2009,08-12-2009 (English)
S.No. 559,Case Number,C.A. No.-006509-006509 / 2005,08-07-2010 (English)
S.No. 560,Case Number,C.A. No.-005286-005286 / 2006,07-07-2010 (English)
S.No. 561,Case Number,Crl.A. No.-001645-001645 / 2007,02-12-2009 (English)
S.No. 562,Case Number,Crl.A. No.-000928-000928 / 2007,27-08-2010 (English)
S.No. 563,Case Number,C.A. No.-004362-004362 / 2007,26-11-2009 (English)
S.No. 564,Case Number,C.A. No.-003751-003752 / 2002,29-09-2010 (English)
S.No. 565,Case Number,Crl.A. No.-002310-002310 / 2009,04-12-2009 (English)
S.No. 566,Case Number,C.A. No.-000365-000365 / 2007,08-07-2010 (English)
S.No. 567,Case Number,C.A. No.-003855-003855 / 2007,15-03-2010 (English)
S.No. 568,Case Number,Crl.A. No.-001934-001934 / 2009,23-10-2009 (English)
S.No. 569,Case Number,Crl.A. No.-000534-000534 / 2007,10-11-2009 (English)
S.No. 570,Case Number,C.A. No.-008151-008151 / 2009,08-12-2009 (English)
S.No. 571,Case Number,C.A. No.-003977-003977 / 2010,30-04-2010 (English)
S.No. 572,Case Number,C.A. No.-007982-007982 / 2002,01-04-2010 (English)
S.No. 573,Case Number,Crl.A. No.-000133-000134 / 2009,06-01-2010 (English)
S.No. 574,Case Number,Crl.A. No.-000261-000261 / 2007,19-11-2009 (English)
S.No. 575,Case Number,C.A. No.-006691-006691 / 2001,17-11-2009 (English)
S.No. 576,Case Number,C.A. No.-008545-008546 / 2010,04-10-2010 (English)
S.No. 577,Case Number,C.A. No.-002880-002881 / 2005,05-11-2009 (English)
S.No. 578,Case Number,C.A. No.-006208-006208 / 2010,03-08-2010 (English)
S.No. 579,Case Number,Crl.A. No.-001394-001394 / 2003,29-04-2010 (English)
S.No. 580,Case Number,C.A. No.-004269-004269 / 2006,03-05-2010 (English)
S.No. 581,Case Number,C.A. No.-002290-002290 / 2010,10-03-2010 (English)
S.No. 582,Case Number,Crl.A. No.-001500-001500 / 2010,12-08-2010 (English)
S.No. 583,Case Number,C.A. No.-001091-001091 / 2010,01-02-2010 (English)
S.No. 584,Case Number,C.A. No.-008317-008318 / 2010,27-09-2010 (English)
S.No. 585,Case Number,Crl.A. No.-001918-001918 / 2010,30-09-2010 (English)
S.No. 586,Case Number,C.A. No.-003038-003038 / 2007,08-02-2010 (English)
S.No. 587,Case Number,C.A. No.-007208-007208 / 2009,28-10-2009 (English)
S.No. 588,Case Number,Crl.A. No.-001733-001733 / 2008,08-07-2010 (English)
S.No. 589,Case Number,Crl.A. No.-000509-000509 / 2010,12-03-2010 (English)
S.No. 590,Case Number,C.A. No.-001166-001166 / 2006,08-07-2010 (English)
S.No. 591,Case Number,Crl.A. No.-001037-001037 / 2005,01-12-2009 (English)
S.No. 592,Case Number,Crl.A. No.-000409-000409 / 2005,07-10-2010 (English)
S.No. 593,Case Number,C.A. No.-003179-003179 / 2007,30-11-2009 (English)
S.No. 594,Case Number,C.A. No.-007189-007189 / 2002,09-07-2010 (English)
S.No. 595,Case Number,C.A. No.-005844-005844 / 2004,20-10-2009 (English)
S.No. 596,Case Number,Crl.A. No.-001808-001808 / 2010,17-09-2010 (English)
S.No. 597,Case Number,Crl.A. No.-000276-000276 / 2003,17-08-2010 (English)
S.No. 598,Case Number,W.P.(C) No.-000358-000358 / 2004,08-09-2010 (English)
S.No. 599,Case Number,C.A. No.-000254-000254 / 2008,02-02-2010 (English)
S.No. 600,Case Number,C.A. No.-002523-002523 / 2008,28-07-2010 (English)
S.No. 601,Case Number,C.A. No.-000635-000635 / 2007,03-12-2009 (English)
S.No. 602,Case Number,C.A. No.-007127-007127 / 2008,11-06-2010 (English)
S.No. 603,Case Number,C.A. No.-005757-005757 / 2005,15-09-2010 (English)
S.No. 604,Case Number,C.A. No.-003902-003902 / 2006,15-03-2010 (English)
S.No. 605,Case Number,C.A. No.-007243-007243 / 2010,31-08-2010 (English)
S.No. 606,Case Number,C.A. No.-001209-001210 / 2003,15-04-2010 (English)
S.No. 607,Case Number,Crl.A. No.-001301-001301 / 2002,05-01-2010 (English)
S.No. 608,Case Number,C.A. No.-004578-004578 / 2006,08-12-2009 (English)
S.No. 609,Case Number,Crl.A. No.-002063-002063 / 2009,09-11-2009 (English)
S.No. 610,Case Number,C.A. No.-008385-008385 / 2004,07-12-2009 (English)
S.No. 611,Case Number,C.A. No.-007390-007390 / 2010,06-09-2010 (English)
S.No. 612,Case Number,W.P.(C) No.-000382-000382 / 2003,10-09-2010 (English)
S.No. 613,Case Number,C.A. No.-007082-007082 / 2010,26-08-2010 (English)
S.No. 614,Case Number,C.A. No.-003838-003838 / 2010,26-04-2010 (English)
S.No. 615,Case Number,C.A. No.-007448-007448 / 2003,06-05-2010 (English)
S.No. 616,Case Number,C.A. No.-000071-000072 / 2010,07-01-2010 (English)
S.No. 617,Case Number,C.A. No.-005616-005616 / 2004,08-10-2010 (English)
S.No. 618,Case Number,C.A. No.-006744-006744 / 2010,18-08-2010 (English)
S.No. 619,Case Number,Crl.A. No.-000488-000488 / 2009,22-07-2010 (English)
S.No. 620,Case Number,Crl.A. No.-001033-001033 / 2002,11-05-2010 (English)
S.No. 621,Case Number,C.A. No.-007553-007553 / 2009,13-11-2009 (English)
S.No. 622,Case Number,Crl.A. No.-000763-000763 / 2008,28-07-2010 (English)
S.No. 623,Case Number,C.A. No.-000229-000229 / 2010,13-01-2010 (English)
S.No. 624,Case Number,C.A. No.-000258-000258 / 2005,03-12-2009 (English)
S.No. 625,Case Number,Crl.A. No.-000714-000714 / 2010,01-04-2010 (English)
S.No. 626,Case Number,Crl.A. No.-000133-000133 / 2003,19-11-2009 (English)
S.No. 627,Case Number,Crl.A. No.-001699-001699 / 2007,27-09-2010 (English)
S.No. 628,Case Number,C.A. No.-004967-004967 / 2010,07-07-2010 (English)
S.No. 629,Case Number,Crl.A. No.-001877-001877 / 2010,27-09-2010 (English)
S.No. 630,Case Number,C.A. No.-001667-001667 / 2010,10-02-2010 (English)
S.No. 631,Case Number,Crl.A. No.-001466-001466 / 2005,28-07-2010 (English)
S.No. 632,Case Number,C.A. No.-006563-006563 / 2010,13-08-2010 (English)
S.No. 633,Case Number,Crl.A. No.-000663-000663 / 2004,30-09-2010 (English)
S.No. 634,Case Number,C.A. No.-006520-006520 / 2010,11-08-2010 (English)
S.No. 635,Case Number,C.A. No.-001881-001881 / 2008,08-02-2010 (English)
S.No. 636,Case Number,Crl.A. No.-000173-000173 / 2007,07-05-2010 (English)
S.No. 637,Case Number,C.A. No.-004201-004201 / 2008,08-12-2009 (English)
S.No. 638,Case Number,Crl.A. No.-000479-000479 / 2009,26-04-2010 (English)
S.No. 639,Case Number,C.A. No.-000973-000973 / 2007,03-06-2010 (English)
S.No. 640,Case Number,Crl.A. No.-001526-001526 / 2010,16-08-2010 (English)
S.No. 641,Case Number,C.A. No.-000651-000651 / 2005,11-08-2010 (English)
S.No. 642,Case Number,C.A. No.-006743-006743 / 2010,18-08-2010 (English)
S.No. 643,Case Number,Crl.A. No.-001248-001248 / 2008,28-01-2010 (English)
S.No. 644,Case Number,C.A. No.-008294-008294 / 2009,15-12-2009 (English)
S.No. 645,Case Number,C.A. No.-003245-003245 / 2005,16-03-2010 (English)
S.No. 646,Case Number,C.A. No.-005843-005843 / 2010,22-07-2010 (English)
S.No. 647,Case Number,Crl.A. No.-000212-000212 / 2010,29-01-2010 (English)
S.No. 648,Case Number,Crl.A. No.-001022-001022 / 2010,06-05-2010 (English)
S.No. 649,Case Number,C.A. No.-001410-001410 / 2003,25-03-2010 (English)
S.No. 650,Case Number,C.A. No.-008417-008417 / 2009,17-12-2009 (English)
S.No. 651,Case Number,C.A. No.-004256-004257 / 2010,06-05-2010 (English)
S.No. 652,Case Number,C.A. No.-007365-007365 / 2009,05-11-2009 (English)
S.No. 653,Case Number,C.A. No.-005951-005951 / 2002,05-07-2010 (English)
S.No. 654,Case Number,Crl.A. No.-002420-002420 / 2009,17-12-2009 (English)
S.No. 655,Case Number,C.A. No.-006396-006396 / 2002,08-10-2010 (English)
S.No. 656,Case Number,Crl.A. No.-000564-000564 / 2005,14-05-2010 (English)
S.No. 657,Case Number,C.A. No.-002926-002926 / 2006,08-07-2010 (English)
S.No. 658,Case Number,C.A. No.-001435-001435 / 2003,05-02-2010 (English)
S.No. 659,Case Number,C.A. No.-008268-008268 / 2010,24-09-2010 (English)
S.No. 660,Case Number,Crl.A. No.-000125-000126 / 2003,06-01-2010 (English)
S.No. 661,Case Number,C.A. No.-001760-001761 / 2004,30-09-2010 (English)
S.No. 662,Case Number,C.A. No.-007026-007026 / 2003,05-10-2010 (English)
S.No. 663,Case Number,C.A. No.-008468-008468 / 2003,22-04-2010 (English)
S.No. 664,Case Number,C.A. No.-008181-008181 / 2010,20-09-2010 (English)
S.No. 665,Case Number,C.A. No.-007312-007312 / 2009,04-11-2009 (English)
S.No. 666,Case Number,Crl.A. No.-000230-000230 / 2003,17-11-2009 (English)
S.No. 667,Case Number,Crl.A. No.-001978-001978 / 2008,10-05-2010 (English)
S.No. 668,Case Number,W.P.(C) No.-000496-000496 / 2002,09-08-2010 (English)
S.No. 669,Case Number,C.A. No.-006933-006934 / 2002,05-01-2010 (English)
S.No. 670,Case Number,C.A. No.-005994-005994 / 2004,20-10-2009 (English)
S.No. 671,Case Number,C.A. No.-002398-002398 / 2002,28-07-2010 (English)
S.No. 672,Case Number,SLP(C) No.-018481-018481 / 2009,"18-01-2010 (English)
30-10-2009 (English)"
S.No. 673,Case Number,C.A. No.-001483-001483 / 2005,27-08-2010 (English)
S.No. 674,Case Number,Crl.A. No.-000239-000239 / 2005,08-07-2010 (English)
S.No. 675,Case Number,Crl.A. No.-000566-000566 / 2010,22-03-2010 (English)
S.No. 676,Case Number,C.A. No.-008260-008260 / 2003,15-09-2010 (English)
S.No. 677,Case Number,C.A. No.-001256-001256 / 2005,16-03-2010 (English)
S.No. 678,Case Number,R.P.(C) No.-001200-001200 / 2002,25-03-2010 (English)
S.No. 679,Case Number,C.A. No.-001989-001989 / 2002,04-11-2009 (English)
S.No. 680,Case Number,Crl.A. No.-000235-000235 / 2006,23-02-2010 (English)
S.No. 681,Case Number,C.A. No.-007597-007597 / 2009,16-11-2009 (English)
S.No. 682,Case Number,C.A. No.-003478-003478 / 2010,09-04-2010 (English)
S.No. 683,Case Number,C.A. No.-004271-004271 / 2006,04-12-2009 (English)
S.No. 684,Case Number,C.A. No.-007278-007278 / 2002,13-04-2010 (English)
S.No. 685,Case Number,Crl.A. No.-001057-001057 / 2002,15-01-2010 (English)
S.No. 686,Case Number,C.A. No.-004441-004441 / 2010,12-05-2010 (English)
S.No. 687,Case Number,Crl.A. No.-001316-001316 / 2002,09-08-2010 (English)
S.No. 688,Case Number,C.A. No.-003280-003280 / 2010,09-04-2010 (English)
S.No. 689,Case Number,SLP(C) No.-014889-014889 / 2009,07-07-2010 (English)
S.No. 690,Case Number,C.A. No.-001485-001485 / 2003,16-12-2009 (English)
S.No. 691,Case Number,Crl.A. No.-001512-001512 / 2010,13-08-2010 (English)
S.No. 692,Case Number,C.A. No.-008632-008634 / 2009,30-11-2009 (English)
S.No. 693,Case Number,Crl.A. No.-001922-001922 / 2009,19-10-2009 (English)
S.No. 694,Case Number,Crl.A. No.-001289-001289 / 2007,05-08-2010 (English)
S.No. 695,Case Number,Crl.A. No.-001440-001441 / 2008,12-11-2009 (English)
S.No. 696,Case Number,Crl.A. No.-001164-001164 / 2005,16-09-2010 (English)
S.No. 697,Case Number,C.A. No.-000032-000032 / 2003,08-04-2010 (English)
S.No. 698,Case Number,CONMT.PET.(C) No.-000144-000144 / 2006,03-11-2009 (English)
S.No. 699,Case Number,C.A. No.-006807-006807 / 2008,19-07-2010 (English)
S.No. 700,Case Number,C.A. No.-008699-008699 / 2002,16-04-2010 (English)
S.No. 701,Case Number,C.A. No.-006125-006125 / 2010,30-07-2010 (English)
S.No. 702,Case Number,Crl.A. No.-001297-001297 / 2008,12-05-2010 (English)
S.No. 703,Case Number,C.A. No.-005875-005875 / 2005,27-07-2010 (English)
S.No. 704,Case Number,Crl.A. No.-000252-000252 / 2004,05-10-2010 (English)
S.No. 705,Case Number,C.A. No.-003138-003138 / 2008,08-07-2010 (English)
S.No. 706,Case Number,C.A. No.-007223-007223 / 2008,15-03-2010 (English)
S.No. 707,Case Number,C.A. No.-003305-003306 / 2010,15-04-2010 (English)
S.No. 708,Case Number,C.A. No.-010249-010249 / 2003,08-09-2010 (English)
S.No. 709,Case Number,C.A. No.-001560-001560 / 2004,20-10-2009 (English)
S.No. 710,Case Number,C.A. No.-003879-003879 / 2010,27-04-2010 (English)
S.No. 711,Case Number,Crl.A. No.-001684-001684 / 2010,06-09-2010 (English)
S.No. 712,Case Number,C.A. No.-002763-002763 / 2010,26-03-2010 (English)
S.No. 713,Case Number,C.A. No.-007349-007351 / 2010,06-09-2010 (English)
S.No. 714,Case Number,C.A. No.-005842-005889 / 1998,31-08-2010 (English)
S.No. 715,Case Number,C.A. No.-007570-007570 / 2009,13-11-2009 (English)
S.No. 716,Case Number,C.A. No.-004309-004311 / 2008,12-11-2009 (English)
S.No. 717,Case Number,C.A. No.-006207-006207 / 2010,03-08-2010 (English)
S.No. 718,Case Number,C.A. No.-007655-007655 / 2004,05-10-2010 (English)
S.No. 719,Case Number,Crl.A. No.-001745-001745 / 2010,13-09-2010 (English)
S.No. 720,Case Number,C.A. No.-004494-004494 / 2006,07-10-2010 (English)
S.No. 721,Case Number,Crl.A. No.-001522-001522 / 2008,09-03-2010 (English)
S.No. 722,Case Number,Crl.A. No.-001488-001488 / 2010,02-08-2010 (English)
S.No. 723,Case Number,C.A. No.-000685-000685 / 2005,05-07-2010 (English)
S.No. 724,Case Number,C.A. No.-007487-007487 / 2009,09-11-2009 (English)
S.No. 725,Case Number,Crl.A. No.-000063-000064 / 2002,05-08-2010 (English)
S.No. 726,Case Number,Crl.A. No.-000869-000869 / 2006,06-04-2010 (English)
S.No. 727,Case Number,C.A. No.-004273-004273 / 2010,07-05-2010 (English)
S.No. 728,Case Number,C.A. No.-005675-005677 / 2007,06-05-2010 (English)
S.No. 729,Case Number,Crl.A. No.-001843-001843 / 2010,24-09-2010 (English)
S.No. 730,Case Number,W.P.(C) No.-000353-000353 / 2006,"25-03-2010 (English)
25-03-2010 ( नेपाली)"
S.No. 731,Case Number,Crl.A. No.-000419-000421 / 2008,11-08-2010 (English)
S.No. 732,Case Number,C.A. No.-008233-008233 / 2010,23-09-2010 (English)
S.No. 733,Case Number,C.A. No.-005998-005998 / 2010,26-07-2010 (English)
S.No. 734,Case Number,C.A. No.-001480-001480 / 2010,08-02-2010 (English)
S.No. 735,Case Number,Crl.A. No.-002172-002172 / 2009,04-02-2010 (English)
S.No. 736,Case Number,C.A. No.-005878-005878 / 2010,19-07-2010 (English)
S.No. 737,Case Number,Crl.A. No.-001559-001559 / 2010,09-08-2010 (English)
S.No. 738,Case Number,C.A. No.-003148-003149 / 2002,29-01-2010 (English)
S.No. 739,Case Number,Crl.A. No.-001028-001029 / 2008,30-04-2010 (English)
S.No. 740,Case Number,C.A. No.-008551-008551 / 2010,04-10-2010 (English)
S.No. 741,Case Number,C.A. No.-002009-002011 / 2003,18-01-2010 (English)
S.No. 742,Case Number,C.A. No.-008419-008419 / 2003,16-02-2010 (English)
S.No. 743,Case Number,Crl.A. No.-001464-001464 / 2003,12-08-2010 (English)
S.No. 744,Case Number,Crl.A. No.-000362-000362 / 2003,03-12-2009 (English)
S.No. 745,Case Number,Crl.A. No.-002308-002308 / 2009,04-12-2009 (English)
S.No. 746,Case Number,C.A. No.-004070-004070 / 2010,04-05-2010 (English)
S.No. 747,Case Number,W.P.(C) No.-000095-000095 / 2004,21-09-2010 (English)
S.No. 748,Case Number,C.A. No.-003080-003081 / 2005,29-09-2010 (English)
S.No. 749,Case Number,Crl.A. No.-000693-000696 / 2002,13-01-2010 (English)
S.No. 750,Case Number,Crl.A. No.-001166-001166 / 2010,06-07-2010 (English)
S.No. 751,Case Number,Crl.A. No.-001386-001386 / 2010,27-07-2010 (English)
S.No. 752,Case Number,C.A. No.-003844-003847 / 2003,07-07-2010 (English)
S.No. 753,Case Number,C.A. No.-007903-007903 / 2010,10-09-2010 (English)
S.No. 754,Case Number,C.A. No.-005281-005281 / 2008,31-03-2010 (English)
S.No. 755,Case Number,Crl.A. No.-000072-000072 / 2010,11-01-2010 (English)
S.No. 756,Case Number,Crl.A. No.-001979-001979 / 2008,17-03-2010 (English)
S.No. 757,Case Number,C.A. No.-001095-001095 / 2010,01-02-2010 (English)
S.No. 758,Case Number,Crl.A. No.-002415-002415 / 2009,16-12-2009 (English)
S.No. 759,Case Number,C.A. No.-008866-008868 / 2003,09-02-2010 (English)
S.No. 760,Case Number,C.A. No.-007083-007083 / 2010,26-08-2010 (English)
S.No. 761,Case Number,C.A. No.-008516-008516 / 2002,19-11-2009 (English)
S.No. 762,Case Number,C.A. No.-000983-000990 / 2003,13-01-2010 (English)
S.No. 763,Case Number,C.A. No.-004345-004346 / 2007,29-03-2010 (English)
S.No. 764,Case Number,C.A. No.-001709-001709 / 2006,07-10-2010 (English)
S.No. 765,Case Number,C.A. No.-004094-004096 / 2010,05-05-2010 (English)
S.No. 766,Case Number,C.A. No.-007394-007394 / 2009,06-11-2009 (English)
S.No. 767,Case Number,C.A. No.-003307-003307 / 2010,15-04-2010 (English)
S.No. 768,Case Number,C.A. No.-003760-003760 / 2003,09-07-2010 (English)
S.No. 769,Case Number,C.A. No.-008690-008701 / 2010,06-10-2010 (English)
S.No. 770,Case Number,C.A. No.-003544-003545 / 2010,20-04-2010 (English)
S.No. 771,Case Number,Crl.A. No.-000864-000864 / 2010,23-04-2010 (English)
S.No. 772,Case Number,ARBIT.CASE(C) No.-000017-000017 / 2009,02-08-2010 (English)
S.No. 773,Case Number,C.A. No.-003403-003403 / 2003,23-07-2010 (English)
S.No. 774,Case Number,Crl.A. No.-000342-000342 / 2007,15-09-2010 (English)
S.No. 775,Case Number,C.A. No.-002808-002808 / 2008,03-06-2010 (English)
S.No. 776,Case Number,C.A. No.-008259-008259 / 2010,24-09-2010 (English)
S.No. 777,Case Number,C.A. No.-003288-003288 / 2010,15-04-2010 (English)
S.No. 778,Case Number,Crl.A. No.-000161-000161 / 2004,06-10-2010 (English)
S.No. 779,Case Number,T.P.(C) No.-000740-000741 / 2008,11-01-2010 (English)
S.No. 780,Case Number,C.A. No.-007397-007397 / 2009,06-11-2009 (English)
S.No. 781,Case Number,C.A. No.-002761-002761 / 2010,26-03-2010 (English)
S.No. 782,Case Number,C.A. No.-002384-002384 / 2007,23-02-2010 (English)
S.No. 783,Case Number,Crl.A. No.-001223-001223 / 2004,06-07-2010 (English)
S.No. 784,Case Number,Crl.A. No.-000713-000713 / 2010,15-03-2010 (English)
S.No. 785,Case Number,Crl.A. No.-002093-002093 / 2009,28-04-2010 (English)
S.No. 786,Case Number,Crl.A. No.-000590-000590 / 2007,27-08-2010 (English)
S.No. 787,Case Number,C.A. No.-004988-005047 / 2010,07-07-2010 (English)
S.No. 788,Case Number,Crl.A. No.-000766-000766 / 2003,07-07-2010 (English)
S.No. 789,Case Number,C.A. No.-006557-006557 / 2010,10-08-2010 (English)
S.No. 790,Case Number,Crl.A. No.-000160-000160 / 2006,05-02-2010 (English)
S.No. 791,Case Number,C.A. No.-001150-001167 / 2010,29-01-2010 (English)
S.No. 792,Case Number,C.A. No.-003372-003372 / 2003,18-10-2010 (English)
S.No. 793,Case Number,C.A. No.-000052-000052 / 2005,27-08-2010 (English)
S.No. 794,Case Number,T.P.(C) No.-000758-000758 / 2008,31-03-2010 (English)
S.No. 795,Case Number,C.A. No.-000392-000392 / 2004,16-03-2010 (English)
S.No. 796,Case Number,Crl.A. No.-000140-000140 / 2010,01-09-2010 (English)
S.No. 797,Case Number,C.A. No.-001064-001064 / 2003,02-12-2009 (English)
S.No. 798,Case Number,Crl.A. No.-001818-001818 / 2009,13-05-2010 (English)
S.No. 799,Case Number,C.A. No.-003369-003369 / 2010,16-04-2010 (English)
S.No. 800,Case Number,C.A. No.-000478-000478 / 2010,18-01-2010 (English)
S.No. 801,Case Number,Crl.A. No.-001923-001923 / 2010,01-10-2010 (English)
S.No. 802,Case Number,Crl.A. No.-000435-000435 / 2008,08-07-2010 (English)
S.No. 803,Case Number,Crl.A. No.-001267-001267 / 2004,05-05-2010 (English)
S.No. 804,Case Number,C.A. No.-002267-002267 / 2007,08-07-2010 (English)
S.No. 805,Case Number,W.P.(C) No.-000329-000329 / 2008,31-03-2010 (English)
S.No. 806,Case Number,C.A. No.-000397-000397 / 2010,15-01-2010 (English)
S.No. 807,Case Number,Crl.A. No.-001376-001376 / 2010,30-07-2010 (English)
S.No. 808,Case Number,SLP(C) No.-008295-008295 / 2009,15-12-2009 (English)
S.No. 809,Case Number,Crl.A. No.-000085-000085 / 2008,10-11-2009 (English)
S.No. 810,Case Number,C.A. No.-000852-000852 / 2010,22-01-2010 (English)
S.No. 811,Case Number,C.A. No.-002698-002698 / 2010,25-03-2010 (English)
S.No. 812,Case Number,C.A. No.-000080-000080 / 2003,29-09-2010 (English)
S.No. 813,Case Number,Crl.A. No.-000272-000273 / 2003,17-08-2010 (English)
S.No. 814,Case Number,C.A. No.-002627-002627 / 2010,23-03-2010 (English)
S.No. 815,Case Number,C.A. No.-008580-008580 / 2010,01-10-2010 (English)
S.No. 816,Case Number,C.A. No.-001375-001375 / 2003,08-10-2010 (English)
S.No. 817,Case Number,C.A. No.-001385-001385 / 2001,10-02-2010 (English)
S.No. 818,Case Number,Crl.A. No.-001712-001712 / 2010,06-09-2010 (English)
S.No. 819,Case Number,Crl.A. No.-001671-001671 / 2010,06-08-2010 (English)
S.No. 820,Case Number,Crl.A. No.-000515-000515 / 2007,28-07-2010 (English)
S.No. 821,Case Number,C.A. No.-007153-007153 / 2009,27-10-2009 (English)
S.No. 822,Case Number,SLP(C) No.-029852-029852 / 2009,30-10-2009 (English)
S.No. 823,Case Number,C.A. No.-008026-008026 / 2009,03-12-2009 (English)
S.No. 824,Case Number,ARBIT.CASE(C) No.-000016-000016 / 2009,10-05-2010 (English)
S.No. 825,Case Number,C.A. No.-006624-006624 / 2003,05-05-2010 (English)
S.No. 826,Case Number,Crl.A. No.-001215-001215 / 2004,06-10-2010 (English)
S.No. 827,Case Number,C.A. No.-005655-005655 / 2010,20-07-2010 (English)
S.No. 828,Case Number,Crl.A. No.-000865-000865 / 2010,22-04-2010 (English)
S.No. 829,Case Number,Crl.A. No.-000080-000080 / 2003,10-12-2009 (English)
S.No. 830,Case Number,C.A. No.-002852-002852 / 2010,30-03-2010 (English)
S.No. 831,Case Number,C.A. No.-002771-002771 / 2002,27-04-2010 (English)
S.No. 832,Case Number,C.A. No.-005974-005974 / 2010,19-07-2010 (English)
S.No. 833,Case Number,C.A. No.-005882-005882 / 2010,23-07-2010 (English)
S.No. 834,Case Number,Crl.A. No.-000190-000190 / 2006,24-11-2009 (English)
S.No. 835,Case Number,C.A. No.-002395-002395 / 2008,09-06-2010 (English)
S.No. 836,Case Number,C.A. No.-005538-005538 / 2008,17-08-2010 (English)
S.No. 837,Case Number,C.A. No.-002501-002501 / 2002,19-01-2010 (English)
S.No. 838,Case Number,Crl.A. No.-000514-000514 / 2008,11-11-2009 (English)
S.No. 839,Case Number,Crl.A. No.-001246-001246 / 2002,06-11-2009 (English)
S.No. 840,Case Number,Crl.A. No.-000161-000161 / 2008,02-12-2009 (English)
S.No. 841,Case Number,Crl.A. No.-002502-002502 / 2009,11-12-2009 (English)
S.No. 842,Case Number,C.A. No.-008239-008240 / 2009,16-03-2010 (English)
S.No. 843,Case Number,C.A. No.-000887-000887 / 2009,11-11-2009 (English)
S.No. 844,Case Number,SLP(C) No.-002397-002397 / 2009,24-11-2009 (English)
S.No. 845,Case Number,C.A. No.-007178-007178 / 2002,08-04-2010 (English)
S.No. 846,Case Number,C.A. No.-000059-000059 / 2004,16-07-2010 (English)
S.No. 847,Case Number,Crl.A. No.-001501-001501 / 2010,28-07-2010 (English)
S.No. 848,Case Number,Crl.A. No.-000025-000025 / 2007,16-08-2010 (English)
S.No. 849,Case Number,Crl.A. No.-000683-000683 / 2009,20-09-2010 (English)
S.No. 850,Case Number,Crl.A. No.-002092-002092 / 2009,09-11-2009 (English)
S.No. 851,Case Number,C.A. No.-005095-005095 / 2005,22-10-2009 (English)
S.No. 852,Case Number,Crl.A. No.-001504-001504 / 2010,12-08-2010 (English)
S.No. 853,Case Number,C.A. No.-008081-008082 / 2009,02-12-2009 (English)
S.No. 854,Case Number,C.A. No.-005204-005204 / 2003,27-08-2010 (English)
S.No. 855,Case Number,Crl.A. No.-001291-001291 / 2008,17-08-2010 (English)
S.No. 856,Case Number,Crl.A. No.-000184-000184 / 2004,29-09-2010 (English)
S.No. 857,Case Number,C.A. No.-006530-006530 / 2010,10-08-2010 (English)
S.No. 858,Case Number,C.A. No.-000596-000596 / 2007,08-07-2010 (English)
S.No. 859,Case Number,Crl.A. No.-000990-000990 / 2006,10-09-2010 (English)
S.No. 860,Case Number,C.A. No.-004230-004230 / 2006,13-01-2010 (English)
S.No. 861,Case Number,Crl.A. No.-001081-001081 / 2010,14-05-2010 (English)
S.No. 862,Case Number,C.A. No.-006971-006971 / 2009,19-10-2009 (English)
S.No. 863,Case Number,Crl.A. No.-001035-001035 / 2005,02-12-2009 (English)
S.No. 864,Case Number,Crl.A. No.-000070-000072 / 2006,05-11-2009 (English)
S.No. 865,Case Number,C.A. No.-007915-007915 / 2003,09-08-2010 (English)
S.No. 866,Case Number,C.A. No.-007493-007493 / 2004,27-10-2009 (English)
S.No. 867,Case Number,C.A. No.-006071-006072 / 2010,30-07-2010 (English)
S.No. 868,Case Number,Crl.A. No.-001012-001012 / 2006,03-08-2010 (English)
S.No. 869,Case Number,C.A. No.-000282-000282 / 2010,11-01-2010 (English)
S.No. 870,Case Number,C.A. No.-002704-002704 / 2010,25-03-2010 (English)
S.No. 871,Case Number,C.A. No.-000472-000472 / 2010,15-01-2010 (English)
S.No. 872,Case Number,C.A. No.-002895-002895 / 2006,27-10-2009 (English)
S.No. 873,Case Number,C.A. No.-006426-006426 / 2003,05-05-2010 (English)
S.No. 874,Case Number,Crl.A. No.-000395-000395 / 2005,07-04-2010 (English)
S.No. 875,Case Number,Crl.A. No.-000004-000004 / 2004,18-08-2010 (English)
S.No. 876,Case Number,C.A. No.-006734-006735 / 2010,18-08-2010 (English)
S.No. 877,Case Number,C.A. No.-000819-000851 / 2010,"22-01-2010 (English)
11-01-2010 (English)"
S.No. 878,Case Number,SLP(C) No.-020558-020558 / 2009,03-08-2010 (English)
S.No. 879,Case Number,C.A. No.-007872-007872 / 2004,23-09-2010 (English)
S.No. 880,Case Number,C.A. No.-006466-006466 / 2004,13-08-2010 (English)
S.No. 881,Case Number,C.A. No.-000222-000222 / 2010,12-01-2010 (English)
S.No. 882,Case Number,C.A. No.-006656-006657 / 2010,16-08-2010 (English)
S.No. 883,Case Number,Crl.A. No.-000125-000125 / 2009,13-01-2010 (English)
S.No. 884,Case Number,C.A. No.-002126-002126 / 2004,06-09-2010 (English)
S.No. 885,Case Number,C.A. No.-008152-008152 / 2009,08-12-2009 (English)
S.No. 886,Case Number,C.A. No.-008460-008460 / 2009,11-12-2009 (English)
S.No. 887,Case Number,Crl.A. No.-001182-001184 / 2010,08-07-2010 (English)
S.No. 888,Case Number,C.A. No.-008756-008756 / 2003,06-04-2010 (English)
S.No. 889,Case Number,Crl.A. No.-001305-001305 / 2009,28-04-2010 (English)
S.No. 890,Case Number,Crl.A. No.-001098-001099 / 2003,14-01-2010 (English)
S.No. 891,Case Number,C.A. No.-001198-001198 / 2010,02-02-2010 (English)
S.No. 892,Case Number,C.A. No.-003478-003478 / 2008,12-01-2010 (English)
S.No. 893,Case Number,C.A. No.-005387-005387 / 2007,10-02-2010 (English)
S.No. 894,Case Number,C.A. No.-002942-002942 / 2010,01-04-2010 (English)
S.No. 895,Case Number,SLP(C) No.-030004-030005 / 2008,14-09-2010 (English)
S.No. 896,Case Number,C.A. No.-002069-002070 / 2010,26-02-2010 (English)
S.No. 897,Case Number,C.A. No.-000089-000089 / 2010,05-01-2010 (English)
S.No. 898,Case Number,Crl.A. No.-000192-000192 / 2010,27-01-2010 (English)
S.No. 899,Case Number,C.A. No.-001664-001664 / 2004,03-12-2009 (English)
S.No. 900,Case Number,Crl.A. No.-001494-001495 / 2009,30-07-2010 (English)
S.No. 901,Case Number,C.A. No.-003286-003287 / 2010,15-04-2010 (English)
S.No. 902,Case Number,C.A. No.-009439-009439 / 2003,18-10-2010 (English)
S.No. 903,Case Number,C.A. No.-000007-000007 / 2010,05-01-2010 (English)
S.No. 904,Case Number,Crl.A. No.-000008-000009 / 2010,04-01-2010 (English)
S.No. 905,Case Number,C.A. No.-001684-001684 / 2006,06-10-2010 (English)
S.No. 906,Case Number,Crl.A. No.-000445-000445 / 2003,18-08-2010 (English)
S.No. 907,Case Number,Crl.A. No.-001976-001977 / 2010,08-10-2010 (English)
S.No. 908,Case Number,Crl.A. No.-001670-001670 / 2005,04-11-2009 (English)
S.No. 909,Case Number,Crl.A. No.-002281-002281 / 2009,02-12-2009 (English)
S.No. 910,Case Number,C.A. No.-004464-004464 / 2007,27-10-2009 (English)
S.No. 911,Case Number,Crl.A. No.-001803-001803 / 2010,20-09-2010 (English)
S.No. 912,Case Number,C.A. No.-005177-005177 / 2010,08-07-2010 (English)
S.No. 913,Case Number,Crl.A. No.-000809-000809 / 2003,09-02-2010 (English)
S.No. 914,Case Number,Crl.A. No.-000051-000051 / 2010,08-01-2010 (English)
S.No. 915,Case Number,C.A. No.-008057-008057 / 2009,04-12-2009 (English)
S.No. 916,Case Number,Crl.A. No.-002122-002122 / 2009,13-11-2009 (English)
S.No. 917,Case Number,Crl.A. No.-000130-000130 / 2010,18-01-2010 (English)
S.No. 918,Case Number,Crl.A. No.-001165-001165 / 2010,06-07-2010 (English)
S.No. 919,Case Number,C.A. No.-002566-002569 / 2003,22-04-2010 (English)
S.No. 920,Case Number,C.A. No.-002811-002813 / 2010,29-03-2010 (English)
S.No. 921,Case Number,Crl.A. No.-000919-000919 / 2003,24-11-2009 (English)
S.No. 922,Case Number,Crl.A. No.-001304-001304 / 2010,20-07-2010 (English)
S.No. 923,Case Number,Crl.A. No.-000644-000644 / 2010,04-08-2010 (English)
S.No. 924,Case Number,Crl.A. No.-001941-001941 / 2009,26-10-2009 (English)
S.No. 925,Case Number,Crl.A. No.-000660-000660 / 2008,27-07-2010 (English)
S.No. 926,Case Number,C.A. No.-002774-002774 / 2010,26-03-2010 (English)
S.No. 927,Case Number,SLP(C) No.-021959-021959 / 2010,15-09-2010 (English)
S.No. 928,Case Number,Crl.A. No.-000156-000156 / 2004,09-09-2010 (English)
S.No. 929,Case Number,C.A. No.-002705-002705 / 2010,23-03-2010 (English)
S.No. 930,Case Number,SLP(C) No.-019188-019188 / 2007,06-07-2010 (English)
S.No. 931,Case Number,Crl.A. No.-002357-002357 / 2009,"02-02-2010 (English)
09-12-2009 (English)"
S.No. 932,Case Number,Crl.A. No.-000448-000448 / 2010,09-03-2010 (English)
S.No. 933,Case Number,C.A. No.-002463-002463 / 2010,17-03-2010 (English)
S.No. 934,Case Number,Crl.A. No.-001167-001167 / 2007,24-11-2009 (English)
S.No. 935,Case Number,Crl.A. No.-001348-001348 / 2007,09-03-2010 (English)
S.No. 936,Case Number,C.A. No.-007944-007944 / 2010,13-09-2010 (English)
S.No. 937,Case Number,Crl.A. No.-002121-002121 / 2009,13-11-2009 (English)
S.No. 938,Case Number,C.A. No.-002050-002050 / 2010,25-02-2010 (English)
S.No. 939,Case Number,C.A. No.-007270-007270 / 2009,29-10-2009 (English)
S.No. 940,Case Number,Crl.A. No.-001198-001199 / 2005,27-08-2010 (English)
S.No. 941,Case Number,C.A. No.-000960-000966 / 2003,08-04-2010 (English)
S.No. 942,Case Number,SLP(C) No.-021954-021954 / 2009,16-02-2010 (English)
S.No. 943,Case Number,SLP(Crl.)...CRLMP No.-018032-018032 / 2008,11-03-2010 (English)
S.No. 944,Case Number,Crl.A. No.-001503-001503 / 2010,12-08-2010 (English)
S.No. 945,Case Number,C.A. No.-004728-004728 / 2010,24-05-2010 (English)
S.No. 946,Case Number,C.A. No.-007215-007215 / 2008,22-07-2010 (English)
S.No. 947,Case Number,C.A. No.-004095-004095 / 2006,21-09-2010 (English)
S.No. 948,Case Number,C.A. No.-001002-001002 / 2006,06-07-2010 (English)
S.No. 949,Case Number,C.A. No.-000995-000996 / 2003,08-10-2010 (English)
S.No. 950,Case Number,C.A. No.-001360-001361 / 2005,05-01-2010 (English)
S.No. 951,Case Number,Crl.A. No.-001768-001768 / 2008,12-11-2009 (English)
S.No. 952,Case Number,C.A. No.-001975-001975 / 2008,23-04-2010 (English)
S.No. 953,Case Number,C.A. No.-003070-003071 / 2007,26-11-2009 (English)
S.No. 954,Case Number,Crl.A. No.-000028-000028 / 2010,06-01-2010 (English)
S.No. 955,Case Number,Crl.A. No.-001396-001397 / 2008,25-01-2010 (English)
S.No. 956,Case Number,C.A. No.-000140-000140 / 2010,11-01-2010 (English)
S.No. 957,Case Number,Crl.A. No.-001852-001852 / 2008,27-07-2010 (English)
S.No. 958,Case Number,C.A. No.-005583-005583 / 2010,16-07-2010 (English)
S.No. 959,Case Number,C.A. No.-005987-005987 / 2007,03-06-2010 (English)
S.No. 960,Case Number,C.A. No.-005010-005010 / 2007,08-10-2010 (English)
S.No. 961,Case Number,C.A. No.-000484-000491 / 2006,12-01-2010 (English)
S.No. 962,Case Number,Crl.A. No.-002145-002145 / 2009,06-11-2009 (English)
S.No. 963,Case Number,C.A. No.-000786-000786 / 2010,20-01-2010 (English)
S.No. 964,Case Number,C.A. No.-003295-003295 / 2009,25-02-2010 (English)
S.No. 965,Case Number,Crl.A. No.-001696-001696 / 2005,30-03-2010 (English)
S.No. 966,Case Number,C.A. No.-005316-005316 / 2010,13-07-2010 (English)
S.No. 967,Case Number,SLP(C) No.-034868-034868 / 2009,04-01-2010 (English)
S.No. 968,Case Number,C.A. No.-000996-000997 / 2010,29-01-2010 (English)
S.No. 969,Case Number,C.A. No.-007922-007922 / 2009,01-12-2009 (English)
S.No. 970,Case Number,C.A. No.-004888-004888 / 2010,05-07-2010 (English)
S.No. 971,Case Number,SLP(C) No.-020238-020238 / 2006,31-03-2010 (English)
S.No. 972,Case Number,C.A. No.-000079-000079 / 2007,27-10-2009 (English)
S.No. 973,Case Number,C.A. No.-005840-005840 / 2008,26-07-2010 (English)
S.No. 974,Case Number,SLP(C) No.-025144-025144 / 2009,04-08-2010 (English)
S.No. 975,Case Number,Crl.A. No.-002325-002325 / 2009,04-12-2009 (English)
S.No. 976,Case Number,Crl.A. No.-000382-000382 / 2003,"03-12-2009 (English)
03-12-2009 (English)"
S.No. 977,Case Number,C.A. No.-003065-003065 / 2010,01-04-2010 (English)
S.No. 978,Case Number,C.A. No.-001208-001208 / 2010,16-02-2010 (English)
S.No. 979,Case Number,C.A. No.-007305-007306 / 2010,01-09-2010 (English)
S.No. 980,Case Number,C.A. No.-008914-008922 / 2003,06-04-2010 (English)
S.No. 981,Case Number,C.A. No.-005561-005561 / 2008,07-07-2010 (English)
S.No. 982,Case Number,C.A. No.-004400-004400 / 2007,27-01-2010 (English)
S.No. 983,Case Number,C.A. No.-002255-002255 / 2006,25-05-2010 (English)
S.No. 984,Case Number,SLP(C) No.-024089-024089 / 2005,15-12-2009 (English)
S.No. 985,Case Number,C.A. No.-002439-002439 / 2010,16-03-2010 (English)
S.No. 986,Case Number,C.A. No.-008119-008123 / 2009,07-12-2009 (English)
S.No. 987,Case Number,C.A. No.-007395-007395 / 2009,06-11-2009 (English)
S.No. 988,Case Number,Crl.A. No.-000721-000721 / 2004,06-10-2010 (English)
S.No. 989,Case Number,C.A. No.-001312-001312 / 2005,13-09-2010 (English)
S.No. 990,Case Number,C.A. No.-002283-002283 / 2010,10-03-2010 (English)
S.No. 991,Case Number,SLP(C) No.-022936-022936 / 2008,09-09-2010 (English)
S.No. 992,Case Number,C.A. No.-004049-004049 / 2006,18-03-2010 (English)
S.No. 993,Case Number,C.A. No.-002226-002226 / 2010,09-03-2010 (English)
S.No. 994,Case Number,Crl.A. No.-001984-001984 / 2008,22-10-2009 (English)
S.No. 995,Case Number,Crl.A. No.-001513-001513 / 2010,13-08-2010 (English)
S.No. 996,Case Number,C.A. No.-003411-003412 / 2010,"19-04-2010 (English)
19-04-2010 (English)"
S.No. 997,Case Number,C.A. No.-007518-007518 / 2010,09-09-2010 (English)
S.No. 998,Case Number,Crl.A. No.-001419-001420 / 2010,02-08-2010 (English)
S.No. 999,Case Number,C.A. No.-000312-000312 / 2006,08-07-2010 (English)
S.No. 1000,Case Number,C.A. No.-004474-004474 / 2005,31-03-2010 (English)
S.No. 1001,Case Number,Crl.A. No.-000750-000750 / 2005,28-07-2010 (English)
S.No. 1002,Case Number,C.A. No.-007155-007156 / 2009,27-10-2009 (English)
S.No. 1003,Case Number,C.A. No.-000008-000008 / 2010,05-01-2010 (English)
S.No. 1004,Case Number,Crl.A. No.-000227-000227 / 2007,09-07-2010 (English)
S.No. 1005,Case Number,Crl.A. No.-000170-000170 / 2006,28-09-2010 (English)
S.No. 1006,Case Number,C.A. No.-001742-001743 / 2010,16-02-2010 (English)
S.No. 1007,Case Number,Crl.A. No.-000019-000019 / 2005,07-10-2010 (English)
S.No. 1008,Case Number,C.A. No.-006222-006223 / 2010,03-08-2010 (English)
S.No. 1009,Case Number,C.A. No.-001237-001237 / 2004,16-08-2010 (English)
S.No. 1010,Case Number,Crl.A. No.-000716-000716 / 2010,01-04-2010 (English)
S.No. 1011,Case Number,Crl.A. No.-001059-001059 / 2005,17-11-2009 (English)
S.No. 1012,Case Number,C.A. No.-001591-001591 / 2006,20-05-2010 (English)
S.No. 1013,Case Number,Crl.A. No.-000243-000243 / 2005,12-08-2010 (English)
S.No. 1014,Case Number,Crl.A. No.-000463-000463 / 2010,10-03-2010 (English)
S.No. 1015,Case Number,C.A. No.-005877-005877 / 2010,21-07-2010 (English)
S.No. 1016,Case Number,SLP(C) No.-023447-023447 / 2008,15-01-2010 (English)
S.No. 1017,Case Number,Crl.A. No.-000854-000854 / 2004,03-08-2010 (English)
S.No. 1018,Case Number,Crl.A. No.-000961-000962 / 2010,03-05-2010 (English)
S.No. 1019,Case Number,CONMT.PET.(C) No.-000340-000340 / 2009,05-10-2010 (English)
S.No. 1020,Case Number,C.A. No.-000040-000040 / 2010,06-01-2010 (English)
S.No. 1021,Case Number,C.A. No.-000671-000671 / 2006,01-02-2010 (English)
S.No. 1022,Case Number,T.P.(C) No.-000020-000020 / 2005,20-11-2009 (English)
S.No. 1023,Case Number,Crl.A. No.-001380-001380 / 2010,30-07-2010 (English)
S.No. 1024,Case Number,C.A. No.-004046-004046 / 2010,03-05-2010 (English)
S.No. 1025,Case Number,Crl.A. No.-001222-001222 / 2006,31-03-2010 (English)
S.No. 1026,Case Number,Crl.A. No.-001485-001485 / 2010,09-08-2010 (English)
S.No. 1027,Case Number,Crl.A. No.-002496-002496 / 2009,11-06-2010 (English)
S.No. 1028,Case Number,Crl.A. No.-000879-000879 / 2007,22-04-2010 (English)
S.No. 1029,Case Number,Crl.A. No.-002215-002215 / 2009,29-04-2010 (English)
S.No. 1030,Case Number,C.A. No.-000998-000998 / 2010,29-01-2010 (English)
S.No. 1031,Case Number,C.A. No.-007771-007771 / 2009,25-11-2009 (English)
S.No. 1032,Case Number,Crl.A. No.-001784-001784 / 2010,13-09-2010 (English)
S.No. 1033,Case Number,Crl.A. No.-000715-000715 / 2010,06-04-2010 (English)
S.No. 1034,Case Number,C.A. No.-004357-004357 / 2010,06-05-2010 (English)
S.No. 1035,Case Number,C.A. No.-006053-006053 / 2008,26-04-2010 (English)
S.No. 1036,Case Number,C.A. No.-008236-008236 / 2010,23-09-2010 (English)
S.No. 1037,Case Number,Crl.A. No.-002335-002335 / 2010,28-09-2010 (English)
S.No. 1038,Case Number,SLP(C) No.-018247-018247 / 2006,16-09-2010 (English)
S.No. 1039,Case Number,Crl.A. No.-001180-001180 / 2005,28-01-2010 (English)
S.No. 1040,Case Number,C.A. No.-004890-004890 / 2010,05-07-2010 (English)
S.No. 1041,Case Number,C.A. No.-000634-000634 / 2006,11-01-2010 (English)
S.No. 1042,Case Number,C.A. No.-007542-007542 / 2009,12-11-2009 (English)
S.No. 1043,Case Number,C.A. No.-006119-006120 / 2010,27-07-2010 (English)
S.No. 1044,Case Number,C.A. No.-005220-005221 / 2010,09-07-2010 (English)
S.No. 1045,Case Number,C.A. No.-006811-006811 / 2010,20-08-2010 (English)
S.No. 1046,Case Number,C.A. No.-008429-008430 / 2010,30-09-2010 (English)
S.No. 1047,Case Number,Crl.A. No.-001175-001175 / 2009,15-04-2010 (English)
S.No. 1048,Case Number,Crl.A. No.-000818-000818 / 2010,19-04-2010 (English)
S.No. 1049,Case Number,SLP(C) No.-026922-026923 / 2010,16-09-2010 (English)
S.No. 1050,Case Number,C.A. No.-000751-000751 / 2010,20-01-2010 (English)
S.No. 1051,Case Number,C.A. No.-004187-004187 / 2009,19-11-2009 (English)
S.No. 1052,Case Number,C.A. No.-008349-008349 / 2010,"28-09-2010 (English)
28-09-2010 (English)"
S.No. 1053,Case Number,C.A. No.-002090-002090 / 2007,15-01-2010 (English)
S.No. 1054,Case Number,Crl.A. No.-000548-000548 / 2010,19-03-2010 (English)
S.No. 1055,Case Number,C.A. No.-000475-000476 / 2010,19-01-2010 (English)
S.No. 1056,Case Number,C.A. No.-005318-005319 / 2013,
S.No. 1057,Case Number,C.A. No.-005213-005214 / 2010,09-07-2010 (English)
S.No. 1058,Case Number,C.A. No.-003940-003940 / 2010,28-04-2010 (English)
S.No. 1059,Case Number,CONMT.PET.(C) No.-000297-000297 / 2007,"12-05-2010 (English)
09-12-2009 (English)"
S.No. 1060,Case Number,C.A. No.-007475-007475 / 2010,08-09-2010 (English)
S.No. 1061,Case Number,C.A. No.-000052-000052 / 2008,05-04-2010 (English)
S.No. 1062,Case Number,C.A. No.-006892-006892 / 2008,27-10-2009 (English)
S.No. 1063,Case Number,C.A. No.-007207-007207 / 2010,31-08-2010 (English)
S.No. 1064,Case Number,Crl.A. No.-000104-000104 / 2009,11-08-2010 (English)
S.No. 1065,Case Number,T.P.(C) No.-001127-001127 / 2008,28-04-2010 (English)
S.No. 1066,Case Number,C.A. No.-006827-006848 / 2010,20-08-2010 (English)
S.No. 1067,Case Number,C.A. No.-001920-001920 / 2009,08-04-2010 (English)
S.No. 1068,Case Number,Crl.A. No.-000963-000963 / 2010,03-05-2010 (English)
S.No. 1069,Case Number,Crl.A. No.-001536-001536 / 2010,16-08-2010 (English)
S.No. 1070,Case Number,Crl.A. No.-002071-002071 / 2009,09-11-2009 (English)
S.No. 1071,Case Number,Crl.A. No.-001645-001645 / 2009,29-07-2010 (English)
S.No. 1072,Case Number,C.A. No.-007472-007472 / 2010,08-09-2010 (English)
S.No. 1073,Case Number,C.A. No.-002934-002934 / 2010,01-04-2010 (English)
S.No. 1074,Case Number,C.A. No.-008501-008501 / 2009,18-12-2009 (English)
S.No. 1075,Case Number,Crl.A. No.-001667-001667 / 2007,08-09-2010 (English)
S.No. 1076,Case Number,Crl.A. No.-000487-000487 / 2010,12-03-2010 (English)
S.No. 1077,Case Number,Crl.A. No.-001464-001464 / 2010,06-08-2010 (English)
S.No. 1078,Case Number,C.A. No.-008641-008641 / 2010,05-10-2010 (English)
S.No. 1079,Case Number,C.A. No.-004902-004904 / 2010,06-07-2010 (English)
S.No. 1080,Case Number,C.A. No.-005906-005906 / 2006,18-03-2010 (English)
S.No. 1081,Case Number,C.A. No.-003494-003494 / 2010,19-04-2010 (English)
S.No. 1082,Case Number,Crl.A. No.-000739-000739 / 2007,18-11-2009 (English)
S.No. 1083,Case Number,C.A. No.-007945-007945 / 2009,30-11-2009 (English)
S.No. 1084,Case Number,C.A. No.-007904-007904 / 2010,10-09-2010 (English)
S.No. 1085,Case Number,C.A. No.-000945-000945 / 2010,19-01-2010 (English)
S.No. 1086,Case Number,Crl.A. No.-000662-000662 / 2010,01-04-2010 (English)
S.No. 1087,Case Number,C.A. No.-007554-007555 / 2009,13-11-2009 (English)
S.No. 1088,Case Number,C.A. No.-007116-007116 / 2010,27-08-2010 (English)
S.No. 1089,Case Number,C.A. No.-007701-007701 / 2009,23-11-2009 (English)
S.No. 1090,Case Number,C.A. No.-004363-004363 / 2010,10-05-2010 (English)
S.No. 1091,Case Number,C.A. No.-001133-001135 / 2010,01-02-2010 (English)
S.No. 1092,Case Number,Crl.A. No.-001528-001528 / 2010,06-08-2010 (English)
S.No. 1093,Case Number,Crl.A. No.-000699-000699 / 2008,15-12-2009 (English)
S.No. 1094,Case Number,CONMT.PET.(C) No.-000315-000316 / 2007,03-08-2010 (English)
S.No. 1095,Case Number,C.A. No.-007479-007479 / 2009,09-11-2009 (English)
S.No. 1096,Case Number,C.A. No.-002817-002817 / 2008,14-09-2010 (English)
S.No. 1097,Case Number,Crl.A. No.-001835-001835 / 2009,27-07-2010 (English)
S.No. 1098,Case Number,C.A. No.-001139-001139 / 2010,29-01-2010 (English)
S.No. 1099,Case Number,C.A. No.-007148-007148 / 2009,08-07-2010 (English)
S.No. 1100,Case Number,C.A. No.-003549-003551 / 2010,21-04-2010 (English)
S.No. 1101,Case Number,SLP(C) No.-032928-032928 / 2009,23-11-2009 (English)
S.No. 1102,Case Number,C.A. No.-005343-005343 / 2007,16-12-2009 (English)
S.No. 1103,Case Number,C.A. No.-003874-003874 / 2010,27-04-2010 (English)
S.No. 1104,Case Number,C.A. No.-008231-008231 / 2010,07-09-2010 (English)
S.No. 1105,Case Number,C.A. No.-000015-000015 / 2010,05-01-2010 (English)
S.No. 1106,Case Number,C.A. No.-008452-008452 / 2009,17-12-2009 (English)
S.No. 1107,Case Number,C.A. No.-008203-008203 / 2010,22-09-2010 (English)
S.No. 1108,Case Number,Crl.A. No.-001416-001416 / 2008,10-12-2009 (English)
S.No. 1109,Case Number,Crl.A. No.-002091-002091 / 2009,11-11-2009 (English)
S.No. 1110,Case Number,Crl.A. No.-002373-002373 / 2009,11-12-2009 (English)
S.No. 1111,Case Number,Crl.A. No.-002297-002297 / 2009,09-08-2010 (English)
