﻿Column-0,Column-1,Column-2,Column-3
S.No. 1,Case Number,Contempt Petition (crl.) 9 of 1999,"18-10-1989 (English)
17-10-1989 (English)
17-10-1989 (English)
06-10-1989 (English)
06-10-1989 (English)
05-10-1989 (English)
05-10-1989 (English)
05-10-1989 (English)
05-10-1989 (English)
04-10-1989 (English)
04-10-1989 (English)"
S.No. 2,Case Number,W.P.(C) No.-000430-000430 / 1994,31-03-1989 (English)
S.No. 3,Case Number,W.P.(Crl.) No.-000312-000312 / 1994,05-09-1989 (English)
S.No. 4,Case Number,C.A. No.-000293-000293 / 1988,18-11-1988 (English)
S.No. 5,Case Number,W.P.(C) No.-000005-000005 / 1974,13-04-1989 (English)
S.No. 6,Case Number,W.P.(C) No.-001325-001325 / 1987,08-03-1989 (English)
S.No. 7,Case Number,W.P.(C) No.-008227-008227 / 1982,01-05-1989 (English)
S.No. 8,Case Number,C.A. No.-001795-001795 / 1982,06-02-1989 (English)
S.No. 9,Case Number,C.A. No.-009993-009993 / 1983,04-11-1988 (English)
S.No. 10,Case Number,C.A. No.-002948-002948 / 1984,12-05-1989 (English)
S.No. 11,Case Number,C.A. No.-003154-003154 / 1985,19-07-1989 (English)
S.No. 12,Case Number,W.P.(C) No.-012183-012183 / 1985,"27-01-1989 (English)
04-11-1988 (English)"
S.No. 13,Case Number,W.P.(C) No.-000801-000801 / 1986,24-07-1989 (English)
S.No. 14,Case Number,C.A. No.-000785-000785 / 1986,16-02-1989 (English)
S.No. 15,Case Number,W.P.(Crl.) No.-000248-000248 / 1988,01-05-1989 (English)
S.No. 16,Case Number,C.A. No.-003561-003561 / 1986,31-03-1989 (English)
S.No. 17,Case Number,C.A. No.-001702-001702 / 1987,31-03-1989 (English)
S.No. 18,Case Number,C.A. No.-002697-002697 / 1989,02-05-1989 (English)
S.No. 19,Case Number,C.A. No.-003187-003188 / 1988,05-04-1989 (English)
S.No. 20,Case Number,C.A. No.-004195-004195 / 1989,06-10-1989 (English)
S.No. 21,Case Number,C.A. No.-003224-003224 / 1989,08-08-1989 (English)
S.No. 22,Case Number,C.A. No.-003694-003695 / 1989,05-09-1989 (English)
S.No. 23,Case Number,C.A. No.-000418-000419 / 1989,24-01-1989 (English)
S.No. 24,Case Number,C.A. No.-002839-002840 / 1989,16-05-1989 (English)
