﻿Column-0,Column-1,Column-2,Column-3
S.No. 1,Diary Number,,Judgment
S.No. 1,Case Number,Appeal Civil 2917 of 1985,"11-10-1990 (English)
10-10-1990 (English)
10-10-1990 (English)
10-10-1990 (English)
10-10-1990 (English)
09-10-1990 (English)
09-10-1990 (English)
09-10-1990 (English)
09-10-1990 (English)
09-10-1990 (English)
09-10-1990 (English)"
S.No. 1,Petitioner Name,RAJASTHAN STATE ELECTRICITY BOARD AND ORS.,"11-10-1990 (English)
10-10-1990 (English)
10-10-1990 (English)
10-10-1990 (English)
10-10-1990 (English)
09-10-1990 (English)
09-10-1990 (English)
09-10-1990 (English)
09-10-1990 (English)
09-10-1990 (English)
09-10-1990 (English)"
S.No. 1,Respondent Name,LAXMAN LAL ETC. ETC.,"11-10-1990 (English)
10-10-1990 (English)
10-10-1990 (English)
10-10-1990 (English)
10-10-1990 (English)
09-10-1990 (English)
09-10-1990 (English)
09-10-1990 (English)
09-10-1990 (English)
09-10-1990 (English)
09-10-1990 (English)"
S.No. 1,Petitioner's Advocate,,"11-10-1990 (English)
10-10-1990 (English)
10-10-1990 (English)
10-10-1990 (English)
10-10-1990 (English)
09-10-1990 (English)
09-10-1990 (English)
09-10-1990 (English)
09-10-1990 (English)
09-10-1990 (English)
09-10-1990 (English)"
S.No. 1,Respondent's Advocate,,"11-10-1990 (English)
10-10-1990 (English)
10-10-1990 (English)
10-10-1990 (English)
10-10-1990 (English)
09-10-1990 (English)
09-10-1990 (English)
09-10-1990 (English)
09-10-1990 (English)
09-10-1990 (English)
09-10-1990 (English)"
S.No. 1,Bench,"KASLIWAL,N.M. (J)",
S.No. 1,Judgment By,,
,,,
S.No. 2,Diary Number,2 / 7168,Judgment
S.No. 2,Case Number,/,21-08-1990 (English)
S.No. 2,Petitioner Name,,21-08-1990 (English)
S.No. 2,Respondent Name,,21-08-1990 (English)
S.No. 2,Petitioner's Advocate,,21-08-1990 (English)
S.No. 2,Respondent's Advocate,,21-08-1990 (English)
S.No. 2,Bench,"SAIKIA,K.N. (J)",
S.No. 2,Judgment By,,
,,,
S.No. 3,Diary Number,4012 / 1987,Judgment
S.No. 3,Case Number,C.A. No.-001402-001402 / 1990,13-03-1990 (English)
S.No. 3,Petitioner Name,UNION OF INDIA,13-03-1990 (English)
S.No. 3,Respondent Name,D.C.M. LTD. .,13-03-1990 (English)
S.No. 3,Petitioner's Advocate,A. SUBHASHINI,13-03-1990 (English)
S.No. 3,Respondent's Advocate,,13-03-1990 (English)
S.No. 3,Bench,"PUNCHHI,M.M.",
S.No. 3,Judgment By,,
,,,
S.No. 4,Diary Number,8930 / 2004,Judgment
S.No. 4,Case Number,C.A. No.-003460-003462 / 2004,25-01-1990 (English)
S.No. 4,Petitioner Name,"COMMNR. OF CENTRAL EXCISE, GOA",25-01-1990 (English)
S.No. 4,Respondent Name,M/S. FUNSKOOL (INDIA) LTD.,25-01-1990 (English)
S.No. 4,Petitioner's Advocate,,25-01-1990 (English)
S.No. 4,Respondent's Advocate,K. R. NAMBIAR,25-01-1990 (English)
S.No. 4,Bench,,
S.No. 4,Judgment By,,
,,,
S.No. 5,Diary Number,17050 / 2006,Judgment
S.No. 5,Case Number,C.A. No.-002898-002898 / 2006,02-01-1990 (English)
S.No. 5,Petitioner Name,TATA POWER COMPANY LTD.,02-01-1990 (English)
S.No. 5,Respondent Name,RELIANCE ENERGY LTD. .,02-01-1990 (English)
S.No. 5,Petitioner's Advocate,MANIK KARANJAWALA,02-01-1990 (English)
S.No. 5,Respondent's Advocate,RAJESH KUMAR,02-01-1990 (English)
S.No. 5,Bench,"ASHOK BHAN,ALTAMAS KABIR, , ,",
S.No. 5,Judgment By,,
,,,
S.No. 6,Diary Number,18859 / 1997,Judgment
S.No. 6,Case Number,Crl.A. No.-000156-000156 / 1998,23-03-1990 (English)
S.No. 6,Petitioner Name,KISHAN LAL,23-03-1990 (English)
S.No. 6,Respondent Name,STATE OF RAJASTHAN,23-03-1990 (English)
S.No. 6,Petitioner's Advocate,SUSHIL KUMAR JAIN,23-03-1990 (English)
S.No. 6,Respondent's Advocate,,23-03-1990 (English)
S.No. 6,Bench,"SAHAI,R.M. (J)",
S.No. 6,Judgment By,,
,,,
S.No. 7,Diary Number,60158 / 1972,Judgment
S.No. 7,Case Number,C.A. No.-002116-002116 / 1972,10-11-1989 (English)
S.No. 7,Petitioner Name,DINAJI &ORS,10-11-1989 (English)
S.No. 7,Respondent Name,DADDI,10-11-1989 (English)
S.No. 7,Petitioner's Advocate,SHIVA PUJAN SINGH,10-11-1989 (English)
S.No. 7,Respondent's Advocate,,10-11-1989 (English)
S.No. 7,Bench,"OZA,G.L. (J)",
S.No. 7,Judgment By,,
,,,
S.No. 8,Diary Number,60231 / 1988,Judgment
S.No. 8,Case Number,W.P.(C) No.-000100-000100 / 1988,15-12-1989 (English)
S.No. 8,Petitioner Name,BHAGWATI PRASAD,15-12-1989 (English)
S.No. 8,Respondent Name,D.S.M.D.C.,15-12-1989 (English)
S.No. 8,Petitioner's Advocate,,15-12-1989 (English)
S.No. 8,Respondent's Advocate,,15-12-1989 (English)
S.No. 8,Bench,"RAMASWAMY,K.",
S.No. 8,Judgment By,,
,,,
S.No. 9,Diary Number,60335 / 1986,Judgment
S.No. 9,Case Number,W.P.(C) No.-000975-000975 / 1986,13-02-1990 (English)
S.No. 9,Petitioner Name,SHRI HIRA LAL CHAWLA,13-02-1990 (English)
S.No. 9,Respondent Name,STATE OF U.P. .,13-02-1990 (English)
S.No. 9,Petitioner's Advocate,,13-02-1990 (English)
S.No. 9,Respondent's Advocate,,13-02-1990 (English)
S.No. 9,Bench,MISRA RANGNATH,
S.No. 9,Judgment By,,
,,,
S.No. 10,Diary Number,61155 / 1985,Judgment
S.No. 10,Case Number,W.P.(C) No.-000348-000352 / 1985,31-08-1990 (English)
S.No. 10,Petitioner Name,DR. DINESH KUMAR,31-08-1990 (English)
S.No. 10,Respondent Name,MOTILAL NEHRU MEDICAL COLLEGE .,31-08-1990 (English)
S.No. 10,Petitioner's Advocate,,31-08-1990 (English)
S.No. 10,Respondent's Advocate,RAJ KUMAR MEHTA,31-08-1990 (English)
S.No. 10,Bench,,
S.No. 10,Judgment By,,
,,,
S.No. 11,Diary Number,61162 / 1978,Judgment
S.No. 11,Case Number,C.A. No.-002494-002494 / 1978,11-09-1990 (English)
S.No. 11,Petitioner Name,DMAI,11-09-1990 (English)
S.No. 11,Respondent Name,,11-09-1990 (English)
S.No. 11,Petitioner's Advocate,A. SUBBA RAO,11-09-1990 (English)
S.No. 11,Respondent's Advocate,,11-09-1990 (English)
S.No. 11,Bench,"SAIKIA,K.N. (J)",
S.No. 11,Judgment By,,
,,,
S.No. 12,Diary Number,61334 / 1986,Judgment
S.No. 12,Case Number,W.P.(C) No.-001119-001119 / 1986,29-11-1989 (English)
S.No. 12,Petitioner Name,JAGRIT MAZDOOR UNION (REGD),29-11-1989 (English)
S.No. 12,Respondent Name,MAHANAGAR TELEPHONE NIGAM LTD.,29-11-1989 (English)
S.No. 12,Petitioner's Advocate,B. D. SHARMA,29-11-1989 (English)
S.No. 12,Respondent's Advocate,MADHU SIKRI,29-11-1989 (English)
S.No. 12,Bench,MISRA RANGNATH,
S.No. 12,Judgment By,,
,,,
S.No. 13,Diary Number,61383 / 1988,Judgment
S.No. 13,Case Number,W.P.(C) No.-000511-000511 / 1988,16-07-1990 (English)
S.No. 13,Petitioner Name,DR. DAMODAR PANDA,16-07-1990 (English)
S.No. 13,Respondent Name,STATE OF ORISSA AND ORS.,16-07-1990 (English)
S.No. 13,Petitioner's Advocate,,16-07-1990 (English)
S.No. 13,Respondent's Advocate,,16-07-1990 (English)
S.No. 13,Bench,MISRA RANGNATH,
S.No. 13,Judgment By,,
,,,
S.No. 14,Diary Number,61553 / 1990,Judgment
S.No. 14,Case Number,W.P.(C) No.-000112-000112 / 1990,19-09-1990 (English)
S.No. 14,Petitioner Name,G. ANIL KUMAR,19-09-1990 (English)
S.No. 14,Respondent Name,PADMANABHAN NAIR .,19-09-1990 (English)
S.No. 14,Petitioner's Advocate,E. M. S. ANAM,19-09-1990 (English)
S.No. 14,Respondent's Advocate,,19-09-1990 (English)
S.No. 14,Bench,"AHMADI,A.M. (J)",
S.No. 14,Judgment By,,
,,,
S.No. 15,Diary Number,61760 / 1981,Judgment
S.No. 15,Case Number,C.A. No.-001552-001552 / 1981,07-11-1989 (English)
S.No. 15,Petitioner Name,MUNICIPAL COUNCIL OF JODHPUR,07-11-1989 (English)
S.No. 15,Respondent Name,M/S. PAREKH AUTHMOBILIES LTD .,07-11-1989 (English)
S.No. 15,Petitioner's Advocate,SUSHIL KUMAR JAIN,07-11-1989 (English)
S.No. 15,Respondent's Advocate,SURYA KANT,07-11-1989 (English)
S.No. 15,Bench,"MUKHARJI,SABYASACHI (J)",
S.No. 15,Judgment By,,
,,,
S.No. 16,Diary Number,62228 / 1979,Judgment
S.No. 16,Case Number,C.A. No.-001213-001213 / 1979,19-09-1990 (English)
S.No. 16,Petitioner Name,DHIRAJLAL MADHAVLAL BHARTI,19-09-1990 (English)
S.No. 16,Respondent Name,L.M. SUD .,19-09-1990 (English)
S.No. 16,Petitioner's Advocate,PETITIONER-IN-PERSON,19-09-1990 (English)
S.No. 16,Respondent's Advocate,H. S. PARIHAR,19-09-1990 (English)
S.No. 16,Bench,,
S.No. 16,Judgment By,,
,,,
S.No. 17,Diary Number,62866 / 1980,Judgment
S.No. 17,Case Number,W.P.(C) No.-000182-000182 / 1980,25-10-1989 (English)
S.No. 17,Petitioner Name,SYNTHETICS & CHEMICALS LTD.,25-10-1989 (English)
S.No. 17,Respondent Name,STATE OF U.P.,25-10-1989 (English)
S.No. 17,Petitioner's Advocate,SURYA KANT,25-10-1989 (English)
S.No. 17,Respondent's Advocate,ASHOK K. SRIVASTAVA,25-10-1989 (English)
S.No. 17,Bench,"VENKATARAMIAH, E.S. (CJ),MUKHARJI, SABYASACHI (J),MISRA RANGNATH,OZA, G.L. (J) & RAY, B.C. (J),SINGH, K.N. (J) & NATRAJAN, S. (J)",
S.No. 17,Judgment By,,
,,,
S.No. 18,Diary Number,62921 / 1980,Judgment
S.No. 18,Case Number,C.A. No.-001369-001369 / 1980,08-03-1990 (English)
S.No. 18,Petitioner Name,SITARAM,08-03-1990 (English)
S.No. 18,Respondent Name,GANGARAM,08-03-1990 (English)
S.No. 18,Petitioner's Advocate,,08-03-1990 (English)
S.No. 18,Respondent's Advocate,,08-03-1990 (English)
S.No. 18,Bench,"AHMADI,A.M. (J)",
S.No. 18,Judgment By,,
,,,
S.No. 19,Diary Number,63051 / 1980,Judgment
S.No. 19,Case Number,C.A. No.-001308-001309 / 1980,20-02-1990 (English)
S.No. 19,Petitioner Name,DMAI,20-02-1990 (English)
S.No. 19,Respondent Name,,20-02-1990 (English)
S.No. 19,Petitioner's Advocate,,20-02-1990 (English)
S.No. 19,Respondent's Advocate,,20-02-1990 (English)
S.No. 19,Bench,"THOMMEN,T.K. (J)",
S.No. 19,Judgment By,,
,,,
S.No. 20,Diary Number,63204 / 1982,Judgment
S.No. 20,Case Number,C.A. No.-002840-002840 / 1982,21-09-1990 (English)
S.No. 20,Petitioner Name,SHRI RAMESH CHANDRA,21-09-1990 (English)
S.No. 20,Respondent Name,SRI SHIV CHARAN DASS,21-09-1990 (English)
S.No. 20,Petitioner's Advocate,,21-09-1990 (English)
S.No. 20,Respondent's Advocate,,21-09-1990 (English)
S.No. 20,Bench,"SAHAI,R.M. (J)",
S.No. 20,Judgment By,,
,,,
S.No. 21,Diary Number,63790 / 1989,Judgment
S.No. 21,Case Number,SLP(Crl) No.-000222-000222 / 1989,26-10-1989 (English)
S.No. 21,Petitioner Name,JAIKRISHNA RAI,26-10-1989 (English)
S.No. 21,Respondent Name,MUJIBUR RAHMAN,26-10-1989 (English)
S.No. 21,Petitioner's Advocate,DEBA PRASAD MUKHERJEE,26-10-1989 (English)
S.No. 21,Respondent's Advocate,,26-10-1989 (English)
S.No. 21,Bench,,
S.No. 21,Judgment By,,
,,,
S.No. 22,Diary Number,64593 / 1983,Judgment
S.No. 22,Case Number,W.P.(C) No.-013347-013347 / 1983,04-05-1990 (English)
S.No. 22,Petitioner Name,TAMIL NADU CAUVERY NVV NALA UP SANGAM,04-05-1990 (English)
S.No. 22,Respondent Name,UNION OF INDIA .,04-05-1990 (English)
S.No. 22,Petitioner's Advocate,K. RAM KUMAR,04-05-1990 (English)
S.No. 22,Respondent's Advocate,C. V. SUBBA RAO,04-05-1990 (English)
S.No. 22,Bench,MISRA RANGNATH,
S.No. 22,Judgment By,,
,,,
S.No. 23,Diary Number,64705 / 1983,Judgment
S.No. 23,Case Number,W.P.(C) No.-013636-013636 / 1983,05-04-1990 (English)
S.No. 23,Petitioner Name,NATIONAL UNION OF ALL INDIA ARADIO &ORS.,05-04-1990 (English)
S.No. 23,Respondent Name,UNION OF INDIA,05-04-1990 (English)
S.No. 23,Petitioner's Advocate,S. SRINIVASAN,05-04-1990 (English)
S.No. 23,Respondent's Advocate,M. A. KRISHNA MOORTHY,05-04-1990 (English)
S.No. 23,Bench,MISRA RANGNATH,
S.No. 23,Judgment By,,
,,,
S.No. 24,Diary Number,65219 / 1983,Judgment
S.No. 24,Case Number,C.A. No.-008530-008540 / 1983,04-05-1990 (English)
S.No. 24,Petitioner Name,O.N.G.C.,04-05-1990 (English)
S.No. 24,Respondent Name,ASSN. OF NATURAL GAS CONSUMING IND. &ORS,04-05-1990 (English)
S.No. 24,Petitioner's Advocate,,04-05-1990 (English)
S.No. 24,Respondent's Advocate,,04-05-1990 (English)
S.No. 24,Bench,"RANGNATHAN,S.",
S.No. 24,Judgment By,,
,,,
S.No. 25,Diary Number,65689 / 1983,Judgment
S.No. 25,Case Number,/,03-05-1990 (English)
S.No. 25,Petitioner Name,,03-05-1990 (English)
S.No. 25,Respondent Name,,03-05-1990 (English)
S.No. 25,Petitioner's Advocate,,03-05-1990 (English)
S.No. 25,Respondent's Advocate,,03-05-1990 (English)
S.No. 25,Bench,"SAIKIA,K.N. (J)",
S.No. 25,Judgment By,,
,,,
S.No. 26,Diary Number,65751 / 1983,Judgment
S.No. 26,Case Number,C.A. No.-006729-006729 / 1983,23-03-1990 (English)
S.No. 26,Petitioner Name,KRISHNA SAHAI,23-03-1990 (English)
S.No. 26,Respondent Name,STATE OF UTTAR PRADESH .,23-03-1990 (English)
S.No. 26,Petitioner's Advocate,,23-03-1990 (English)
S.No. 26,Respondent's Advocate,,23-03-1990 (English)
S.No. 26,Bench,MISRA RANGNATH,
S.No. 26,Judgment By,,
,,,
S.No. 27,Diary Number,65775 / 1983,Judgment
S.No. 27,Case Number,C.A. No.-005784-005785 / 1983,17-08-1990 (English)
S.No. 27,Petitioner Name,BHAG AMARPAL WELFARE SOCIETY ETC.,17-08-1990 (English)
S.No. 27,Respondent Name,M/S TULSI CO.OP. HOUSING SOCIETY,17-08-1990 (English)
S.No. 27,Petitioner's Advocate,,17-08-1990 (English)
S.No. 27,Respondent's Advocate,,17-08-1990 (English)
S.No. 27,Bench,MISRA RANGNATH,
S.No. 27,Judgment By,,
,,,
S.No. 28,Diary Number,68286 / 1988,Judgment
S.No. 28,Case Number,C.A. No.-000778-000778 / 1988,27-10-1989 (English)
S.No. 28,Petitioner Name,U.O.I.,27-10-1989 (English)
S.No. 28,Respondent Name,NAIB SUBEDAR CLK(S) BALESHWAR RAM .,27-10-1989 (English)
S.No. 28,Petitioner's Advocate,,27-10-1989 (English)
S.No. 28,Respondent's Advocate,MRIDULA RAY BHARADWAJ,27-10-1989 (English)
S.No. 28,Bench,MISRA RANGNATH,
S.No. 28,Judgment By,,
,,,
S.No. 29,Diary Number,68354 / 1987,Judgment
S.No. 29,Case Number,W.P.(C) No.-000847-000847 / 1987,10-08-1990 (English)
S.No. 29,Petitioner Name,SYNDICATE BANK S.C.& S.T.EMP.ASSN.,10-08-1990 (English)
S.No. 29,Respondent Name,THE UNION OF INDIA .,10-08-1990 (English)
S.No. 29,Petitioner's Advocate,,10-08-1990 (English)
S.No. 29,Respondent's Advocate,MADHU MOOLCHANDANI,10-08-1990 (English)
S.No. 29,Bench,"KASLIWAL,N.M. (J)",
S.No. 29,Judgment By,,
,,,
S.No. 30,Diary Number,68372 / 1987,Judgment
S.No. 30,Case Number,W.P.(C) No.-000251-000251 / 1987,28-11-1989 (English)
S.No. 30,Petitioner Name,PARAS NATH,28-11-1989 (English)
S.No. 30,Respondent Name,UNION OF INDIA .,28-11-1989 (English)
S.No. 30,Petitioner's Advocate,R. P. GUPTA,28-11-1989 (English)
S.No. 30,Respondent's Advocate,A. SUBHASHINI,28-11-1989 (English)
S.No. 30,Bench,MISRA RANGNATH,
S.No. 30,Judgment By,,
,,,
S.No. 31,Diary Number,68427 / 1988,Judgment
S.No. 31,Case Number,C.A. No.-003577-003577 / 1988,26-10-1989 (English)
S.No. 31,Petitioner Name,P.VENUGOPALA NAIDU,26-10-1989 (English)
S.No. 31,Respondent Name,V.N. CHARITIES THANJAVUR .,26-10-1989 (English)
S.No. 31,Petitioner's Advocate,R. N. KESWANI,26-10-1989 (English)
S.No. 31,Respondent's Advocate,S. SRINIVASAN,26-10-1989 (English)
S.No. 31,Bench,KULDIP SINGH (J),
S.No. 31,Judgment By,,
,,,
S.No. 32,Diary Number,68431 / 1988,Judgment
S.No. 32,Case Number,C.A. No.-000912-000920 / 1988,21-02-1990 (English)
S.No. 32,Petitioner Name,KERALA HOTEL & RESTAURANT ASSN.,21-02-1990 (English)
S.No. 32,Respondent Name,STATE OF KERALA .,21-02-1990 (English)
S.No. 32,Petitioner's Advocate,C. N. SREE KUMAR,21-02-1990 (English)
S.No. 32,Respondent's Advocate,K. R. NAMBIAR,21-02-1990 (English)
S.No. 32,Bench,"VERMA,JAGDISH SARAN (J)",
S.No. 32,Judgment By,,
,,,
S.No. 33,Diary Number,68451 / 1987,Judgment
S.No. 33,Case Number,W.P.(C) No.-001155-001155 / 1987,24-10-1989 (English)
S.No. 33,Petitioner Name,S. BANERJEE,24-10-1989 (English)
S.No. 33,Respondent Name,SH. R.R.KUMAR,24-10-1989 (English)
S.No. 33,Petitioner's Advocate,R. N. KESWANI,24-10-1989 (English)
S.No. 33,Respondent's Advocate,,24-10-1989 (English)
S.No. 33,Bench,"DUTT,M.M. (J)",
S.No. 33,Judgment By,,
,,,
S.No. 34,Diary Number,68978 / 1988,Judgment
S.No. 34,Case Number,W.P.(C) No.-001018-001018 / 1988,15-11-1989 (English)
S.No. 34,Petitioner Name,AMBIKA PRASAD,15-11-1989 (English)
S.No. 34,Respondent Name,UNION OF INDIA .,15-11-1989 (English)
S.No. 34,Petitioner's Advocate,MUKESH K. GIRI,15-11-1989 (English)
S.No. 34,Respondent's Advocate,C. V. SUBBA RAO,15-11-1989 (English)
S.No. 34,Bench,MISRA RANGNATH,
S.No. 34,Judgment By,,
,,,
S.No. 35,Diary Number,69121 / 1988,Judgment
S.No. 35,Case Number,C.A. No.-000840-000840 / 1988,17-08-1990 (English)
S.No. 35,Petitioner Name,M/S. BHARAT COKING COAL LTD.,17-08-1990 (English)
S.No. 35,Respondent Name,THE STATE OF BIHAR .,17-08-1990 (English)
S.No. 35,Petitioner's Advocate,ANIP SACHTHEY,17-08-1990 (English)
S.No. 35,Respondent's Advocate,RAJESH PRASAD SINGH,17-08-1990 (English)
S.No. 35,Bench,"SINGH,K.N. (J)",
S.No. 35,Judgment By,,
,,,
S.No. 36,Diary Number,69165 / 1986,Judgment
S.No. 36,Case Number,C.A. No.-000596-000597 / 1986,11-01-1990 (English)
S.No. 36,Petitioner Name,WORKMEN OF ENGLISH ELECT.CO.OF INDIA LTD,11-01-1990 (English)
S.No. 36,Respondent Name,THE MANGT.OF ENG.ELE.CO.OF INDIA LTD&ORS,11-01-1990 (English)
S.No. 36,Petitioner's Advocate,,11-01-1990 (English)
S.No. 36,Respondent's Advocate,A. T. M. SAMPATH,11-01-1990 (English)
S.No. 36,Bench,MISRA RANGNATH,
S.No. 36,Judgment By,,
,,,
S.No. 37,Diary Number,69167 / 1988,Judgment
S.No. 37,Case Number,W.P.(C) No.-000824-000824 / 1988,15-11-1989 (English)
S.No. 37,Petitioner Name,GAURAV JAIN,15-11-1989 (English)
S.No. 37,Respondent Name,UNION OF INDIA .,15-11-1989 (English)
S.No. 37,Petitioner's Advocate,ABHA JAIN,15-11-1989 (English)
S.No. 37,Respondent's Advocate,SUSHMA SURI,15-11-1989 (English)
S.No. 37,Bench,MISRA RANGNATH,
S.No. 37,Judgment By,,
,,,
S.No. 38,Diary Number,69262 / 1986,Judgment
S.No. 38,Case Number,C.A. No.-000806-000810 / 1986,17-11-1989 (English)
S.No. 38,Petitioner Name,AJMER SINGH,17-11-1989 (English)
S.No. 38,Respondent Name,STATE OF HARYANA,17-11-1989 (English)
S.No. 38,Petitioner's Advocate,,17-11-1989 (English)
S.No. 38,Respondent's Advocate,M. K. DUA,17-11-1989 (English)
S.No. 38,Bench,"RAMASWAMI,V. (J) II",
S.No. 38,Judgment By,,
,,,
S.No. 39,Diary Number,69519 / 1989,Judgment
S.No. 39,Case Number,C.A. No.-004496-004496 / 1989,25-10-1989 (English)
S.No. 39,Petitioner Name,R. NARAYANAN,25-10-1989 (English)
S.No. 39,Respondent Name,THE UNION OF INDIA,25-10-1989 (English)
S.No. 39,Petitioner's Advocate,C. K. SUCHARITA,25-10-1989 (English)
S.No. 39,Respondent's Advocate,SUSHMA SURI,25-10-1989 (English)
S.No. 39,Bench,"NATRAJAN,S. (J)",
S.No. 39,Judgment By,,
,,,
S.No. 40,Diary Number,69820 / 1989,Judgment
S.No. 40,Case Number,C.A. No.-003655-003655 / 1989,14-02-1990 (English)
S.No. 40,Petitioner Name,AKBAR BADRUDDIN JIWANI,14-02-1990 (English)
S.No. 40,Respondent Name,THE COLLECTOR OF CUSTOMS,14-02-1990 (English)
S.No. 40,Petitioner's Advocate,SHRI NARAIN,14-02-1990 (English)
S.No. 40,Respondent's Advocate,P. PARMESWARAN,14-02-1990 (English)
S.No. 40,Bench,"RAY,B.C. (J)",
S.No. 40,Judgment By,,
,,,
S.No. 41,Diary Number,69900 / 1989,Judgment
S.No. 41,Case Number,C.A. No.-000440-000441 / 1989,19-10-1989 (English)
S.No. 41,Petitioner Name,COLLECTOR OF CENTRAL EXCISE,19-10-1989 (English)
S.No. 41,Respondent Name,M/S. KUNDI ENGINEERING WORKS,19-10-1989 (English)
S.No. 41,Petitioner's Advocate,P. PARMESWARAN,19-10-1989 (English)
S.No. 41,Respondent's Advocate,,19-10-1989 (English)
S.No. 41,Bench,"DUTT,M.M. (J)",
S.No. 41,Judgment By,,
,,,
S.No. 42,Diary Number,70122 / 1988,Judgment
S.No. 42,Case Number,C.A. No.-003187-003188 / 1988,13-03-1990 (English)
S.No. 42,Petitioner Name,UNION CARBIDE CORPN. LTD.,13-03-1990 (English)
S.No. 42,Respondent Name,UNION OF INDIA,13-03-1990 (English)
S.No. 42,Petitioner's Advocate,,13-03-1990 (English)
S.No. 42,Respondent's Advocate,D. S. MAHRA,13-03-1990 (English)
S.No. 42,Bench,"S. MUKHARJI (CJ),R. MISRA,K.N. SINGH,M.N. VENKATACHALLIAH,N.D. OJHA",
S.No. 42,Judgment By,,
,,,
S.No. 43,Diary Number,70188 / 1989,Judgment
S.No. 43,Case Number,W.P.(C) No.-000623-000623 / 1989,01-03-1990 (English)
S.No. 43,Petitioner Name,SHAKUNTALA MEHRISHI,01-03-1990 (English)
S.No. 43,Respondent Name,"EDUCATION DEPARTMENT, NDMC .",01-03-1990 (English)
S.No. 43,Petitioner's Advocate,SANJAY PARIKH,01-03-1990 (English)
S.No. 43,Respondent's Advocate,,01-03-1990 (English)
S.No. 43,Bench,"OJHA,N.D. (J)",
S.No. 43,Judgment By,,
,,,
S.No. 44,Diary Number,70350 / 1989,Judgment
S.No. 44,Case Number,C.A. No.-004447-004447 / 1989,24-10-1989 (English)
S.No. 44,Petitioner Name,N.D.M.C.,24-10-1989 (English)
S.No. 44,Respondent Name,THE STATESMAN LTD.,24-10-1989 (English)
S.No. 44,Petitioner's Advocate,,24-10-1989 (English)
S.No. 44,Respondent's Advocate,K. J. JOHN,24-10-1989 (English)
S.No. 44,Bench,"VENKATACHALLIAH,M.N. (J)",
S.No. 44,Judgment By,,
,,,
S.No. 45,Diary Number,70359 / 1989,Judgment
S.No. 45,Case Number,C.A. No.-004649-004649 / 1989,21-11-1989 (English)
S.No. 45,Petitioner Name,STATE OF U.P.,21-11-1989 (English)
S.No. 45,Respondent Name,EX.PILOT OFFICER ARUN GOVIL,21-11-1989 (English)
S.No. 45,Petitioner's Advocate,,21-11-1989 (English)
S.No. 45,Respondent's Advocate,,21-11-1989 (English)
S.No. 45,Bench,"VENKATARAMIAH,E.S. (CJ)",
S.No. 45,Judgment By,,
,,,
S.No. 46,Diary Number,71778 / 1989,Judgment
S.No. 46,Case Number,C.A. No.-000449-000465 / 1989,21-03-1990 (English)
S.No. 46,Petitioner Name,SHASTA CHITS AND FINANCE PVT. LTD.,21-03-1990 (English)
S.No. 46,Respondent Name,UNION OF INDIA .,21-03-1990 (English)
S.No. 46,Petitioner's Advocate,,21-03-1990 (English)
S.No. 46,Respondent's Advocate,M. VEERAPPA,21-03-1990 (English)
S.No. 46,Bench,"AHMADI,A.M. (J)",
S.No. 46,Judgment By,,
,,,
S.No. 47,Diary Number,72661 / 1994,Judgment
S.No. 47,Case Number,C.A. No.-006361-006361 / 1994,14-12-1989 (English)
S.No. 47,Petitioner Name,STATE OF HARYANA,14-12-1989 (English)
S.No. 47,Respondent Name,PREM SINGH .,14-12-1989 (English)
S.No. 47,Petitioner's Advocate,,14-12-1989 (English)
S.No. 47,Respondent's Advocate,MANOJ SWARUP,14-12-1989 (English)
S.No. 47,Bench,"RAY,B.C. (J)",
S.No. 47,Judgment By,,
,,,
S.No. 48,Diary Number,72811 / 1990,Judgment
S.No. 48,Case Number,C.A. No.-004380-004380 / 1990,22-08-1990 (English)
S.No. 48,Petitioner Name,JAMSHEDPUR CONTRACTORS WORKS UNION,22-08-1990 (English)
S.No. 48,Respondent Name,STATE OF BIHAR,22-08-1990 (English)
S.No. 48,Petitioner's Advocate,,22-08-1990 (English)
S.No. 48,Respondent's Advocate,,22-08-1990 (English)
S.No. 48,Bench,,
S.No. 48,Judgment By,,
,,,
S.No. 49,Diary Number,72845 / 1990,Judgment
S.No. 49,Case Number,C.A. No.-001995-001995 / 1990,24-04-1990 (English)
S.No. 49,Petitioner Name,RAM EKBAL SHARMA,24-04-1990 (English)
S.No. 49,Respondent Name,S.N.SINHA,24-04-1990 (English)
S.No. 49,Petitioner's Advocate,,24-04-1990 (English)
S.No. 49,Respondent's Advocate,,24-04-1990 (English)
S.No. 49,Bench,"RAY,B.C. (J)",
S.No. 49,Judgment By,,
,,,
S.No. 50,Diary Number,72885 / 1990,Judgment
S.No. 50,Case Number,C.A. No.-006266-006266 / 1990,13-09-1990 (English)
S.No. 50,Petitioner Name,G B MAHAJAN,13-09-1990 (English)
S.No. 50,Respondent Name,THE JALGAON MUNICIPAL COUNCIL .,13-09-1990 (English)
S.No. 50,Petitioner's Advocate,,13-09-1990 (English)
S.No. 50,Respondent's Advocate,,13-09-1990 (English)
S.No. 50,Bench,"VENKATACHALLIAH,M.N. (J)",
S.No. 50,Judgment By,,
,,,
S.No. 51,Diary Number,73835 / 1990,Judgment
S.No. 51,Case Number,C.A. No.-004479-004479 / 1990,06-09-1990 (English)
S.No. 51,Petitioner Name,DR.(MRS.)KIRTI DESHMANKAR,06-09-1990 (English)
S.No. 51,Respondent Name,UNION OF INDIA .,06-09-1990 (English)
S.No. 51,Petitioner's Advocate,,06-09-1990 (English)
S.No. 51,Respondent's Advocate,GAGRAT AND CO,06-09-1990 (English)
S.No. 51,Bench,"SHARMA,L.M. (J)",
S.No. 51,Judgment By,,
,,,
S.No. 52,Diary Number,73894 / 1990,Judgment
S.No. 52,Case Number,C.A. No.-000992-000992 / 1990,31-01-1990 (English)
S.No. 52,Petitioner Name,GDB.SHEROMANI SAHAKARI AVAS SAMITI LTD.,31-01-1990 (English)
S.No. 52,Respondent Name,STATE OF U.P. .,31-01-1990 (English)
S.No. 52,Petitioner's Advocate,HARESH RAICHURA,31-01-1990 (English)
S.No. 52,Respondent's Advocate,,31-01-1990 (English)
S.No. 52,Bench,,
S.No. 52,Judgment By,,
,,,
S.No. 53,Diary Number,74125 / 1990,Judgment
S.No. 53,Case Number,C.A. No.-002054-002054 / 1990,30-04-1990 (English)
S.No. 53,Petitioner Name,S.B. SARKAR,30-04-1990 (English)
S.No. 53,Respondent Name,UNION OF INDIA .,30-04-1990 (English)
S.No. 53,Petitioner's Advocate,,30-04-1990 (English)
S.No. 53,Respondent's Advocate,C. V. SUBBA RAO,30-04-1990 (English)
S.No. 53,Bench,"SAHAI,R.M. (J)",
S.No. 53,Judgment By,,
,,,
S.No. 54,Diary Number,74445 / 1990,Judgment
S.No. 54,Case Number,C.A. No.-001778-001778 / 1990,06-04-1990 (English)
S.No. 54,Petitioner Name,DR.(MRS.) ROSHAN SAM BOYEE,06-04-1990 (English)
S.No. 54,Respondent Name,B.R. COTTON MILLS LTD.,06-04-1990 (English)
S.No. 54,Petitioner's Advocate,MANIK KARANJAWALA,06-04-1990 (English)
S.No. 54,Respondent's Advocate,,06-04-1990 (English)
S.No. 54,Bench,"KANIA,M.H.",
S.No. 54,Judgment By,,
,,,
S.No. 55,Diary Number,74448 / 1990,Judgment
S.No. 55,Case Number,C.A. No.-004444-004444 / 1990,31-08-1990 (English)
S.No. 55,Petitioner Name,U.P.JUNIOR DOCTOR'S ACTION COMMITTEE,31-08-1990 (English)
S.No. 55,Respondent Name,DR. B.SHEETAL NANDWANI,31-08-1990 (English)
S.No. 55,Petitioner's Advocate,PRADEEP MISRA,31-08-1990 (English)
S.No. 55,Respondent's Advocate,,31-08-1990 (English)
S.No. 55,Bench,,
S.No. 55,Judgment By,,
,,,
S.No. 56,Diary Number,75880 / 1990,Judgment
S.No. 56,Case Number,C.A. No.-004890-004891 / 1990,11-10-1990 (English)
S.No. 56,Petitioner Name,R.M.NARAYANAN CHETTIAR,11-10-1990 (English)
S.No. 56,Respondent Name,N.LAKSHMANAN CHETTIAR .,11-10-1990 (English)
S.No. 56,Petitioner's Advocate,,11-10-1990 (English)
S.No. 56,Respondent's Advocate,,11-10-1990 (English)
S.No. 56,Bench,"KANIA,M.H.",
S.No. 56,Judgment By,,
,,,
S.No. 57,Diary Number,75884 / 1990,Judgment
S.No. 57,Case Number,Crl.A. No.-000387-000387 / 1990,24-07-1990 (English)
S.No. 57,Petitioner Name,DMAI,24-07-1990 (English)
S.No. 57,Respondent Name,,24-07-1990 (English)
S.No. 57,Petitioner's Advocate,S. C. PATEL,24-07-1990 (English)
S.No. 57,Respondent's Advocate,,24-07-1990 (English)
S.No. 57,Bench,"FATHIMA BEEVI,M. (J)",
S.No. 57,Judgment By,,
,,,
S.No. 58,Diary Number,199937 / 1993,Judgment
S.No. 58,Case Number,C.A. No.-000339-000339 / 1993,20-04-1990 (English)
S.No. 58,Petitioner Name,DIAMOND PLYMERS PVT.LTD.,20-04-1990 (English)
S.No. 58,Respondent Name,UNITED INDIA INSURANCE CO.LTD.,20-04-1990 (English)
S.No. 58,Petitioner's Advocate,MANOJ SWARUP AND CO.,20-04-1990 (English)
S.No. 58,Respondent's Advocate,NARESH BAKSHI,20-04-1990 (English)
S.No. 58,Bench,,
S.No. 58,Judgment By,,
,,,
S.No. 59,Diary Number,200096 / 1993,Judgment
S.No. 59,Case Number,W.P.(C) No.-000457-000457 / 1993,28-08-1990 (English)
S.No. 59,Petitioner Name,S.K. MUKHERJEE,28-08-1990 (English)
S.No. 59,Respondent Name,U.O.I.,28-08-1990 (English)
S.No. 59,Petitioner's Advocate,PETITIONER-IN-PERSON,28-08-1990 (English)
S.No. 59,Respondent's Advocate,AVIJIT BHATTACHARJEE,28-08-1990 (English)
S.No. 59,Bench,"MUKHARJI, SABYASACHI (CJ),KANIA, M.H.,SHETTY, K.J. (J),SAIKIA, K.N. (J),AGRAWAL, S.C. (J)",
S.No. 59,Judgment By,,
,,,
