﻿Column-0,Column-1,Column-2,Column-3
S.No. 1,Diary Number,,Judgment
S.No. 1,Case Number,Appeal (civil) 2248 of 1968,"17-10-1974 (English)
17-10-1974 (English)
17-10-1974 (English)
16-10-1974 (English)
16-10-1974 (English)
16-10-1974 (English)
16-10-1974 (English)
15-10-1974 (English)
15-10-1974 (English)
15-10-1974 (English)
14-10-1974 (English)"
S.No. 1,Petitioner Name,ROSHANLAL KUTHIALA & ORS.,"17-10-1974 (English)
17-10-1974 (English)
17-10-1974 (English)
16-10-1974 (English)
16-10-1974 (English)
16-10-1974 (English)
16-10-1974 (English)
15-10-1974 (English)
15-10-1974 (English)
15-10-1974 (English)
14-10-1974 (English)"
S.No. 1,Respondent Name,R.B. MOHAN SINGH OBERAI,"17-10-1974 (English)
17-10-1974 (English)
17-10-1974 (English)
16-10-1974 (English)
16-10-1974 (English)
16-10-1974 (English)
16-10-1974 (English)
15-10-1974 (English)
15-10-1974 (English)
15-10-1974 (English)
14-10-1974 (English)"
S.No. 1,Petitioner's Advocate,,"17-10-1974 (English)
17-10-1974 (English)
17-10-1974 (English)
16-10-1974 (English)
16-10-1974 (English)
16-10-1974 (English)
16-10-1974 (English)
15-10-1974 (English)
15-10-1974 (English)
15-10-1974 (English)
14-10-1974 (English)"
S.No. 1,Respondent's Advocate,,"17-10-1974 (English)
17-10-1974 (English)
17-10-1974 (English)
16-10-1974 (English)
16-10-1974 (English)
16-10-1974 (English)
16-10-1974 (English)
15-10-1974 (English)
15-10-1974 (English)
15-10-1974 (English)
14-10-1974 (English)"
S.No. 1,Bench,,
S.No. 1,Judgment By,,
,,,
S.No. 2,Diary Number,13987 / 1997,Judgment
S.No. 2,Case Number,Crl.A. No.-000980-000980 / 1997,14-12-1973 (English)
S.No. 2,Petitioner Name,VIJAY KUMAR,14-12-1973 (English)
S.No. 2,Respondent Name,STATE OF PUNJAB,14-12-1973 (English)
S.No. 2,Petitioner's Advocate,RAKESH K. SHARMA,14-12-1973 (English)
S.No. 2,Respondent's Advocate,,14-12-1973 (English)
S.No. 2,Bench,"CHANDRACHUD,Y.V.",
S.No. 2,Judgment By,,
,,,
S.No. 3,Diary Number,60012 / 1969,Judgment
S.No. 3,Case Number,W.P.(C) No.-000129-000131 / 1969,01-05-1974 (English)
S.No. 3,Petitioner Name,INSTALMENT SUPPLY PVT. LTD.,01-05-1974 (English)
S.No. 3,Respondent Name,SALES TAX OFFICER,01-05-1974 (English)
S.No. 3,Petitioner's Advocate,,01-05-1974 (English)
S.No. 3,Respondent's Advocate,,01-05-1974 (English)
S.No. 3,Bench,"RAY, A.N. (CJ),MATHEW, K.K.,ALAGIRISWAMI, A.,GOSWAMI, P.K.,SARKARIA, R.S.",
S.No. 3,Judgment By,,
,,,
S.No. 4,Diary Number,76263 / 1991,Judgment
S.No. 4,Case Number,C.A. No.-003471-003471 / 1991,05-03-1974 (English)
S.No. 4,Petitioner Name,MOHINDER SINGH,05-03-1974 (English)
S.No. 4,Respondent Name,STATE OF HARYANA .,05-03-1974 (English)
S.No. 4,Petitioner's Advocate,G. K. BANSAL,05-03-1974 (English)
S.No. 4,Respondent's Advocate,,05-03-1974 (English)
S.No. 4,Bench,"KHANNA,HANS RAJ",
S.No. 4,Judgment By,,
,,,
