﻿Column-0,Column-1,Column-2,Column-3
S.No. 1,Diary Number,,Judgment
S.No. 1,Case Number,Appeal Civil 1227 of 1979,"11-10-1991 (English)
11-10-1991 (English)
11-10-1991 (English)
10-10-1991 (English)
09-10-1991 (English)
09-10-1991 (English)
04-10-1991 (English)
03-10-1991 (English)
03-10-1991 (English)
03-10-1991 (English)
01-10-1991 (English)"
S.No. 1,Petitioner Name,MANGAL SINHJI DOLAT SINHJI ETC.,"11-10-1991 (English)
11-10-1991 (English)
11-10-1991 (English)
10-10-1991 (English)
09-10-1991 (English)
09-10-1991 (English)
04-10-1991 (English)
03-10-1991 (English)
03-10-1991 (English)
03-10-1991 (English)
01-10-1991 (English)"
S.No. 1,Respondent Name,STATE OF GUJARAT,"11-10-1991 (English)
11-10-1991 (English)
11-10-1991 (English)
10-10-1991 (English)
09-10-1991 (English)
09-10-1991 (English)
04-10-1991 (English)
03-10-1991 (English)
03-10-1991 (English)
03-10-1991 (English)
01-10-1991 (English)"
S.No. 1,Petitioner's Advocate,,"11-10-1991 (English)
11-10-1991 (English)
11-10-1991 (English)
10-10-1991 (English)
09-10-1991 (English)
09-10-1991 (English)
04-10-1991 (English)
03-10-1991 (English)
03-10-1991 (English)
03-10-1991 (English)
01-10-1991 (English)"
S.No. 1,Respondent's Advocate,,"11-10-1991 (English)
11-10-1991 (English)
11-10-1991 (English)
10-10-1991 (English)
09-10-1991 (English)
09-10-1991 (English)
04-10-1991 (English)
03-10-1991 (English)
03-10-1991 (English)
03-10-1991 (English)
01-10-1991 (English)"
S.No. 1,Bench,"KANIA,M.H.",
S.No. 1,Judgment By,,
,,,
S.No. 2,Diary Number,2 / 8418,Judgment
S.No. 2,Case Number,/,02-04-1991 (English)
S.No. 2,Petitioner Name,,02-04-1991 (English)
S.No. 2,Respondent Name,,02-04-1991 (English)
S.No. 2,Petitioner's Advocate,,02-04-1991 (English)
S.No. 2,Respondent's Advocate,,02-04-1991 (English)
S.No. 2,Bench,KULDIP SINGH (J),
S.No. 2,Judgment By,,
,,,
S.No. 3,Diary Number,3395 / 2003,Judgment
S.No. 3,Case Number,Crl.A. No.-000633-000633 / 2003,18-07-1991 (English)
S.No. 3,Petitioner Name,RAJENDRA,18-07-1991 (English)
S.No. 3,Respondent Name,STATE OF M.P.,18-07-1991 (English)
S.No. 3,Petitioner's Advocate,B. K. SATIJA,18-07-1991 (English)
S.No. 3,Respondent's Advocate,KAMAKSHI S. MEHLWAL,18-07-1991 (English)
S.No. 3,Bench,"PUNCHHI,M.M.",
S.No. 3,Judgment By,,
,,,
S.No. 4,Diary Number,9554 / 2000,Judgment
S.No. 4,Case Number,SLP(C) No.-009895-009895 / 2000,07-12-1990 (English)
S.No. 4,Petitioner Name,PRATAP SINGH,07-12-1990 (English)
S.No. 4,Respondent Name,STATE OF HARYANA .,07-12-1990 (English)
S.No. 4,Petitioner's Advocate,,07-12-1990 (English)
S.No. 4,Respondent's Advocate,SATYA MITRA GARG,07-12-1990 (English)
S.No. 4,Bench,KULDIP SINGH (J),
S.No. 4,Judgment By,,
,,,
S.No. 5,Diary Number,60421 / 1976,Judgment
S.No. 5,Case Number,C.A. No.-000371-000371 / 1976,07-12-1990 (English)
S.No. 5,Petitioner Name,M/S. PRINTERS HOUSE PVT. LTD.,07-12-1990 (English)
S.No. 5,Respondent Name,M/S. COLD STORAGE & FOOD PRODUCTS .,07-12-1990 (English)
S.No. 5,Petitioner's Advocate,,07-12-1990 (English)
S.No. 5,Respondent's Advocate,,07-12-1990 (English)
S.No. 5,Bench,"RAMASWAMY,K.",
S.No. 5,Judgment By,,
,,,
S.No. 6,Diary Number,60598 / 1991,Judgment
S.No. 6,Case Number,C.A. No.-000998-000999 / 1991,25-04-1991 (English)
S.No. 6,Petitioner Name,DISTT.EXHIBITORS ASSO.MUZAFFARNAGAR &ORS,25-04-1991 (English)
S.No. 6,Respondent Name,THE UNION OF INDIA,25-04-1991 (English)
S.No. 6,Petitioner's Advocate,PRASHANT BHUSHAN,25-04-1991 (English)
S.No. 6,Respondent's Advocate,SHREEKANT N. TERDAL,25-04-1991 (English)
S.No. 6,Bench,YOGESHWAR DAYAL (J),
S.No. 6,Judgment By,,
,,,
S.No. 7,Diary Number,61034 / 1990,Judgment
S.No. 7,Case Number,W.P.(C) No.-000917-000917 / 1990,14-08-1991 (English)
S.No. 7,Petitioner Name,DR.V.P. CHATURVEDI,14-08-1991 (English)
S.No. 7,Respondent Name,UNION OF INDIA,14-08-1991 (English)
S.No. 7,Petitioner's Advocate,S. K. BHATTACHARYA,14-08-1991 (English)
S.No. 7,Respondent's Advocate,,14-08-1991 (English)
S.No. 7,Bench,"MISRA,RANGNATH (CJ)",
S.No. 7,Judgment By,,
,,,
S.No. 8,Diary Number,61131 / 1978,Judgment
S.No. 8,Case Number,C.A. No.-002589-002589 / 1978,13-03-1991 (English)
S.No. 8,Petitioner Name,PRAKASH WAREHOUSING & CO.,13-03-1991 (English)
S.No. 8,Respondent Name,MUNICIPAL CORPN. OF GREATER BOMBAY,13-03-1991 (English)
S.No. 8,Petitioner's Advocate,,13-03-1991 (English)
S.No. 8,Respondent's Advocate,,13-03-1991 (English)
S.No. 8,Bench,"THOMMEN,T.K. (J)",
S.No. 8,Judgment By,,
,,,
S.No. 9,Diary Number,61372 / 1980,Judgment
S.No. 9,Case Number,SLP(C) No.-005053-005053 / 1980,23-08-1991 (English)
S.No. 9,Petitioner Name,RANJIT SINGH SARPANCH,23-08-1991 (English)
S.No. 9,Respondent Name,THE UNION TERRITORY OF CHANDIGARH,23-08-1991 (English)
S.No. 9,Petitioner's Advocate,,23-08-1991 (English)
S.No. 9,Respondent's Advocate,,23-08-1991 (English)
S.No. 9,Bench,"VERMA,JAGDISH SARAN (J)",
S.No. 9,Judgment By,,
,,,
S.No. 10,Diary Number,61483 / 1977,Judgment
S.No. 10,Case Number,C.A. No.-001221-001222 / 1977,18-09-1991 (English)
S.No. 10,Petitioner Name,DMAI,18-09-1991 (English)
S.No. 10,Respondent Name,,18-09-1991 (English)
S.No. 10,Petitioner's Advocate,,18-09-1991 (English)
S.No. 10,Respondent's Advocate,,18-09-1991 (English)
S.No. 10,Bench,"FATHIMA BEEVI,M. (J)",
S.No. 10,Judgment By,,
,,,
S.No. 11,Diary Number,62233 / 1979,Judgment
S.No. 11,Case Number,Crl.A. No.-000214-000214 / 1979,01-10-1991 (English)
S.No. 11,Petitioner Name,BALBIR SINGH,01-10-1991 (English)
S.No. 11,Respondent Name,THE STATE OF PUNJAB,01-10-1991 (English)
S.No. 11,Petitioner's Advocate,R. C. GUBRELE,01-10-1991 (English)
S.No. 11,Respondent's Advocate,,01-10-1991 (English)
S.No. 11,Bench,,
S.No. 11,Judgment By,,
,,,
S.No. 12,Diary Number,62775 / 1980,Judgment
S.No. 12,Case Number,C.A. No.-002168-002168 / 1980,17-09-1991 (English)
S.No. 12,Petitioner Name,YOGENDRA PARASD,17-09-1991 (English)
S.No. 12,Respondent Name,"ADDL.REGISTRAR,CO-OP.SOCIEITES,BIHAR &OR",17-09-1991 (English)
S.No. 12,Petitioner's Advocate,RAJESH PRASAD SINGH,17-09-1991 (English)
S.No. 12,Respondent's Advocate,,17-09-1991 (English)
S.No. 12,Bench,"PUNCHHI,M.M.",
S.No. 12,Judgment By,,
,,,
S.No. 13,Diary Number,62861 / 1987,Judgment
S.No. 13,Case Number,W.P.(C) No.-000320-000320 / 1987,02-04-1991 (English)
S.No. 13,Petitioner Name,D.T.C. WORKERS UNION,02-04-1991 (English)
S.No. 13,Respondent Name,THE DELHI TRANSPORT CORPORATION,02-04-1991 (English)
S.No. 13,Petitioner's Advocate,,02-04-1991 (English)
S.No. 13,Respondent's Advocate,J. S. WAD,02-04-1991 (English)
S.No. 13,Bench,,
S.No. 13,Judgment By,,
,,,
S.No. 14,Diary Number,62886 / 1983,Judgment
S.No. 14,Case Number,SLP(C) No.-013560-013560 / 1983,06-05-1991 (English)
S.No. 14,Petitioner Name,O.P. GOEL,06-05-1991 (English)
S.No. 14,Respondent Name,"H.P. TOURISM DEV. CORPN.,",06-05-1991 (English)
S.No. 14,Petitioner's Advocate,DINESH KUMAR GARG,06-05-1991 (English)
S.No. 14,Respondent's Advocate,,06-05-1991 (English)
S.No. 14,Bench,"REDDY,K. JAYACHANDRA (J)",
S.No. 14,Judgment By,,
,,,
S.No. 15,Diary Number,63261 / 1982,Judgment
S.No. 15,Case Number,W.P.(Crl.) No.-001061-001061 / 1982,06-08-1991 (English)
S.No. 15,Petitioner Name,BANWASI SEVA ASHRAM,06-08-1991 (English)
S.No. 15,Respondent Name,STATE OF U.P..,06-08-1991 (English)
S.No. 15,Petitioner's Advocate,M. A. KRISHNA MOORTHY,06-08-1991 (English)
S.No. 15,Respondent's Advocate,AJIT SINGH PUNDIR,06-08-1991 (English)
S.No. 15,Bench,"MISRA,RANGNATH (CJ)",
S.No. 15,Judgment By,,
,,,
S.No. 16,Diary Number,63323 / 1982,Judgment
S.No. 16,Case Number,W.P.(C) No.-005723-005723 / 1982,11-10-1991 (English)
S.No. 16,Petitioner Name,MADHU KISHWAR,11-10-1991 (English)
S.No. 16,Respondent Name,STATE OF BIHAR,11-10-1991 (English)
S.No. 16,Petitioner's Advocate,D. N. GOBURDHAN,11-10-1991 (English)
S.No. 16,Respondent's Advocate,,11-10-1991 (English)
S.No. 16,Bench,"MISRA,RANGNATH (CJ)",
S.No. 16,Judgment By,,
,,,
S.No. 17,Diary Number,63395 / 1982,Judgment
S.No. 17,Case Number,W.P.(C) No.-002135-002135 / 1982,13-08-1991 (English)
S.No. 17,Petitioner Name,BANDHUA MUKTI MORCHA,13-08-1991 (English)
S.No. 17,Respondent Name,UNION OF INDIA .,13-08-1991 (English)
S.No. 17,Petitioner's Advocate,BINU TAMTA,13-08-1991 (English)
S.No. 17,Respondent's Advocate,ARVIND KUMAR SHARMA,13-08-1991 (English)
S.No. 17,Bench,"MISRA,RANGNATH (CJ)",
S.No. 17,Judgment By,,
,,,
S.No. 18,Diary Number,63915 / 1990,Judgment
S.No. 18,Case Number,SLP(C) No.-005383-005383 / 1990,09-05-1991 (English)
S.No. 18,Petitioner Name,PRATIBHA CO-OPTIVE. H. SOCIETY LTD. &ANR,09-05-1991 (English)
S.No. 18,Respondent Name,STATE OF MAHARASHTRA &ORS.,09-05-1991 (English)
S.No. 18,Petitioner's Advocate,,09-05-1991 (English)
S.No. 18,Respondent's Advocate,,09-05-1991 (English)
S.No. 18,Bench,"KASLIWAL,N.M. (J)",
S.No. 18,Judgment By,,
,,,
S.No. 19,Diary Number,63998 / 1985,Judgment
S.No. 19,Case Number,W.P.(C) No.-013029-013029 / 1985,14-03-1991 (English)
S.No. 19,Petitioner Name,M.C. MEHTA,14-03-1991 (English)
S.No. 19,Respondent Name,UNION OF INDIA,14-03-1991 (English)
S.No. 19,Petitioner's Advocate,APPLICANT-IN-PERSON,14-03-1991 (English)
S.No. 19,Respondent's Advocate,,14-03-1991 (English)
S.No. 19,Bench,,
S.No. 19,Judgment By,,
,,,
S.No. 20,Diary Number,64216 / 1991,Judgment
S.No. 20,Case Number,SLP(C) No.-006497-006497 / 1991,25-09-1991 (English)
S.No. 20,Petitioner Name,INDIAN ALUMINIUM CO. LTD.,25-09-1991 (English)
S.No. 20,Respondent Name,THANE MUNICIPAL CORPORATION,25-09-1991 (English)
S.No. 20,Petitioner's Advocate,,25-09-1991 (English)
S.No. 20,Respondent's Advocate,,25-09-1991 (English)
S.No. 20,Bench,"REDDY,K. JAYACHANDRA (J)",
S.No. 20,Judgment By,,
,,,
S.No. 21,Diary Number,64719 / 1983,Judgment
S.No. 21,Case Number,W.P.(C) No.-013704-013704 / 1983,11-07-1991 (English)
S.No. 21,Petitioner Name,RAM SEWAK PRASAD,11-07-1991 (English)
S.No. 21,Respondent Name,V.K. SAXENA .,11-07-1991 (English)
S.No. 21,Petitioner's Advocate,ARUN K. SINHA,11-07-1991 (English)
S.No. 21,Respondent's Advocate,,11-07-1991 (English)
S.No. 21,Bench,KULDIP SINGH (J),
S.No. 21,Judgment By,,
,,,
S.No. 22,Diary Number,64726 / 1983,Judgment
S.No. 22,Case Number,C.A. No.-002597-002597 / 1983,22-02-1991 (English)
S.No. 22,Petitioner Name,MITHLESH KUMARI,22-02-1991 (English)
S.No. 22,Respondent Name,FATEH BAHADUR SINGH .,22-02-1991 (English)
S.No. 22,Petitioner's Advocate,,22-02-1991 (English)
S.No. 22,Respondent's Advocate,RANI CHHABRA,22-02-1991 (English)
S.No. 22,Bench,"SAIKIA,K.N. (J)",
S.No. 22,Judgment By,,
,,,
S.No. 23,Diary Number,64986 / 1989,Judgment
S.No. 23,Case Number,SLP(C) No.-015001-015001 / 1989,19-02-1991 (English)
S.No. 23,Petitioner Name,ISRAR AHMED KHAN,19-02-1991 (English)
S.No. 23,Respondent Name,"DY. DIRECTOR, CONSOLIDATION .",19-02-1991 (English)
S.No. 23,Petitioner's Advocate,,19-02-1991 (English)
S.No. 23,Respondent's Advocate,,19-02-1991 (English)
S.No. 23,Bench,"MISRA,RANGNATH (CJ)",
S.No. 23,Judgment By,,
,,,
S.No. 24,Diary Number,65382 / 1984,Judgment
S.No. 24,Case Number,Crl.A. No.-000303-000303 / 1984,28-08-1991 (English)
S.No. 24,Petitioner Name,BHAGWAN SWARUP,28-08-1991 (English)
S.No. 24,Respondent Name,STATE OF RAJASTHAN,28-08-1991 (English)
S.No. 24,Petitioner's Advocate,,28-08-1991 (English)
S.No. 24,Respondent's Advocate,,28-08-1991 (English)
S.No. 24,Bench,"REDDY,K. JAYACHANDRA (J)",
S.No. 24,Judgment By,,
,,,
S.No. 25,Diary Number,65535 / 1986,Judgment
S.No. 25,Case Number,W.P.(C) No.-000465-000465 / 1986,31-10-1990 (English)
S.No. 25,Petitioner Name,M.C. MEHTA,31-10-1990 (English)
S.No. 25,Respondent Name,STATE OF TAMIL NADU .,31-10-1990 (English)
S.No. 25,Petitioner's Advocate,PETITIONER-IN-PERSON,31-10-1990 (English)
S.No. 25,Respondent's Advocate,ARVIND KUMAR SHARMA,31-10-1990 (English)
S.No. 25,Bench,,
S.No. 25,Judgment By,,
,,,
S.No. 26,Diary Number,67609 / 1990,Judgment
S.No. 26,Case Number,R.P.(C) No.-000378-000384 / 1990,05-11-1990 (English)
S.No. 26,Petitioner Name,H.C.PUTTASWAMY,05-11-1990 (English)
S.No. 26,Respondent Name,"THE HON.C.J.,HIGH COURT OF KARNATAKA",05-11-1990 (English)
S.No. 26,Petitioner's Advocate,,05-11-1990 (English)
S.No. 26,Respondent's Advocate,LAKSHMI RAMAN SINGH,05-11-1990 (English)
S.No. 26,Bench,,
S.No. 26,Judgment By,,
,,,
S.No. 27,Diary Number,67825 / 1986,Judgment
S.No. 27,Case Number,W.P.(C) No.-000626-000626 / 1986,06-11-1990 (English)
S.No. 27,Petitioner Name,KESHAV CHANDRA JOSHI,06-11-1990 (English)
S.No. 27,Respondent Name,U.O.I. .,06-11-1990 (English)
S.No. 27,Petitioner's Advocate,DINESH KUMAR GARG,06-11-1990 (English)
S.No. 27,Respondent's Advocate,,06-11-1990 (English)
S.No. 27,Bench,"RAMASWAMY,K.",
S.No. 27,Judgment By,,
,,,
S.No. 28,Diary Number,68090 / 1986,Judgment
S.No. 28,Case Number,C.A. No.-002835-002835 / 1986,25-07-1991 (English)
S.No. 28,Petitioner Name,ANIL KUMAR SONI,25-07-1991 (English)
S.No. 28,Respondent Name,"M.D., PUNJAB FINANCIAL CORPORATION",25-07-1991 (English)
S.No. 28,Petitioner's Advocate,SANJAY PARIKH,25-07-1991 (English)
S.No. 28,Respondent's Advocate,SHANTI SWARUP SHARMA,25-07-1991 (English)
S.No. 28,Bench,"KASLIWAL,N.M. (J)",
S.No. 28,Judgment By,,
,,,
S.No. 29,Diary Number,68270 / 1984,Judgment
S.No. 29,Case Number,C.A. No.-003236-003239 / 1984,06-09-1991 (English)
S.No. 29,Petitioner Name,GOA DAMAN & DIU HOUSING BOARD,06-09-1991 (English)
S.No. 29,Respondent Name,RAMAKANT V.P. DARVOTKAR,06-09-1991 (English)
S.No. 29,Petitioner's Advocate,,06-09-1991 (English)
S.No. 29,Respondent's Advocate,,06-09-1991 (English)
S.No. 29,Bench,"RAY, B.C. (J),KANIA, M.H.,SHETTY, K.J. (J),SHARMA, L.M. (J),VERMA, JAGDISH SARAN (J)",
S.No. 29,Judgment By,,
,,,
S.No. 30,Diary Number,68353 / 1988,Judgment
S.No. 30,Case Number,C.A. No.-002145-002145 / 1988,13-08-1991 (English)
S.No. 30,Petitioner Name,SMT. SARAN KUMARI GAUR,13-08-1991 (English)
S.No. 30,Respondent Name,STATE OF U.P..,13-08-1991 (English)
S.No. 30,Petitioner's Advocate,CHITRA MARKANDAYA,13-08-1991 (English)
S.No. 30,Respondent's Advocate,EJAZ MAQBOOL,13-08-1991 (English)
S.No. 30,Bench,"MISRA,RANGNATH (CJ)",
S.No. 30,Judgment By,,
,,,
S.No. 31,Diary Number,68423 / 1988,Judgment
S.No. 31,Case Number,C.A. No.-003985-003985 / 1988,12-09-1991 (English)
S.No. 31,Petitioner Name,GOVERNMENT OF ANDHRA PRADESH,12-09-1991 (English)
S.No. 31,Respondent Name,A.SURYANARAYANARAO .,12-09-1991 (English)
S.No. 31,Petitioner's Advocate,GUNTUR PRABHAKAR,12-09-1991 (English)
S.No. 31,Respondent's Advocate,C. K. SUCHARITA,12-09-1991 (English)
S.No. 31,Bench,,
S.No. 31,Judgment By,,
,,,
S.No. 32,Diary Number,68433 / 1988,Judgment
S.No. 32,Case Number,C.A. No.-003838-003838 / 1988,04-09-1991 (English)
S.No. 32,Petitioner Name,UNION OF INDIA,04-09-1991 (English)
S.No. 32,Respondent Name,A.RADHAKRISHNAN .,04-09-1991 (English)
S.No. 32,Petitioner's Advocate,P. PARMESWARAN,04-09-1991 (English)
S.No. 32,Respondent's Advocate,A. T. M. SAMPATH,04-09-1991 (English)
S.No. 32,Bench,"VERMA,JAGDISH SARAN (J)",
S.No. 32,Judgment By,,
,,,
S.No. 33,Diary Number,68478 / 1988,Judgment
S.No. 33,Case Number,C.A. No.-003743-003743 / 1988,18-12-1990 (English)
S.No. 33,Petitioner Name,UNION OF INDIA,18-12-1990 (English)
S.No. 33,Respondent Name,BABUBHAI NYLCHAND MEHTA,18-12-1990 (English)
S.No. 33,Petitioner's Advocate,SUSHMA SURI,18-12-1990 (English)
S.No. 33,Respondent's Advocate,GOPAL BALWANT SATHE,18-12-1990 (English)
S.No. 33,Bench,"KASLIWAL,N.M. (J)",
S.No. 33,Judgment By,,
,,,
S.No. 34,Diary Number,68539 / 1988,Judgment
S.No. 34,Case Number,W.P.(C) No.-000381-000381 / 1988,09-01-1991 (English)
S.No. 34,Petitioner Name,SUBHASH KUMAR,09-01-1991 (English)
S.No. 34,Respondent Name,STATE OF BIHAR .,09-01-1991 (English)
S.No. 34,Petitioner's Advocate,S.K. SINHA,09-01-1991 (English)
S.No. 34,Respondent's Advocate,,09-01-1991 (English)
S.No. 34,Bench,"SINGH,K.N. (J)",
S.No. 34,Judgment By,,
,,,
S.No. 35,Diary Number,68572 / 1987,Judgment
S.No. 35,Case Number,W.P.(C) No.-000485-000485 / 1987,26-11-1990 (English)
S.No. 35,Petitioner Name,ORISSA JUDICIAL SERVICE ASSOCIATION,26-11-1990 (English)
S.No. 35,Respondent Name,STATE OF ORISSA,26-11-1990 (English)
S.No. 35,Petitioner's Advocate,,26-11-1990 (English)
S.No. 35,Respondent's Advocate,RAJ KUMAR MEHTA,26-11-1990 (English)
S.No. 35,Bench,"SINGH,K.N. (J)",
S.No. 35,Judgment By,,
,,,
S.No. 36,Diary Number,69168 / 1991,Judgment
S.No. 36,Case Number,C.A. No.-000826-000826 / 1991,20-02-1991 (English)
S.No. 36,Petitioner Name,BHAVANI TEA AND PRODUCE CO.LTD.,20-02-1991 (English)
S.No. 36,Respondent Name,STATE OF KERALA .,20-02-1991 (English)
S.No. 36,Petitioner's Advocate,P. K. MANOHAR,20-02-1991 (English)
S.No. 36,Respondent's Advocate,SHAKIL AHMED SYED,20-02-1991 (English)
S.No. 36,Bench,"SAIKIA,K.N. (J)",
S.No. 36,Judgment By,,
,,,
S.No. 37,Diary Number,69205 / 1990,Judgment
S.No. 37,Case Number,W.P.(C) No.-001114-001114 / 1990,16-11-1990 (English)
S.No. 37,Petitioner Name,AJAY KUMAR AGARWAL,16-11-1990 (English)
S.No. 37,Respondent Name,STATE OF U.P. .,16-11-1990 (English)
S.No. 37,Petitioner's Advocate,,16-11-1990 (English)
S.No. 37,Respondent's Advocate,,16-11-1990 (English)
S.No. 37,Bench,,
S.No. 37,Judgment By,,
,,,
S.No. 38,Diary Number,69637 / 1989,Judgment
S.No. 38,Case Number,W.P.(Crl.) No.-000517-000517 / 1989,11-09-1991 (English)
S.No. 38,Petitioner Name,"DELHI JUDICIAL SERVICE ASSOCIATION,DELHI",11-09-1991 (English)
S.No. 38,Respondent Name,STATE OF GUJARAT .,11-09-1991 (English)
S.No. 38,Petitioner's Advocate,,11-09-1991 (English)
S.No. 38,Respondent's Advocate,,11-09-1991 (English)
S.No. 38,Bench,"SINGH,K.N. (J)",
S.No. 38,Judgment By,,
,,,
S.No. 39,Diary Number,69653 / 1989,Judgment
S.No. 39,Case Number,C.A. No.-002846-002846 / 1989,20-02-1991 (English)
S.No. 39,Petitioner Name,SHRI PURAN SINGH SAHNI,20-02-1991 (English)
S.No. 39,Respondent Name,SMT. SUNDRIFBHAGWANDAS KRIPALANI .,20-02-1991 (English)
S.No. 39,Petitioner's Advocate,CHITRA MARKANDAYA,20-02-1991 (English)
S.No. 39,Respondent's Advocate,SATISH KUMAR JAIN,20-02-1991 (English)
S.No. 39,Bench,"SAIKIA,K.N. (J)",
S.No. 39,Judgment By,,
,,,
S.No. 40,Diary Number,69945 / 1991,Judgment
S.No. 40,Case Number,C.A. No.-000653-000653 / 1991,08-02-1991 (English)
S.No. 40,Petitioner Name,SMT. VIOLET ISSAC,08-02-1991 (English)
S.No. 40,Respondent Name,UNION OF INDIA .,08-02-1991 (English)
S.No. 40,Petitioner's Advocate,ASHOK KUMAR SHARMA,08-02-1991 (English)
S.No. 40,Respondent's Advocate,B. KRISHNA PRASAD,08-02-1991 (English)
S.No. 40,Bench,"SINGH,K.N. (J)",
S.No. 40,Judgment By,,
,,,
S.No. 41,Diary Number,70375 / 1989,Judgment
S.No. 41,Case Number,W.P.(Crl.) No.-000508-000508 / 1989,23-01-1991 (English)
S.No. 41,Petitioner Name,K.M. ABDULLA KUNHI THRU C.M. MAHIN,23-01-1991 (English)
S.No. 41,Respondent Name,STATE OF KARNATAKA .,23-01-1991 (English)
S.No. 41,Petitioner's Advocate,HARJINDER SINGH,23-01-1991 (English)
S.No. 41,Respondent's Advocate,P. PARMESWARAN,23-01-1991 (English)
S.No. 41,Bench,"RAY, B.C. (J),KANIA, M.H.,SHETTY, K.J. (J),SHARMA, L.M. (J),VERMA, JAGDISH SARAN (J)",
S.No. 41,Judgment By,,
,,,
S.No. 42,Diary Number,70434 / 1987,Judgment
S.No. 42,Case Number,C.A. No.-003018-003021 / 1987,27-08-1991 (English)
S.No. 42,Petitioner Name,DMAI,27-08-1991 (English)
S.No. 42,Respondent Name,,27-08-1991 (English)
S.No. 42,Petitioner's Advocate,,27-08-1991 (English)
S.No. 42,Respondent's Advocate,,27-08-1991 (English)
S.No. 42,Bench,"SAWANT,P.B.",
S.No. 42,Judgment By,,
,,,
S.No. 43,Diary Number,70558 / 1988,Judgment
S.No. 43,Case Number,C.A. No.-004346-004347 / 1988,30-10-1990 (English)
S.No. 43,Petitioner Name,ORIENT PAPER & IND. LTD. & ANR. ETC.ETC.,30-10-1990 (English)
S.No. 43,Respondent Name,STATE OF ORISSA .,30-10-1990 (English)
S.No. 43,Petitioner's Advocate,,30-10-1990 (English)
S.No. 43,Respondent's Advocate,RAJ KUMAR MEHTA,30-10-1990 (English)
S.No. 43,Bench,"THOMMEN,T.K. (J)",
S.No. 43,Judgment By,,
,,,
S.No. 44,Diary Number,71013 / 1989,Judgment
S.No. 44,Case Number,C.A. No.-003287-003295 / 1995,16-04-1991 (English)
S.No. 44,Petitioner Name,STATE OF PUNJAB,16-04-1991 (English)
S.No. 44,Respondent Name,BABU SINGH .,16-04-1991 (English)
S.No. 44,Petitioner's Advocate,G. K. BANSAL,16-04-1991 (English)
S.No. 44,Respondent's Advocate,,16-04-1991 (English)
S.No. 44,Bench,"SHARMA,L.M. (J)",
S.No. 44,Judgment By,,
,,,
S.No. 45,Diary Number,72005 / 1989,Judgment
S.No. 45,Case Number,W.P.(Crl.) No.-000096-000096 / 1989,10-07-1991 (English)
S.No. 45,Petitioner Name,ASHOK KUMAR,10-07-1991 (English)
S.No. 45,Respondent Name,UNION OF INDIA .,10-07-1991 (English)
S.No. 45,Petitioner's Advocate,,10-07-1991 (English)
S.No. 45,Respondent's Advocate,,10-07-1991 (English)
S.No. 45,Bench,"AHMADI,A.M. (J)",
S.No. 45,Judgment By,,
,,,
S.No. 46,Diary Number,72245 / 1989,Judgment
S.No. 46,Case Number,C.A. No.-005020-005021 / 1989,15-01-1991 (English)
S.No. 46,Petitioner Name,DMAI,15-01-1991 (English)
S.No. 46,Respondent Name,,15-01-1991 (English)
S.No. 46,Petitioner's Advocate,,15-01-1991 (English)
S.No. 46,Respondent's Advocate,,15-01-1991 (English)
S.No. 46,Bench,"AHMADI,A.M. (J)",
S.No. 46,Judgment By,,
,,,
S.No. 47,Diary Number,72786 / 1990,Judgment
S.No. 47,Case Number,C.A. No.-006071-006071 / 1990,04-09-1991 (English)
S.No. 47,Petitioner Name,"THE COLLECTOR OF CENTRAL EXCISE, MADRAS",04-09-1991 (English)
S.No. 47,Respondent Name,M/S M.M. RUBBER & CO.,04-09-1991 (English)
S.No. 47,Petitioner's Advocate,P. PARMESWARAN,04-09-1991 (English)
S.No. 47,Respondent's Advocate,K. R. NAMBIAR,04-09-1991 (English)
S.No. 47,Bench,"RAMASWAMI,V. (J) II",
S.No. 47,Judgment By,,
,,,
S.No. 48,Diary Number,72798 / 1990,Judgment
S.No. 48,Case Number,C.A. No.-005916-005916 / 1990,05-12-1990 (English)
S.No. 48,Petitioner Name,HINDUSTAN PETROLEUM CORPN.LTD.,05-12-1990 (English)
S.No. 48,Respondent Name,YASHWANT GAJANAN JOSHI .,05-12-1990 (English)
S.No. 48,Petitioner's Advocate,,05-12-1990 (English)
S.No. 48,Respondent's Advocate,,05-12-1990 (English)
S.No. 48,Bench,"RANGNATHAN,S.",
S.No. 48,Judgment By,,
,,,
S.No. 49,Diary Number,72816 / 1990,Judgment
S.No. 49,Case Number,C.A. No.-005343-005343 / 1990,13-11-1990 (English)
S.No. 49,Petitioner Name,M.O.H. UDUMAN,13-11-1990 (English)
S.No. 49,Respondent Name,M.O.H. ASLUM,13-11-1990 (English)
S.No. 49,Petitioner's Advocate,KRISHNAMURTHI SWAMI,13-11-1990 (English)
S.No. 49,Respondent's Advocate,K. RAM KUMAR,13-11-1990 (English)
S.No. 49,Bench,"RAMASWAMY,K.",
S.No. 49,Judgment By,,
,,,
S.No. 50,Diary Number,72832 / 1994,Judgment
S.No. 50,Case Number,C.A. No.-001355-001355 / 1994,17-09-1991 (English)
S.No. 50,Petitioner Name,COLLECTOR OF CENTRAL EXCISE JAIPUR,17-09-1991 (English)
S.No. 50,Respondent Name,ASSOCIATED STONE INDUSTRIES,17-09-1991 (English)
S.No. 50,Petitioner's Advocate,B. KRISHNA PRASAD,17-09-1991 (English)
S.No. 50,Respondent's Advocate,RAJAN NARAIN,17-09-1991 (English)
S.No. 50,Bench,"FATHIMA BEEVI,M. (J)",
S.No. 50,Judgment By,,
,,,
S.No. 51,Diary Number,72862 / 1990,Judgment
S.No. 51,Case Number,C.A. No.-001859-001861 / 1990,20-12-1990 (English)
S.No. 51,Petitioner Name,ANAND BIHARI (DEAD) BY LRS.,20-12-1990 (English)
S.No. 51,Respondent Name,RAJ. STATE ROAD TRANSPORT CORPN.,20-12-1990 (English)
S.No. 51,Petitioner's Advocate,KUSUM CHAUDHARY,20-12-1990 (English)
S.No. 51,Respondent's Advocate,,20-12-1990 (English)
S.No. 51,Bench,"SAWANT,P.B.",
S.No. 51,Judgment By,,
,,,
S.No. 52,Diary Number,72882 / 1990,Judgment
S.No. 52,Case Number,C.A. No.-004974-004974 / 1990,22-02-1991 (English)
S.No. 52,Petitioner Name,DISTT.DY.REGISTRAR CO-OP.SOCIETIES,22-02-1991 (English)
S.No. 52,Respondent Name,SHRI SUDHAKAR,22-02-1991 (English)
S.No. 52,Petitioner's Advocate,,22-02-1991 (English)
S.No. 52,Respondent's Advocate,,22-02-1991 (English)
S.No. 52,Bench,"SAIKIA,K.N. (J)",
S.No. 52,Judgment By,,
,,,
S.No. 53,Diary Number,72912 / 1990,Judgment
S.No. 53,Case Number,C.A. No.-001401-001401 / 1990,01-05-1991 (English)
S.No. 53,Petitioner Name,D.D.A.,01-05-1991 (English)
S.No. 53,Respondent Name,D.C.M. LTD. & ORS.,01-05-1991 (English)
S.No. 53,Petitioner's Advocate,,01-05-1991 (English)
S.No. 53,Respondent's Advocate,,01-05-1991 (English)
S.No. 53,Bench,"PUNCHHI,M.M.",
S.No. 53,Judgment By,,
,,,
S.No. 54,Diary Number,73413 / 1990,Judgment
S.No. 54,Case Number,W.P.(Crl.) No.-001248-001248 / 1990,17-12-1990 (English)
S.No. 54,Petitioner Name,ABHAY SHRIDHAR AMBULKAR,17-12-1990 (English)
S.No. 54,Respondent Name,"S.V. BHAVE, COMMNR. OF POLICE .",17-12-1990 (English)
S.No. 54,Petitioner's Advocate,,17-12-1990 (English)
S.No. 54,Respondent's Advocate,A. S. BHASME,17-12-1990 (English)
S.No. 54,Bench,"SHETTY,K.J. (J)",
S.No. 54,Judgment By,,
,,,
S.No. 55,Diary Number,73794 / 1991,Judgment
S.No. 55,Case Number,C.A. No.-003504-003504 / 1991,06-09-1991 (English)
S.No. 55,Petitioner Name,VINOD GURUDAS RAIKAR,06-09-1991 (English)
S.No. 55,Respondent Name,NATIONAL INSURANCE CO LTD. .,06-09-1991 (English)
S.No. 55,Petitioner's Advocate,,06-09-1991 (English)
S.No. 55,Respondent's Advocate,,06-09-1991 (English)
S.No. 55,Bench,"SHARMA,L.M. (J)",
S.No. 55,Judgment By,,
,,,
S.No. 56,Diary Number,73795 / 1991,Judgment
S.No. 56,Case Number,C.A. No.-003573-003573 / 1991,10-09-1991 (English)
S.No. 56,Petitioner Name,INSTT. OF CHARTERED ACCOUNTANTS,10-09-1991 (English)
S.No. 56,Respondent Name,INDER CHAND JAIN,10-09-1991 (English)
S.No. 56,Petitioner's Advocate,PRAMOD DAYAL,10-09-1991 (English)
S.No. 56,Respondent's Advocate,,10-09-1991 (English)
S.No. 56,Bench,"KANIA,M.H.",
S.No. 56,Judgment By,,
,,,
S.No. 57,Diary Number,73819 / 1991,Judgment
S.No. 57,Case Number,C.A. No.-002069-002069 / 1991,26-04-1991 (English)
S.No. 57,Petitioner Name,DR. ARUN KUMAR AGRAWAL,26-04-1991 (English)
S.No. 57,Respondent Name,THE STATE OF BIHAR .,26-04-1991 (English)
S.No. 57,Petitioner's Advocate,,26-04-1991 (English)
S.No. 57,Respondent's Advocate,LAKSHMI RAMAN SINGH,26-04-1991 (English)
S.No. 57,Bench,"KASLIWAL,N.M. (J)",
S.No. 57,Judgment By,,
,,,
S.No. 58,Diary Number,73825 / 1990,Judgment
S.No. 58,Case Number,C.A. No.-005617-005617 / 1990,04-10-1991 (English)
S.No. 58,Petitioner Name,R.S.RAGHUNATH,04-10-1991 (English)
S.No. 58,Respondent Name,STATE OF KARNATAKA,04-10-1991 (English)
S.No. 58,Petitioner's Advocate,,04-10-1991 (English)
S.No. 58,Respondent's Advocate,M. VEERAPPA,04-10-1991 (English)
S.No. 58,Bench,KULDIP SINGH (J),
S.No. 58,Judgment By,,
,,,
S.No. 59,Diary Number,73826 / 1990,Judgment
S.No. 59,Case Number,C.A. No.-005965-005965 / 1990,07-12-1990 (English)
S.No. 59,Petitioner Name,RAMESH ENTERPRISES,07-12-1990 (English)
S.No. 59,Respondent Name,THE COFFEE BOARD,07-12-1990 (English)
S.No. 59,Petitioner's Advocate,PRASHANT BHUSHAN,07-12-1990 (English)
S.No. 59,Respondent's Advocate,MANIK KARANJAWALA,07-12-1990 (English)
S.No. 59,Bench,"MISRA,RANGNATH (CJ)",
S.No. 59,Judgment By,,
,,,
S.No. 60,Diary Number,73896 / 1990,Judgment
S.No. 60,Case Number,C.A. No.-005412-005412 / 1990,21-11-1990 (English)
S.No. 60,Petitioner Name,STATE OF HARYANA,21-11-1990 (English)
S.No. 60,Respondent Name,CHAUDHARI BHAJAN LAL .,21-11-1990 (English)
S.No. 60,Petitioner's Advocate,KUSUM CHAUDHARY,21-11-1990 (English)
S.No. 60,Respondent's Advocate,INDU GOSWAMY,21-11-1990 (English)
S.No. 60,Bench,"PANDIAN,S.R. (J)",
S.No. 60,Judgment By,,
,,,
S.No. 61,Diary Number,74149 / 1990,Judgment
S.No. 61,Case Number,C.A. No.-002225-002225 / 1991,03-05-1991 (English)
S.No. 61,Petitioner Name,AJYDH RAJ,03-05-1991 (English)
S.No. 61,Respondent Name,MOTI,03-05-1991 (English)
S.No. 61,Petitioner's Advocate,,03-05-1991 (English)
S.No. 61,Respondent's Advocate,,03-05-1991 (English)
S.No. 61,Bench,"SHARMA,L.M. (J)",
S.No. 61,Judgment By,,
,,,
S.No. 62,Diary Number,74193 / 1990,Judgment
S.No. 62,Case Number,C.A. No.-001430-001430 / 1990,15-02-1991 (English)
S.No. 62,Petitioner Name,MATHURA REFINERY MAZDOOR SANGH,15-02-1991 (English)
S.No. 62,Respondent Name,INDIAN OIL CORPN.LTD.,15-02-1991 (English)
S.No. 62,Petitioner's Advocate,SHEELA GOEL,15-02-1991 (English)
S.No. 62,Respondent's Advocate,,15-02-1991 (English)
S.No. 62,Bench,"PUNCHHI,M.M.",
S.No. 62,Judgment By,,
,,,
S.No. 63,Diary Number,74435 / 1990,Judgment
S.No. 63,Case Number,W.P.(C) No.-000930-000930 / 1990,08-08-1991 (English)
S.No. 63,Petitioner Name,INDRA SAWHNEY,08-08-1991 (English)
S.No. 63,Respondent Name,UNION OF INDIA,08-08-1991 (English)
S.No. 63,Petitioner's Advocate,PETITIONER-IN-PERSON,08-08-1991 (English)
S.No. 63,Respondent's Advocate,A. SUBHASHINI,08-08-1991 (English)
S.No. 63,Bench,"RANGNATH MISRA (CJ),K.N. SINGH,M.H. KANIA,KULDIP SINGH,P.B. SAWANT",
S.No. 63,Judgment By,,
,,,
S.No. 64,Diary Number,75041 / 1991,Judgment
S.No. 64,Case Number,C.A. No.-003237-003237 / 1991,27-08-1991 (English)
S.No. 64,Petitioner Name,SHRI PREM JEET KUMAR,27-08-1991 (English)
S.No. 64,Respondent Name,SHRI SURINDER GANDOTRA,27-08-1991 (English)
S.No. 64,Petitioner's Advocate,C. L. SAHU,27-08-1991 (English)
S.No. 64,Respondent's Advocate,S.K. SINHA,27-08-1991 (English)
S.No. 64,Bench,"VERMA,JAGDISH SARAN (J)",
S.No. 64,Judgment By,,
,,,
S.No. 65,Diary Number,75043 / 1991,Judgment
S.No. 65,Case Number,C.A. No.-003382-003382 / 1991,29-08-1991 (English)
S.No. 65,Petitioner Name,H.C.SUMAN,29-08-1991 (English)
S.No. 65,Respondent Name,REHABILITATION MIN.EMPLY.HOUSE BLD.&ANR.,29-08-1991 (English)
S.No. 65,Petitioner's Advocate,CHITRA MARKANDAYA,29-08-1991 (English)
S.No. 65,Respondent's Advocate,,29-08-1991 (English)
S.No. 65,Bench,"SHETTY,K.J. (J)",
S.No. 65,Judgment By,,
,,,
S.No. 66,Diary Number,75248 / 1991,Judgment
S.No. 66,Case Number,C.A. No.-003164-003164 / 1991,14-08-1991 (English)
S.No. 66,Petitioner Name,DELHI COLD STORAGE PRIVATE LTD.,14-08-1991 (English)
S.No. 66,Respondent Name,"COMMISSIONER OF INCOME TAX, NEW DELHI",14-08-1991 (English)
S.No. 66,Petitioner's Advocate,PRAMOD DAYAL,14-08-1991 (English)
S.No. 66,Respondent's Advocate,,14-08-1991 (English)
S.No. 66,Bench,"MISRA,RANGNATH (CJ)",
S.No. 66,Judgment By,,
,,,
S.No. 67,Diary Number,75251 / 1991,Judgment
S.No. 67,Case Number,C.A. No.-003698-003698 / 1991,20-09-1991 (English)
S.No. 67,Petitioner Name,SHRI BYRAM PESTONJI GARIWALLA,20-09-1991 (English)
S.No. 67,Respondent Name,UNION BANK OF INDIA,20-09-1991 (English)
S.No. 67,Petitioner's Advocate,MANIK KARANJAWALA,20-09-1991 (English)
S.No. 67,Respondent's Advocate,GAGRAT AND CO,20-09-1991 (English)
S.No. 67,Bench,"THOMMEN,T.K. (J)",
S.No. 67,Judgment By,,
,,,
S.No. 68,Diary Number,75264 / 1991,Judgment
S.No. 68,Case Number,C.A. No.-003659-003659 / 1991,17-09-1991 (English)
S.No. 68,Petitioner Name,YUSUFBHAI NOORMOHMED NANDOLIYA,17-09-1991 (English)
S.No. 68,Respondent Name,STATE OF GUJARAT,17-09-1991 (English)
S.No. 68,Petitioner's Advocate,,17-09-1991 (English)
S.No. 68,Respondent's Advocate,,17-09-1991 (English)
S.No. 68,Bench,"KANIA,M.H.",
S.No. 68,Judgment By,,
,,,
S.No. 69,Diary Number,75356 / 1991,Judgment
S.No. 69,Case Number,C.A. No.-004088-004088 / 1991,11-10-1991 (English)
S.No. 69,Petitioner Name,SRI ASHOK @ SOMANNA GOWDA,11-10-1991 (English)
S.No. 69,Respondent Name,THE STATE OF KARNATAKA,11-10-1991 (English)
S.No. 69,Petitioner's Advocate,LALITA KAUSHIK,11-10-1991 (English)
S.No. 69,Respondent's Advocate,M. VEERAPPA,11-10-1991 (English)
S.No. 69,Bench,"KASLIWAL,N.M. (J)",
S.No. 69,Judgment By,,
,,,
S.No. 70,Diary Number,75371 / 1991,Judgment
S.No. 70,Case Number,C.A. No.-004094-004094 / 1991,04-10-1991 (English)
S.No. 70,Petitioner Name,DR. UMA KANT,04-10-1991 (English)
S.No. 70,Respondent Name,DR.BHIKA LAL JAIN,04-10-1991 (English)
S.No. 70,Petitioner's Advocate,SUSHIL KUMAR JAIN,04-10-1991 (English)
S.No. 70,Respondent's Advocate,,04-10-1991 (English)
S.No. 70,Bench,"KASLIWAL,N.M. (J)",
S.No. 70,Judgment By,,
,,,
S.No. 71,Diary Number,75755 / 1991,Judgment
S.No. 71,Case Number,C.A. No.-000491-000544 / 1991,12-03-1991 (English)
S.No. 71,Petitioner Name,MAHARASHTRA STATE BD.OF SEC.& H.SEC.EDU.,12-03-1991 (English)
S.No. 71,Respondent Name,KOMMINENI SHASHIKANT GANDHI .,12-03-1991 (English)
S.No. 71,Petitioner's Advocate,,12-03-1991 (English)
S.No. 71,Respondent's Advocate,,12-03-1991 (English)
S.No. 71,Bench,"KASLIWAL,N.M. (J)",
S.No. 71,Judgment By,,
,,,
S.No. 72,Diary Number,75756 / 1991,Judgment
S.No. 72,Case Number,C.A. No.-000578-000578 / 1991,06-02-1991 (English)
S.No. 72,Petitioner Name,M/S.BAYER (INDIA ) LTD.,06-02-1991 (English)
S.No. 72,Respondent Name,STATE OF MAHARASHTRA,06-02-1991 (English)
S.No. 72,Petitioner's Advocate,,06-02-1991 (English)
S.No. 72,Respondent's Advocate,,06-02-1991 (English)
S.No. 72,Bench,"KANIA,M.H.",
S.No. 72,Judgment By,,
,,,
S.No. 73,Diary Number,75764 / 1991,Judgment
S.No. 73,Case Number,C.A. No.-002123-002123 / 1991,30-04-1991 (English)
S.No. 73,Petitioner Name,NAGARAJ SHIVARAO KHARJAGI,30-04-1991 (English)
S.No. 73,Respondent Name,SYNDICATE BANK,30-04-1991 (English)
S.No. 73,Petitioner's Advocate,,30-04-1991 (English)
S.No. 73,Respondent's Advocate,,30-04-1991 (English)
S.No. 73,Bench,"SHETTY,K.J. (J)",
S.No. 73,Judgment By,,
,,,
S.No. 74,Diary Number,76080 / 1991,Judgment
S.No. 74,Case Number,C.A. No.-003383-003383 / 1991,27-08-1991 (English)
S.No. 74,Petitioner Name,UNION OF INDIA,27-08-1991 (English)
S.No. 74,Respondent Name,DR. M.G. DIGHE .,27-08-1991 (English)
S.No. 74,Petitioner's Advocate,C. V. SUBBA RAO,27-08-1991 (English)
S.No. 74,Respondent's Advocate,G. PRAKASH,27-08-1991 (English)
S.No. 74,Bench,"SAWANT,P.B.",
S.No. 74,Judgment By,,
,,,
S.No. 75,Diary Number,76251 / 1991,Judgment
S.No. 75,Case Number,Crl.A. No.-000067-000067 / 1991,03-05-1991 (English)
S.No. 75,Petitioner Name,EX. NAIK SARDAR SINGH,03-05-1991 (English)
S.No. 75,Respondent Name,UNION OF INDIA .,03-05-1991 (English)
S.No. 75,Petitioner's Advocate,,03-05-1991 (English)
S.No. 75,Respondent's Advocate,SUSHMA SURI,03-05-1991 (English)
S.No. 75,Bench,"REDDY,K. JAYACHANDRA (J)",
S.No. 75,Judgment By,,
,,,
S.No. 76,Diary Number,76252 / 1991,Judgment
S.No. 76,Case Number,Crl.A. No.-000097-000101 / 1991,14-02-1991 (English)
S.No. 76,Petitioner Name,M/S.GOKAK PATEL VOKART LIMITED,14-02-1991 (English)
S.No. 76,Respondent Name,DUNDAYYA G.HIREMATH,14-02-1991 (English)
S.No. 76,Petitioner's Advocate,,14-02-1991 (English)
S.No. 76,Respondent's Advocate,M. VEERAPPA,14-02-1991 (English)
S.No. 76,Bench,"SAIKIA,K.N. (J)",
S.No. 76,Judgment By,,
,,,
S.No. 77,Diary Number,76299 / 1991,Judgment
S.No. 77,Case Number,W.P.(Crl.) No.-001118-001118 / 1991,21-08-1991 (English)
S.No. 77,Petitioner Name,"R.S.SODHI, ADVOCATE",21-08-1991 (English)
S.No. 77,Respondent Name,STATE OF UTTAR PRADESH,21-08-1991 (English)
S.No. 77,Petitioner's Advocate,PETITIONER-IN-PERSON,21-08-1991 (English)
S.No. 77,Respondent's Advocate,AJIT SINGH PUNDIR,21-08-1991 (English)
S.No. 77,Bench,"MISRA,RANGNATH (CJ)",
S.No. 77,Judgment By,,
,,,
S.No. 78,Diary Number,76462 / 1990,Judgment
S.No. 78,Case Number,C.A. No.-001450-001458 / 1990,02-05-1991 (English)
S.No. 78,Petitioner Name,THE G.M. EID PARRY (I) LTD.,02-05-1991 (English)
S.No. 78,Respondent Name,THE PRESIDING OFFICER .,02-05-1991 (English)
S.No. 78,Petitioner's Advocate,,02-05-1991 (English)
S.No. 78,Respondent's Advocate,CHANDAN RAMAMURTHI,02-05-1991 (English)
S.No. 78,Bench,"MISRA,RANGNATH (CJ)",
S.No. 78,Judgment By,,
,,,
S.No. 79,Diary Number,76498 / 1991,Judgment
S.No. 79,Case Number,C.A. No.-001643-001643 / 1991,05-04-1991 (English)
S.No. 79,Petitioner Name,S.L. CHOPRA,05-04-1991 (English)
S.No. 79,Respondent Name,STATE OF HARYANA .,05-04-1991 (English)
S.No. 79,Petitioner's Advocate,HIMINDER LAL,05-04-1991 (English)
S.No. 79,Respondent's Advocate,,05-04-1991 (English)
S.No. 79,Bench,"RAMASWAMY,K.",
S.No. 79,Judgment By,,
,,,
S.No. 80,Diary Number,76691 / 1991,Judgment
S.No. 80,Case Number,C.A. No.-003574-003574 / 1991,11-09-1991 (English)
S.No. 80,Petitioner Name,"BHATINDA IMPROVEMENT TRUST, BHATINDA",11-09-1991 (English)
S.No. 80,Respondent Name,BALWANT SINGH .,11-09-1991 (English)
S.No. 80,Petitioner's Advocate,,11-09-1991 (English)
S.No. 80,Respondent's Advocate,R. C. GUBRELE,11-09-1991 (English)
S.No. 80,Bench,"KANIA,M.H.",
S.No. 80,Judgment By,,
,,,
S.No. 81,Diary Number,76745 / 1991,Judgment
S.No. 81,Case Number,W.P.(Crl.) No.-000105-000105 / 1991,08-10-1991 (English)
S.No. 81,Petitioner Name,SHRI ABDUL SATHAR IBRAHIM MANIK,08-10-1991 (English)
S.No. 81,Respondent Name,UNION OF INDIA,08-10-1991 (English)
S.No. 81,Petitioner's Advocate,HARJINDER SINGH,08-10-1991 (English)
S.No. 81,Respondent's Advocate,A. SUBHASHINI,08-10-1991 (English)
S.No. 81,Bench,"REDDY,K. JAYACHANDRA (J)",
S.No. 81,Judgment By,,
,,,
S.No. 82,Diary Number,78732 / 1991,Judgment
S.No. 82,Case Number,Crl.A. No.-000345-000346 / 1991,07-05-1991 (English)
S.No. 82,Petitioner Name,DMAI,07-05-1991 (English)
S.No. 82,Respondent Name,,07-05-1991 (English)
S.No. 82,Petitioner's Advocate,,07-05-1991 (English)
S.No. 82,Respondent's Advocate,,07-05-1991 (English)
S.No. 82,Bench,"RAMASWAMY,K.",
S.No. 82,Judgment By,,
,,,
S.No. 83,Diary Number,78777 / 1991,Judgment
S.No. 83,Case Number,C.A. No.-001761-001762 / 1991,08-04-1991 (English)
S.No. 83,Petitioner Name,STATE OF TAMILNADU,08-04-1991 (English)
S.No. 83,Respondent Name,ST. JOSEPH TEACHERS TRNG. INSTT.,08-04-1991 (English)
S.No. 83,Petitioner's Advocate,,08-04-1991 (English)
S.No. 83,Respondent's Advocate,,08-04-1991 (English)
S.No. 83,Bench,"SINGH,K.N. (J)",
S.No. 83,Judgment By,,
,,,
S.No. 84,Diary Number,79161 / 1991,Judgment
S.No. 84,Case Number,C.A. No.-000945-000947 / 1991,22-02-1991 (English)
S.No. 84,Petitioner Name,SHRI RAM SARAN,22-02-1991 (English)
S.No. 84,Respondent Name,THE STATE OF PUNJAB .,22-02-1991 (English)
S.No. 84,Petitioner's Advocate,,22-02-1991 (English)
S.No. 84,Respondent's Advocate,,22-02-1991 (English)
S.No. 84,Bench,"FATHIMA BEEVI,M. (J)",
S.No. 84,Judgment By,,
,,,
S.No. 85,Diary Number,79205 / 1991,Judgment
S.No. 85,Case Number,Crl.A. No.-000276-000276 / 1991,12-04-1991 (English)
S.No. 85,Petitioner Name,DMAI,12-04-1991 (English)
S.No. 85,Respondent Name,,12-04-1991 (English)
S.No. 85,Petitioner's Advocate,,12-04-1991 (English)
S.No. 85,Respondent's Advocate,,12-04-1991 (English)
S.No. 85,Bench,"REDDY,K. JAYACHANDRA (J)",
S.No. 85,Judgment By,,
,,,
S.No. 86,Diary Number,79460 / 1991,Judgment
S.No. 86,Case Number,C.A. No.-002433-002435 / 1991,10-05-1991 (English)
S.No. 86,Petitioner Name,MUNINDRA KUMAR,10-05-1991 (English)
S.No. 86,Respondent Name,RAJIV GOVIL,10-05-1991 (English)
S.No. 86,Petitioner's Advocate,,10-05-1991 (English)
S.No. 86,Respondent's Advocate,,10-05-1991 (English)
S.No. 86,Bench,"KASLIWAL,N.M. (J)",
S.No. 86,Judgment By,,
,,,
S.No. 87,Diary Number,79499 / 1991,Judgment
S.No. 87,Case Number,Crl.A. No.-000533-000533 / 1991,28-08-1991 (English)
S.No. 87,Petitioner Name,SONI DEVRAJBHAI BABUBHAI,28-08-1991 (English)
S.No. 87,Respondent Name,STATE OF GUJARAT .,28-08-1991 (English)
S.No. 87,Petitioner's Advocate,HARISH J. JHAVERI,28-08-1991 (English)
S.No. 87,Respondent's Advocate,ANIP SACHTHEY,28-08-1991 (English)
S.No. 87,Bench,"VERMA,JAGDISH SARAN (J)",
S.No. 87,Judgment By,,
,,,
S.No. 88,Diary Number,79562 / 1991,Judgment
S.No. 88,Case Number,Crl.A. No.-000304-000304 / 1991,27-08-1991 (English)
S.No. 88,Petitioner Name,DMAI,27-08-1991 (English)
S.No. 88,Respondent Name,,27-08-1991 (English)
S.No. 88,Petitioner's Advocate,PRASHANT BHUSHAN,27-08-1991 (English)
S.No. 88,Respondent's Advocate,,27-08-1991 (English)
S.No. 88,Bench,"PANDIAN,S.R. (J)",
S.No. 88,Judgment By,,
,,,
S.No. 89,Diary Number,79587 / 1991,Judgment
S.No. 89,Case Number,Crl.A. No.-000385-000385 / 1991,09-07-1991 (English)
S.No. 89,Petitioner Name,DMAI,09-07-1991 (English)
S.No. 89,Respondent Name,,09-07-1991 (English)
S.No. 89,Petitioner's Advocate,C. K. SUCHARITA,09-07-1991 (English)
S.No. 89,Respondent's Advocate,,09-07-1991 (English)
S.No. 89,Bench,"SAWANT,P.B.",
S.No. 89,Judgment By,,
,,,
S.No. 90,Diary Number,79637 / 1991,Judgment
S.No. 90,Case Number,C.A. No.-000552-000554 / 1991,05-02-1991 (English)
S.No. 90,Petitioner Name,SHANKAR PANDURANG JADHAV,05-02-1991 (English)
S.No. 90,Respondent Name,"VICE-ADMIRAL,FLAG OFFICER,C-I-CHIEF &ANR",05-02-1991 (English)
S.No. 90,Petitioner's Advocate,,05-02-1991 (English)
S.No. 90,Respondent's Advocate,SUSHMA SURI,05-02-1991 (English)
S.No. 90,Bench,"AHMADI,A.M. (J)",
S.No. 90,Judgment By,,
,,,
