﻿Column-0,Column-1,Column-2,Column-3
S.No. 1,Diary Number,,Judgment
S.No. 1,Case Number,Appeal (civil) 1085 of 1981,"16-10-1981 (English)
16-10-1981 (English)
15-10-1981 (English)
14-10-1981 (English)
01-10-1981 (English)
01-10-1981 (English)
29-09-1981 (English)
29-09-1981 (English)
28-09-1981 (English)
25-09-1981 (English)
22-09-1981 (English)"
S.No. 1,Petitioner Name,"DlVISIONAL PERSONNEL OFFICER, WESTERN RAILWAY, KOTA","16-10-1981 (English)
16-10-1981 (English)
15-10-1981 (English)
14-10-1981 (English)
01-10-1981 (English)
01-10-1981 (English)
29-09-1981 (English)
29-09-1981 (English)
28-09-1981 (English)
25-09-1981 (English)
22-09-1981 (English)"
S.No. 1,Respondent Name,SUNDAR DASS,"16-10-1981 (English)
16-10-1981 (English)
15-10-1981 (English)
14-10-1981 (English)
01-10-1981 (English)
01-10-1981 (English)
29-09-1981 (English)
29-09-1981 (English)
28-09-1981 (English)
25-09-1981 (English)
22-09-1981 (English)"
S.No. 1,Petitioner's Advocate,,"16-10-1981 (English)
16-10-1981 (English)
15-10-1981 (English)
14-10-1981 (English)
01-10-1981 (English)
01-10-1981 (English)
29-09-1981 (English)
29-09-1981 (English)
28-09-1981 (English)
25-09-1981 (English)
22-09-1981 (English)"
S.No. 1,Respondent's Advocate,,"16-10-1981 (English)
16-10-1981 (English)
15-10-1981 (English)
14-10-1981 (English)
01-10-1981 (English)
01-10-1981 (English)
29-09-1981 (English)
29-09-1981 (English)
28-09-1981 (English)
25-09-1981 (English)
22-09-1981 (English)"
S.No. 1,Bench,,
S.No. 1,Judgment By,,
,,,
S.No. 2,Diary Number,60150 / 1973,Judgment
S.No. 2,Case Number,C.A. No.-001420-001420 / 1973,04-11-1980 (English)
S.No. 2,Petitioner Name,SHRIMATI SARASWATI DEVI,04-11-1980 (English)
S.No. 2,Respondent Name,U.P. GOVTERNMENT,04-11-1980 (English)
S.No. 2,Petitioner's Advocate,,04-11-1980 (English)
S.No. 2,Respondent's Advocate,,04-11-1980 (English)
S.No. 2,Bench,"CHANDRACHUD, Y.V. ((CJ),BHAGWATI, P.N.,KRISHNAIYER, V.R.,FAZALALI, SYED MURTAZA,KOSHAL, A.D.",
S.No. 2,Judgment By,,
,,,
S.No. 3,Diary Number,62453 / 1979,Judgment
S.No. 3,Case Number,W.P.(C) No.-001099-001099 / 1979,02-03-1981 (English)
S.No. 3,Petitioner Name,EX.CAPT.R.S. DHULL,02-03-1981 (English)
S.No. 3,Respondent Name,"CHIEF SECRETARY, GOVT.OF HARYANA ETC.",02-03-1981 (English)
S.No. 3,Petitioner's Advocate,SUSHIL BALWADA,02-03-1981 (English)
S.No. 3,Respondent's Advocate,,02-03-1981 (English)
S.No. 3,Bench,"ISLAM,BAHARUL (J)",
S.No. 3,Judgment By,,
,,,
S.No. 4,Diary Number,62850 / 1980,Judgment
S.No. 4,Case Number,C.A. No.-000852-000852 / 1980,02-09-1981 (English)
S.No. 4,Petitioner Name,THE ASSOTD. CEMENT COMPANIES LTD.,02-09-1981 (English)
S.No. 4,Respondent Name,THE COMMERCIAL TAX OFFICER .,02-09-1981 (English)
S.No. 4,Petitioner's Advocate,GAGRAT AND CO,02-09-1981 (English)
S.No. 4,Respondent's Advocate,,02-09-1981 (English)
S.No. 4,Bench,,
S.No. 4,Judgment By,,
,,,
S.No. 5,Diary Number,64844 / 1983,Judgment
S.No. 5,Case Number,C.A. No.-010001-010001 / 1983,08-01-1981 (English)
S.No. 5,Petitioner Name,P.KASILINGAM,08-01-1981 (English)
S.No. 5,Respondent Name,P.S.G. COLLEGE OF TECHNOLOGY .,08-01-1981 (English)
S.No. 5,Petitioner's Advocate,,08-01-1981 (English)
S.No. 5,Respondent's Advocate,V. BALACHANDRAN,08-01-1981 (English)
S.No. 5,Bench,"SEN,A.P. (J)",
S.No. 5,Judgment By,,
,,,
S.No. 6,Diary Number,67335 / 1986,Judgment
S.No. 6,Case Number,Crl.A. No.-000435-000435 / 1994,24-02-1981 (English)
S.No. 6,Petitioner Name,THE STATE OF HARYANA,24-02-1981 (English)
S.No. 6,Respondent Name,SHER SINGH .,24-02-1981 (English)
S.No. 6,Petitioner's Advocate,J. P. DHANDA,24-02-1981 (English)
S.No. 6,Respondent's Advocate,RANI CHHABRA,24-02-1981 (English)
S.No. 6,Bench,"ISLAM,BAHARUL (J)",
S.No. 6,Judgment By,,
,,,
